[D:AiRunner] creating "AiRunner" object (v3.2)
[D:AiRunner] resolving('desc' parameter: 'serial:COM4:921600')..
[D:AiRunner] creating <stm_ai_runner.pb_mgr_drv.AiPbMsg object at 0x000001F7AD0C63D0> (v2.0)
[D:AiRunner] creating <stm_ai_runner.serial_hw_drv.SerialHwDriver object at 0x000001F7AD0C6CD0>
[D:AiRunner] 'desc' parameter for 'AiPbMsg' driver: 'COM4:921600'
[D:AiRunner] connecting..
[D:AiRunner] baud=921600 device=COM4 timeout=0.1 io_hw_log=None
[D:AiRunner] 0: {'device': 'COM4'}
[D:AiRunner] -> [sync msg]
[D:AiRunner]    version: 769
[D:AiRunner]    capability: 1
[D:AiRunner]    rtid: 65540
[D:AiRunner] <- [sync msg]
[D:AiRunner] CMD_SYNC v3.1
[D:AiRunner] connection successful
[D:AiRunner] -> [sys_info msg]
[D:AiRunner]    devid: 1158
[D:AiRunner]    sclock: 800000000
[D:AiRunner]    hclock: 400000000
[D:AiRunner]    cache: 83954688
[D:AiRunner]    com_param: 382
[D:AiRunner]    extra: 0
[D:AiRunner]    extra: 1000000000
[D:AiRunner]    extra: 900000000
[D:AiRunner]    extra: 0
[D:AiRunner] <- [sys_info msg]
[D:AiRunner] -> [model_info msg]
[D:AiRunner]    name: "network"
[D:AiRunner]    rtid: 117506052
[D:AiRunner]    signature: ""
[D:AiRunner]    compile_datetime: "Jul 18 2025 18:10:22"
[D:AiRunner]    runtime_version: 167837696
[D:AiRunner]    tool_version: 16843008
[D:AiRunner]    n_macc: 0
[D:AiRunner]    n_nodes: 68
[D:AiRunner]    n_inputs: 1
[D:AiRunner]    inputs {
[D:AiRunner]      name: "Input_0_out_0"
[D:AiRunner]      format: 263232
[D:AiRunner]      size: 150528
[D:AiRunner]      n_dims: 4
[D:AiRunner]      dims: 1
[D:AiRunner]      dims: 224
[D:AiRunner]      dims: 224
[D:AiRunner]      dims: 3
[D:AiRunner]      scale: 0.003921568393707275
[D:AiRunner]      zeropoint: 0
[D:AiRunner]      addr: 875429888
[D:AiRunner]      flags: 1025
[D:AiRunner]    }
[D:AiRunner]    n_outputs: 4
[D:AiRunner]    outputs {
[D:AiRunner]      name: "Dequantize_223_out_0"
[D:AiRunner]      format: 8523840
[D:AiRunner]      size: 1
[D:AiRunner]      n_dims: 2
[D:AiRunner]      dims: 1
[D:AiRunner]      dims: 1
[D:AiRunner]      scale: 0.0
[D:AiRunner]      zeropoint: 0
[D:AiRunner]      addr: 875430416
[D:AiRunner]      flags: 1026
[D:AiRunner]    }
[D:AiRunner]    outputs {
[D:AiRunner]      name: "Dequantize_229_out_0"
[D:AiRunner]      format: 8523840
[D:AiRunner]      size: 63
[D:AiRunner]      n_dims: 2
[D:AiRunner]      dims: 1
[D:AiRunner]      dims: 63
[D:AiRunner]      scale: 0.0
[D:AiRunner]      zeropoint: 0
[D:AiRunner]      addr: 875430144
[D:AiRunner]      flags: 1026
[D:AiRunner]    }
[D:AiRunner]    outputs {
[D:AiRunner]      name: "Dequantize_219_out_0"
[D:AiRunner]      format: 8523840
[D:AiRunner]      size: 1
[D:AiRunner]      n_dims: 2
[D:AiRunner]      dims: 1
[D:AiRunner]      dims: 1
[D:AiRunner]      scale: 0.0
[D:AiRunner]      zeropoint: 0
[D:AiRunner]      addr: 875430400
[D:AiRunner]      flags: 1026
[D:AiRunner]    }
[D:AiRunner]    outputs {
[D:AiRunner]      name: "Dequantize_226_out_0"
[D:AiRunner]      format: 8523840
[D:AiRunner]      size: 63
[D:AiRunner]      n_dims: 2
[D:AiRunner]      dims: 1
[D:AiRunner]      dims: 63
[D:AiRunner]      scale: 0.0
[D:AiRunner]      zeropoint: 0
[D:AiRunner]      addr: 875429888
[D:AiRunner]      flags: 1026
[D:AiRunner]    }
[D:AiRunner]    n_activations: 1
[D:AiRunner]    activations {
[D:AiRunner]      name: ""
[D:AiRunner]      format: 263232
[D:AiRunner]      size: 0
[D:AiRunner]      n_dims: 1
[D:AiRunner]      dims: 0
[D:AiRunner]      scale: 0.0
[D:AiRunner]      zeropoint: 0
[D:AiRunner]      addr: 0
[D:AiRunner]      flags: 8
[D:AiRunner]    }
[D:AiRunner]    n_params: 1
[D:AiRunner]    params {
[D:AiRunner]      name: ""
[D:AiRunner]      format: 263232
[D:AiRunner]      size: 0
[D:AiRunner]      n_dims: 1
[D:AiRunner]      dims: 0
[D:AiRunner]      scale: 0.0
[D:AiRunner]      zeropoint: 0
[D:AiRunner]      addr: 0
[D:AiRunner]      flags: 8
[D:AiRunner]    }
[D:AiRunner]    runtime_desc: "atonn-v1.1.1-14-ge619e860 AE536891"
[D:AiRunner] <- [model_info msg]
[D:AiRunner] RT_DECODER: ST Neural ART (LL_ATON api), id=0x7010004, compiler=GCC, act=False, params=False, macc=False
[D:AiRunner] DEV_DECODER: stm32 family - 0x486 - STM32N6xx @800/400MHz, ['fpu', 'core_icache', 'core_dcache', 'npu_freq=1000MHz', 'nic_freq=900MHz']
[D:AiRunner] discover() found="network"
[D:AiRunner] -> Requested RUN mode: Mode.PER_LAYER (param=0b11, option=0x1)
[D:AiRunner]    SEND INPUT TENSOR #0 ((1, 224, 224, 3)/uint8) last=True..
[D:AiRunner]    ----------------------------------------
[D:AiRunner]    INTERNAL OPERATOR (idx=0, name=EpochBlock_2)
[D:AiRunner]     name="" counters="CPU cycles"[4664, 121493, 1850] dur=0.160ms id=2.2 type=0x5000000/INTERNAL|WITHOUT_TENSOR,"epoch"
[D:AiRunner]    ----------------------------------------
[D:AiRunner]    INTERNAL OPERATOR (idx=1, name=EpochBlock_3)
[D:AiRunner]     name="" counters="CPU cycles"[18281, 363891, 3303] dur=0.482ms id=3.3 type=0x5000000/INTERNAL|WITHOUT_TENSOR,"epoch"
[D:AiRunner]    ----------------------------------------
[D:AiRunner]    INTERNAL OPERATOR (idx=2, name=EpochBlock_4)
[D:AiRunner]     name="" counters="CPU cycles"[5833, 241722, 1456] dur=0.311ms id=4.4 type=0x5000000/INTERNAL|WITHOUT_TENSOR,"epoch"
[D:AiRunner]    ----------------------------------------
[D:AiRunner]    INTERNAL OPERATOR (idx=3, name=EpochBlock_5)
[D:AiRunner]     name="" counters="CPU cycles"[8969, 242536, 2012] dur=0.317ms id=5.5 type=0x5000000/INTERNAL|WITHOUT_TENSOR,"epoch"
[D:AiRunner]    ----------------------------------------
[D:AiRunner]    INTERNAL OPERATOR (idx=4, name=EpochBlock_6)
[D:AiRunner]     name="" counters="CPU cycles"[18457, 644328, 2276] dur=0.831ms id=6.6 type=0x5000000/INTERNAL|WITHOUT_TENSOR,"epoch"
[D:AiRunner]    ----------------------------------------
[D:AiRunner]    INTERNAL OPERATOR (idx=5, name=EpochBlock_7)
[D:AiRunner]     name="" counters="CPU cycles"[18097, 643323, 2313] dur=0.830ms id=7.7 type=0x5000000/INTERNAL|WITHOUT_TENSOR,"epoch"
[D:AiRunner]    ----------------------------------------
[D:AiRunner]    INTERNAL OPERATOR (idx=6, name=EpochBlock_8)
[D:AiRunner]     name="" counters="CPU cycles"[9689, 64109, 2007] dur=0.095ms id=8.8 type=0x5000000/INTERNAL|WITHOUT_TENSOR,"epoch"
[D:AiRunner]    ----------------------------------------
[D:AiRunner]    INTERNAL OPERATOR (idx=7, name=EpochBlock_9)
[D:AiRunner]     name="" counters="CPU cycles"[33953, 363944, 2316] dur=0.500ms id=9.9 type=0x5000000/INTERNAL|WITHOUT_TENSOR,"epoch"
[D:AiRunner]    ----------------------------------------
[D:AiRunner]    INTERNAL OPERATOR (idx=8, name=EpochBlock_10)
[D:AiRunner]     name="" counters="CPU cycles"[33465, 377400, 2340] dur=0.517ms id=10.10 type=0x5000000/INTERNAL|WITHOUT_TENSOR,"epoch"
[D:AiRunner]    ----------------------------------------
[D:AiRunner]    INTERNAL OPERATOR (idx=9, name=EpochBlock_11)
[D:AiRunner]     name="" counters="CPU cycles"[12225, 67952, 3300] dur=0.104ms id=11.11 type=0x5000000/INTERNAL|WITHOUT_TENSOR,"epoch"
[D:AiRunner]    ----------------------------------------
[D:AiRunner]    INTERNAL OPERATOR (idx=10, name=EpochBlock_12)
[D:AiRunner]     name="" counters="CPU cycles"[33553, 363856, 2353] dur=0.500ms id=12.12 type=0x5000000/INTERNAL|WITHOUT_TENSOR,"epoch"
[D:AiRunner]    ----------------------------------------
[D:AiRunner]    INTERNAL OPERATOR (idx=11, name=EpochBlock_13)
[D:AiRunner]     name="" counters="CPU cycles"[2017, 405672, 793] dur=0.511ms id=13.13 type=0x5000000/INTERNAL|WITHOUT_TENSOR,"epoch"
[D:AiRunner]    ----------------------------------------
[D:AiRunner]    INTERNAL OPERATOR (idx=12, name=EpochBlock_14)
[D:AiRunner]     name="" counters="CPU cycles"[36345, 366664, 3529] dur=0.508ms id=14.14 type=0x5000000/INTERNAL|WITHOUT_TENSOR,"epoch"
[D:AiRunner]    ----------------------------------------
[D:AiRunner]    INTERNAL OPERATOR (idx=13, name=EpochBlock_15)
[D:AiRunner]     name="" counters="CPU cycles"[14577, 36629, 2684] dur=0.067ms id=15.15 type=0x5000000/INTERNAL|WITHOUT_TENSOR,"epoch"
[D:AiRunner]    ----------------------------------------
[D:AiRunner]    INTERNAL OPERATOR (idx=14, name=EpochBlock_16)
[D:AiRunner]     name="" counters="CPU cycles"[53329, 153528, 2980] dur=0.262ms id=16.16 type=0x5000000/INTERNAL|WITHOUT_TENSOR,"epoch"
[D:AiRunner]    ----------------------------------------
[D:AiRunner]    INTERNAL OPERATOR (idx=15, name=EpochBlock_17)
[D:AiRunner]     name="" counters="CPU cycles"[1977, 181924, 792] dur=0.231ms id=17.17 type=0x5000000/INTERNAL|WITHOUT_TENSOR,"epoch"
[D:AiRunner]    ----------------------------------------
[D:AiRunner]    INTERNAL OPERATOR (idx=16, name=EpochBlock_18)
[D:AiRunner]     name="" counters="CPU cycles"[54505, 194464, 3556] dur=0.316ms id=18.18 type=0x5000000/INTERNAL|WITHOUT_TENSOR,"epoch"
[D:AiRunner]    ----------------------------------------
[D:AiRunner]    INTERNAL OPERATOR (idx=17, name=EpochBlock_19)
[D:AiRunner]     name="" counters="CPU cycles"[15961, 60725, 3279] dur=0.100ms id=19.19 type=0x5000000/INTERNAL|WITHOUT_TENSOR,"epoch"
[D:AiRunner]    ----------------------------------------
[D:AiRunner]    INTERNAL OPERATOR (idx=18, name=EpochBlock_20)
[D:AiRunner]     name="" counters="CPU cycles"[53849, 153312, 2953] dur=0.263ms id=20.20 type=0x5000000/INTERNAL|WITHOUT_TENSOR,"epoch"
[D:AiRunner]    ----------------------------------------
[D:AiRunner]    INTERNAL OPERATOR (idx=19, name=EpochBlock_21)
[D:AiRunner]     name="" counters="CPU cycles"[51921, 152658, 2372] dur=0.259ms id=21.21 type=0x5000000/INTERNAL|WITHOUT_TENSOR,"epoch"
[D:AiRunner]    ----------------------------------------
[D:AiRunner]    INTERNAL OPERATOR (idx=20, name=EpochBlock_22)
[D:AiRunner]     name="" counters="CPU cycles"[22417, 45485, 2647] dur=0.088ms id=22.22 type=0x5000000/INTERNAL|WITHOUT_TENSOR,"epoch"
[D:AiRunner]    ----------------------------------------
[D:AiRunner]    INTERNAL OPERATOR (idx=21, name=EpochBlock_23)
[D:AiRunner]     name="" counters="CPU cycles"[102241, 81384, 4373] dur=0.235ms id=23.23 type=0x5000000/INTERNAL|WITHOUT_TENSOR,"epoch"
[D:AiRunner]    ----------------------------------------
[D:AiRunner]    INTERNAL OPERATOR (idx=22, name=EpochBlock_24)
[D:AiRunner]     name="" counters="CPU cycles"[98257, 89224, 2377] dur=0.237ms id=24.24 type=0x5000000/INTERNAL|WITHOUT_TENSOR,"epoch"
[D:AiRunner]    ----------------------------------------
[D:AiRunner]    INTERNAL OPERATOR (idx=23, name=EpochBlock_25)
[D:AiRunner]     name="" counters="CPU cycles"[26705, 87788, 4560] dur=0.149ms id=25.25 type=0x5000000/INTERNAL|WITHOUT_TENSOR,"epoch"
[D:AiRunner]    ----------------------------------------
[D:AiRunner]    INTERNAL OPERATOR (idx=24, name=EpochBlock_26)
[D:AiRunner]     name="" counters="CPU cycles"[102041, 81464, 4233] dur=0.235ms id=26.26 type=0x5000000/INTERNAL|WITHOUT_TENSOR,"epoch"
[D:AiRunner]    ----------------------------------------
[D:AiRunner]    INTERNAL OPERATOR (idx=25, name=EpochBlock_27)
[D:AiRunner]     name="" counters="CPU cycles"[98401, 89192, 2329] dur=0.237ms id=27.27 type=0x5000000/INTERNAL|WITHOUT_TENSOR,"epoch"
[D:AiRunner]    ----------------------------------------
[D:AiRunner]    INTERNAL OPERATOR (idx=26, name=EpochBlock_28)
[D:AiRunner]     name="" counters="CPU cycles"[26081, 87760, 4580] dur=0.148ms id=28.28 type=0x5000000/INTERNAL|WITHOUT_TENSOR,"epoch"
[D:AiRunner]    ----------------------------------------
[D:AiRunner]    INTERNAL OPERATOR (idx=27, name=EpochBlock_29)
[D:AiRunner]     name="" counters="CPU cycles"[102193, 81032, 4351] dur=0.234ms id=29.29 type=0x5000000/INTERNAL|WITHOUT_TENSOR,"epoch"
[D:AiRunner]    ----------------------------------------
[D:AiRunner]    INTERNAL OPERATOR (idx=28, name=EpochBlock_30)
[D:AiRunner]     name="" counters="CPU cycles"[1937, 97752, 796] dur=0.126ms id=30.30 type=0x5000000/INTERNAL|WITHOUT_TENSOR,"epoch"
[D:AiRunner]    ----------------------------------------
[D:AiRunner]    INTERNAL OPERATOR (idx=29, name=EpochBlock_31)
[D:AiRunner]     name="" counters="CPU cycles"[100903, 106530, 3492] dur=0.264ms id=31.31 type=0x5000000/INTERNAL|WITHOUT_TENSOR,"epoch"
[D:AiRunner]    ----------------------------------------
[D:AiRunner]    INTERNAL OPERATOR (idx=30, name=EpochBlock_32)
[D:AiRunner]     name="" counters="CPU cycles"[31545, 118090, 3956] dur=0.192ms id=32.32 type=0x5000000/INTERNAL|WITHOUT_TENSOR,"epoch"
[D:AiRunner]    ----------------------------------------
[D:AiRunner]    INTERNAL OPERATOR (idx=31, name=EpochBlock_33)
[D:AiRunner]     name="" counters="CPU cycles"[1921, 9520, 756] dur=0.015ms id=33.33 type=0x5000000/INTERNAL|WITHOUT_TENSOR,"epoch"
[D:AiRunner]    ----------------------------------------
[D:AiRunner]    INTERNAL OPERATOR (idx=32, name=EpochBlock_34)
[D:AiRunner]     name="" counters="CPU cycles"[12465, 418272, 5500] dur=0.545ms id=34.34 type=0x5000000/INTERNAL|WITHOUT_TENSOR,"epoch"
[D:AiRunner]    ----------------------------------------
[D:AiRunner]    INTERNAL OPERATOR (idx=33, name=EpochBlock_35)
[D:AiRunner]     name="" counters="CPU cycles"[1889, 136648, 796] dur=0.174ms id=35.35 type=0x5000000/INTERNAL|WITHOUT_TENSOR,"epoch"
[D:AiRunner]    ----------------------------------------
[D:AiRunner]    INTERNAL OPERATOR (idx=34, name=EpochBlock_36)
[D:AiRunner]     name="" counters="CPU cycles"[9041, 648232, 4180] dur=0.827ms id=36.36 type=0x5000000/INTERNAL|WITHOUT_TENSOR,"epoch"
[D:AiRunner]    ----------------------------------------
[D:AiRunner]    INTERNAL OPERATOR (idx=35, name=EpochBlock_37)
[D:AiRunner]     name="" counters="CPU cycles"[32657, 160016, 4532] dur=0.247ms id=37.37 type=0x5000000/INTERNAL|WITHOUT_TENSOR,"epoch"
[D:AiRunner]    ----------------------------------------
[D:AiRunner]    INTERNAL OPERATOR (idx=36, name=EpochBlock_38)
[D:AiRunner]     name="" counters="CPU cycles"[1897, 9520, 796] dur=0.015ms id=38.38 type=0x5000000/INTERNAL|WITHOUT_TENSOR,"epoch"
[D:AiRunner]    ----------------------------------------
[D:AiRunner]    INTERNAL OPERATOR (idx=37, name=EpochBlock_39)
[D:AiRunner]     name="" counters="CPU cycles"[12351, 427026, 5503] dur=0.556ms id=39.39 type=0x5000000/INTERNAL|WITHOUT_TENSOR,"epoch"
[D:AiRunner]    ----------------------------------------
[D:AiRunner]    INTERNAL OPERATOR (idx=38, name=EpochBlock_40)
[D:AiRunner]     name="" counters="CPU cycles"[1975, 136610, 756] dur=0.174ms id=40.40 type=0x5000000/INTERNAL|WITHOUT_TENSOR,"epoch"
[D:AiRunner]    ----------------------------------------
[D:AiRunner]    INTERNAL OPERATOR (idx=39, name=EpochBlock_41)
[D:AiRunner]     name="" counters="CPU cycles"[9121, 648978, 4164] dur=0.828ms id=41.41 type=0x5000000/INTERNAL|WITHOUT_TENSOR,"epoch"
[D:AiRunner]    ----------------------------------------
[D:AiRunner]    INTERNAL OPERATOR (idx=40, name=EpochBlock_42)
[D:AiRunner]     name="" counters="CPU cycles"[33262, 159803, 4532] dur=0.247ms id=42.42 type=0x5000000/INTERNAL|WITHOUT_TENSOR,"epoch"
[D:AiRunner]    ----------------------------------------
[D:AiRunner]    INTERNAL OPERATOR (idx=41, name=EpochBlock_43)
[D:AiRunner]     name="" counters="CPU cycles"[1921, 9520, 796] dur=0.015ms id=43.43 type=0x5000000/INTERNAL|WITHOUT_TENSOR,"epoch"
[D:AiRunner]    ----------------------------------------
[D:AiRunner]    INTERNAL OPERATOR (idx=42, name=EpochBlock_44)
[D:AiRunner]     name="" counters="CPU cycles"[12377, 418472, 5428] dur=0.545ms id=44.44 type=0x5000000/INTERNAL|WITHOUT_TENSOR,"epoch"
[D:AiRunner]    ----------------------------------------
[D:AiRunner]    INTERNAL OPERATOR (idx=43, name=EpochBlock_45)
[D:AiRunner]     name="" counters="CPU cycles"[1857, 136648, 796] dur=0.174ms id=45.45 type=0x5000000/INTERNAL|WITHOUT_TENSOR,"epoch"
[D:AiRunner]    ----------------------------------------
[D:AiRunner]    INTERNAL OPERATOR (idx=44, name=EpochBlock_46)
[D:AiRunner]     name="" counters="CPU cycles"[9209, 300328, 4279] dur=0.392ms id=46.46 type=0x5000000/INTERNAL|WITHOUT_TENSOR,"epoch"
[D:AiRunner]    ----------------------------------------
[D:AiRunner]    INTERNAL OPERATOR (idx=45, name=EpochBlock_47)
[D:AiRunner]     name="" counters="CPU cycles"[46655, 260626, 3961] dur=0.389ms id=47.47 type=0x5000000/INTERNAL|WITHOUT_TENSOR,"epoch"
[D:AiRunner]    ----------------------------------------
[D:AiRunner]    INTERNAL OPERATOR (idx=46, name=EpochBlock_48)
[D:AiRunner]     name="" counters="CPU cycles"[12185, 539616, 5428] dur=0.697ms id=48.48 type=0x5000000/INTERNAL|WITHOUT_TENSOR,"epoch"
[D:AiRunner]    ----------------------------------------
[D:AiRunner]    INTERNAL OPERATOR (idx=47, name=EpochBlock_49)
[D:AiRunner]     name="" counters="CPU cycles"[1969, 81168, 828] dur=0.105ms id=49.49 type=0x5000000/INTERNAL|WITHOUT_TENSOR,"epoch"
[D:AiRunner]    ----------------------------------------
[D:AiRunner]    INTERNAL OPERATOR (idx=48, name=EpochBlock_50)
[D:AiRunner]     name="" counters="CPU cycles"[9017, 501920, 4156] dur=0.644ms id=50.50 type=0x5000000/INTERNAL|WITHOUT_TENSOR,"epoch"
[D:AiRunner]    ----------------------------------------
[D:AiRunner]    INTERNAL OPERATOR (idx=49, name=EpochBlock_51)
[D:AiRunner]     name="" counters="CPU cycles"[47841, 445472, 4580] dur=0.622ms id=51.51 type=0x5000000/INTERNAL|WITHOUT_TENSOR,"epoch"
[D:AiRunner]    ----------------------------------------
[D:AiRunner]    INTERNAL OPERATOR (idx=50, name=EpochBlock_52)
[D:AiRunner]     name="" counters="CPU cycles"[12305, 534057, 5533] dur=0.690ms id=52.52 type=0x5000000/INTERNAL|WITHOUT_TENSOR,"epoch"
[D:AiRunner]    ----------------------------------------
[D:AiRunner]    INTERNAL OPERATOR (idx=51, name=EpochBlock_53)
[D:AiRunner]     name="" counters="CPU cycles"[1857, 81168, 833] dur=0.105ms id=53.53 type=0x5000000/INTERNAL|WITHOUT_TENSOR,"epoch"
[D:AiRunner]    ----------------------------------------
[D:AiRunner]    INTERNAL OPERATOR (idx=52, name=EpochBlock_54)
[D:AiRunner]     name="" counters="CPU cycles"[9081, 499824, 4217] dur=0.641ms id=54.54 type=0x5000000/INTERNAL|WITHOUT_TENSOR,"epoch"
[D:AiRunner]    ----------------------------------------
[D:AiRunner]    INTERNAL OPERATOR (idx=53, name=EpochBlock_55)
[D:AiRunner]     name="" counters="CPU cycles"[47804, 445340, 4569] dur=0.622ms id=55.55 type=0x5000000/INTERNAL|WITHOUT_TENSOR,"epoch"
[D:AiRunner]    ----------------------------------------
[D:AiRunner]    INTERNAL OPERATOR (idx=54, name=EpochBlock_56)
[D:AiRunner]     name="" counters="CPU cycles"[12089, 540816, 5428] dur=0.698ms id=56.56 type=0x5000000/INTERNAL|WITHOUT_TENSOR,"epoch"
[D:AiRunner]    ----------------------------------------
[D:AiRunner]    INTERNAL OPERATOR (idx=55, name=EpochBlock_57)
[D:AiRunner]     name="" counters="CPU cycles"[1889, 81184, 756] dur=0.105ms id=57.57 type=0x5000000/INTERNAL|WITHOUT_TENSOR,"epoch"
[D:AiRunner]    ----------------------------------------
[D:AiRunner]    INTERNAL OPERATOR (idx=56, name=EpochBlock_58)
[D:AiRunner]     name="" counters="CPU cycles"[9153, 502208, 4100] dur=0.644ms id=58.58 type=0x5000000/INTERNAL|WITHOUT_TENSOR,"epoch"
[D:AiRunner]    ----------------------------------------
[D:AiRunner]    INTERNAL OPERATOR (idx=57, name=EpochBlock_59)
[D:AiRunner]     name="" counters="CPU cycles"[48121, 445128, 4570] dur=0.622ms id=59.59 type=0x5000000/INTERNAL|WITHOUT_TENSOR,"epoch"
[D:AiRunner]    ----------------------------------------
[D:AiRunner]    INTERNAL OPERATOR (idx=58, name=EpochBlock_60)
[D:AiRunner]     name="" counters="CPU cycles"[12545, 533664, 5492] dur=0.690ms id=60.60 type=0x5000000/INTERNAL|WITHOUT_TENSOR,"epoch"
[D:AiRunner]    ----------------------------------------
[D:AiRunner]    INTERNAL OPERATOR (idx=59, name=EpochBlock_61)
[D:AiRunner]     name="" counters="CPU cycles"[7249, 346976, 3212] dur=0.447ms id=61.61 type=0x5000000/INTERNAL|WITHOUT_TENSOR,"epoch"
[D:AiRunner]    ----------------------------------------
[D:AiRunner]    INTERNAL OPERATOR (idx=60, name=EpochBlock_62)
[D:AiRunner]     name="" counters="CPU cycles"[8569, 1683, 3763] dur=0.018ms id=62.62 type=0x5000000/INTERNAL|WITHOUT_TENSOR,"epoch"
[D:AiRunner]    ----------------------------------------
[D:AiRunner]    INTERNAL OPERATOR (idx=61, name=EpochBlock_63)
[D:AiRunner]     name="" counters="CPU cycles"[18278, 468411, 5132] dur=0.615ms id=63.63 type=0x5000000/INTERNAL|WITHOUT_TENSOR,"epoch"
[D:AiRunner]    ----------------------------------------
[D:AiRunner]    INTERNAL OPERATOR (idx=62, name=EpochBlock_64)
[D:AiRunner]     name="" counters="CPU cycles"[46, 36, 4569] dur=0.006ms id=64.64 type=0x1000002/INTERNAL,"epoch (SW)"
[D:AiRunner]    INTERNAL TENSOR #0
[D:AiRunner]     IOTensor: Dequantize_226_out_0, E.64.0, , 0x342e0000 f32[1,63], 252 Bytes
[D:AiRunner]     last=True, data_size=0
[D:AiRunner]    ----------------------------------------
[D:AiRunner]    INTERNAL OPERATOR (idx=63, name=EpochBlock_65)
[D:AiRunner]     name="" counters="CPU cycles"[16185, 3320, 3524] dur=0.029ms id=65.65 type=0x5000000/INTERNAL|WITHOUT_TENSOR,"epoch"
[D:AiRunner]    ----------------------------------------
[D:AiRunner]    INTERNAL OPERATOR (idx=64, name=EpochBlock_66)
[D:AiRunner]     name="" counters="CPU cycles"[122, 36, 3428] dur=0.004ms id=66.66 type=0x1000002/INTERNAL,"epoch (SW)"
[D:AiRunner]    INTERNAL TENSOR #0
[D:AiRunner]     IOTensor: Dequantize_229_out_0, E.66.0, , 0x342e0100 f32[1,63], 252 Bytes
[D:AiRunner]     last=True, data_size=0
[D:AiRunner]    ----------------------------------------
[D:AiRunner]    INTERNAL OPERATOR (idx=65, name=EpochBlock_67)
[D:AiRunner]     name="" counters="CPU cycles"[46, 36, 2936] dur=0.004ms id=67.67 type=0x1000002/INTERNAL,"epoch (SW)"
[D:AiRunner]    INTERNAL TENSOR #0
[D:AiRunner]     IOTensor: Dequantize_219_out_0, E.67.0, , 0x342e0200 f32[1,1], 4 Bytes
[D:AiRunner]     last=True, data_size=0
[D:AiRunner]    ----------------------------------------
[D:AiRunner]    INTERNAL OPERATOR (idx=66, name=EpochBlock_68)
[D:AiRunner]     name="" counters="CPU cycles"[4561, 604, 1713] dur=0.009ms id=68.68 type=0x5000000/INTERNAL|WITHOUT_TENSOR,"epoch"
[D:AiRunner]    ----------------------------------------
[D:AiRunner]    INTERNAL OPERATOR (idx=67, name=EpochBlock_69)
[D:AiRunner]     name="" counters="CPU cycles"[44, 36, 2378] dur=0.003ms id=69.69 type=0x1000002/INTERNAL,"epoch (SW)"
[D:AiRunner]    INTERNAL TENSOR #0
[D:AiRunner]     IOTensor: Dequantize_223_out_0, E.69.0, , 0x342e0210 f32[1,1], 4 Bytes
[D:AiRunner]     last=True, data_size=0
[D:AiRunner]    ----------------------------------------
[D:AiRunner]    INFERENCE DONE
[D:AiRunner]     name="network" counters="CPU cycles"[1663942, 16098753, 214078, 17989876, 0] dur=22.487ms id=0.0 type=0x0/NONE,"epoch"
[D:AiRunner]    RECEIVE OUTPUT TENSOR #0 last=False..
[D:AiRunner]     IOTensor: Dequantize_223_out_0, O_0, , 0x342e0210 f32[1,1], 4 Bytes
[D:AiRunner]    RECEIVE OUTPUT TENSOR #1 last=False..
[D:AiRunner]     IOTensor: Dequantize_229_out_0, O_1, , 0x342e0100 f32[1,63], 252 Bytes
[D:AiRunner]    RECEIVE OUTPUT TENSOR #2 last=False..
[D:AiRunner]     IOTensor: Dequantize_219_out_0, O_2, , 0x342e0200 f32[1,1], 4 Bytes
[D:AiRunner]    RECEIVE OUTPUT TENSOR #3 last=True..
[D:AiRunner]     IOTensor: Dequantize_226_out_0, O_3, , 0x342e0000 f32[1,63], 252 Bytes
[D:AiRunner] <- done (target dur=22.471ms)
[D:AiRunner] -> Requested RUN mode: Mode.PER_LAYER (param=0b11, option=0x0)
[D:AiRunner]    SEND INPUT TENSOR #0 ((1, 224, 224, 3)/uint8) last=True..
[D:AiRunner]    ----------------------------------------
[D:AiRunner]    INTERNAL OPERATOR (idx=0, name=EpochBlock_2)
[D:AiRunner]     name="" counters="CPU cycles"[3713, 121156, 1639] dur=0.158ms id=2.2 type=0x5000000/INTERNAL|WITHOUT_TENSOR,"epoch"
[D:AiRunner]    ----------------------------------------
[D:AiRunner]    INTERNAL OPERATOR (idx=1, name=EpochBlock_3)
[D:AiRunner]     name="" counters="CPU cycles"[15417, 363856, 3244] dur=0.478ms id=3.3 type=0x5000000/INTERNAL|WITHOUT_TENSOR,"epoch"
[D:AiRunner]    ----------------------------------------
[D:AiRunner]    INTERNAL OPERATOR (idx=2, name=EpochBlock_4)
[D:AiRunner]     name="" counters="CPU cycles"[5601, 241688, 1420] dur=0.311ms id=4.4 type=0x5000000/INTERNAL|WITHOUT_TENSOR,"epoch"
[D:AiRunner]    ----------------------------------------
[D:AiRunner]    INTERNAL OPERATOR (idx=3, name=EpochBlock_5)
[D:AiRunner]     name="" counters="CPU cycles"[8697, 242536, 1972] dur=0.317ms id=5.5 type=0x5000000/INTERNAL|WITHOUT_TENSOR,"epoch"
[D:AiRunner]    ----------------------------------------
[D:AiRunner]    INTERNAL OPERATOR (idx=4, name=EpochBlock_6)
[D:AiRunner]     name="" counters="CPU cycles"[18393, 644328, 2276] dur=0.831ms id=6.6 type=0x5000000/INTERNAL|WITHOUT_TENSOR,"epoch"
[D:AiRunner]    ----------------------------------------
[D:AiRunner]    INTERNAL OPERATOR (idx=5, name=EpochBlock_7)
[D:AiRunner]     name="" counters="CPU cycles"[17977, 643323, 2313] dur=0.830ms id=7.7 type=0x5000000/INTERNAL|WITHOUT_TENSOR,"epoch"
[D:AiRunner]    ----------------------------------------
[D:AiRunner]    INTERNAL OPERATOR (idx=6, name=EpochBlock_8)
[D:AiRunner]     name="" counters="CPU cycles"[9617, 64109, 1935] dur=0.095ms id=8.8 type=0x5000000/INTERNAL|WITHOUT_TENSOR,"epoch"
[D:AiRunner]    ----------------------------------------
[D:AiRunner]    INTERNAL OPERATOR (idx=7, name=EpochBlock_9)
[D:AiRunner]     name="" counters="CPU cycles"[34001, 363944, 2274] dur=0.500ms id=9.9 type=0x5000000/INTERNAL|WITHOUT_TENSOR,"epoch"
[D:AiRunner]    ----------------------------------------
[D:AiRunner]    INTERNAL OPERATOR (idx=8, name=EpochBlock_10)
[D:AiRunner]     name="" counters="CPU cycles"[33521, 377400, 2300] dur=0.517ms id=10.10 type=0x5000000/INTERNAL|WITHOUT_TENSOR,"epoch"
[D:AiRunner]    ----------------------------------------
[D:AiRunner]    INTERNAL OPERATOR (idx=9, name=EpochBlock_11)
[D:AiRunner]     name="" counters="CPU cycles"[12185, 67952, 3277] dur=0.104ms id=11.11 type=0x5000000/INTERNAL|WITHOUT_TENSOR,"epoch"
[D:AiRunner]    ----------------------------------------
[D:AiRunner]    INTERNAL OPERATOR (idx=10, name=EpochBlock_12)
[D:AiRunner]     name="" counters="CPU cycles"[33441, 363856, 2429] dur=0.500ms id=12.12 type=0x5000000/INTERNAL|WITHOUT_TENSOR,"epoch"
[D:AiRunner]    ----------------------------------------
[D:AiRunner]    INTERNAL OPERATOR (idx=11, name=EpochBlock_13)
[D:AiRunner]     name="" counters="CPU cycles"[1985, 405680, 756] dur=0.511ms id=13.13 type=0x5000000/INTERNAL|WITHOUT_TENSOR,"epoch"
[D:AiRunner]    ----------------------------------------
[D:AiRunner]    INTERNAL OPERATOR (idx=12, name=EpochBlock_14)
[D:AiRunner]     name="" counters="CPU cycles"[36513, 366696, 3529] dur=0.508ms id=14.14 type=0x5000000/INTERNAL|WITHOUT_TENSOR,"epoch"
[D:AiRunner]    ----------------------------------------
[D:AiRunner]    INTERNAL OPERATOR (idx=13, name=EpochBlock_15)
[D:AiRunner]     name="" counters="CPU cycles"[14545, 36636, 2645] dur=0.067ms id=15.15 type=0x5000000/INTERNAL|WITHOUT_TENSOR,"epoch"
[D:AiRunner]    ----------------------------------------
[D:AiRunner]    INTERNAL OPERATOR (idx=14, name=EpochBlock_16)
[D:AiRunner]     name="" counters="CPU cycles"[53369, 153608, 2940] dur=0.262ms id=16.16 type=0x5000000/INTERNAL|WITHOUT_TENSOR,"epoch"
[D:AiRunner]    ----------------------------------------
[D:AiRunner]    INTERNAL OPERATOR (idx=15, name=EpochBlock_17)
[D:AiRunner]     name="" counters="CPU cycles"[1969, 181896, 756] dur=0.231ms id=17.17 type=0x5000000/INTERNAL|WITHOUT_TENSOR,"epoch"
[D:AiRunner]    ----------------------------------------
[D:AiRunner]    INTERNAL OPERATOR (idx=16, name=EpochBlock_18)
[D:AiRunner]     name="" counters="CPU cycles"[54633, 194448, 3516] dur=0.316ms id=18.18 type=0x5000000/INTERNAL|WITHOUT_TENSOR,"epoch"
[D:AiRunner]    ----------------------------------------
[D:AiRunner]    INTERNAL OPERATOR (idx=17, name=EpochBlock_19)
[D:AiRunner]     name="" counters="CPU cycles"[16025, 60688, 3244] dur=0.100ms id=19.19 type=0x5000000/INTERNAL|WITHOUT_TENSOR,"epoch"
[D:AiRunner]    ----------------------------------------
[D:AiRunner]    INTERNAL OPERATOR (idx=18, name=EpochBlock_20)
[D:AiRunner]     name="" counters="CPU cycles"[53463, 153314, 2876] dur=0.262ms id=20.20 type=0x5000000/INTERNAL|WITHOUT_TENSOR,"epoch"
[D:AiRunner]    ----------------------------------------
[D:AiRunner]    INTERNAL OPERATOR (idx=19, name=EpochBlock_21)
[D:AiRunner]     name="" counters="CPU cycles"[51951, 152620, 2337] dur=0.259ms id=21.21 type=0x5000000/INTERNAL|WITHOUT_TENSOR,"epoch"
[D:AiRunner]    ----------------------------------------
[D:AiRunner]    INTERNAL OPERATOR (idx=20, name=EpochBlock_22)
[D:AiRunner]     name="" counters="CPU cycles"[22121, 45448, 2612] dur=0.088ms id=22.22 type=0x5000000/INTERNAL|WITHOUT_TENSOR,"epoch"
[D:AiRunner]    ----------------------------------------
[D:AiRunner]    INTERNAL OPERATOR (idx=21, name=EpochBlock_23)
[D:AiRunner]     name="" counters="CPU cycles"[102249, 81384, 4257] dur=0.235ms id=23.23 type=0x5000000/INTERNAL|WITHOUT_TENSOR,"epoch"
[D:AiRunner]    ----------------------------------------
[D:AiRunner]    INTERNAL OPERATOR (idx=22, name=EpochBlock_24)
[D:AiRunner]     name="" counters="CPU cycles"[98663, 89194, 2372] dur=0.238ms id=24.24 type=0x5000000/INTERNAL|WITHOUT_TENSOR,"epoch"
[D:AiRunner]    ----------------------------------------
[D:AiRunner]    INTERNAL OPERATOR (idx=23, name=EpochBlock_25)
[D:AiRunner]     name="" counters="CPU cycles"[26193, 87722, 4500] dur=0.148ms id=25.25 type=0x5000000/INTERNAL|WITHOUT_TENSOR,"epoch"
[D:AiRunner]    ----------------------------------------
[D:AiRunner]    INTERNAL OPERATOR (idx=24, name=EpochBlock_26)
[D:AiRunner]     name="" counters="CPU cycles"[102625, 81346, 4220] dur=0.235ms id=26.26 type=0x5000000/INTERNAL|WITHOUT_TENSOR,"epoch"
[D:AiRunner]    ----------------------------------------
[D:AiRunner]    INTERNAL OPERATOR (idx=25, name=EpochBlock_27)
[D:AiRunner]     name="" counters="CPU cycles"[98345, 89192, 2326] dur=0.237ms id=27.27 type=0x5000000/INTERNAL|WITHOUT_TENSOR,"epoch"
[D:AiRunner]    ----------------------------------------
[D:AiRunner]    INTERNAL OPERATOR (idx=26, name=EpochBlock_28)
[D:AiRunner]     name="" counters="CPU cycles"[26065, 87760, 4513] dur=0.148ms id=28.28 type=0x5000000/INTERNAL|WITHOUT_TENSOR,"epoch"
[D:AiRunner]    ----------------------------------------
[D:AiRunner]    INTERNAL OPERATOR (idx=27, name=EpochBlock_29)
[D:AiRunner]     name="" counters="CPU cycles"[102537, 81032, 4236] dur=0.235ms id=29.29 type=0x5000000/INTERNAL|WITHOUT_TENSOR,"epoch"
[D:AiRunner]    ----------------------------------------
[D:AiRunner]    INTERNAL OPERATOR (idx=28, name=EpochBlock_30)
[D:AiRunner]     name="" counters="CPU cycles"[1857, 97752, 756] dur=0.125ms id=30.30 type=0x5000000/INTERNAL|WITHOUT_TENSOR,"epoch"
[D:AiRunner]    ----------------------------------------
[D:AiRunner]    INTERNAL OPERATOR (idx=29, name=EpochBlock_31)
[D:AiRunner]     name="" counters="CPU cycles"[101025, 106568, 3545] dur=0.264ms id=31.31 type=0x5000000/INTERNAL|WITHOUT_TENSOR,"epoch"
[D:AiRunner]    ----------------------------------------
[D:AiRunner]    INTERNAL OPERATOR (idx=30, name=EpochBlock_32)
[D:AiRunner]     name="" counters="CPU cycles"[31249, 118130, 3916] dur=0.192ms id=32.32 type=0x5000000/INTERNAL|WITHOUT_TENSOR,"epoch"
[D:AiRunner]    ----------------------------------------
[D:AiRunner]    INTERNAL OPERATOR (idx=31, name=EpochBlock_33)
[D:AiRunner]     name="" counters="CPU cycles"[1889, 9520, 716] dur=0.015ms id=33.33 type=0x5000000/INTERNAL|WITHOUT_TENSOR,"epoch"
[D:AiRunner]    ----------------------------------------
[D:AiRunner]    INTERNAL OPERATOR (idx=32, name=EpochBlock_34)
[D:AiRunner]     name="" counters="CPU cycles"[12566, 418299, 5460] dur=0.545ms id=34.34 type=0x5000000/INTERNAL|WITHOUT_TENSOR,"epoch"
[D:AiRunner]    ----------------------------------------
[D:AiRunner]    INTERNAL OPERATOR (idx=33, name=EpochBlock_35)
[D:AiRunner]     name="" counters="CPU cycles"[1825, 136640, 756] dur=0.174ms id=35.35 type=0x5000000/INTERNAL|WITHOUT_TENSOR,"epoch"
[D:AiRunner]    ----------------------------------------
[D:AiRunner]    INTERNAL OPERATOR (idx=34, name=EpochBlock_36)
[D:AiRunner]     name="" counters="CPU cycles"[9121, 648488, 4140] dur=0.827ms id=36.36 type=0x5000000/INTERNAL|WITHOUT_TENSOR,"epoch"
[D:AiRunner]    ----------------------------------------
[D:AiRunner]    INTERNAL OPERATOR (idx=35, name=EpochBlock_37)
[D:AiRunner]     name="" counters="CPU cycles"[32577, 160024, 4492] dur=0.246ms id=37.37 type=0x5000000/INTERNAL|WITHOUT_TENSOR,"epoch"
[D:AiRunner]    ----------------------------------------
[D:AiRunner]    INTERNAL OPERATOR (idx=36, name=EpochBlock_38)
[D:AiRunner]     name="" counters="CPU cycles"[1889, 9520, 756] dur=0.015ms id=38.38 type=0x5000000/INTERNAL|WITHOUT_TENSOR,"epoch"
[D:AiRunner]    ----------------------------------------
[D:AiRunner]    INTERNAL OPERATOR (idx=37, name=EpochBlock_39)
[D:AiRunner]     name="" counters="CPU cycles"[12303, 427026, 5428] dur=0.556ms id=39.39 type=0x5000000/INTERNAL|WITHOUT_TENSOR,"epoch"
[D:AiRunner]    ----------------------------------------
[D:AiRunner]    INTERNAL OPERATOR (idx=38, name=EpochBlock_40)
[D:AiRunner]     name="" counters="CPU cycles"[1937, 136640, 756] dur=0.174ms id=40.40 type=0x5000000/INTERNAL|WITHOUT_TENSOR,"epoch"
[D:AiRunner]    ----------------------------------------
[D:AiRunner]    INTERNAL OPERATOR (idx=39, name=EpochBlock_41)
[D:AiRunner]     name="" counters="CPU cycles"[9001, 648762, 4124] dur=0.827ms id=41.41 type=0x5000000/INTERNAL|WITHOUT_TENSOR,"epoch"
[D:AiRunner]    ----------------------------------------
[D:AiRunner]    INTERNAL OPERATOR (idx=40, name=EpochBlock_42)
[D:AiRunner]     name="" counters="CPU cycles"[32961, 159848, 4492] dur=0.247ms id=42.42 type=0x5000000/INTERNAL|WITHOUT_TENSOR,"epoch"
[D:AiRunner]    ----------------------------------------
[D:AiRunner]    INTERNAL OPERATOR (idx=41, name=EpochBlock_43)
[D:AiRunner]     name="" counters="CPU cycles"[1921, 9520, 796] dur=0.015ms id=43.43 type=0x5000000/INTERNAL|WITHOUT_TENSOR,"epoch"
[D:AiRunner]    ----------------------------------------
[D:AiRunner]    INTERNAL OPERATOR (idx=42, name=EpochBlock_44)
[D:AiRunner]     name="" counters="CPU cycles"[12489, 418440, 5428] dur=0.545ms id=44.44 type=0x5000000/INTERNAL|WITHOUT_TENSOR,"epoch"
[D:AiRunner]    ----------------------------------------
[D:AiRunner]    INTERNAL OPERATOR (idx=43, name=EpochBlock_45)
[D:AiRunner]     name="" counters="CPU cycles"[1857, 136656, 796] dur=0.174ms id=45.45 type=0x5000000/INTERNAL|WITHOUT_TENSOR,"epoch"
[D:AiRunner]    ----------------------------------------
[D:AiRunner]    INTERNAL OPERATOR (idx=44, name=EpochBlock_46)
[D:AiRunner]     name="" counters="CPU cycles"[9177, 300416, 4217] dur=0.392ms id=46.46 type=0x5000000/INTERNAL|WITHOUT_TENSOR,"epoch"
[D:AiRunner]    ----------------------------------------
[D:AiRunner]    INTERNAL OPERATOR (idx=45, name=EpochBlock_47)
[D:AiRunner]     name="" counters="CPU cycles"[46734, 260627, 3897] dur=0.389ms id=47.47 type=0x5000000/INTERNAL|WITHOUT_TENSOR,"epoch"
[D:AiRunner]    ----------------------------------------
[D:AiRunner]    INTERNAL OPERATOR (idx=46, name=EpochBlock_48)
[D:AiRunner]     name="" counters="CPU cycles"[12193, 539904, 5503] dur=0.697ms id=48.48 type=0x5000000/INTERNAL|WITHOUT_TENSOR,"epoch"
[D:AiRunner]    ----------------------------------------
[D:AiRunner]    INTERNAL OPERATOR (idx=47, name=EpochBlock_49)
[D:AiRunner]     name="" counters="CPU cycles"[2014, 81163, 788] dur=0.105ms id=49.49 type=0x5000000/INTERNAL|WITHOUT_TENSOR,"epoch"
[D:AiRunner]    ----------------------------------------
[D:AiRunner]    INTERNAL OPERATOR (idx=48, name=EpochBlock_50)
[D:AiRunner]     name="" counters="CPU cycles"[9017, 502032, 4116] dur=0.644ms id=50.50 type=0x5000000/INTERNAL|WITHOUT_TENSOR,"epoch"
[D:AiRunner]    ----------------------------------------
[D:AiRunner]    INTERNAL OPERATOR (idx=49, name=EpochBlock_51)
[D:AiRunner]     name="" counters="CPU cycles"[48105, 445472, 4508] dur=0.623ms id=51.51 type=0x5000000/INTERNAL|WITHOUT_TENSOR,"epoch"
[D:AiRunner]    ----------------------------------------
[D:AiRunner]    INTERNAL OPERATOR (idx=50, name=EpochBlock_52)
[D:AiRunner]     name="" counters="CPU cycles"[12337, 533996, 5493] dur=0.690ms id=52.52 type=0x5000000/INTERNAL|WITHOUT_TENSOR,"epoch"
[D:AiRunner]    ----------------------------------------
[D:AiRunner]    INTERNAL OPERATOR (idx=51, name=EpochBlock_53)
[D:AiRunner]     name="" counters="CPU cycles"[1857, 81184, 756] dur=0.105ms id=53.53 type=0x5000000/INTERNAL|WITHOUT_TENSOR,"epoch"
[D:AiRunner]    ----------------------------------------
[D:AiRunner]    INTERNAL OPERATOR (idx=52, name=EpochBlock_54)
[D:AiRunner]     name="" counters="CPU cycles"[9121, 499880, 4217] dur=0.642ms id=54.54 type=0x5000000/INTERNAL|WITHOUT_TENSOR,"epoch"
[D:AiRunner]    ----------------------------------------
[D:AiRunner]    INTERNAL OPERATOR (idx=53, name=EpochBlock_55)
[D:AiRunner]     name="" counters="CPU cycles"[47844, 445302, 4468] dur=0.622ms id=55.55 type=0x5000000/INTERNAL|WITHOUT_TENSOR,"epoch"
[D:AiRunner]    ----------------------------------------
[D:AiRunner]    INTERNAL OPERATOR (idx=54, name=EpochBlock_56)
[D:AiRunner]     name="" counters="CPU cycles"[12070, 541091, 5452] dur=0.698ms id=56.56 type=0x5000000/INTERNAL|WITHOUT_TENSOR,"epoch"
[D:AiRunner]    ----------------------------------------
[D:AiRunner]    INTERNAL OPERATOR (idx=55, name=EpochBlock_57)
[D:AiRunner]     name="" counters="CPU cycles"[1889, 81192, 756] dur=0.105ms id=57.57 type=0x5000000/INTERNAL|WITHOUT_TENSOR,"epoch"
[D:AiRunner]    ----------------------------------------
[D:AiRunner]    INTERNAL OPERATOR (idx=56, name=EpochBlock_58)
[D:AiRunner]     name="" counters="CPU cycles"[9049, 502540, 4120] dur=0.645ms id=58.58 type=0x5000000/INTERNAL|WITHOUT_TENSOR,"epoch"
[D:AiRunner]    ----------------------------------------
[D:AiRunner]    INTERNAL OPERATOR (idx=57, name=EpochBlock_59)
[D:AiRunner]     name="" counters="CPU cycles"[47905, 445128, 4532] dur=0.622ms id=59.59 type=0x5000000/INTERNAL|WITHOUT_TENSOR,"epoch"
[D:AiRunner]    ----------------------------------------
[D:AiRunner]    INTERNAL OPERATOR (idx=58, name=EpochBlock_60)
[D:AiRunner]     name="" counters="CPU cycles"[12425, 533592, 5527] dur=0.689ms id=60.60 type=0x5000000/INTERNAL|WITHOUT_TENSOR,"epoch"
[D:AiRunner]    ----------------------------------------
[D:AiRunner]    INTERNAL OPERATOR (idx=59, name=EpochBlock_61)
[D:AiRunner]     name="" counters="CPU cycles"[7057, 347016, 3172] dur=0.447ms id=61.61 type=0x5000000/INTERNAL|WITHOUT_TENSOR,"epoch"
[D:AiRunner]    ----------------------------------------
[D:AiRunner]    INTERNAL OPERATOR (idx=60, name=EpochBlock_62)
[D:AiRunner]     name="" counters="CPU cycles"[8569, 1682, 3724] dur=0.017ms id=62.62 type=0x5000000/INTERNAL|WITHOUT_TENSOR,"epoch"
[D:AiRunner]    ----------------------------------------
[D:AiRunner]    INTERNAL OPERATOR (idx=61, name=EpochBlock_63)
[D:AiRunner]     name="" counters="CPU cycles"[18329, 468352, 5129] dur=0.615ms id=63.63 type=0x5000000/INTERNAL|WITHOUT_TENSOR,"epoch"
[D:AiRunner]    ----------------------------------------
[D:AiRunner]    INTERNAL OPERATOR (idx=62, name=EpochBlock_64)
[D:AiRunner]     name="" counters="CPU cycles"[82, 35, 3993] dur=0.005ms id=64.64 type=0x1000002/INTERNAL,"epoch (SW)"
[D:AiRunner]    INTERNAL TENSOR #0
[D:AiRunner]     IOTensor: Dequantize_226_out_0, E.64.0, , 0x342e0000 f32[1,63], 252 Bytes
[D:AiRunner]     last=True, data_size=0
[D:AiRunner]    ----------------------------------------
[D:AiRunner]    INTERNAL OPERATOR (idx=63, name=EpochBlock_65)
[D:AiRunner]     name="" counters="CPU cycles"[15745, 3280, 3508] dur=0.028ms id=65.65 type=0x5000000/INTERNAL|WITHOUT_TENSOR,"epoch"
[D:AiRunner]    ----------------------------------------
[D:AiRunner]    INTERNAL OPERATOR (idx=64, name=EpochBlock_66)
[D:AiRunner]     name="" counters="CPU cycles"[122, 35, 3305] dur=0.004ms id=66.66 type=0x1000002/INTERNAL,"epoch (SW)"
[D:AiRunner]    INTERNAL TENSOR #0
[D:AiRunner]     IOTensor: Dequantize_229_out_0, E.66.0, , 0x342e0100 f32[1,63], 252 Bytes
[D:AiRunner]     last=True, data_size=0
[D:AiRunner]    ----------------------------------------
[D:AiRunner]    INTERNAL OPERATOR (idx=65, name=EpochBlock_67)
[D:AiRunner]     name="" counters="CPU cycles"[44, 35, 2901] dur=0.004ms id=67.67 type=0x1000002/INTERNAL,"epoch (SW)"
[D:AiRunner]    INTERNAL TENSOR #0
[D:AiRunner]     IOTensor: Dequantize_219_out_0, E.67.0, , 0x342e0200 f32[1,1], 4 Bytes
[D:AiRunner]     last=True, data_size=0
[D:AiRunner]    ----------------------------------------
[D:AiRunner]    INTERNAL OPERATOR (idx=66, name=EpochBlock_68)
[D:AiRunner]     name="" counters="CPU cycles"[4561, 604, 1713] dur=0.009ms id=68.68 type=0x5000000/INTERNAL|WITHOUT_TENSOR,"epoch"
[D:AiRunner]    ----------------------------------------
[D:AiRunner]    INTERNAL OPERATOR (idx=67, name=EpochBlock_69)
[D:AiRunner]     name="" counters="CPU cycles"[46, 35, 2301] dur=0.003ms id=69.69 type=0x1000002/INTERNAL,"epoch (SW)"
[D:AiRunner]    INTERNAL TENSOR #0
[D:AiRunner]     IOTensor: Dequantize_223_out_0, E.69.0, , 0x342e0210 f32[1,1], 4 Bytes
[D:AiRunner]     last=True, data_size=0
[D:AiRunner]    ----------------------------------------
[D:AiRunner]    INFERENCE DONE
[D:AiRunner]     name="network" counters="CPU cycles"[1658573, 16099238, 211167, 17981474, 0] dur=22.477ms id=0.0 type=0x0/NONE,"epoch"
[D:AiRunner]    RECEIVE OUTPUT TENSOR #0 last=False..
[D:AiRunner]     IOTensor: Dequantize_223_out_0, O_0, , 0x342e0210 f32[1,1], 4 Bytes
[D:AiRunner]    RECEIVE OUTPUT TENSOR #1 last=False..
[D:AiRunner]     IOTensor: Dequantize_229_out_0, O_1, , 0x342e0100 f32[1,63], 252 Bytes
[D:AiRunner]    RECEIVE OUTPUT TENSOR #2 last=False..
[D:AiRunner]     IOTensor: Dequantize_219_out_0, O_2, , 0x342e0200 f32[1,1], 4 Bytes
[D:AiRunner]    RECEIVE OUTPUT TENSOR #3 last=True..
[D:AiRunner]     IOTensor: Dequantize_226_out_0, O_3, , 0x342e0000 f32[1,63], 252 Bytes
[D:AiRunner] <- done (target dur=22.461ms)
[D:AiRunner] -> Requested RUN mode: Mode.PER_LAYER (param=0b11, option=0x0)
[D:AiRunner]    SEND INPUT TENSOR #0 ((1, 224, 224, 3)/uint8) last=True..
[D:AiRunner]    ----------------------------------------
[D:AiRunner]    INTERNAL OPERATOR (idx=0, name=EpochBlock_2)
[D:AiRunner]     name="" counters="CPU cycles"[3603, 121116, 1641] dur=0.158ms id=2.2 type=0x5000000/INTERNAL|WITHOUT_TENSOR,"epoch"
[D:AiRunner]    ----------------------------------------
[D:AiRunner]    INTERNAL OPERATOR (idx=1, name=EpochBlock_3)
[D:AiRunner]     name="" counters="CPU cycles"[15377, 363856, 3244] dur=0.478ms id=3.3 type=0x5000000/INTERNAL|WITHOUT_TENSOR,"epoch"
[D:AiRunner]    ----------------------------------------
[D:AiRunner]    INTERNAL OPERATOR (idx=2, name=EpochBlock_4)
[D:AiRunner]     name="" counters="CPU cycles"[5633, 241688, 1380] dur=0.311ms id=4.4 type=0x5000000/INTERNAL|WITHOUT_TENSOR,"epoch"
[D:AiRunner]    ----------------------------------------
[D:AiRunner]    INTERNAL OPERATOR (idx=3, name=EpochBlock_5)
[D:AiRunner]     name="" counters="CPU cycles"[8625, 242536, 1972] dur=0.316ms id=5.5 type=0x5000000/INTERNAL|WITHOUT_TENSOR,"epoch"
[D:AiRunner]    ----------------------------------------
[D:AiRunner]    INTERNAL OPERATOR (idx=4, name=EpochBlock_6)
[D:AiRunner]     name="" counters="CPU cycles"[18369, 644328, 2276] dur=0.831ms id=6.6 type=0x5000000/INTERNAL|WITHOUT_TENSOR,"epoch"
[D:AiRunner]    ----------------------------------------
[D:AiRunner]    INTERNAL OPERATOR (idx=5, name=EpochBlock_7)
[D:AiRunner]     name="" counters="CPU cycles"[17921, 643323, 2313] dur=0.829ms id=7.7 type=0x5000000/INTERNAL|WITHOUT_TENSOR,"epoch"
[D:AiRunner]    ----------------------------------------
[D:AiRunner]    INTERNAL OPERATOR (idx=6, name=EpochBlock_8)
[D:AiRunner]     name="" counters="CPU cycles"[9697, 64109, 1972] dur=0.095ms id=8.8 type=0x5000000/INTERNAL|WITHOUT_TENSOR,"epoch"
[D:AiRunner]    ----------------------------------------
[D:AiRunner]    INTERNAL OPERATOR (idx=7, name=EpochBlock_9)
[D:AiRunner]     name="" counters="CPU cycles"[33889, 363944, 2276] dur=0.500ms id=9.9 type=0x5000000/INTERNAL|WITHOUT_TENSOR,"epoch"
[D:AiRunner]    ----------------------------------------
[D:AiRunner]    INTERNAL OPERATOR (idx=8, name=EpochBlock_10)
[D:AiRunner]     name="" counters="CPU cycles"[33481, 377400, 2300] dur=0.516ms id=10.10 type=0x5000000/INTERNAL|WITHOUT_TENSOR,"epoch"
[D:AiRunner]    ----------------------------------------
[D:AiRunner]    INTERNAL OPERATOR (idx=9, name=EpochBlock_11)
[D:AiRunner]     name="" counters="CPU cycles"[12177, 67952, 3220] dur=0.104ms id=11.11 type=0x5000000/INTERNAL|WITHOUT_TENSOR,"epoch"
[D:AiRunner]    ----------------------------------------
[D:AiRunner]    INTERNAL OPERATOR (idx=10, name=EpochBlock_12)
[D:AiRunner]     name="" counters="CPU cycles"[33369, 363856, 2425] dur=0.500ms id=12.12 type=0x5000000/INTERNAL|WITHOUT_TENSOR,"epoch"
[D:AiRunner]    ----------------------------------------
[D:AiRunner]    INTERNAL OPERATOR (idx=11, name=EpochBlock_13)
[D:AiRunner]     name="" counters="CPU cycles"[1985, 405680, 794] dur=0.511ms id=13.13 type=0x5000000/INTERNAL|WITHOUT_TENSOR,"epoch"
[D:AiRunner]    ----------------------------------------
[D:AiRunner]    INTERNAL OPERATOR (idx=12, name=EpochBlock_14)
[D:AiRunner]     name="" counters="CPU cycles"[36615, 366642, 3492] dur=0.508ms id=14.14 type=0x5000000/INTERNAL|WITHOUT_TENSOR,"epoch"
[D:AiRunner]    ----------------------------------------
[D:AiRunner]    INTERNAL OPERATOR (idx=13, name=EpochBlock_15)
[D:AiRunner]     name="" counters="CPU cycles"[14609, 36624, 2572] dur=0.067ms id=15.15 type=0x5000000/INTERNAL|WITHOUT_TENSOR,"epoch"
[D:AiRunner]    ----------------------------------------
[D:AiRunner]    INTERNAL OPERATOR (idx=14, name=EpochBlock_16)
[D:AiRunner]     name="" counters="CPU cycles"[53233, 153564, 2936] dur=0.262ms id=16.16 type=0x5000000/INTERNAL|WITHOUT_TENSOR,"epoch"
[D:AiRunner]    ----------------------------------------
[D:AiRunner]    INTERNAL OPERATOR (idx=15, name=EpochBlock_17)
[D:AiRunner]     name="" counters="CPU cycles"[1969, 181888, 756] dur=0.231ms id=17.17 type=0x5000000/INTERNAL|WITHOUT_TENSOR,"epoch"
[D:AiRunner]    ----------------------------------------
[D:AiRunner]    INTERNAL OPERATOR (idx=16, name=EpochBlock_18)
[D:AiRunner]     name="" counters="CPU cycles"[54433, 194434, 3553] dur=0.316ms id=18.18 type=0x5000000/INTERNAL|WITHOUT_TENSOR,"epoch"
[D:AiRunner]    ----------------------------------------
[D:AiRunner]    INTERNAL OPERATOR (idx=17, name=EpochBlock_19)
[D:AiRunner]     name="" counters="CPU cycles"[16001, 60725, 3239] dur=0.100ms id=19.19 type=0x5000000/INTERNAL|WITHOUT_TENSOR,"epoch"
[D:AiRunner]    ----------------------------------------
[D:AiRunner]    INTERNAL OPERATOR (idx=18, name=EpochBlock_20)
[D:AiRunner]     name="" counters="CPU cycles"[53849, 153389, 2916] dur=0.263ms id=20.20 type=0x5000000/INTERNAL|WITHOUT_TENSOR,"epoch"
[D:AiRunner]    ----------------------------------------
[D:AiRunner]    INTERNAL OPERATOR (idx=19, name=EpochBlock_21)
[D:AiRunner]     name="" counters="CPU cycles"[51905, 152696, 2300] dur=0.259ms id=21.21 type=0x5000000/INTERNAL|WITHOUT_TENSOR,"epoch"
[D:AiRunner]    ----------------------------------------
[D:AiRunner]    INTERNAL OPERATOR (idx=20, name=EpochBlock_22)
[D:AiRunner]     name="" counters="CPU cycles"[22673, 45448, 2612] dur=0.088ms id=22.22 type=0x5000000/INTERNAL|WITHOUT_TENSOR,"epoch"
[D:AiRunner]    ----------------------------------------
[D:AiRunner]    INTERNAL OPERATOR (idx=21, name=EpochBlock_23)
[D:AiRunner]     name="" counters="CPU cycles"[102257, 81384, 4333] dur=0.235ms id=23.23 type=0x5000000/INTERNAL|WITHOUT_TENSOR,"epoch"
[D:AiRunner]    ----------------------------------------
[D:AiRunner]    INTERNAL OPERATOR (idx=22, name=EpochBlock_24)
[D:AiRunner]     name="" counters="CPU cycles"[98639, 89263, 2356] dur=0.238ms id=24.24 type=0x5000000/INTERNAL|WITHOUT_TENSOR,"epoch"
[D:AiRunner]    ----------------------------------------
[D:AiRunner]    INTERNAL OPERATOR (idx=23, name=EpochBlock_25)
[D:AiRunner]     name="" counters="CPU cycles"[26753, 87836, 4560] dur=0.149ms id=25.25 type=0x5000000/INTERNAL|WITHOUT_TENSOR,"epoch"
[D:AiRunner]    ----------------------------------------
[D:AiRunner]    INTERNAL OPERATOR (idx=24, name=EpochBlock_26)
[D:AiRunner]     name="" counters="CPU cycles"[102014, 81350, 4257] dur=0.235ms id=26.26 type=0x5000000/INTERNAL|WITHOUT_TENSOR,"epoch"
[D:AiRunner]    ----------------------------------------
[D:AiRunner]    INTERNAL OPERATOR (idx=25, name=EpochBlock_27)
[D:AiRunner]     name="" counters="CPU cycles"[98697, 89192, 2329] dur=0.238ms id=27.27 type=0x5000000/INTERNAL|WITHOUT_TENSOR,"epoch"
[D:AiRunner]    ----------------------------------------
[D:AiRunner]    INTERNAL OPERATOR (idx=26, name=EpochBlock_28)
[D:AiRunner]     name="" counters="CPU cycles"[26417, 87800, 4577] dur=0.148ms id=28.28 type=0x5000000/INTERNAL|WITHOUT_TENSOR,"epoch"
[D:AiRunner]    ----------------------------------------
[D:AiRunner]    INTERNAL OPERATOR (idx=27, name=EpochBlock_29)
[D:AiRunner]     name="" counters="CPU cycles"[102385, 81069, 4366] dur=0.235ms id=29.29 type=0x5000000/INTERNAL|WITHOUT_TENSOR,"epoch"
[D:AiRunner]    ----------------------------------------
[D:AiRunner]    INTERNAL OPERATOR (idx=28, name=EpochBlock_30)
[D:AiRunner]     name="" counters="CPU cycles"[1945, 97760, 793] dur=0.126ms id=30.30 type=0x5000000/INTERNAL|WITHOUT_TENSOR,"epoch"
[D:AiRunner]    ----------------------------------------
[D:AiRunner]    INTERNAL OPERATOR (idx=29, name=EpochBlock_31)
[D:AiRunner]     name="" counters="CPU cycles"[100849, 106490, 3489] dur=0.264ms id=31.31 type=0x5000000/INTERNAL|WITHOUT_TENSOR,"epoch"
[D:AiRunner]    ----------------------------------------
[D:AiRunner]    INTERNAL OPERATOR (idx=30, name=EpochBlock_32)
[D:AiRunner]     name="" counters="CPU cycles"[31161, 118173, 3911] dur=0.192ms id=32.32 type=0x5000000/INTERNAL|WITHOUT_TENSOR,"epoch"
[D:AiRunner]    ----------------------------------------
[D:AiRunner]    INTERNAL OPERATOR (idx=31, name=EpochBlock_33)
[D:AiRunner]     name="" counters="CPU cycles"[1961, 9520, 716] dur=0.015ms id=33.33 type=0x5000000/INTERNAL|WITHOUT_TENSOR,"epoch"
[D:AiRunner]    ----------------------------------------
[D:AiRunner]    INTERNAL OPERATOR (idx=32, name=EpochBlock_34)
[D:AiRunner]     name="" counters="CPU cycles"[12478, 418243, 5460] dur=0.545ms id=34.34 type=0x5000000/INTERNAL|WITHOUT_TENSOR,"epoch"
[D:AiRunner]    ----------------------------------------
[D:AiRunner]    INTERNAL OPERATOR (idx=33, name=EpochBlock_35)
[D:AiRunner]     name="" counters="CPU cycles"[1825, 136648, 756] dur=0.174ms id=35.35 type=0x5000000/INTERNAL|WITHOUT_TENSOR,"epoch"
[D:AiRunner]    ----------------------------------------
[D:AiRunner]    INTERNAL OPERATOR (idx=34, name=EpochBlock_36)
[D:AiRunner]     name="" counters="CPU cycles"[9201, 648176, 4140] dur=0.827ms id=36.36 type=0x5000000/INTERNAL|WITHOUT_TENSOR,"epoch"
[D:AiRunner]    ----------------------------------------
[D:AiRunner]    INTERNAL OPERATOR (idx=35, name=EpochBlock_37)
[D:AiRunner]     name="" counters="CPU cycles"[32633, 160024, 4532] dur=0.246ms id=37.37 type=0x5000000/INTERNAL|WITHOUT_TENSOR,"epoch"
[D:AiRunner]    ----------------------------------------
[D:AiRunner]    INTERNAL OPERATOR (idx=36, name=EpochBlock_38)
[D:AiRunner]     name="" counters="CPU cycles"[1889, 9520, 756] dur=0.015ms id=38.38 type=0x5000000/INTERNAL|WITHOUT_TENSOR,"epoch"
[D:AiRunner]    ----------------------------------------
[D:AiRunner]    INTERNAL OPERATOR (idx=37, name=EpochBlock_39)
[D:AiRunner]     name="" counters="CPU cycles"[12249, 426528, 5425] dur=0.555ms id=39.39 type=0x5000000/INTERNAL|WITHOUT_TENSOR,"epoch"
[D:AiRunner]    ----------------------------------------
[D:AiRunner]    INTERNAL OPERATOR (idx=38, name=EpochBlock_40)
[D:AiRunner]     name="" counters="CPU cycles"[1937, 136648, 756] dur=0.174ms id=40.40 type=0x5000000/INTERNAL|WITHOUT_TENSOR,"epoch"
[D:AiRunner]    ----------------------------------------
[D:AiRunner]    INTERNAL OPERATOR (idx=39, name=EpochBlock_41)
[D:AiRunner]     name="" counters="CPU cycles"[9113, 648706, 4124] dur=0.827ms id=41.41 type=0x5000000/INTERNAL|WITHOUT_TENSOR,"epoch"
[D:AiRunner]    ----------------------------------------
[D:AiRunner]    INTERNAL OPERATOR (idx=40, name=EpochBlock_42)
[D:AiRunner]     name="" counters="CPU cycles"[32521, 159840, 4492] dur=0.246ms id=42.42 type=0x5000000/INTERNAL|WITHOUT_TENSOR,"epoch"
[D:AiRunner]    ----------------------------------------
[D:AiRunner]    INTERNAL OPERATOR (idx=41, name=EpochBlock_43)
[D:AiRunner]     name="" counters="CPU cycles"[1929, 9528, 796] dur=0.015ms id=43.43 type=0x5000000/INTERNAL|WITHOUT_TENSOR,"epoch"
[D:AiRunner]    ----------------------------------------
[D:AiRunner]    INTERNAL OPERATOR (idx=42, name=EpochBlock_44)
[D:AiRunner]     name="" counters="CPU cycles"[12321, 418472, 5428] dur=0.545ms id=44.44 type=0x5000000/INTERNAL|WITHOUT_TENSOR,"epoch"
[D:AiRunner]    ----------------------------------------
[D:AiRunner]    INTERNAL OPERATOR (idx=43, name=EpochBlock_45)
[D:AiRunner]     name="" counters="CPU cycles"[1857, 136648, 796] dur=0.174ms id=45.45 type=0x5000000/INTERNAL|WITHOUT_TENSOR,"epoch"
[D:AiRunner]    ----------------------------------------
[D:AiRunner]    INTERNAL OPERATOR (idx=44, name=EpochBlock_46)
[D:AiRunner]     name="" counters="CPU cycles"[9233, 300336, 4281] dur=0.392ms id=46.46 type=0x5000000/INTERNAL|WITHOUT_TENSOR,"epoch"
[D:AiRunner]    ----------------------------------------
[D:AiRunner]    INTERNAL OPERATOR (idx=45, name=EpochBlock_47)
[D:AiRunner]     name="" counters="CPU cycles"[46377, 260618, 3860] dur=0.389ms id=47.47 type=0x5000000/INTERNAL|WITHOUT_TENSOR,"epoch"
[D:AiRunner]    ----------------------------------------
[D:AiRunner]    INTERNAL OPERATOR (idx=46, name=EpochBlock_48)
[D:AiRunner]     name="" counters="CPU cycles"[12113, 542526, 5461] dur=0.700ms id=48.48 type=0x5000000/INTERNAL|WITHOUT_TENSOR,"epoch"
[D:AiRunner]    ----------------------------------------
[D:AiRunner]    INTERNAL OPERATOR (idx=47, name=EpochBlock_49)
[D:AiRunner]     name="" counters="CPU cycles"[1937, 81184, 788] dur=0.105ms id=49.49 type=0x5000000/INTERNAL|WITHOUT_TENSOR,"epoch"
[D:AiRunner]    ----------------------------------------
[D:AiRunner]    INTERNAL OPERATOR (idx=48, name=EpochBlock_50)
[D:AiRunner]     name="" counters="CPU cycles"[9137, 501936, 4116] dur=0.644ms id=50.50 type=0x5000000/INTERNAL|WITHOUT_TENSOR,"epoch"
[D:AiRunner]    ----------------------------------------
[D:AiRunner]    INTERNAL OPERATOR (idx=49, name=EpochBlock_51)
[D:AiRunner]     name="" counters="CPU cycles"[48278, 445435, 4508] dur=0.623ms id=51.51 type=0x5000000/INTERNAL|WITHOUT_TENSOR,"epoch"
[D:AiRunner]    ----------------------------------------
[D:AiRunner]    INTERNAL OPERATOR (idx=50, name=EpochBlock_52)
[D:AiRunner]     name="" counters="CPU cycles"[12313, 533971, 5497] dur=0.690ms id=52.52 type=0x5000000/INTERNAL|WITHOUT_TENSOR,"epoch"
[D:AiRunner]    ----------------------------------------
[D:AiRunner]    INTERNAL OPERATOR (idx=51, name=EpochBlock_53)
[D:AiRunner]     name="" counters="CPU cycles"[1929, 81184, 793] dur=0.105ms id=53.53 type=0x5000000/INTERNAL|WITHOUT_TENSOR,"epoch"
[D:AiRunner]    ----------------------------------------
[D:AiRunner]    INTERNAL OPERATOR (idx=52, name=EpochBlock_54)
[D:AiRunner]     name="" counters="CPU cycles"[9201, 500024, 4257] dur=0.642ms id=54.54 type=0x5000000/INTERNAL|WITHOUT_TENSOR,"epoch"
[D:AiRunner]    ----------------------------------------
[D:AiRunner]    INTERNAL OPERATOR (idx=53, name=EpochBlock_55)
[D:AiRunner]     name="" counters="CPU cycles"[47758, 445346, 4464] dur=0.622ms id=55.55 type=0x5000000/INTERNAL|WITHOUT_TENSOR,"epoch"
[D:AiRunner]    ----------------------------------------
[D:AiRunner]    INTERNAL OPERATOR (idx=54, name=EpochBlock_56)
[D:AiRunner]     name="" counters="CPU cycles"[12041, 540168, 5452] dur=0.697ms id=56.56 type=0x5000000/INTERNAL|WITHOUT_TENSOR,"epoch"
[D:AiRunner]    ----------------------------------------
[D:AiRunner]    INTERNAL OPERATOR (idx=55, name=EpochBlock_57)
[D:AiRunner]     name="" counters="CPU cycles"[1889, 81176, 716] dur=0.105ms id=57.57 type=0x5000000/INTERNAL|WITHOUT_TENSOR,"epoch"
[D:AiRunner]    ----------------------------------------
[D:AiRunner]    INTERNAL OPERATOR (idx=56, name=EpochBlock_58)
[D:AiRunner]     name="" counters="CPU cycles"[9049, 502382, 4064] dur=0.644ms id=58.58 type=0x5000000/INTERNAL|WITHOUT_TENSOR,"epoch"
[D:AiRunner]    ----------------------------------------
[D:AiRunner]    INTERNAL OPERATOR (idx=57, name=EpochBlock_59)
[D:AiRunner]     name="" counters="CPU cycles"[47993, 445128, 4532] dur=0.622ms id=59.59 type=0x5000000/INTERNAL|WITHOUT_TENSOR,"epoch"
[D:AiRunner]    ----------------------------------------
[D:AiRunner]    INTERNAL OPERATOR (idx=58, name=EpochBlock_60)
[D:AiRunner]     name="" counters="CPU cycles"[12457, 533560, 5565] dur=0.689ms id=60.60 type=0x5000000/INTERNAL|WITHOUT_TENSOR,"epoch"
[D:AiRunner]    ----------------------------------------
[D:AiRunner]    INTERNAL OPERATOR (idx=59, name=EpochBlock_61)
[D:AiRunner]     name="" counters="CPU cycles"[6953, 347060, 3224] dur=0.447ms id=61.61 type=0x5000000/INTERNAL|WITHOUT_TENSOR,"epoch"
[D:AiRunner]    ----------------------------------------
[D:AiRunner]    INTERNAL OPERATOR (idx=60, name=EpochBlock_62)
[D:AiRunner]     name="" counters="CPU cycles"[8449, 1680, 3724] dur=0.017ms id=62.62 type=0x5000000/INTERNAL|WITHOUT_TENSOR,"epoch"
[D:AiRunner]    ----------------------------------------
[D:AiRunner]    INTERNAL OPERATOR (idx=61, name=EpochBlock_63)
[D:AiRunner]     name="" counters="CPU cycles"[18334, 468435, 5092] dur=0.615ms id=63.63 type=0x5000000/INTERNAL|WITHOUT_TENSOR,"epoch"
[D:AiRunner]    ----------------------------------------
[D:AiRunner]    INTERNAL OPERATOR (idx=62, name=EpochBlock_64)
[D:AiRunner]     name="" counters="CPU cycles"[45, 35, 3876] dur=0.005ms id=64.64 type=0x1000002/INTERNAL,"epoch (SW)"
[D:AiRunner]    INTERNAL TENSOR #0
[D:AiRunner]     IOTensor: Dequantize_226_out_0, E.64.0, , 0x342e0000 f32[1,63], 252 Bytes
[D:AiRunner]     last=True, data_size=0
[D:AiRunner]    ----------------------------------------
[D:AiRunner]    INTERNAL OPERATOR (idx=63, name=EpochBlock_65)
[D:AiRunner]     name="" counters="CPU cycles"[16273, 3280, 3481] dur=0.029ms id=65.65 type=0x5000000/INTERNAL|WITHOUT_TENSOR,"epoch"
[D:AiRunner]    ----------------------------------------
[D:AiRunner]    INTERNAL OPERATOR (idx=64, name=EpochBlock_66)
[D:AiRunner]     name="" counters="CPU cycles"[46, 35, 3297] dur=0.004ms id=66.66 type=0x1000002/INTERNAL,"epoch (SW)"
[D:AiRunner]    INTERNAL TENSOR #0
[D:AiRunner]     IOTensor: Dequantize_229_out_0, E.66.0, , 0x342e0100 f32[1,63], 252 Bytes
[D:AiRunner]     last=True, data_size=0
[D:AiRunner]    ----------------------------------------
[D:AiRunner]    INTERNAL OPERATOR (idx=65, name=EpochBlock_67)
[D:AiRunner]     name="" counters="CPU cycles"[44, 35, 2861] dur=0.004ms id=67.67 type=0x1000002/INTERNAL,"epoch (SW)"
[D:AiRunner]    INTERNAL TENSOR #0
[D:AiRunner]     IOTensor: Dequantize_219_out_0, E.67.0, , 0x342e0200 f32[1,1], 4 Bytes
[D:AiRunner]     last=True, data_size=0
[D:AiRunner]    ----------------------------------------
[D:AiRunner]    INTERNAL OPERATOR (idx=66, name=EpochBlock_68)
[D:AiRunner]     name="" counters="CPU cycles"[4561, 561, 1748] dur=0.009ms id=68.68 type=0x5000000/INTERNAL|WITHOUT_TENSOR,"epoch"
[D:AiRunner]    ----------------------------------------
[D:AiRunner]    INTERNAL OPERATOR (idx=67, name=EpochBlock_69)
[D:AiRunner]     name="" counters="CPU cycles"[44, 35, 2293] dur=0.003ms id=69.69 type=0x1000002/INTERNAL,"epoch (SW)"
[D:AiRunner]    INTERNAL TENSOR #0
[D:AiRunner]     IOTensor: Dequantize_223_out_0, E.69.0, , 0x342e0210 f32[1,1], 4 Bytes
[D:AiRunner]     last=True, data_size=0
[D:AiRunner]    ----------------------------------------
[D:AiRunner]    INFERENCE DONE
[D:AiRunner]     name="network" counters="CPU cycles"[1658898, 16100146, 211287, 17982889, 0] dur=22.479ms id=0.0 type=0x0/NONE,"epoch"
[D:AiRunner]    RECEIVE OUTPUT TENSOR #0 last=False..
[D:AiRunner]     IOTensor: Dequantize_223_out_0, O_0, , 0x342e0210 f32[1,1], 4 Bytes
[D:AiRunner]    RECEIVE OUTPUT TENSOR #1 last=False..
[D:AiRunner]     IOTensor: Dequantize_229_out_0, O_1, , 0x342e0100 f32[1,63], 252 Bytes
[D:AiRunner]    RECEIVE OUTPUT TENSOR #2 last=False..
[D:AiRunner]     IOTensor: Dequantize_219_out_0, O_2, , 0x342e0200 f32[1,1], 4 Bytes
[D:AiRunner]    RECEIVE OUTPUT TENSOR #3 last=True..
[D:AiRunner]     IOTensor: Dequantize_226_out_0, O_3, , 0x342e0000 f32[1,63], 252 Bytes
[D:AiRunner] <- done (target dur=22.463ms)
[D:AiRunner] -> Requested RUN mode: Mode.PER_LAYER (param=0b11, option=0x0)
[D:AiRunner]    SEND INPUT TENSOR #0 ((1, 224, 224, 3)/uint8) last=True..
[D:AiRunner]    ----------------------------------------
[D:AiRunner]    INTERNAL OPERATOR (idx=0, name=EpochBlock_2)
[D:AiRunner]     name="" counters="CPU cycles"[3475, 121080, 1639] dur=0.158ms id=2.2 type=0x5000000/INTERNAL|WITHOUT_TENSOR,"epoch"
[D:AiRunner]    ----------------------------------------
[D:AiRunner]    INTERNAL OPERATOR (idx=1, name=EpochBlock_3)
[D:AiRunner]     name="" counters="CPU cycles"[15265, 363856, 3282] dur=0.478ms id=3.3 type=0x5000000/INTERNAL|WITHOUT_TENSOR,"epoch"
[D:AiRunner]    ----------------------------------------
[D:AiRunner]    INTERNAL OPERATOR (idx=2, name=EpochBlock_4)
[D:AiRunner]     name="" counters="CPU cycles"[5577, 241688, 1380] dur=0.311ms id=4.4 type=0x5000000/INTERNAL|WITHOUT_TENSOR,"epoch"
[D:AiRunner]    ----------------------------------------
[D:AiRunner]    INTERNAL OPERATOR (idx=3, name=EpochBlock_5)
[D:AiRunner]     name="" counters="CPU cycles"[8593, 242536, 1972] dur=0.316ms id=5.5 type=0x5000000/INTERNAL|WITHOUT_TENSOR,"epoch"
[D:AiRunner]    ----------------------------------------
[D:AiRunner]    INTERNAL OPERATOR (idx=4, name=EpochBlock_6)
[D:AiRunner]     name="" counters="CPU cycles"[18329, 644372, 2328] dur=0.831ms id=6.6 type=0x5000000/INTERNAL|WITHOUT_TENSOR,"epoch"
[D:AiRunner]    ----------------------------------------
[D:AiRunner]    INTERNAL OPERATOR (idx=5, name=EpochBlock_7)
[D:AiRunner]     name="" counters="CPU cycles"[17849, 643288, 2316] dur=0.829ms id=7.7 type=0x5000000/INTERNAL|WITHOUT_TENSOR,"epoch"
[D:AiRunner]    ----------------------------------------
[D:AiRunner]    INTERNAL OPERATOR (idx=6, name=EpochBlock_8)
[D:AiRunner]     name="" counters="CPU cycles"[9585, 64109, 1972] dur=0.095ms id=8.8 type=0x5000000/INTERNAL|WITHOUT_TENSOR,"epoch"
[D:AiRunner]    ----------------------------------------
[D:AiRunner]    INTERNAL OPERATOR (idx=7, name=EpochBlock_9)
[D:AiRunner]     name="" counters="CPU cycles"[33929, 363944, 2276] dur=0.500ms id=9.9 type=0x5000000/INTERNAL|WITHOUT_TENSOR,"epoch"
[D:AiRunner]    ----------------------------------------
[D:AiRunner]    INTERNAL OPERATOR (idx=8, name=EpochBlock_10)
[D:AiRunner]     name="" counters="CPU cycles"[33473, 377400, 2300] dur=0.516ms id=10.10 type=0x5000000/INTERNAL|WITHOUT_TENSOR,"epoch"
[D:AiRunner]    ----------------------------------------
[D:AiRunner]    INTERNAL OPERATOR (idx=9, name=EpochBlock_11)
[D:AiRunner]     name="" counters="CPU cycles"[12209, 67952, 3309] dur=0.104ms id=11.11 type=0x5000000/INTERNAL|WITHOUT_TENSOR,"epoch"
[D:AiRunner]    ----------------------------------------
[D:AiRunner]    INTERNAL OPERATOR (idx=10, name=EpochBlock_12)
[D:AiRunner]     name="" counters="CPU cycles"[33329, 363856, 2361] dur=0.499ms id=12.12 type=0x5000000/INTERNAL|WITHOUT_TENSOR,"epoch"
[D:AiRunner]    ----------------------------------------
[D:AiRunner]    INTERNAL OPERATOR (idx=11, name=EpochBlock_13)
[D:AiRunner]     name="" counters="CPU cycles"[1985, 405672, 793] dur=0.511ms id=13.13 type=0x5000000/INTERNAL|WITHOUT_TENSOR,"epoch"
[D:AiRunner]    ----------------------------------------
[D:AiRunner]    INTERNAL OPERATOR (idx=12, name=EpochBlock_14)
[D:AiRunner]     name="" counters="CPU cycles"[36401, 366680, 3492] dur=0.508ms id=14.14 type=0x5000000/INTERNAL|WITHOUT_TENSOR,"epoch"
[D:AiRunner]    ----------------------------------------
[D:AiRunner]    INTERNAL OPERATOR (idx=13, name=EpochBlock_15)
[D:AiRunner]     name="" counters="CPU cycles"[14529, 36592, 2612] dur=0.067ms id=15.15 type=0x5000000/INTERNAL|WITHOUT_TENSOR,"epoch"
[D:AiRunner]    ----------------------------------------
[D:AiRunner]    INTERNAL OPERATOR (idx=14, name=EpochBlock_16)
[D:AiRunner]     name="" counters="CPU cycles"[53721, 153528, 2940] dur=0.263ms id=16.16 type=0x5000000/INTERNAL|WITHOUT_TENSOR,"epoch"
[D:AiRunner]    ----------------------------------------
[D:AiRunner]    INTERNAL OPERATOR (idx=15, name=EpochBlock_17)
[D:AiRunner]     name="" counters="CPU cycles"[1937, 181880, 756] dur=0.231ms id=17.17 type=0x5000000/INTERNAL|WITHOUT_TENSOR,"epoch"
[D:AiRunner]    ----------------------------------------
[D:AiRunner]    INTERNAL OPERATOR (idx=16, name=EpochBlock_18)
[D:AiRunner]     name="" counters="CPU cycles"[54489, 194464, 3516] dur=0.316ms id=18.18 type=0x5000000/INTERNAL|WITHOUT_TENSOR,"epoch"
[D:AiRunner]    ----------------------------------------
[D:AiRunner]    INTERNAL OPERATOR (idx=17, name=EpochBlock_19)
[D:AiRunner]     name="" counters="CPU cycles"[15969, 60688, 3244] dur=0.100ms id=19.19 type=0x5000000/INTERNAL|WITHOUT_TENSOR,"epoch"
[D:AiRunner]    ----------------------------------------
[D:AiRunner]    INTERNAL OPERATOR (idx=18, name=EpochBlock_20)
[D:AiRunner]     name="" counters="CPU cycles"[53905, 153396, 2880] dur=0.263ms id=20.20 type=0x5000000/INTERNAL|WITHOUT_TENSOR,"epoch"
[D:AiRunner]    ----------------------------------------
[D:AiRunner]    INTERNAL OPERATOR (idx=19, name=EpochBlock_21)
[D:AiRunner]     name="" counters="CPU cycles"[52417, 152728, 2337] dur=0.259ms id=21.21 type=0x5000000/INTERNAL|WITHOUT_TENSOR,"epoch"
[D:AiRunner]    ----------------------------------------
[D:AiRunner]    INTERNAL OPERATOR (idx=20, name=EpochBlock_22)
[D:AiRunner]     name="" counters="CPU cycles"[22177, 45448, 2612] dur=0.088ms id=22.22 type=0x5000000/INTERNAL|WITHOUT_TENSOR,"epoch"
[D:AiRunner]    ----------------------------------------
[D:AiRunner]    INTERNAL OPERATOR (idx=21, name=EpochBlock_23)
[D:AiRunner]     name="" counters="CPU cycles"[102535, 81346, 4289] dur=0.235ms id=23.23 type=0x5000000/INTERNAL|WITHOUT_TENSOR,"epoch"
[D:AiRunner]    ----------------------------------------
[D:AiRunner]    INTERNAL OPERATOR (idx=22, name=EpochBlock_24)
[D:AiRunner]     name="" counters="CPU cycles"[98527, 89234, 2337] dur=0.238ms id=24.24 type=0x5000000/INTERNAL|WITHOUT_TENSOR,"epoch"
[D:AiRunner]    ----------------------------------------
[D:AiRunner]    INTERNAL OPERATOR (idx=23, name=EpochBlock_25)
[D:AiRunner]     name="" counters="CPU cycles"[26217, 87714, 4500] dur=0.148ms id=25.25 type=0x5000000/INTERNAL|WITHOUT_TENSOR,"epoch"
[D:AiRunner]    ----------------------------------------
[D:AiRunner]    INTERNAL OPERATOR (idx=24, name=EpochBlock_26)
[D:AiRunner]     name="" counters="CPU cycles"[102126, 81310, 4220] dur=0.235ms id=26.26 type=0x5000000/INTERNAL|WITHOUT_TENSOR,"epoch"
[D:AiRunner]    ----------------------------------------
[D:AiRunner]    INTERNAL OPERATOR (idx=25, name=EpochBlock_27)
[D:AiRunner]     name="" counters="CPU cycles"[98345, 89184, 2329] dur=0.237ms id=27.27 type=0x5000000/INTERNAL|WITHOUT_TENSOR,"epoch"
[D:AiRunner]    ----------------------------------------
[D:AiRunner]    INTERNAL OPERATOR (idx=26, name=EpochBlock_28)
[D:AiRunner]     name="" counters="CPU cycles"[26609, 87800, 4577] dur=0.149ms id=28.28 type=0x5000000/INTERNAL|WITHOUT_TENSOR,"epoch"
[D:AiRunner]    ----------------------------------------
[D:AiRunner]    INTERNAL OPERATOR (idx=27, name=EpochBlock_29)
[D:AiRunner]     name="" counters="CPU cycles"[102145, 81032, 4335] dur=0.234ms id=29.29 type=0x5000000/INTERNAL|WITHOUT_TENSOR,"epoch"
[D:AiRunner]    ----------------------------------------
[D:AiRunner]    INTERNAL OPERATOR (idx=28, name=EpochBlock_30)
[D:AiRunner]     name="" counters="CPU cycles"[1897, 97760, 793] dur=0.126ms id=30.30 type=0x5000000/INTERNAL|WITHOUT_TENSOR,"epoch"
[D:AiRunner]    ----------------------------------------
[D:AiRunner]    INTERNAL OPERATOR (idx=29, name=EpochBlock_31)
[D:AiRunner]     name="" counters="CPU cycles"[100863, 106570, 3621] dur=0.264ms id=31.31 type=0x5000000/INTERNAL|WITHOUT_TENSOR,"epoch"
[D:AiRunner]    ----------------------------------------
[D:AiRunner]    INTERNAL OPERATOR (idx=30, name=EpochBlock_32)
[D:AiRunner]     name="" counters="CPU cycles"[31041, 118216, 3889] dur=0.191ms id=32.32 type=0x5000000/INTERNAL|WITHOUT_TENSOR,"epoch"
[D:AiRunner]    ----------------------------------------
[D:AiRunner]    INTERNAL OPERATOR (idx=31, name=EpochBlock_33)
[D:AiRunner]     name="" counters="CPU cycles"[1929, 9520, 716] dur=0.015ms id=33.33 type=0x5000000/INTERNAL|WITHOUT_TENSOR,"epoch"
[D:AiRunner]    ----------------------------------------
[D:AiRunner]    INTERNAL OPERATOR (idx=32, name=EpochBlock_34)
[D:AiRunner]     name="" counters="CPU cycles"[12510, 418307, 5460] dur=0.545ms id=34.34 type=0x5000000/INTERNAL|WITHOUT_TENSOR,"epoch"
[D:AiRunner]    ----------------------------------------
[D:AiRunner]    INTERNAL OPERATOR (idx=33, name=EpochBlock_35)
[D:AiRunner]     name="" counters="CPU cycles"[1825, 136656, 756] dur=0.174ms id=35.35 type=0x5000000/INTERNAL|WITHOUT_TENSOR,"epoch"
[D:AiRunner]    ----------------------------------------
[D:AiRunner]    INTERNAL OPERATOR (idx=34, name=EpochBlock_36)
[D:AiRunner]     name="" counters="CPU cycles"[9233, 648192, 4140] dur=0.827ms id=36.36 type=0x5000000/INTERNAL|WITHOUT_TENSOR,"epoch"
[D:AiRunner]    ----------------------------------------
[D:AiRunner]    INTERNAL OPERATOR (idx=35, name=EpochBlock_37)
[D:AiRunner]     name="" counters="CPU cycles"[32777, 160016, 4524] dur=0.247ms id=37.37 type=0x5000000/INTERNAL|WITHOUT_TENSOR,"epoch"
[D:AiRunner]    ----------------------------------------
[D:AiRunner]    INTERNAL OPERATOR (idx=36, name=EpochBlock_38)
[D:AiRunner]     name="" counters="CPU cycles"[1929, 9520, 756] dur=0.015ms id=38.38 type=0x5000000/INTERNAL|WITHOUT_TENSOR,"epoch"
[D:AiRunner]    ----------------------------------------
[D:AiRunner]    INTERNAL OPERATOR (idx=37, name=EpochBlock_39)
[D:AiRunner]     name="" counters="CPU cycles"[12257, 426472, 5591] dur=0.555ms id=39.39 type=0x5000000/INTERNAL|WITHOUT_TENSOR,"epoch"
[D:AiRunner]    ----------------------------------------
[D:AiRunner]    INTERNAL OPERATOR (idx=38, name=EpochBlock_40)
[D:AiRunner]     name="" counters="CPU cycles"[2015, 136654, 752] dur=0.174ms id=40.40 type=0x5000000/INTERNAL|WITHOUT_TENSOR,"epoch"
[D:AiRunner]    ----------------------------------------
[D:AiRunner]    INTERNAL OPERATOR (idx=39, name=EpochBlock_41)
[D:AiRunner]     name="" counters="CPU cycles"[9033, 648940, 4064] dur=0.828ms id=41.41 type=0x5000000/INTERNAL|WITHOUT_TENSOR,"epoch"
[D:AiRunner]    ----------------------------------------
[D:AiRunner]    INTERNAL OPERATOR (idx=40, name=EpochBlock_42)
[D:AiRunner]     name="" counters="CPU cycles"[33089, 159892, 4512] dur=0.247ms id=42.42 type=0x5000000/INTERNAL|WITHOUT_TENSOR,"epoch"
[D:AiRunner]    ----------------------------------------
[D:AiRunner]    INTERNAL OPERATOR (idx=41, name=EpochBlock_43)
[D:AiRunner]     name="" counters="CPU cycles"[1929, 9520, 756] dur=0.015ms id=43.43 type=0x5000000/INTERNAL|WITHOUT_TENSOR,"epoch"
[D:AiRunner]    ----------------------------------------
[D:AiRunner]    INTERNAL OPERATOR (idx=42, name=EpochBlock_44)
[D:AiRunner]     name="" counters="CPU cycles"[12273, 418472, 5492] dur=0.545ms id=44.44 type=0x5000000/INTERNAL|WITHOUT_TENSOR,"epoch"
[D:AiRunner]    ----------------------------------------
[D:AiRunner]    INTERNAL OPERATOR (idx=43, name=EpochBlock_45)
[D:AiRunner]     name="" counters="CPU cycles"[1857, 136640, 796] dur=0.174ms id=45.45 type=0x5000000/INTERNAL|WITHOUT_TENSOR,"epoch"
[D:AiRunner]    ----------------------------------------
[D:AiRunner]    INTERNAL OPERATOR (idx=44, name=EpochBlock_46)
[D:AiRunner]     name="" counters="CPU cycles"[9201, 300280, 4220] dur=0.392ms id=46.46 type=0x5000000/INTERNAL|WITHOUT_TENSOR,"epoch"
[D:AiRunner]    ----------------------------------------
[D:AiRunner]    INTERNAL OPERATOR (idx=45, name=EpochBlock_47)
[D:AiRunner]     name="" counters="CPU cycles"[46345, 260664, 3924] dur=0.389ms id=47.47 type=0x5000000/INTERNAL|WITHOUT_TENSOR,"epoch"
[D:AiRunner]    ----------------------------------------
[D:AiRunner]    INTERNAL OPERATOR (idx=46, name=EpochBlock_48)
[D:AiRunner]     name="" counters="CPU cycles"[12089, 543946, 5465] dur=0.702ms id=48.48 type=0x5000000/INTERNAL|WITHOUT_TENSOR,"epoch"
[D:AiRunner]    ----------------------------------------
[D:AiRunner]    INTERNAL OPERATOR (idx=47, name=EpochBlock_49)
[D:AiRunner]     name="" counters="CPU cycles"[2009, 81176, 756] dur=0.105ms id=49.49 type=0x5000000/INTERNAL|WITHOUT_TENSOR,"epoch"
[D:AiRunner]    ----------------------------------------
[D:AiRunner]    INTERNAL OPERATOR (idx=48, name=EpochBlock_50)
[D:AiRunner]     name="" counters="CPU cycles"[8913, 501672, 4116] dur=0.643ms id=50.50 type=0x5000000/INTERNAL|WITHOUT_TENSOR,"epoch"
[D:AiRunner]    ----------------------------------------
[D:AiRunner]    INTERNAL OPERATOR (idx=49, name=EpochBlock_51)
[D:AiRunner]     name="" counters="CPU cycles"[48313, 445472, 4508] dur=0.623ms id=51.51 type=0x5000000/INTERNAL|WITHOUT_TENSOR,"epoch"
[D:AiRunner]    ----------------------------------------
[D:AiRunner]    INTERNAL OPERATOR (idx=50, name=EpochBlock_52)
[D:AiRunner]     name="" counters="CPU cycles"[12417, 533926, 5492] dur=0.690ms id=52.52 type=0x5000000/INTERNAL|WITHOUT_TENSOR,"epoch"
[D:AiRunner]    ----------------------------------------
[D:AiRunner]    INTERNAL OPERATOR (idx=51, name=EpochBlock_53)
[D:AiRunner]     name="" counters="CPU cycles"[1857, 81216, 793] dur=0.105ms id=53.53 type=0x5000000/INTERNAL|WITHOUT_TENSOR,"epoch"
[D:AiRunner]    ----------------------------------------
[D:AiRunner]    INTERNAL OPERATOR (idx=52, name=EpochBlock_54)
[D:AiRunner]     name="" counters="CPU cycles"[9121, 499728, 4140] dur=0.641ms id=54.54 type=0x5000000/INTERNAL|WITHOUT_TENSOR,"epoch"
[D:AiRunner]    ----------------------------------------
[D:AiRunner]    INTERNAL OPERATOR (idx=53, name=EpochBlock_55)
[D:AiRunner]     name="" counters="CPU cycles"[47800, 445302, 4468] dur=0.622ms id=55.55 type=0x5000000/INTERNAL|WITHOUT_TENSOR,"epoch"
[D:AiRunner]    ----------------------------------------
[D:AiRunner]    INTERNAL OPERATOR (idx=54, name=EpochBlock_56)
[D:AiRunner]     name="" counters="CPU cycles"[12049, 540528, 5388] dur=0.697ms id=56.56 type=0x5000000/INTERNAL|WITHOUT_TENSOR,"epoch"
[D:AiRunner]    ----------------------------------------
[D:AiRunner]    INTERNAL OPERATOR (idx=55, name=EpochBlock_57)
[D:AiRunner]     name="" counters="CPU cycles"[1967, 81130, 716] dur=0.105ms id=57.57 type=0x5000000/INTERNAL|WITHOUT_TENSOR,"epoch"
[D:AiRunner]    ----------------------------------------
[D:AiRunner]    INTERNAL OPERATOR (idx=56, name=EpochBlock_58)
[D:AiRunner]     name="" counters="CPU cycles"[8921, 502072, 4124] dur=0.644ms id=58.58 type=0x5000000/INTERNAL|WITHOUT_TENSOR,"epoch"
[D:AiRunner]    ----------------------------------------
[D:AiRunner]    INTERNAL OPERATOR (idx=57, name=EpochBlock_59)
[D:AiRunner]     name="" counters="CPU cycles"[48105, 445128, 4530] dur=0.622ms id=59.59 type=0x5000000/INTERNAL|WITHOUT_TENSOR,"epoch"
[D:AiRunner]    ----------------------------------------
[D:AiRunner]    INTERNAL OPERATOR (idx=58, name=EpochBlock_60)
[D:AiRunner]     name="" counters="CPU cycles"[12385, 533632, 5489] dur=0.689ms id=60.60 type=0x5000000/INTERNAL|WITHOUT_TENSOR,"epoch"
[D:AiRunner]    ----------------------------------------
[D:AiRunner]    INTERNAL OPERATOR (idx=59, name=EpochBlock_61)
[D:AiRunner]     name="" counters="CPU cycles"[7167, 346938, 3172] dur=0.447ms id=61.61 type=0x5000000/INTERNAL|WITHOUT_TENSOR,"epoch"
[D:AiRunner]    ----------------------------------------
[D:AiRunner]    INTERNAL OPERATOR (idx=60, name=EpochBlock_62)
[D:AiRunner]     name="" counters="CPU cycles"[8630, 1683, 3724] dur=0.018ms id=62.62 type=0x5000000/INTERNAL|WITHOUT_TENSOR,"epoch"
[D:AiRunner]    ----------------------------------------
[D:AiRunner]    INTERNAL OPERATOR (idx=61, name=EpochBlock_63)
[D:AiRunner]     name="" counters="CPU cycles"[18246, 468467, 5092] dur=0.615ms id=63.63 type=0x5000000/INTERNAL|WITHOUT_TENSOR,"epoch"
[D:AiRunner]    ----------------------------------------
[D:AiRunner]    INTERNAL OPERATOR (idx=62, name=EpochBlock_64)
[D:AiRunner]     name="" counters="CPU cycles"[46, 74, 3874] dur=0.005ms id=64.64 type=0x1000002/INTERNAL,"epoch (SW)"
[D:AiRunner]    INTERNAL TENSOR #0
[D:AiRunner]     IOTensor: Dequantize_226_out_0, E.64.0, , 0x342e0000 f32[1,63], 252 Bytes
[D:AiRunner]     last=True, data_size=0
[D:AiRunner]    ----------------------------------------
[D:AiRunner]    INTERNAL OPERATOR (idx=63, name=EpochBlock_65)
[D:AiRunner]     name="" counters="CPU cycles"[15825, 3363, 3542] dur=0.028ms id=65.65 type=0x5000000/INTERNAL|WITHOUT_TENSOR,"epoch"
[D:AiRunner]    ----------------------------------------
[D:AiRunner]    INTERNAL OPERATOR (idx=64, name=EpochBlock_66)
[D:AiRunner]     name="" counters="CPU cycles"[46, 35, 3297] dur=0.004ms id=66.66 type=0x1000002/INTERNAL,"epoch (SW)"
[D:AiRunner]    INTERNAL TENSOR #0
[D:AiRunner]     IOTensor: Dequantize_229_out_0, E.66.0, , 0x342e0100 f32[1,63], 252 Bytes
[D:AiRunner]     last=True, data_size=0
[D:AiRunner]    ----------------------------------------
[D:AiRunner]    INTERNAL OPERATOR (idx=65, name=EpochBlock_67)
[D:AiRunner]     name="" counters="CPU cycles"[46, 35, 2900] dur=0.004ms id=67.67 type=0x1000002/INTERNAL,"epoch (SW)"
[D:AiRunner]    INTERNAL TENSOR #0
[D:AiRunner]     IOTensor: Dequantize_219_out_0, E.67.0, , 0x342e0200 f32[1,1], 4 Bytes
[D:AiRunner]     last=True, data_size=0
[D:AiRunner]    ----------------------------------------
[D:AiRunner]    INTERNAL OPERATOR (idx=66, name=EpochBlock_68)
[D:AiRunner]     name="" counters="CPU cycles"[4529, 595, 1722] dur=0.009ms id=68.68 type=0x5000000/INTERNAL|WITHOUT_TENSOR,"epoch"
[D:AiRunner]    ----------------------------------------
[D:AiRunner]    INTERNAL OPERATOR (idx=67, name=EpochBlock_69)
[D:AiRunner]     name="" counters="CPU cycles"[44, 35, 2297] dur=0.003ms id=69.69 type=0x1000002/INTERNAL,"epoch (SW)"
[D:AiRunner]    INTERNAL TENSOR #0
[D:AiRunner]     IOTensor: Dequantize_223_out_0, E.69.0, , 0x342e0210 f32[1,1], 4 Bytes
[D:AiRunner]     last=True, data_size=0
[D:AiRunner]    ----------------------------------------
[D:AiRunner]    INFERENCE DONE
[D:AiRunner]     name="network" counters="CPU cycles"[1658175, 16101221, 211271, 17983338, 0] dur=22.479ms id=0.0 type=0x0/NONE,"epoch"
[D:AiRunner]    RECEIVE OUTPUT TENSOR #0 last=False..
[D:AiRunner]     IOTensor: Dequantize_223_out_0, O_0, , 0x342e0210 f32[1,1], 4 Bytes
[D:AiRunner]    RECEIVE OUTPUT TENSOR #1 last=False..
[D:AiRunner]     IOTensor: Dequantize_229_out_0, O_1, , 0x342e0100 f32[1,63], 252 Bytes
[D:AiRunner]    RECEIVE OUTPUT TENSOR #2 last=False..
[D:AiRunner]     IOTensor: Dequantize_219_out_0, O_2, , 0x342e0200 f32[1,1], 4 Bytes
[D:AiRunner]    RECEIVE OUTPUT TENSOR #3 last=True..
[D:AiRunner]     IOTensor: Dequantize_226_out_0, O_3, , 0x342e0000 f32[1,63], 252 Bytes
[D:AiRunner] <- done (target dur=22.463ms)
[D:AiRunner] -> Requested RUN mode: Mode.PER_LAYER (param=0b11, option=0x0)
[D:AiRunner]    SEND INPUT TENSOR #0 ((1, 224, 224, 3)/uint8) last=True..
[D:AiRunner]    ----------------------------------------
[D:AiRunner]    INTERNAL OPERATOR (idx=0, name=EpochBlock_2)
[D:AiRunner]     name="" counters="CPU cycles"[3517, 121116, 1641] dur=0.158ms id=2.2 type=0x5000000/INTERNAL|WITHOUT_TENSOR,"epoch"
[D:AiRunner]    ----------------------------------------
[D:AiRunner]    INTERNAL OPERATOR (idx=1, name=EpochBlock_3)
[D:AiRunner]     name="" counters="CPU cycles"[15193, 363856, 3282] dur=0.478ms id=3.3 type=0x5000000/INTERNAL|WITHOUT_TENSOR,"epoch"
[D:AiRunner]    ----------------------------------------
[D:AiRunner]    INTERNAL OPERATOR (idx=2, name=EpochBlock_4)
[D:AiRunner]     name="" counters="CPU cycles"[5593, 241688, 1458] dur=0.311ms id=4.4 type=0x5000000/INTERNAL|WITHOUT_TENSOR,"epoch"
[D:AiRunner]    ----------------------------------------
[D:AiRunner]    INTERNAL OPERATOR (idx=3, name=EpochBlock_5)
[D:AiRunner]     name="" counters="CPU cycles"[8641, 242536, 1972] dur=0.316ms id=5.5 type=0x5000000/INTERNAL|WITHOUT_TENSOR,"epoch"
[D:AiRunner]    ----------------------------------------
[D:AiRunner]    INTERNAL OPERATOR (idx=4, name=EpochBlock_6)
[D:AiRunner]     name="" counters="CPU cycles"[18505, 644372, 2328] dur=0.832ms id=6.6 type=0x5000000/INTERNAL|WITHOUT_TENSOR,"epoch"
[D:AiRunner]    ----------------------------------------
[D:AiRunner]    INTERNAL OPERATOR (idx=5, name=EpochBlock_7)
[D:AiRunner]     name="" counters="CPU cycles"[17849, 643323, 2313] dur=0.829ms id=7.7 type=0x5000000/INTERNAL|WITHOUT_TENSOR,"epoch"
[D:AiRunner]    ----------------------------------------
[D:AiRunner]    INTERNAL OPERATOR (idx=6, name=EpochBlock_8)
[D:AiRunner]     name="" counters="CPU cycles"[9705, 64107, 2006] dur=0.095ms id=8.8 type=0x5000000/INTERNAL|WITHOUT_TENSOR,"epoch"
[D:AiRunner]    ----------------------------------------
[D:AiRunner]    INTERNAL OPERATOR (idx=7, name=EpochBlock_9)
[D:AiRunner]     name="" counters="CPU cycles"[33969, 363944, 2236] dur=0.500ms id=9.9 type=0x5000000/INTERNAL|WITHOUT_TENSOR,"epoch"
[D:AiRunner]    ----------------------------------------
[D:AiRunner]    INTERNAL OPERATOR (idx=8, name=EpochBlock_10)
[D:AiRunner]     name="" counters="CPU cycles"[33473, 377400, 2300] dur=0.516ms id=10.10 type=0x5000000/INTERNAL|WITHOUT_TENSOR,"epoch"
[D:AiRunner]    ----------------------------------------
[D:AiRunner]    INTERNAL OPERATOR (idx=9, name=EpochBlock_11)
[D:AiRunner]     name="" counters="CPU cycles"[12265, 67952, 3276] dur=0.104ms id=11.11 type=0x5000000/INTERNAL|WITHOUT_TENSOR,"epoch"
[D:AiRunner]    ----------------------------------------
[D:AiRunner]    INTERNAL OPERATOR (idx=10, name=EpochBlock_12)
[D:AiRunner]     name="" counters="CPU cycles"[33377, 363856, 2399] dur=0.500ms id=12.12 type=0x5000000/INTERNAL|WITHOUT_TENSOR,"epoch"
[D:AiRunner]    ----------------------------------------
[D:AiRunner]    INTERNAL OPERATOR (idx=11, name=EpochBlock_13)
[D:AiRunner]     name="" counters="CPU cycles"[1985, 405680, 791] dur=0.511ms id=13.13 type=0x5000000/INTERNAL|WITHOUT_TENSOR,"epoch"
[D:AiRunner]    ----------------------------------------
[D:AiRunner]    INTERNAL OPERATOR (idx=12, name=EpochBlock_14)
[D:AiRunner]     name="" counters="CPU cycles"[36057, 366712, 3489] dur=0.508ms id=14.14 type=0x5000000/INTERNAL|WITHOUT_TENSOR,"epoch"
[D:AiRunner]    ----------------------------------------
[D:AiRunner]    INTERNAL OPERATOR (idx=13, name=EpochBlock_15)
[D:AiRunner]     name="" counters="CPU cycles"[14585, 36590, 2608] dur=0.067ms id=15.15 type=0x5000000/INTERNAL|WITHOUT_TENSOR,"epoch"
[D:AiRunner]    ----------------------------------------
[D:AiRunner]    INTERNAL OPERATOR (idx=14, name=EpochBlock_16)
[D:AiRunner]     name="" counters="CPU cycles"[53689, 153488, 2940] dur=0.263ms id=16.16 type=0x5000000/INTERNAL|WITHOUT_TENSOR,"epoch"
[D:AiRunner]    ----------------------------------------
[D:AiRunner]    INTERNAL OPERATOR (idx=15, name=EpochBlock_17)
[D:AiRunner]     name="" counters="CPU cycles"[1937, 181904, 756] dur=0.231ms id=17.17 type=0x5000000/INTERNAL|WITHOUT_TENSOR,"epoch"
[D:AiRunner]    ----------------------------------------
[D:AiRunner]    INTERNAL OPERATOR (idx=16, name=EpochBlock_18)
[D:AiRunner]     name="" counters="CPU cycles"[54537, 194380, 3516] dur=0.316ms id=18.18 type=0x5000000/INTERNAL|WITHOUT_TENSOR,"epoch"
[D:AiRunner]    ----------------------------------------
[D:AiRunner]    INTERNAL OPERATOR (idx=17, name=EpochBlock_19)
[D:AiRunner]     name="" counters="CPU cycles"[16041, 60725, 3239] dur=0.100ms id=19.19 type=0x5000000/INTERNAL|WITHOUT_TENSOR,"epoch"
[D:AiRunner]    ----------------------------------------
[D:AiRunner]    INTERNAL OPERATOR (idx=18, name=EpochBlock_20)
[D:AiRunner]     name="" counters="CPU cycles"[53321, 153356, 2955] dur=0.262ms id=20.20 type=0x5000000/INTERNAL|WITHOUT_TENSOR,"epoch"
[D:AiRunner]    ----------------------------------------
[D:AiRunner]    INTERNAL OPERATOR (idx=19, name=EpochBlock_21)
[D:AiRunner]     name="" counters="CPU cycles"[51969, 152688, 2337] dur=0.259ms id=21.21 type=0x5000000/INTERNAL|WITHOUT_TENSOR,"epoch"
[D:AiRunner]    ----------------------------------------
[D:AiRunner]    INTERNAL OPERATOR (idx=20, name=EpochBlock_22)
[D:AiRunner]     name="" counters="CPU cycles"[22161, 45448, 2612] dur=0.088ms id=22.22 type=0x5000000/INTERNAL|WITHOUT_TENSOR,"epoch"
[D:AiRunner]    ----------------------------------------
[D:AiRunner]    INTERNAL OPERATOR (idx=21, name=EpochBlock_23)
[D:AiRunner]     name="" counters="CPU cycles"[102225, 81384, 4297] dur=0.235ms id=23.23 type=0x5000000/INTERNAL|WITHOUT_TENSOR,"epoch"
[D:AiRunner]    ----------------------------------------
[D:AiRunner]    INTERNAL OPERATOR (idx=22, name=EpochBlock_24)
[D:AiRunner]     name="" counters="CPU cycles"[98633, 89316, 2357] dur=0.238ms id=24.24 type=0x5000000/INTERNAL|WITHOUT_TENSOR,"epoch"
[D:AiRunner]    ----------------------------------------
[D:AiRunner]    INTERNAL OPERATOR (idx=23, name=EpochBlock_25)
[D:AiRunner]     name="" counters="CPU cycles"[26481, 87674, 4500] dur=0.148ms id=25.25 type=0x5000000/INTERNAL|WITHOUT_TENSOR,"epoch"
[D:AiRunner]    ----------------------------------------
[D:AiRunner]    INTERNAL OPERATOR (idx=24, name=EpochBlock_26)
[D:AiRunner]     name="" counters="CPU cycles"[102553, 81386, 4244] dur=0.235ms id=26.26 type=0x5000000/INTERNAL|WITHOUT_TENSOR,"epoch"
[D:AiRunner]    ----------------------------------------
[D:AiRunner]    INTERNAL OPERATOR (idx=25, name=EpochBlock_27)
[D:AiRunner]     name="" counters="CPU cycles"[97991, 89154, 2330] dur=0.237ms id=27.27 type=0x5000000/INTERNAL|WITHOUT_TENSOR,"epoch"
[D:AiRunner]    ----------------------------------------
[D:AiRunner]    INTERNAL OPERATOR (idx=26, name=EpochBlock_28)
[D:AiRunner]     name="" counters="CPU cycles"[26121, 87840, 4572] dur=0.148ms id=28.28 type=0x5000000/INTERNAL|WITHOUT_TENSOR,"epoch"
[D:AiRunner]    ----------------------------------------
[D:AiRunner]    INTERNAL OPERATOR (idx=27, name=EpochBlock_29)
[D:AiRunner]     name="" counters="CPU cycles"[102105, 81069, 4366] dur=0.234ms id=29.29 type=0x5000000/INTERNAL|WITHOUT_TENSOR,"epoch"
[D:AiRunner]    ----------------------------------------
[D:AiRunner]    INTERNAL OPERATOR (idx=28, name=EpochBlock_30)
[D:AiRunner]     name="" counters="CPU cycles"[1857, 97760, 756] dur=0.125ms id=30.30 type=0x5000000/INTERNAL|WITHOUT_TENSOR,"epoch"
[D:AiRunner]    ----------------------------------------
[D:AiRunner]    INTERNAL OPERATOR (idx=29, name=EpochBlock_31)
[D:AiRunner]     name="" counters="CPU cycles"[101015, 106530, 3505] dur=0.264ms id=31.31 type=0x5000000/INTERNAL|WITHOUT_TENSOR,"epoch"
[D:AiRunner]    ----------------------------------------
[D:AiRunner]    INTERNAL OPERATOR (idx=30, name=EpochBlock_32)
[D:AiRunner]     name="" counters="CPU cycles"[31289, 118138, 3916] dur=0.192ms id=32.32 type=0x5000000/INTERNAL|WITHOUT_TENSOR,"epoch"
[D:AiRunner]    ----------------------------------------
[D:AiRunner]    INTERNAL OPERATOR (idx=31, name=EpochBlock_33)
[D:AiRunner]     name="" counters="CPU cycles"[1889, 9520, 716] dur=0.015ms id=33.33 type=0x5000000/INTERNAL|WITHOUT_TENSOR,"epoch"
[D:AiRunner]    ----------------------------------------
[D:AiRunner]    INTERNAL OPERATOR (idx=32, name=EpochBlock_34)
[D:AiRunner]     name="" counters="CPU cycles"[12513, 418360, 5460] dur=0.545ms id=34.34 type=0x5000000/INTERNAL|WITHOUT_TENSOR,"epoch"
[D:AiRunner]    ----------------------------------------
[D:AiRunner]    INTERNAL OPERATOR (idx=33, name=EpochBlock_35)
[D:AiRunner]     name="" counters="CPU cycles"[1825, 136640, 756] dur=0.174ms id=35.35 type=0x5000000/INTERNAL|WITHOUT_TENSOR,"epoch"
[D:AiRunner]    ----------------------------------------
[D:AiRunner]    INTERNAL OPERATOR (idx=34, name=EpochBlock_36)
[D:AiRunner]     name="" counters="CPU cycles"[9089, 648224, 4140] dur=0.827ms id=36.36 type=0x5000000/INTERNAL|WITHOUT_TENSOR,"epoch"
[D:AiRunner]    ----------------------------------------
[D:AiRunner]    INTERNAL OPERATOR (idx=35, name=EpochBlock_37)
[D:AiRunner]     name="" counters="CPU cycles"[32345, 160016, 4524] dur=0.246ms id=37.37 type=0x5000000/INTERNAL|WITHOUT_TENSOR,"epoch"
[D:AiRunner]    ----------------------------------------
[D:AiRunner]    INTERNAL OPERATOR (idx=36, name=EpochBlock_38)
[D:AiRunner]     name="" counters="CPU cycles"[1889, 9520, 756] dur=0.015ms id=38.38 type=0x5000000/INTERNAL|WITHOUT_TENSOR,"epoch"
[D:AiRunner]    ----------------------------------------
[D:AiRunner]    INTERNAL OPERATOR (idx=37, name=EpochBlock_39)
[D:AiRunner]     name="" counters="CPU cycles"[12265, 427192, 5465] dur=0.556ms id=39.39 type=0x5000000/INTERNAL|WITHOUT_TENSOR,"epoch"
[D:AiRunner]    ----------------------------------------
[D:AiRunner]    INTERNAL OPERATOR (idx=38, name=EpochBlock_40)
[D:AiRunner]     name="" counters="CPU cycles"[1937, 136640, 756] dur=0.174ms id=40.40 type=0x5000000/INTERNAL|WITHOUT_TENSOR,"epoch"
[D:AiRunner]    ----------------------------------------
[D:AiRunner]    INTERNAL OPERATOR (idx=39, name=EpochBlock_41)
[D:AiRunner]     name="" counters="CPU cycles"[9121, 648762, 4164] dur=0.828ms id=41.41 type=0x5000000/INTERNAL|WITHOUT_TENSOR,"epoch"
[D:AiRunner]    ----------------------------------------
[D:AiRunner]    INTERNAL OPERATOR (idx=40, name=EpochBlock_42)
[D:AiRunner]     name="" counters="CPU cycles"[33102, 159803, 4492] dur=0.247ms id=42.42 type=0x5000000/INTERNAL|WITHOUT_TENSOR,"epoch"
[D:AiRunner]    ----------------------------------------
[D:AiRunner]    INTERNAL OPERATOR (idx=41, name=EpochBlock_43)
[D:AiRunner]     name="" counters="CPU cycles"[1961, 9520, 796] dur=0.015ms id=43.43 type=0x5000000/INTERNAL|WITHOUT_TENSOR,"epoch"
[D:AiRunner]    ----------------------------------------
[D:AiRunner]    INTERNAL OPERATOR (idx=42, name=EpochBlock_44)
[D:AiRunner]     name="" counters="CPU cycles"[12249, 418448, 5492] dur=0.545ms id=44.44 type=0x5000000/INTERNAL|WITHOUT_TENSOR,"epoch"
[D:AiRunner]    ----------------------------------------
[D:AiRunner]    INTERNAL OPERATOR (idx=43, name=EpochBlock_45)
[D:AiRunner]     name="" counters="CPU cycles"[1873, 136640, 796] dur=0.174ms id=45.45 type=0x5000000/INTERNAL|WITHOUT_TENSOR,"epoch"
[D:AiRunner]    ----------------------------------------
[D:AiRunner]    INTERNAL OPERATOR (idx=44, name=EpochBlock_46)
[D:AiRunner]     name="" counters="CPU cycles"[9177, 300344, 4257] dur=0.392ms id=46.46 type=0x5000000/INTERNAL|WITHOUT_TENSOR,"epoch"
[D:AiRunner]    ----------------------------------------
[D:AiRunner]    INTERNAL OPERATOR (idx=45, name=EpochBlock_47)
[D:AiRunner]     name="" counters="CPU cycles"[46567, 260580, 3860] dur=0.389ms id=47.47 type=0x5000000/INTERNAL|WITHOUT_TENSOR,"epoch"
[D:AiRunner]    ----------------------------------------
[D:AiRunner]    INTERNAL OPERATOR (idx=46, name=EpochBlock_48)
[D:AiRunner]     name="" counters="CPU cycles"[12201, 539346, 5465] dur=0.696ms id=48.48 type=0x5000000/INTERNAL|WITHOUT_TENSOR,"epoch"
[D:AiRunner]    ----------------------------------------
[D:AiRunner]    INTERNAL OPERATOR (idx=47, name=EpochBlock_49)
[D:AiRunner]     name="" counters="CPU cycles"[1969, 81176, 756] dur=0.105ms id=49.49 type=0x5000000/INTERNAL|WITHOUT_TENSOR,"epoch"
[D:AiRunner]    ----------------------------------------
[D:AiRunner]    INTERNAL OPERATOR (idx=48, name=EpochBlock_50)
[D:AiRunner]     name="" counters="CPU cycles"[8977, 502312, 4116] dur=0.644ms id=50.50 type=0x5000000/INTERNAL|WITHOUT_TENSOR,"epoch"
[D:AiRunner]    ----------------------------------------
[D:AiRunner]    INTERNAL OPERATOR (idx=49, name=EpochBlock_51)
[D:AiRunner]     name="" counters="CPU cycles"[47969, 445472, 4508] dur=0.622ms id=51.51 type=0x5000000/INTERNAL|WITHOUT_TENSOR,"epoch"
[D:AiRunner]    ----------------------------------------
[D:AiRunner]    INTERNAL OPERATOR (idx=50, name=EpochBlock_52)
[D:AiRunner]     name="" counters="CPU cycles"[12265, 534065, 5521] dur=0.690ms id=52.52 type=0x5000000/INTERNAL|WITHOUT_TENSOR,"epoch"
[D:AiRunner]    ----------------------------------------
[D:AiRunner]    INTERNAL OPERATOR (idx=51, name=EpochBlock_53)
[D:AiRunner]     name="" counters="CPU cycles"[1889, 81168, 756] dur=0.105ms id=53.53 type=0x5000000/INTERNAL|WITHOUT_TENSOR,"epoch"
[D:AiRunner]    ----------------------------------------
[D:AiRunner]    INTERNAL OPERATOR (idx=52, name=EpochBlock_54)
[D:AiRunner]     name="" counters="CPU cycles"[9161, 499896, 4140] dur=0.641ms id=54.54 type=0x5000000/INTERNAL|WITHOUT_TENSOR,"epoch"
[D:AiRunner]    ----------------------------------------
[D:AiRunner]    INTERNAL OPERATOR (idx=53, name=EpochBlock_55)
[D:AiRunner]     name="" counters="CPU cycles"[47711, 445342, 4468] dur=0.622ms id=55.55 type=0x5000000/INTERNAL|WITHOUT_TENSOR,"epoch"
[D:AiRunner]    ----------------------------------------
[D:AiRunner]    INTERNAL OPERATOR (idx=54, name=EpochBlock_56)
[D:AiRunner]     name="" counters="CPU cycles"[12094, 540139, 5388] dur=0.697ms id=56.56 type=0x5000000/INTERNAL|WITHOUT_TENSOR,"epoch"
[D:AiRunner]    ----------------------------------------
[D:AiRunner]    INTERNAL OPERATOR (idx=55, name=EpochBlock_57)
[D:AiRunner]     name="" counters="CPU cycles"[1897, 81192, 716] dur=0.105ms id=57.57 type=0x5000000/INTERNAL|WITHOUT_TENSOR,"epoch"
[D:AiRunner]    ----------------------------------------
[D:AiRunner]    INTERNAL OPERATOR (idx=56, name=EpochBlock_58)
[D:AiRunner]     name="" counters="CPU cycles"[9153, 502346, 4060] dur=0.644ms id=58.58 type=0x5000000/INTERNAL|WITHOUT_TENSOR,"epoch"
[D:AiRunner]    ----------------------------------------
[D:AiRunner]    INTERNAL OPERATOR (idx=57, name=EpochBlock_59)
[D:AiRunner]     name="" counters="CPU cycles"[47857, 445128, 4591] dur=0.622ms id=59.59 type=0x5000000/INTERNAL|WITHOUT_TENSOR,"epoch"
[D:AiRunner]    ----------------------------------------
[D:AiRunner]    INTERNAL OPERATOR (idx=58, name=EpochBlock_60)
[D:AiRunner]     name="" counters="CPU cycles"[12457, 533592, 5388] dur=0.689ms id=60.60 type=0x5000000/INTERNAL|WITHOUT_TENSOR,"epoch"
[D:AiRunner]    ----------------------------------------
[D:AiRunner]    INTERNAL OPERATOR (idx=59, name=EpochBlock_61)
[D:AiRunner]     name="" counters="CPU cycles"[7073, 347016, 3228] dur=0.447ms id=61.61 type=0x5000000/INTERNAL|WITHOUT_TENSOR,"epoch"
[D:AiRunner]    ----------------------------------------
[D:AiRunner]    INTERNAL OPERATOR (idx=60, name=EpochBlock_62)
[D:AiRunner]     name="" counters="CPU cycles"[8470, 1646, 3724] dur=0.017ms id=62.62 type=0x5000000/INTERNAL|WITHOUT_TENSOR,"epoch"
[D:AiRunner]    ----------------------------------------
[D:AiRunner]    INTERNAL OPERATOR (idx=61, name=EpochBlock_63)
[D:AiRunner]     name="" counters="CPU cycles"[18145, 468568, 5129] dur=0.615ms id=63.63 type=0x5000000/INTERNAL|WITHOUT_TENSOR,"epoch"
[D:AiRunner]    ----------------------------------------
[D:AiRunner]    INTERNAL OPERATOR (idx=62, name=EpochBlock_64)
[D:AiRunner]     name="" counters="CPU cycles"[46, 35, 3933] dur=0.005ms id=64.64 type=0x1000002/INTERNAL,"epoch (SW)"
[D:AiRunner]    INTERNAL TENSOR #0
[D:AiRunner]     IOTensor: Dequantize_226_out_0, E.64.0, , 0x342e0000 f32[1,63], 252 Bytes
[D:AiRunner]     last=True, data_size=0
[D:AiRunner]    ----------------------------------------
[D:AiRunner]    INTERNAL OPERATOR (idx=63, name=EpochBlock_65)
[D:AiRunner]     name="" counters="CPU cycles"[15825, 3360, 3484] dur=0.028ms id=65.65 type=0x5000000/INTERNAL|WITHOUT_TENSOR,"epoch"
[D:AiRunner]    ----------------------------------------
[D:AiRunner]    INTERNAL OPERATOR (idx=64, name=EpochBlock_66)
[D:AiRunner]     name="" counters="CPU cycles"[44, 35, 3341] dur=0.004ms id=66.66 type=0x1000002/INTERNAL,"epoch (SW)"
[D:AiRunner]    INTERNAL TENSOR #0
[D:AiRunner]     IOTensor: Dequantize_229_out_0, E.66.0, , 0x342e0100 f32[1,63], 252 Bytes
[D:AiRunner]     last=True, data_size=0
[D:AiRunner]    ----------------------------------------
[D:AiRunner]    INTERNAL OPERATOR (idx=65, name=EpochBlock_67)
[D:AiRunner]     name="" counters="CPU cycles"[46, 35, 2903] dur=0.004ms id=67.67 type=0x1000002/INTERNAL,"epoch (SW)"
[D:AiRunner]    INTERNAL TENSOR #0
[D:AiRunner]     IOTensor: Dequantize_219_out_0, E.67.0, , 0x342e0200 f32[1,1], 4 Bytes
[D:AiRunner]     last=True, data_size=0
[D:AiRunner]    ----------------------------------------
[D:AiRunner]    INTERNAL OPERATOR (idx=66, name=EpochBlock_68)
[D:AiRunner]     name="" counters="CPU cycles"[4561, 561, 1716] dur=0.009ms id=68.68 type=0x5000000/INTERNAL|WITHOUT_TENSOR,"epoch"
[D:AiRunner]    ----------------------------------------
[D:AiRunner]    INTERNAL OPERATOR (idx=67, name=EpochBlock_69)
[D:AiRunner]     name="" counters="CPU cycles"[46, 35, 2297] dur=0.003ms id=69.69 type=0x1000002/INTERNAL,"epoch (SW)"
[D:AiRunner]    INTERNAL TENSOR #0
[D:AiRunner]     IOTensor: Dequantize_223_out_0, E.69.0, , 0x342e0210 f32[1,1], 4 Bytes
[D:AiRunner]     last=True, data_size=0
[D:AiRunner]    ----------------------------------------
[D:AiRunner]    INFERENCE DONE
[D:AiRunner]     name="network" counters="CPU cycles"[1656297, 16098046, 211355, 17978023, 0] dur=22.473ms id=0.0 type=0x0/NONE,"epoch"
[D:AiRunner]    RECEIVE OUTPUT TENSOR #0 last=False..
[D:AiRunner]     IOTensor: Dequantize_223_out_0, O_0, , 0x342e0210 f32[1,1], 4 Bytes
[D:AiRunner]    RECEIVE OUTPUT TENSOR #1 last=False..
[D:AiRunner]     IOTensor: Dequantize_229_out_0, O_1, , 0x342e0100 f32[1,63], 252 Bytes
[D:AiRunner]    RECEIVE OUTPUT TENSOR #2 last=False..
[D:AiRunner]     IOTensor: Dequantize_219_out_0, O_2, , 0x342e0200 f32[1,1], 4 Bytes
[D:AiRunner]    RECEIVE OUTPUT TENSOR #3 last=True..
[D:AiRunner]     IOTensor: Dequantize_226_out_0, O_3, , 0x342e0000 f32[1,63], 252 Bytes
[D:AiRunner] <- done (target dur=22.457ms)
[D:AiRunner] -> Requested RUN mode: Mode.PER_LAYER (param=0b11, option=0x0)
[D:AiRunner]    SEND INPUT TENSOR #0 ((1, 224, 224, 3)/uint8) last=True..
[D:AiRunner]    ----------------------------------------
[D:AiRunner]    INTERNAL OPERATOR (idx=0, name=EpochBlock_2)
[D:AiRunner]     name="" counters="CPU cycles"[3535, 121156, 1564] dur=0.158ms id=2.2 type=0x5000000/INTERNAL|WITHOUT_TENSOR,"epoch"
[D:AiRunner]    ----------------------------------------
[D:AiRunner]    INTERNAL OPERATOR (idx=1, name=EpochBlock_3)
[D:AiRunner]     name="" counters="CPU cycles"[15321, 363856, 3282] dur=0.478ms id=3.3 type=0x5000000/INTERNAL|WITHOUT_TENSOR,"epoch"
[D:AiRunner]    ----------------------------------------
[D:AiRunner]    INTERNAL OPERATOR (idx=2, name=EpochBlock_4)
[D:AiRunner]     name="" counters="CPU cycles"[5633, 241688, 1420] dur=0.311ms id=4.4 type=0x5000000/INTERNAL|WITHOUT_TENSOR,"epoch"
[D:AiRunner]    ----------------------------------------
[D:AiRunner]    INTERNAL OPERATOR (idx=3, name=EpochBlock_5)
[D:AiRunner]     name="" counters="CPU cycles"[8649, 242536, 1972] dur=0.316ms id=5.5 type=0x5000000/INTERNAL|WITHOUT_TENSOR,"epoch"
[D:AiRunner]    ----------------------------------------
[D:AiRunner]    INTERNAL OPERATOR (idx=4, name=EpochBlock_6)
[D:AiRunner]     name="" counters="CPU cycles"[18377, 644328, 2276] dur=0.831ms id=6.6 type=0x5000000/INTERNAL|WITHOUT_TENSOR,"epoch"
[D:AiRunner]    ----------------------------------------
[D:AiRunner]    INTERNAL OPERATOR (idx=5, name=EpochBlock_7)
[D:AiRunner]     name="" counters="CPU cycles"[17929, 643288, 2316] dur=0.829ms id=7.7 type=0x5000000/INTERNAL|WITHOUT_TENSOR,"epoch"
[D:AiRunner]    ----------------------------------------
[D:AiRunner]    INTERNAL OPERATOR (idx=6, name=EpochBlock_8)
[D:AiRunner]     name="" counters="CPU cycles"[9713, 64109, 1935] dur=0.095ms id=8.8 type=0x5000000/INTERNAL|WITHOUT_TENSOR,"epoch"
[D:AiRunner]    ----------------------------------------
[D:AiRunner]    INTERNAL OPERATOR (idx=7, name=EpochBlock_9)
[D:AiRunner]     name="" counters="CPU cycles"[33977, 363981, 2239] dur=0.500ms id=9.9 type=0x5000000/INTERNAL|WITHOUT_TENSOR,"epoch"
[D:AiRunner]    ----------------------------------------
[D:AiRunner]    INTERNAL OPERATOR (idx=8, name=EpochBlock_10)
[D:AiRunner]     name="" counters="CPU cycles"[33433, 377437, 2295] dur=0.516ms id=10.10 type=0x5000000/INTERNAL|WITHOUT_TENSOR,"epoch"
[D:AiRunner]    ----------------------------------------
[D:AiRunner]    INTERNAL OPERATOR (idx=9, name=EpochBlock_11)
[D:AiRunner]     name="" counters="CPU cycles"[12185, 67952, 3277] dur=0.104ms id=11.11 type=0x5000000/INTERNAL|WITHOUT_TENSOR,"epoch"
[D:AiRunner]    ----------------------------------------
[D:AiRunner]    INTERNAL OPERATOR (idx=10, name=EpochBlock_12)
[D:AiRunner]     name="" counters="CPU cycles"[33569, 363856, 2429] dur=0.500ms id=12.12 type=0x5000000/INTERNAL|WITHOUT_TENSOR,"epoch"
[D:AiRunner]    ----------------------------------------
[D:AiRunner]    INTERNAL OPERATOR (idx=11, name=EpochBlock_13)
[D:AiRunner]     name="" counters="CPU cycles"[1985, 405680, 756] dur=0.511ms id=13.13 type=0x5000000/INTERNAL|WITHOUT_TENSOR,"epoch"
[D:AiRunner]    ----------------------------------------
[D:AiRunner]    INTERNAL OPERATOR (idx=12, name=EpochBlock_14)
[D:AiRunner]     name="" counters="CPU cycles"[36209, 366696, 3452] dur=0.508ms id=14.14 type=0x5000000/INTERNAL|WITHOUT_TENSOR,"epoch"
[D:AiRunner]    ----------------------------------------
[D:AiRunner]    INTERNAL OPERATOR (idx=13, name=EpochBlock_15)
[D:AiRunner]     name="" counters="CPU cycles"[14545, 36624, 2572] dur=0.067ms id=15.15 type=0x5000000/INTERNAL|WITHOUT_TENSOR,"epoch"
[D:AiRunner]    ----------------------------------------
[D:AiRunner]    INTERNAL OPERATOR (idx=14, name=EpochBlock_16)
[D:AiRunner]     name="" counters="CPU cycles"[53657, 153488, 2940] dur=0.263ms id=16.16 type=0x5000000/INTERNAL|WITHOUT_TENSOR,"epoch"
[D:AiRunner]    ----------------------------------------
[D:AiRunner]    INTERNAL OPERATOR (idx=15, name=EpochBlock_17)
[D:AiRunner]     name="" counters="CPU cycles"[1937, 181888, 756] dur=0.231ms id=17.17 type=0x5000000/INTERNAL|WITHOUT_TENSOR,"epoch"
[D:AiRunner]    ----------------------------------------
[D:AiRunner]    INTERNAL OPERATOR (idx=16, name=EpochBlock_18)
[D:AiRunner]     name="" counters="CPU cycles"[54681, 194458, 3516] dur=0.316ms id=18.18 type=0x5000000/INTERNAL|WITHOUT_TENSOR,"epoch"
[D:AiRunner]    ----------------------------------------
[D:AiRunner]    INTERNAL OPERATOR (idx=17, name=EpochBlock_19)
[D:AiRunner]     name="" counters="CPU cycles"[15729, 60688, 3244] dur=0.100ms id=19.19 type=0x5000000/INTERNAL|WITHOUT_TENSOR,"epoch"
[D:AiRunner]    ----------------------------------------
[D:AiRunner]    INTERNAL OPERATOR (idx=18, name=EpochBlock_20)
[D:AiRunner]     name="" counters="CPU cycles"[53337, 153312, 2876] dur=0.262ms id=20.20 type=0x5000000/INTERNAL|WITHOUT_TENSOR,"epoch"
[D:AiRunner]    ----------------------------------------
[D:AiRunner]    INTERNAL OPERATOR (idx=19, name=EpochBlock_21)
[D:AiRunner]     name="" counters="CPU cycles"[51951, 152656, 2403] dur=0.259ms id=21.21 type=0x5000000/INTERNAL|WITHOUT_TENSOR,"epoch"
[D:AiRunner]    ----------------------------------------
[D:AiRunner]    INTERNAL OPERATOR (idx=20, name=EpochBlock_22)
[D:AiRunner]     name="" counters="CPU cycles"[22185, 45448, 2612] dur=0.088ms id=22.22 type=0x5000000/INTERNAL|WITHOUT_TENSOR,"epoch"
[D:AiRunner]    ----------------------------------------
[D:AiRunner]    INTERNAL OPERATOR (idx=21, name=EpochBlock_23)
[D:AiRunner]     name="" counters="CPU cycles"[102241, 81384, 4331] dur=0.235ms id=23.23 type=0x5000000/INTERNAL|WITHOUT_TENSOR,"epoch"
[D:AiRunner]    ----------------------------------------
[D:AiRunner]    INTERNAL OPERATOR (idx=22, name=EpochBlock_24)
[D:AiRunner]     name="" counters="CPU cycles"[98417, 89224, 2356] dur=0.237ms id=24.24 type=0x5000000/INTERNAL|WITHOUT_TENSOR,"epoch"
[D:AiRunner]    ----------------------------------------
[D:AiRunner]    INTERNAL OPERATOR (idx=23, name=EpochBlock_25)
[D:AiRunner]     name="" counters="CPU cycles"[26305, 87752, 4500] dur=0.148ms id=25.25 type=0x5000000/INTERNAL|WITHOUT_TENSOR,"epoch"
[D:AiRunner]    ----------------------------------------
[D:AiRunner]    INTERNAL OPERATOR (idx=24, name=EpochBlock_26)
[D:AiRunner]     name="" counters="CPU cycles"[102337, 81346, 4220] dur=0.235ms id=26.26 type=0x5000000/INTERNAL|WITHOUT_TENSOR,"epoch"
[D:AiRunner]    ----------------------------------------
[D:AiRunner]    INTERNAL OPERATOR (idx=25, name=EpochBlock_27)
[D:AiRunner]     name="" counters="CPU cycles"[97889, 89192, 2252] dur=0.237ms id=27.27 type=0x5000000/INTERNAL|WITHOUT_TENSOR,"epoch"
[D:AiRunner]    ----------------------------------------
[D:AiRunner]    INTERNAL OPERATOR (idx=26, name=EpochBlock_28)
[D:AiRunner]     name="" counters="CPU cycles"[25921, 87760, 4476] dur=0.148ms id=28.28 type=0x5000000/INTERNAL|WITHOUT_TENSOR,"epoch"
[D:AiRunner]    ----------------------------------------
[D:AiRunner]    INTERNAL OPERATOR (idx=27, name=EpochBlock_29)
[D:AiRunner]     name="" counters="CPU cycles"[102081, 81032, 4297] dur=0.234ms id=29.29 type=0x5000000/INTERNAL|WITHOUT_TENSOR,"epoch"
[D:AiRunner]    ----------------------------------------
[D:AiRunner]    INTERNAL OPERATOR (idx=28, name=EpochBlock_30)
[D:AiRunner]     name="" counters="CPU cycles"[1857, 97760, 756] dur=0.125ms id=30.30 type=0x5000000/INTERNAL|WITHOUT_TENSOR,"epoch"
[D:AiRunner]    ----------------------------------------
[D:AiRunner]    INTERNAL OPERATOR (idx=29, name=EpochBlock_31)
[D:AiRunner]     name="" counters="CPU cycles"[100945, 106568, 3583] dur=0.264ms id=31.31 type=0x5000000/INTERNAL|WITHOUT_TENSOR,"epoch"
[D:AiRunner]    ----------------------------------------
[D:AiRunner]    INTERNAL OPERATOR (idx=30, name=EpochBlock_32)
[D:AiRunner]     name="" counters="CPU cycles"[31601, 118175, 3855] dur=0.192ms id=32.32 type=0x5000000/INTERNAL|WITHOUT_TENSOR,"epoch"
[D:AiRunner]    ----------------------------------------
[D:AiRunner]    INTERNAL OPERATOR (idx=31, name=EpochBlock_33)
[D:AiRunner]     name="" counters="CPU cycles"[1961, 9520, 716] dur=0.015ms id=33.33 type=0x5000000/INTERNAL|WITHOUT_TENSOR,"epoch"
[D:AiRunner]    ----------------------------------------
[D:AiRunner]    INTERNAL OPERATOR (idx=32, name=EpochBlock_34)
[D:AiRunner]     name="" counters="CPU cycles"[12449, 418248, 5460] dur=0.545ms id=34.34 type=0x5000000/INTERNAL|WITHOUT_TENSOR,"epoch"
[D:AiRunner]    ----------------------------------------
[D:AiRunner]    INTERNAL OPERATOR (idx=33, name=EpochBlock_35)
[D:AiRunner]     name="" counters="CPU cycles"[1825, 136640, 756] dur=0.174ms id=35.35 type=0x5000000/INTERNAL|WITHOUT_TENSOR,"epoch"
[D:AiRunner]    ----------------------------------------
[D:AiRunner]    INTERNAL OPERATOR (idx=34, name=EpochBlock_36)
[D:AiRunner]     name="" counters="CPU cycles"[9081, 648360, 4140] dur=0.827ms id=36.36 type=0x5000000/INTERNAL|WITHOUT_TENSOR,"epoch"
[D:AiRunner]    ----------------------------------------
[D:AiRunner]    INTERNAL OPERATOR (idx=35, name=EpochBlock_37)
[D:AiRunner]     name="" counters="CPU cycles"[32457, 160016, 4452] dur=0.246ms id=37.37 type=0x5000000/INTERNAL|WITHOUT_TENSOR,"epoch"
[D:AiRunner]    ----------------------------------------
[D:AiRunner]    INTERNAL OPERATOR (idx=36, name=EpochBlock_38)
[D:AiRunner]     name="" counters="CPU cycles"[1929, 9520, 756] dur=0.015ms id=38.38 type=0x5000000/INTERNAL|WITHOUT_TENSOR,"epoch"
[D:AiRunner]    ----------------------------------------
[D:AiRunner]    INTERNAL OPERATOR (idx=37, name=EpochBlock_39)
[D:AiRunner]     name="" counters="CPU cycles"[12225, 426928, 5529] dur=0.556ms id=39.39 type=0x5000000/INTERNAL|WITHOUT_TENSOR,"epoch"
[D:AiRunner]    ----------------------------------------
[D:AiRunner]    INTERNAL OPERATOR (idx=38, name=EpochBlock_40)
[D:AiRunner]     name="" counters="CPU cycles"[1937, 136708, 720] dur=0.174ms id=40.40 type=0x5000000/INTERNAL|WITHOUT_TENSOR,"epoch"
[D:AiRunner]    ----------------------------------------
[D:AiRunner]    INTERNAL OPERATOR (idx=39, name=EpochBlock_41)
[D:AiRunner]     name="" counters="CPU cycles"[9073, 649018, 4060] dur=0.828ms id=41.41 type=0x5000000/INTERNAL|WITHOUT_TENSOR,"epoch"
[D:AiRunner]    ----------------------------------------
[D:AiRunner]    INTERNAL OPERATOR (idx=40, name=EpochBlock_42)
[D:AiRunner]     name="" counters="CPU cycles"[32601, 159848, 4492] dur=0.246ms id=42.42 type=0x5000000/INTERNAL|WITHOUT_TENSOR,"epoch"
[D:AiRunner]    ----------------------------------------
[D:AiRunner]    INTERNAL OPERATOR (idx=41, name=EpochBlock_43)
[D:AiRunner]     name="" counters="CPU cycles"[1921, 9520, 796] dur=0.015ms id=43.43 type=0x5000000/INTERNAL|WITHOUT_TENSOR,"epoch"
[D:AiRunner]    ----------------------------------------
[D:AiRunner]    INTERNAL OPERATOR (idx=42, name=EpochBlock_44)
[D:AiRunner]     name="" counters="CPU cycles"[12321, 418384, 5492] dur=0.545ms id=44.44 type=0x5000000/INTERNAL|WITHOUT_TENSOR,"epoch"
[D:AiRunner]    ----------------------------------------
[D:AiRunner]    INTERNAL OPERATOR (idx=43, name=EpochBlock_45)
[D:AiRunner]     name="" counters="CPU cycles"[1865, 136656, 796] dur=0.174ms id=45.45 type=0x5000000/INTERNAL|WITHOUT_TENSOR,"epoch"
[D:AiRunner]    ----------------------------------------
[D:AiRunner]    INTERNAL OPERATOR (idx=44, name=EpochBlock_46)
[D:AiRunner]     name="" counters="CPU cycles"[9177, 300304, 4249] dur=0.392ms id=46.46 type=0x5000000/INTERNAL|WITHOUT_TENSOR,"epoch"
[D:AiRunner]    ----------------------------------------
[D:AiRunner]    INTERNAL OPERATOR (idx=45, name=EpochBlock_47)
[D:AiRunner]     name="" counters="CPU cycles"[46398, 260582, 3961] dur=0.389ms id=47.47 type=0x5000000/INTERNAL|WITHOUT_TENSOR,"epoch"
[D:AiRunner]    ----------------------------------------
[D:AiRunner]    INTERNAL OPERATOR (idx=46, name=EpochBlock_48)
[D:AiRunner]     name="" counters="CPU cycles"[12129, 545501, 5423] dur=0.704ms id=48.48 type=0x5000000/INTERNAL|WITHOUT_TENSOR,"epoch"
[D:AiRunner]    ----------------------------------------
[D:AiRunner]    INTERNAL OPERATOR (idx=47, name=EpochBlock_49)
[D:AiRunner]     name="" counters="CPU cycles"[1969, 81168, 796] dur=0.105ms id=49.49 type=0x5000000/INTERNAL|WITHOUT_TENSOR,"epoch"
[D:AiRunner]    ----------------------------------------
[D:AiRunner]    INTERNAL OPERATOR (idx=48, name=EpochBlock_50)
[D:AiRunner]     name="" counters="CPU cycles"[8985, 502080, 4116] dur=0.644ms id=50.50 type=0x5000000/INTERNAL|WITHOUT_TENSOR,"epoch"
[D:AiRunner]    ----------------------------------------
[D:AiRunner]    INTERNAL OPERATOR (idx=49, name=EpochBlock_51)
[D:AiRunner]     name="" counters="CPU cycles"[48097, 445472, 4508] dur=0.623ms id=51.51 type=0x5000000/INTERNAL|WITHOUT_TENSOR,"epoch"
[D:AiRunner]    ----------------------------------------
[D:AiRunner]    INTERNAL OPERATOR (idx=50, name=EpochBlock_52)
[D:AiRunner]     name="" counters="CPU cycles"[12241, 533882, 5641] dur=0.690ms id=52.52 type=0x5000000/INTERNAL|WITHOUT_TENSOR,"epoch"
[D:AiRunner]    ----------------------------------------
[D:AiRunner]    INTERNAL OPERATOR (idx=51, name=EpochBlock_53)
[D:AiRunner]     name="" counters="CPU cycles"[1889, 81216, 756] dur=0.105ms id=53.53 type=0x5000000/INTERNAL|WITHOUT_TENSOR,"epoch"
[D:AiRunner]    ----------------------------------------
[D:AiRunner]    INTERNAL OPERATOR (idx=52, name=EpochBlock_54)
[D:AiRunner]     name="" counters="CPU cycles"[9161, 499872, 4140] dur=0.641ms id=54.54 type=0x5000000/INTERNAL|WITHOUT_TENSOR,"epoch"
[D:AiRunner]    ----------------------------------------
[D:AiRunner]    INTERNAL OPERATOR (idx=53, name=EpochBlock_55)
[D:AiRunner]     name="" counters="CPU cycles"[47812, 445302, 4468] dur=0.622ms id=55.55 type=0x5000000/INTERNAL|WITHOUT_TENSOR,"epoch"
[D:AiRunner]    ----------------------------------------
[D:AiRunner]    INTERNAL OPERATOR (idx=54, name=EpochBlock_56)
[D:AiRunner]     name="" counters="CPU cycles"[12137, 539884, 5392] dur=0.697ms id=56.56 type=0x5000000/INTERNAL|WITHOUT_TENSOR,"epoch"
[D:AiRunner]    ----------------------------------------
[D:AiRunner]    INTERNAL OPERATOR (idx=55, name=EpochBlock_57)
[D:AiRunner]     name="" counters="CPU cycles"[1897, 81184, 716] dur=0.105ms id=57.57 type=0x5000000/INTERNAL|WITHOUT_TENSOR,"epoch"
[D:AiRunner]    ----------------------------------------
[D:AiRunner]    INTERNAL OPERATOR (idx=56, name=EpochBlock_58)
[D:AiRunner]     name="" counters="CPU cycles"[9073, 502408, 4124] dur=0.645ms id=58.58 type=0x5000000/INTERNAL|WITHOUT_TENSOR,"epoch"
[D:AiRunner]    ----------------------------------------
[D:AiRunner]    INTERNAL OPERATOR (idx=57, name=EpochBlock_59)
[D:AiRunner]     name="" counters="CPU cycles"[48265, 445128, 4516] dur=0.622ms id=59.59 type=0x5000000/INTERNAL|WITHOUT_TENSOR,"epoch"
[D:AiRunner]    ----------------------------------------
[D:AiRunner]    INTERNAL OPERATOR (idx=58, name=EpochBlock_60)
[D:AiRunner]     name="" counters="CPU cycles"[12449, 533592, 5489] dur=0.689ms id=60.60 type=0x5000000/INTERNAL|WITHOUT_TENSOR,"epoch"
[D:AiRunner]    ----------------------------------------
[D:AiRunner]    INTERNAL OPERATOR (idx=59, name=EpochBlock_61)
[D:AiRunner]     name="" counters="CPU cycles"[7057, 347016, 3172] dur=0.447ms id=61.61 type=0x5000000/INTERNAL|WITHOUT_TENSOR,"epoch"
[D:AiRunner]    ----------------------------------------
[D:AiRunner]    INTERNAL OPERATOR (idx=60, name=EpochBlock_62)
[D:AiRunner]     name="" counters="CPU cycles"[8534, 1606, 3724] dur=0.017ms id=62.62 type=0x5000000/INTERNAL|WITHOUT_TENSOR,"epoch"
[D:AiRunner]    ----------------------------------------
[D:AiRunner]    INTERNAL OPERATOR (idx=61, name=EpochBlock_63)
[D:AiRunner]     name="" counters="CPU cycles"[18225, 468600, 5129] dur=0.615ms id=63.63 type=0x5000000/INTERNAL|WITHOUT_TENSOR,"epoch"
[D:AiRunner]    ----------------------------------------
[D:AiRunner]    INTERNAL OPERATOR (idx=62, name=EpochBlock_64)
[D:AiRunner]     name="" counters="CPU cycles"[82, 74, 3896] dur=0.005ms id=64.64 type=0x1000002/INTERNAL,"epoch (SW)"
[D:AiRunner]    INTERNAL TENSOR #0
[D:AiRunner]     IOTensor: Dequantize_226_out_0, E.64.0, , 0x342e0000 f32[1,63], 252 Bytes
[D:AiRunner]     last=True, data_size=0
[D:AiRunner]    ----------------------------------------
[D:AiRunner]    INTERNAL OPERATOR (idx=63, name=EpochBlock_65)
[D:AiRunner]     name="" counters="CPU cycles"[16257, 3320, 3521] dur=0.029ms id=65.65 type=0x5000000/INTERNAL|WITHOUT_TENSOR,"epoch"
[D:AiRunner]    ----------------------------------------
[D:AiRunner]    INTERNAL OPERATOR (idx=64, name=EpochBlock_66)
[D:AiRunner]     name="" counters="CPU cycles"[44, 35, 3299] dur=0.004ms id=66.66 type=0x1000002/INTERNAL,"epoch (SW)"
[D:AiRunner]    INTERNAL TENSOR #0
[D:AiRunner]     IOTensor: Dequantize_229_out_0, E.66.0, , 0x342e0100 f32[1,63], 252 Bytes
[D:AiRunner]     last=True, data_size=0
[D:AiRunner]    ----------------------------------------
[D:AiRunner]    INTERNAL OPERATOR (idx=65, name=EpochBlock_67)
[D:AiRunner]     name="" counters="CPU cycles"[46, 35, 2861] dur=0.004ms id=67.67 type=0x1000002/INTERNAL,"epoch (SW)"
[D:AiRunner]    INTERNAL TENSOR #0
[D:AiRunner]     IOTensor: Dequantize_219_out_0, E.67.0, , 0x342e0200 f32[1,1], 4 Bytes
[D:AiRunner]     last=True, data_size=0
[D:AiRunner]    ----------------------------------------
[D:AiRunner]    INTERNAL OPERATOR (idx=66, name=EpochBlock_68)
[D:AiRunner]     name="" counters="CPU cycles"[4481, 604, 1680] dur=0.008ms id=68.68 type=0x5000000/INTERNAL|WITHOUT_TENSOR,"epoch"
[D:AiRunner]    ----------------------------------------
[D:AiRunner]    INTERNAL OPERATOR (idx=67, name=EpochBlock_69)
[D:AiRunner]     name="" counters="CPU cycles"[46, 35, 2295] dur=0.003ms id=69.69 type=0x1000002/INTERNAL,"epoch (SW)"
[D:AiRunner]    INTERNAL TENSOR #0
[D:AiRunner]     IOTensor: Dequantize_223_out_0, E.69.0, , 0x342e0210 f32[1,1], 4 Bytes
[D:AiRunner]     last=True, data_size=0
[D:AiRunner]    ----------------------------------------
[D:AiRunner]    INFERENCE DONE
[D:AiRunner]     name="network" counters="CPU cycles"[1656227, 16103584, 210795, 17983064, 0] dur=22.479ms id=0.0 type=0x0/NONE,"epoch"
[D:AiRunner]    RECEIVE OUTPUT TENSOR #0 last=False..
[D:AiRunner]     IOTensor: Dequantize_223_out_0, O_0, , 0x342e0210 f32[1,1], 4 Bytes
[D:AiRunner]    RECEIVE OUTPUT TENSOR #1 last=False..
[D:AiRunner]     IOTensor: Dequantize_229_out_0, O_1, , 0x342e0100 f32[1,63], 252 Bytes
[D:AiRunner]    RECEIVE OUTPUT TENSOR #2 last=False..
[D:AiRunner]     IOTensor: Dequantize_219_out_0, O_2, , 0x342e0200 f32[1,1], 4 Bytes
[D:AiRunner]    RECEIVE OUTPUT TENSOR #3 last=True..
[D:AiRunner]     IOTensor: Dequantize_226_out_0, O_3, , 0x342e0000 f32[1,63], 252 Bytes
[D:AiRunner] <- done (target dur=22.463ms)
[D:AiRunner] -> Requested RUN mode: Mode.PER_LAYER (param=0b11, option=0x0)
[D:AiRunner]    SEND INPUT TENSOR #0 ((1, 224, 224, 3)/uint8) last=True..
[D:AiRunner]    ----------------------------------------
[D:AiRunner]    INTERNAL OPERATOR (idx=0, name=EpochBlock_2)
[D:AiRunner]     name="" counters="CPU cycles"[3533, 121116, 1601] dur=0.158ms id=2.2 type=0x5000000/INTERNAL|WITHOUT_TENSOR,"epoch"
[D:AiRunner]    ----------------------------------------
[D:AiRunner]    INTERNAL OPERATOR (idx=1, name=EpochBlock_3)
[D:AiRunner]     name="" counters="CPU cycles"[15369, 363856, 3244] dur=0.478ms id=3.3 type=0x5000000/INTERNAL|WITHOUT_TENSOR,"epoch"
[D:AiRunner]    ----------------------------------------
[D:AiRunner]    INTERNAL OPERATOR (idx=2, name=EpochBlock_4)
[D:AiRunner]     name="" counters="CPU cycles"[5641, 241688, 1458] dur=0.311ms id=4.4 type=0x5000000/INTERNAL|WITHOUT_TENSOR,"epoch"
[D:AiRunner]    ----------------------------------------
[D:AiRunner]    INTERNAL OPERATOR (idx=3, name=EpochBlock_5)
[D:AiRunner]     name="" counters="CPU cycles"[8737, 242536, 1972] dur=0.317ms id=5.5 type=0x5000000/INTERNAL|WITHOUT_TENSOR,"epoch"
[D:AiRunner]    ----------------------------------------
[D:AiRunner]    INTERNAL OPERATOR (idx=4, name=EpochBlock_6)
[D:AiRunner]     name="" counters="CPU cycles"[18513, 644328, 2276] dur=0.831ms id=6.6 type=0x5000000/INTERNAL|WITHOUT_TENSOR,"epoch"
[D:AiRunner]    ----------------------------------------
[D:AiRunner]    INTERNAL OPERATOR (idx=5, name=EpochBlock_7)
[D:AiRunner]     name="" counters="CPU cycles"[17881, 643288, 2316] dur=0.829ms id=7.7 type=0x5000000/INTERNAL|WITHOUT_TENSOR,"epoch"
[D:AiRunner]    ----------------------------------------
[D:AiRunner]    INTERNAL OPERATOR (idx=6, name=EpochBlock_8)
[D:AiRunner]     name="" counters="CPU cycles"[9665, 64109, 1967] dur=0.095ms id=8.8 type=0x5000000/INTERNAL|WITHOUT_TENSOR,"epoch"
[D:AiRunner]    ----------------------------------------
[D:AiRunner]    INTERNAL OPERATOR (idx=7, name=EpochBlock_9)
[D:AiRunner]     name="" counters="CPU cycles"[33897, 363944, 2276] dur=0.500ms id=9.9 type=0x5000000/INTERNAL|WITHOUT_TENSOR,"epoch"
[D:AiRunner]    ----------------------------------------
[D:AiRunner]    INTERNAL OPERATOR (idx=8, name=EpochBlock_10)
[D:AiRunner]     name="" counters="CPU cycles"[33473, 377400, 2300] dur=0.516ms id=10.10 type=0x5000000/INTERNAL|WITHOUT_TENSOR,"epoch"
[D:AiRunner]    ----------------------------------------
[D:AiRunner]    INTERNAL OPERATOR (idx=9, name=EpochBlock_11)
[D:AiRunner]     name="" counters="CPU cycles"[12145, 67952, 3276] dur=0.104ms id=11.11 type=0x5000000/INTERNAL|WITHOUT_TENSOR,"epoch"
[D:AiRunner]    ----------------------------------------
[D:AiRunner]    INTERNAL OPERATOR (idx=10, name=EpochBlock_12)
[D:AiRunner]     name="" counters="CPU cycles"[33321, 363856, 2429] dur=0.500ms id=12.12 type=0x5000000/INTERNAL|WITHOUT_TENSOR,"epoch"
[D:AiRunner]    ----------------------------------------
[D:AiRunner]    INTERNAL OPERATOR (idx=11, name=EpochBlock_13)
[D:AiRunner]     name="" counters="CPU cycles"[1985, 405672, 831] dur=0.511ms id=13.13 type=0x5000000/INTERNAL|WITHOUT_TENSOR,"epoch"
[D:AiRunner]    ----------------------------------------
[D:AiRunner]    INTERNAL OPERATOR (idx=12, name=EpochBlock_14)
[D:AiRunner]     name="" counters="CPU cycles"[36295, 366650, 3492] dur=0.508ms id=14.14 type=0x5000000/INTERNAL|WITHOUT_TENSOR,"epoch"
[D:AiRunner]    ----------------------------------------
[D:AiRunner]    INTERNAL OPERATOR (idx=13, name=EpochBlock_15)
[D:AiRunner]     name="" counters="CPU cycles"[14561, 36546, 2612] dur=0.067ms id=15.15 type=0x5000000/INTERNAL|WITHOUT_TENSOR,"epoch"
[D:AiRunner]    ----------------------------------------
[D:AiRunner]    INTERNAL OPERATOR (idx=14, name=EpochBlock_16)
[D:AiRunner]     name="" counters="CPU cycles"[53689, 153528, 2940] dur=0.263ms id=16.16 type=0x5000000/INTERNAL|WITHOUT_TENSOR,"epoch"
[D:AiRunner]    ----------------------------------------
[D:AiRunner]    INTERNAL OPERATOR (idx=15, name=EpochBlock_17)
[D:AiRunner]     name="" counters="CPU cycles"[1937, 181888, 756] dur=0.231ms id=17.17 type=0x5000000/INTERNAL|WITHOUT_TENSOR,"epoch"
[D:AiRunner]    ----------------------------------------
[D:AiRunner]    INTERNAL OPERATOR (idx=16, name=EpochBlock_18)
[D:AiRunner]     name="" counters="CPU cycles"[54441, 194544, 3516] dur=0.316ms id=18.18 type=0x5000000/INTERNAL|WITHOUT_TENSOR,"epoch"
[D:AiRunner]    ----------------------------------------
[D:AiRunner]    INTERNAL OPERATOR (idx=17, name=EpochBlock_19)
[D:AiRunner]     name="" counters="CPU cycles"[15961, 60768, 3244] dur=0.100ms id=19.19 type=0x5000000/INTERNAL|WITHOUT_TENSOR,"epoch"
[D:AiRunner]    ----------------------------------------
[D:AiRunner]    INTERNAL OPERATOR (idx=18, name=EpochBlock_20)
[D:AiRunner]     name="" counters="CPU cycles"[53337, 153312, 2970] dur=0.262ms id=20.20 type=0x5000000/INTERNAL|WITHOUT_TENSOR,"epoch"
[D:AiRunner]    ----------------------------------------
[D:AiRunner]    INTERNAL OPERATOR (idx=19, name=EpochBlock_21)
[D:AiRunner]     name="" counters="CPU cycles"[51919, 152620, 2338] dur=0.259ms id=21.21 type=0x5000000/INTERNAL|WITHOUT_TENSOR,"epoch"
[D:AiRunner]    ----------------------------------------
[D:AiRunner]    INTERNAL OPERATOR (idx=20, name=EpochBlock_22)
[D:AiRunner]     name="" counters="CPU cycles"[22617, 45448, 2612] dur=0.088ms id=22.22 type=0x5000000/INTERNAL|WITHOUT_TENSOR,"epoch"
[D:AiRunner]    ----------------------------------------
[D:AiRunner]    INTERNAL OPERATOR (idx=21, name=EpochBlock_23)
[D:AiRunner]     name="" counters="CPU cycles"[102153, 81384, 4369] dur=0.235ms id=23.23 type=0x5000000/INTERNAL|WITHOUT_TENSOR,"epoch"
[D:AiRunner]    ----------------------------------------
[D:AiRunner]    INTERNAL OPERATOR (idx=22, name=EpochBlock_24)
[D:AiRunner]     name="" counters="CPU cycles"[98575, 89154, 2377] dur=0.238ms id=24.24 type=0x5000000/INTERNAL|WITHOUT_TENSOR,"epoch"
[D:AiRunner]    ----------------------------------------
[D:AiRunner]    INTERNAL OPERATOR (idx=23, name=EpochBlock_25)
[D:AiRunner]     name="" counters="CPU cycles"[26505, 87714, 4604] dur=0.149ms id=25.25 type=0x5000000/INTERNAL|WITHOUT_TENSOR,"epoch"
[D:AiRunner]    ----------------------------------------
[D:AiRunner]    INTERNAL OPERATOR (idx=24, name=EpochBlock_26)
[D:AiRunner]     name="" counters="CPU cycles"[102086, 81347, 4156] dur=0.234ms id=26.26 type=0x5000000/INTERNAL|WITHOUT_TENSOR,"epoch"
[D:AiRunner]    ----------------------------------------
[D:AiRunner]    INTERNAL OPERATOR (idx=25, name=EpochBlock_27)
[D:AiRunner]     name="" counters="CPU cycles"[98001, 89192, 2289] dur=0.237ms id=27.27 type=0x5000000/INTERNAL|WITHOUT_TENSOR,"epoch"
[D:AiRunner]    ----------------------------------------
[D:AiRunner]    INTERNAL OPERATOR (idx=26, name=EpochBlock_28)
[D:AiRunner]     name="" counters="CPU cycles"[26881, 87760, 4540] dur=0.149ms id=28.28 type=0x5000000/INTERNAL|WITHOUT_TENSOR,"epoch"
[D:AiRunner]    ----------------------------------------
[D:AiRunner]    INTERNAL OPERATOR (idx=27, name=EpochBlock_29)
[D:AiRunner]     name="" counters="CPU cycles"[102073, 81032, 4329] dur=0.234ms id=29.29 type=0x5000000/INTERNAL|WITHOUT_TENSOR,"epoch"
[D:AiRunner]    ----------------------------------------
[D:AiRunner]    INTERNAL OPERATOR (idx=28, name=EpochBlock_30)
[D:AiRunner]     name="" counters="CPU cycles"[1937, 97744, 793] dur=0.126ms id=30.30 type=0x5000000/INTERNAL|WITHOUT_TENSOR,"epoch"
[D:AiRunner]    ----------------------------------------
[D:AiRunner]    INTERNAL OPERATOR (idx=29, name=EpochBlock_31)
[D:AiRunner]     name="" counters="CPU cycles"[101031, 106490, 3508] dur=0.264ms id=31.31 type=0x5000000/INTERNAL|WITHOUT_TENSOR,"epoch"
[D:AiRunner]    ----------------------------------------
[D:AiRunner]    INTERNAL OPERATOR (idx=30, name=EpochBlock_32)
[D:AiRunner]     name="" counters="CPU cycles"[31281, 118216, 3852] dur=0.192ms id=32.32 type=0x5000000/INTERNAL|WITHOUT_TENSOR,"epoch"
[D:AiRunner]    ----------------------------------------
[D:AiRunner]    INTERNAL OPERATOR (idx=31, name=EpochBlock_33)
[D:AiRunner]     name="" counters="CPU cycles"[1929, 9482, 716] dur=0.015ms id=33.33 type=0x5000000/INTERNAL|WITHOUT_TENSOR,"epoch"
[D:AiRunner]    ----------------------------------------
[D:AiRunner]    INTERNAL OPERATOR (idx=32, name=EpochBlock_34)
[D:AiRunner]     name="" counters="CPU cycles"[12433, 418360, 5460] dur=0.545ms id=34.34 type=0x5000000/INTERNAL|WITHOUT_TENSOR,"epoch"
[D:AiRunner]    ----------------------------------------
[D:AiRunner]    INTERNAL OPERATOR (idx=33, name=EpochBlock_35)
[D:AiRunner]     name="" counters="CPU cycles"[1825, 136640, 756] dur=0.174ms id=35.35 type=0x5000000/INTERNAL|WITHOUT_TENSOR,"epoch"
[D:AiRunner]    ----------------------------------------
[D:AiRunner]    INTERNAL OPERATOR (idx=34, name=EpochBlock_36)
[D:AiRunner]     name="" counters="CPU cycles"[9241, 648328, 4140] dur=0.827ms id=36.36 type=0x5000000/INTERNAL|WITHOUT_TENSOR,"epoch"
[D:AiRunner]    ----------------------------------------
[D:AiRunner]    INTERNAL OPERATOR (idx=35, name=EpochBlock_37)
[D:AiRunner]     name="" counters="CPU cycles"[33377, 160016, 4492] dur=0.247ms id=37.37 type=0x5000000/INTERNAL|WITHOUT_TENSOR,"epoch"
[D:AiRunner]    ----------------------------------------
[D:AiRunner]    INTERNAL OPERATOR (idx=36, name=EpochBlock_38)
[D:AiRunner]     name="" counters="CPU cycles"[1889, 9520, 756] dur=0.015ms id=38.38 type=0x5000000/INTERNAL|WITHOUT_TENSOR,"epoch"
[D:AiRunner]    ----------------------------------------
[D:AiRunner]    INTERNAL OPERATOR (idx=37, name=EpochBlock_39)
[D:AiRunner]     name="" counters="CPU cycles"[12239, 427098, 5539] dur=0.556ms id=39.39 type=0x5000000/INTERNAL|WITHOUT_TENSOR,"epoch"
[D:AiRunner]    ----------------------------------------
[D:AiRunner]    INTERNAL OPERATOR (idx=38, name=EpochBlock_40)
[D:AiRunner]     name="" counters="CPU cycles"[1977, 136684, 720] dur=0.174ms id=40.40 type=0x5000000/INTERNAL|WITHOUT_TENSOR,"epoch"
[D:AiRunner]    ----------------------------------------
[D:AiRunner]    INTERNAL OPERATOR (idx=39, name=EpochBlock_41)
[D:AiRunner]     name="" counters="CPU cycles"[9081, 648808, 4100] dur=0.827ms id=41.41 type=0x5000000/INTERNAL|WITHOUT_TENSOR,"epoch"
[D:AiRunner]    ----------------------------------------
[D:AiRunner]    INTERNAL OPERATOR (idx=40, name=EpochBlock_42)
[D:AiRunner]     name="" counters="CPU cycles"[33102, 159795, 4492] dur=0.247ms id=42.42 type=0x5000000/INTERNAL|WITHOUT_TENSOR,"epoch"
[D:AiRunner]    ----------------------------------------
[D:AiRunner]    INTERNAL OPERATOR (idx=41, name=EpochBlock_43)
[D:AiRunner]     name="" counters="CPU cycles"[1929, 9520, 756] dur=0.015ms id=43.43 type=0x5000000/INTERNAL|WITHOUT_TENSOR,"epoch"
[D:AiRunner]    ----------------------------------------
[D:AiRunner]    INTERNAL OPERATOR (idx=42, name=EpochBlock_44)
[D:AiRunner]     name="" counters="CPU cycles"[12329, 418304, 5428] dur=0.545ms id=44.44 type=0x5000000/INTERNAL|WITHOUT_TENSOR,"epoch"
[D:AiRunner]    ----------------------------------------
[D:AiRunner]    INTERNAL OPERATOR (idx=43, name=EpochBlock_45)
[D:AiRunner]     name="" counters="CPU cycles"[1865, 136648, 796] dur=0.174ms id=45.45 type=0x5000000/INTERNAL|WITHOUT_TENSOR,"epoch"
[D:AiRunner]    ----------------------------------------
[D:AiRunner]    INTERNAL OPERATOR (idx=44, name=EpochBlock_46)
[D:AiRunner]     name="" counters="CPU cycles"[9137, 300336, 4254] dur=0.392ms id=46.46 type=0x5000000/INTERNAL|WITHOUT_TENSOR,"epoch"
[D:AiRunner]    ----------------------------------------
[D:AiRunner]    INTERNAL OPERATOR (idx=45, name=EpochBlock_47)
[D:AiRunner]     name="" counters="CPU cycles"[46633, 260626, 3961] dur=0.389ms id=47.47 type=0x5000000/INTERNAL|WITHOUT_TENSOR,"epoch"
[D:AiRunner]    ----------------------------------------
[D:AiRunner]    INTERNAL OPERATOR (idx=46, name=EpochBlock_48)
[D:AiRunner]     name="" counters="CPU cycles"[12129, 541968, 5428] dur=0.699ms id=48.48 type=0x5000000/INTERNAL|WITHOUT_TENSOR,"epoch"
[D:AiRunner]    ----------------------------------------
[D:AiRunner]    INTERNAL OPERATOR (idx=47, name=EpochBlock_49)
[D:AiRunner]     name="" counters="CPU cycles"[2001, 81244, 752] dur=0.105ms id=49.49 type=0x5000000/INTERNAL|WITHOUT_TENSOR,"epoch"
[D:AiRunner]    ----------------------------------------
[D:AiRunner]    INTERNAL OPERATOR (idx=48, name=EpochBlock_50)
[D:AiRunner]     name="" counters="CPU cycles"[9065, 502024, 4116] dur=0.644ms id=50.50 type=0x5000000/INTERNAL|WITHOUT_TENSOR,"epoch"
[D:AiRunner]    ----------------------------------------
[D:AiRunner]    INTERNAL OPERATOR (idx=49, name=EpochBlock_51)
[D:AiRunner]     name="" counters="CPU cycles"[48177, 445472, 4508] dur=0.623ms id=51.51 type=0x5000000/INTERNAL|WITHOUT_TENSOR,"epoch"
[D:AiRunner]    ----------------------------------------
[D:AiRunner]    INTERNAL OPERATOR (idx=50, name=EpochBlock_52)
[D:AiRunner]     name="" counters="CPU cycles"[12305, 534226, 5605] dur=0.690ms id=52.52 type=0x5000000/INTERNAL|WITHOUT_TENSOR,"epoch"
[D:AiRunner]    ----------------------------------------
[D:AiRunner]    INTERNAL OPERATOR (idx=51, name=EpochBlock_53)
[D:AiRunner]     name="" counters="CPU cycles"[1889, 81168, 756] dur=0.105ms id=53.53 type=0x5000000/INTERNAL|WITHOUT_TENSOR,"epoch"
[D:AiRunner]    ----------------------------------------
[D:AiRunner]    INTERNAL OPERATOR (idx=52, name=EpochBlock_54)
[D:AiRunner]     name="" counters="CPU cycles"[9201, 499832, 4180] dur=0.642ms id=54.54 type=0x5000000/INTERNAL|WITHOUT_TENSOR,"epoch"
[D:AiRunner]    ----------------------------------------
[D:AiRunner]    INTERNAL OPERATOR (idx=53, name=EpochBlock_55)
[D:AiRunner]     name="" counters="CPU cycles"[47758, 445416, 4488] dur=0.622ms id=55.55 type=0x5000000/INTERNAL|WITHOUT_TENSOR,"epoch"
[D:AiRunner]    ----------------------------------------
[D:AiRunner]    INTERNAL OPERATOR (idx=54, name=EpochBlock_56)
[D:AiRunner]     name="" counters="CPU cycles"[12137, 540840, 5452] dur=0.698ms id=56.56 type=0x5000000/INTERNAL|WITHOUT_TENSOR,"epoch"
[D:AiRunner]    ----------------------------------------
[D:AiRunner]    INTERNAL OPERATOR (idx=55, name=EpochBlock_57)
[D:AiRunner]     name="" counters="CPU cycles"[1929, 81184, 716] dur=0.105ms id=57.57 type=0x5000000/INTERNAL|WITHOUT_TENSOR,"epoch"
[D:AiRunner]    ----------------------------------------
[D:AiRunner]    INTERNAL OPERATOR (idx=56, name=EpochBlock_58)
[D:AiRunner]     name="" counters="CPU cycles"[9049, 502200, 4060] dur=0.644ms id=58.58 type=0x5000000/INTERNAL|WITHOUT_TENSOR,"epoch"
[D:AiRunner]    ----------------------------------------
[D:AiRunner]    INTERNAL OPERATOR (idx=57, name=EpochBlock_59)
[D:AiRunner]     name="" counters="CPU cycles"[48017, 445128, 4554] dur=0.622ms id=59.59 type=0x5000000/INTERNAL|WITHOUT_TENSOR,"epoch"
[D:AiRunner]    ----------------------------------------
[D:AiRunner]    INTERNAL OPERATOR (idx=58, name=EpochBlock_60)
[D:AiRunner]     name="" counters="CPU cycles"[12457, 533616, 5527] dur=0.689ms id=60.60 type=0x5000000/INTERNAL|WITHOUT_TENSOR,"epoch"
[D:AiRunner]    ----------------------------------------
[D:AiRunner]    INTERNAL OPERATOR (idx=59, name=EpochBlock_61)
[D:AiRunner]     name="" counters="CPU cycles"[7097, 346976, 3172] dur=0.447ms id=61.61 type=0x5000000/INTERNAL|WITHOUT_TENSOR,"epoch"
[D:AiRunner]    ----------------------------------------
[D:AiRunner]    INTERNAL OPERATOR (idx=60, name=EpochBlock_62)
[D:AiRunner]     name="" counters="CPU cycles"[8569, 1720, 3724] dur=0.018ms id=62.62 type=0x5000000/INTERNAL|WITHOUT_TENSOR,"epoch"
[D:AiRunner]    ----------------------------------------
[D:AiRunner]    INTERNAL OPERATOR (idx=61, name=EpochBlock_63)
[D:AiRunner]     name="" counters="CPU cycles"[18334, 468539, 5092] dur=0.615ms id=63.63 type=0x5000000/INTERNAL|WITHOUT_TENSOR,"epoch"
[D:AiRunner]    ----------------------------------------
[D:AiRunner]    INTERNAL OPERATOR (idx=62, name=EpochBlock_64)
[D:AiRunner]     name="" counters="CPU cycles"[46, 74, 3808] dur=0.005ms id=64.64 type=0x1000002/INTERNAL,"epoch (SW)"
[D:AiRunner]    INTERNAL TENSOR #0
[D:AiRunner]     IOTensor: Dequantize_226_out_0, E.64.0, , 0x342e0000 f32[1,63], 252 Bytes
[D:AiRunner]     last=True, data_size=0
[D:AiRunner]    ----------------------------------------
[D:AiRunner]    INTERNAL OPERATOR (idx=63, name=EpochBlock_65)
[D:AiRunner]     name="" counters="CPU cycles"[16321, 3320, 3481] dur=0.029ms id=65.65 type=0x5000000/INTERNAL|WITHOUT_TENSOR,"epoch"
[D:AiRunner]    ----------------------------------------
[D:AiRunner]    INTERNAL OPERATOR (idx=64, name=EpochBlock_66)
[D:AiRunner]     name="" counters="CPU cycles"[46, 35, 3297] dur=0.004ms id=66.66 type=0x1000002/INTERNAL,"epoch (SW)"
[D:AiRunner]    INTERNAL TENSOR #0
[D:AiRunner]     IOTensor: Dequantize_229_out_0, E.66.0, , 0x342e0100 f32[1,63], 252 Bytes
[D:AiRunner]     last=True, data_size=0
[D:AiRunner]    ----------------------------------------
[D:AiRunner]    INTERNAL OPERATOR (idx=65, name=EpochBlock_67)
[D:AiRunner]     name="" counters="CPU cycles"[46, 35, 2934] dur=0.004ms id=67.67 type=0x1000002/INTERNAL,"epoch (SW)"
[D:AiRunner]    INTERNAL TENSOR #0
[D:AiRunner]     IOTensor: Dequantize_219_out_0, E.67.0, , 0x342e0200 f32[1,1], 4 Bytes
[D:AiRunner]     last=True, data_size=0
[D:AiRunner]    ----------------------------------------
[D:AiRunner]    INTERNAL OPERATOR (idx=66, name=EpochBlock_68)
[D:AiRunner]     name="" counters="CPU cycles"[4521, 561, 1713] dur=0.008ms id=68.68 type=0x5000000/INTERNAL|WITHOUT_TENSOR,"epoch"
[D:AiRunner]    ----------------------------------------
[D:AiRunner]    INTERNAL OPERATOR (idx=67, name=EpochBlock_69)
[D:AiRunner]     name="" counters="CPU cycles"[44, 35, 2297] dur=0.003ms id=69.69 type=0x1000002/INTERNAL,"epoch (SW)"
[D:AiRunner]    INTERNAL TENSOR #0
[D:AiRunner]     IOTensor: Dequantize_223_out_0, E.69.0, , 0x342e0210 f32[1,1], 4 Bytes
[D:AiRunner]     last=True, data_size=0
[D:AiRunner]    ----------------------------------------
[D:AiRunner]    INFERENCE DONE
[D:AiRunner]     name="network" counters="CPU cycles"[1659564, 16100860, 211269, 17983963, 0] dur=22.480ms id=0.0 type=0x0/NONE,"epoch"
[D:AiRunner]    RECEIVE OUTPUT TENSOR #0 last=False..
[D:AiRunner]     IOTensor: Dequantize_223_out_0, O_0, , 0x342e0210 f32[1,1], 4 Bytes
[D:AiRunner]    RECEIVE OUTPUT TENSOR #1 last=False..
[D:AiRunner]     IOTensor: Dequantize_229_out_0, O_1, , 0x342e0100 f32[1,63], 252 Bytes
[D:AiRunner]    RECEIVE OUTPUT TENSOR #2 last=False..
[D:AiRunner]     IOTensor: Dequantize_219_out_0, O_2, , 0x342e0200 f32[1,1], 4 Bytes
[D:AiRunner]    RECEIVE OUTPUT TENSOR #3 last=True..
[D:AiRunner]     IOTensor: Dequantize_226_out_0, O_3, , 0x342e0000 f32[1,63], 252 Bytes
[D:AiRunner] <- done (target dur=22.465ms)
[D:AiRunner] -> Requested RUN mode: Mode.PER_LAYER (param=0b11, option=0x0)
[D:AiRunner]    SEND INPUT TENSOR #0 ((1, 224, 224, 3)/uint8) last=True..
[D:AiRunner]    ----------------------------------------
[D:AiRunner]    INTERNAL OPERATOR (idx=0, name=EpochBlock_2)
[D:AiRunner]     name="" counters="CPU cycles"[3480, 121080, 1599] dur=0.158ms id=2.2 type=0x5000000/INTERNAL|WITHOUT_TENSOR,"epoch"
[D:AiRunner]    ----------------------------------------
[D:AiRunner]    INTERNAL OPERATOR (idx=1, name=EpochBlock_3)
[D:AiRunner]     name="" counters="CPU cycles"[15289, 363856, 3204] dur=0.478ms id=3.3 type=0x5000000/INTERNAL|WITHOUT_TENSOR,"epoch"
[D:AiRunner]    ----------------------------------------
[D:AiRunner]    INTERNAL OPERATOR (idx=2, name=EpochBlock_4)
[D:AiRunner]     name="" counters="CPU cycles"[5601, 241688, 1458] dur=0.311ms id=4.4 type=0x5000000/INTERNAL|WITHOUT_TENSOR,"epoch"
[D:AiRunner]    ----------------------------------------
[D:AiRunner]    INTERNAL OPERATOR (idx=3, name=EpochBlock_5)
[D:AiRunner]     name="" counters="CPU cycles"[8585, 242536, 1972] dur=0.316ms id=5.5 type=0x5000000/INTERNAL|WITHOUT_TENSOR,"epoch"
[D:AiRunner]    ----------------------------------------
[D:AiRunner]    INTERNAL OPERATOR (idx=4, name=EpochBlock_6)
[D:AiRunner]     name="" counters="CPU cycles"[18369, 644328, 2276] dur=0.831ms id=6.6 type=0x5000000/INTERNAL|WITHOUT_TENSOR,"epoch"
[D:AiRunner]    ----------------------------------------
[D:AiRunner]    INTERNAL OPERATOR (idx=5, name=EpochBlock_7)
[D:AiRunner]     name="" counters="CPU cycles"[17937, 643323, 2350] dur=0.830ms id=7.7 type=0x5000000/INTERNAL|WITHOUT_TENSOR,"epoch"
[D:AiRunner]    ----------------------------------------
[D:AiRunner]    INTERNAL OPERATOR (idx=6, name=EpochBlock_8)
[D:AiRunner]     name="" counters="CPU cycles"[9697, 64109, 2004] dur=0.095ms id=8.8 type=0x5000000/INTERNAL|WITHOUT_TENSOR,"epoch"
[D:AiRunner]    ----------------------------------------
[D:AiRunner]    INTERNAL OPERATOR (idx=7, name=EpochBlock_9)
[D:AiRunner]     name="" counters="CPU cycles"[33961, 363944, 2236] dur=0.500ms id=9.9 type=0x5000000/INTERNAL|WITHOUT_TENSOR,"epoch"
[D:AiRunner]    ----------------------------------------
[D:AiRunner]    INTERNAL OPERATOR (idx=8, name=EpochBlock_10)
[D:AiRunner]     name="" counters="CPU cycles"[33425, 377400, 2300] dur=0.516ms id=10.10 type=0x5000000/INTERNAL|WITHOUT_TENSOR,"epoch"
[D:AiRunner]    ----------------------------------------
[D:AiRunner]    INTERNAL OPERATOR (idx=9, name=EpochBlock_11)
[D:AiRunner]     name="" counters="CPU cycles"[12209, 67952, 3276] dur=0.104ms id=11.11 type=0x5000000/INTERNAL|WITHOUT_TENSOR,"epoch"
[D:AiRunner]    ----------------------------------------
[D:AiRunner]    INTERNAL OPERATOR (idx=10, name=EpochBlock_12)
[D:AiRunner]     name="" counters="CPU cycles"[33369, 363856, 2399] dur=0.500ms id=12.12 type=0x5000000/INTERNAL|WITHOUT_TENSOR,"epoch"
[D:AiRunner]    ----------------------------------------
[D:AiRunner]    INTERNAL OPERATOR (idx=11, name=EpochBlock_13)
[D:AiRunner]     name="" counters="CPU cycles"[1985, 405680, 873] dur=0.511ms id=13.13 type=0x5000000/INTERNAL|WITHOUT_TENSOR,"epoch"
[D:AiRunner]    ----------------------------------------
[D:AiRunner]    INTERNAL OPERATOR (idx=12, name=EpochBlock_14)
[D:AiRunner]     name="" counters="CPU cycles"[36241, 366712, 3492] dur=0.508ms id=14.14 type=0x5000000/INTERNAL|WITHOUT_TENSOR,"epoch"
[D:AiRunner]    ----------------------------------------
[D:AiRunner]    INTERNAL OPERATOR (idx=13, name=EpochBlock_15)
[D:AiRunner]     name="" counters="CPU cycles"[14521, 36584, 2612] dur=0.067ms id=15.15 type=0x5000000/INTERNAL|WITHOUT_TENSOR,"epoch"
[D:AiRunner]    ----------------------------------------
[D:AiRunner]    INTERNAL OPERATOR (idx=14, name=EpochBlock_16)
[D:AiRunner]     name="" counters="CPU cycles"[53297, 153608, 2940] dur=0.262ms id=16.16 type=0x5000000/INTERNAL|WITHOUT_TENSOR,"epoch"
[D:AiRunner]    ----------------------------------------
[D:AiRunner]    INTERNAL OPERATOR (idx=15, name=EpochBlock_17)
[D:AiRunner]     name="" counters="CPU cycles"[1937, 181896, 756] dur=0.231ms id=17.17 type=0x5000000/INTERNAL|WITHOUT_TENSOR,"epoch"
[D:AiRunner]    ----------------------------------------
[D:AiRunner]    INTERNAL OPERATOR (idx=16, name=EpochBlock_18)
[D:AiRunner]     name="" counters="CPU cycles"[54449, 194482, 3516] dur=0.316ms id=18.18 type=0x5000000/INTERNAL|WITHOUT_TENSOR,"epoch"
[D:AiRunner]    ----------------------------------------
[D:AiRunner]    INTERNAL OPERATOR (idx=17, name=EpochBlock_19)
[D:AiRunner]     name="" counters="CPU cycles"[16001, 60688, 3244] dur=0.100ms id=19.19 type=0x5000000/INTERNAL|WITHOUT_TENSOR,"epoch"
[D:AiRunner]    ----------------------------------------
[D:AiRunner]    INTERNAL OPERATOR (idx=18, name=EpochBlock_20)
[D:AiRunner]     name="" counters="CPU cycles"[53782, 153315, 2932] dur=0.263ms id=20.20 type=0x5000000/INTERNAL|WITHOUT_TENSOR,"epoch"
[D:AiRunner]    ----------------------------------------
[D:AiRunner]    INTERNAL OPERATOR (idx=19, name=EpochBlock_21)
[D:AiRunner]     name="" counters="CPU cycles"[51871, 152650, 2337] dur=0.259ms id=21.21 type=0x5000000/INTERNAL|WITHOUT_TENSOR,"epoch"
[D:AiRunner]    ----------------------------------------
[D:AiRunner]    INTERNAL OPERATOR (idx=20, name=EpochBlock_22)
[D:AiRunner]     name="" counters="CPU cycles"[22241, 45448, 2636] dur=0.088ms id=22.22 type=0x5000000/INTERNAL|WITHOUT_TENSOR,"epoch"
[D:AiRunner]    ----------------------------------------
[D:AiRunner]    INTERNAL OPERATOR (idx=21, name=EpochBlock_23)
[D:AiRunner]     name="" counters="CPU cycles"[102153, 81384, 4297] dur=0.235ms id=23.23 type=0x5000000/INTERNAL|WITHOUT_TENSOR,"epoch"
[D:AiRunner]    ----------------------------------------
[D:AiRunner]    INTERNAL OPERATOR (idx=22, name=EpochBlock_24)
[D:AiRunner]     name="" counters="CPU cycles"[98655, 89154, 2316] dur=0.238ms id=24.24 type=0x5000000/INTERNAL|WITHOUT_TENSOR,"epoch"
[D:AiRunner]    ----------------------------------------
[D:AiRunner]    INTERNAL OPERATOR (idx=23, name=EpochBlock_25)
[D:AiRunner]     name="" counters="CPU cycles"[26377, 87796, 4496] dur=0.148ms id=25.25 type=0x5000000/INTERNAL|WITHOUT_TENSOR,"epoch"
[D:AiRunner]    ----------------------------------------
[D:AiRunner]    INTERNAL OPERATOR (idx=24, name=EpochBlock_26)
[D:AiRunner]     name="" counters="CPU cycles"[102214, 81272, 4257] dur=0.235ms id=26.26 type=0x5000000/INTERNAL|WITHOUT_TENSOR,"epoch"
[D:AiRunner]    ----------------------------------------
[D:AiRunner]    INTERNAL OPERATOR (idx=25, name=EpochBlock_27)
[D:AiRunner]     name="" counters="CPU cycles"[98047, 89154, 2366] dur=0.237ms id=27.27 type=0x5000000/INTERNAL|WITHOUT_TENSOR,"epoch"
[D:AiRunner]    ----------------------------------------
[D:AiRunner]    INTERNAL OPERATOR (idx=26, name=EpochBlock_28)
[D:AiRunner]     name="" counters="CPU cycles"[26129, 87840, 4577] dur=0.148ms id=28.28 type=0x5000000/INTERNAL|WITHOUT_TENSOR,"epoch"
[D:AiRunner]    ----------------------------------------
[D:AiRunner]    INTERNAL OPERATOR (idx=27, name=EpochBlock_29)
[D:AiRunner]     name="" counters="CPU cycles"[102145, 81076, 4294] dur=0.234ms id=29.29 type=0x5000000/INTERNAL|WITHOUT_TENSOR,"epoch"
[D:AiRunner]    ----------------------------------------
[D:AiRunner]    INTERNAL OPERATOR (idx=28, name=EpochBlock_30)
[D:AiRunner]     name="" counters="CPU cycles"[1865, 97752, 756] dur=0.125ms id=30.30 type=0x5000000/INTERNAL|WITHOUT_TENSOR,"epoch"
[D:AiRunner]    ----------------------------------------
[D:AiRunner]    INTERNAL OPERATOR (idx=29, name=EpochBlock_31)
[D:AiRunner]     name="" counters="CPU cycles"[101017, 106530, 3583] dur=0.264ms id=31.31 type=0x5000000/INTERNAL|WITHOUT_TENSOR,"epoch"
[D:AiRunner]    ----------------------------------------
[D:AiRunner]    INTERNAL OPERATOR (idx=30, name=EpochBlock_32)
[D:AiRunner]     name="" counters="CPU cycles"[31689, 118138, 3916] dur=0.192ms id=32.32 type=0x5000000/INTERNAL|WITHOUT_TENSOR,"epoch"
[D:AiRunner]    ----------------------------------------
[D:AiRunner]    INTERNAL OPERATOR (idx=31, name=EpochBlock_33)
[D:AiRunner]     name="" counters="CPU cycles"[1889, 9520, 716] dur=0.015ms id=33.33 type=0x5000000/INTERNAL|WITHOUT_TENSOR,"epoch"
[D:AiRunner]    ----------------------------------------
[D:AiRunner]    INTERNAL OPERATOR (idx=32, name=EpochBlock_34)
[D:AiRunner]     name="" counters="CPU cycles"[12457, 418360, 5460] dur=0.545ms id=34.34 type=0x5000000/INTERNAL|WITHOUT_TENSOR,"epoch"
[D:AiRunner]    ----------------------------------------
[D:AiRunner]    INTERNAL OPERATOR (idx=33, name=EpochBlock_35)
[D:AiRunner]     name="" counters="CPU cycles"[1825, 136648, 756] dur=0.174ms id=35.35 type=0x5000000/INTERNAL|WITHOUT_TENSOR,"epoch"
[D:AiRunner]    ----------------------------------------
[D:AiRunner]    INTERNAL OPERATOR (idx=34, name=EpochBlock_36)
[D:AiRunner]     name="" counters="CPU cycles"[9201, 648384, 4140] dur=0.827ms id=36.36 type=0x5000000/INTERNAL|WITHOUT_TENSOR,"epoch"
[D:AiRunner]    ----------------------------------------
[D:AiRunner]    INTERNAL OPERATOR (idx=35, name=EpochBlock_37)
[D:AiRunner]     name="" counters="CPU cycles"[32409, 160016, 4492] dur=0.246ms id=37.37 type=0x5000000/INTERNAL|WITHOUT_TENSOR,"epoch"
[D:AiRunner]    ----------------------------------------
[D:AiRunner]    INTERNAL OPERATOR (idx=36, name=EpochBlock_38)
[D:AiRunner]     name="" counters="CPU cycles"[1849, 9520, 793] dur=0.015ms id=38.38 type=0x5000000/INTERNAL|WITHOUT_TENSOR,"epoch"
[D:AiRunner]    ----------------------------------------
[D:AiRunner]    INTERNAL OPERATOR (idx=37, name=EpochBlock_39)
[D:AiRunner]     name="" counters="CPU cycles"[12295, 426778, 5516] dur=0.556ms id=39.39 type=0x5000000/INTERNAL|WITHOUT_TENSOR,"epoch"
[D:AiRunner]    ----------------------------------------
[D:AiRunner]    INTERNAL OPERATOR (idx=38, name=EpochBlock_40)
[D:AiRunner]     name="" counters="CPU cycles"[1977, 136632, 716] dur=0.174ms id=40.40 type=0x5000000/INTERNAL|WITHOUT_TENSOR,"epoch"
[D:AiRunner]    ----------------------------------------
[D:AiRunner]    INTERNAL OPERATOR (idx=39, name=EpochBlock_41)
[D:AiRunner]     name="" counters="CPU cycles"[9089, 648872, 4100] dur=0.828ms id=41.41 type=0x5000000/INTERNAL|WITHOUT_TENSOR,"epoch"
[D:AiRunner]    ----------------------------------------
[D:AiRunner]    INTERNAL OPERATOR (idx=40, name=EpochBlock_42)
[D:AiRunner]     name="" counters="CPU cycles"[33025, 159840, 4492] dur=0.247ms id=42.42 type=0x5000000/INTERNAL|WITHOUT_TENSOR,"epoch"
[D:AiRunner]    ----------------------------------------
[D:AiRunner]    INTERNAL OPERATOR (idx=41, name=EpochBlock_43)
[D:AiRunner]     name="" counters="CPU cycles"[1921, 9520, 796] dur=0.015ms id=43.43 type=0x5000000/INTERNAL|WITHOUT_TENSOR,"epoch"
[D:AiRunner]    ----------------------------------------
[D:AiRunner]    INTERNAL OPERATOR (idx=42, name=EpochBlock_44)
[D:AiRunner]     name="" counters="CPU cycles"[12281, 418480, 5428] dur=0.545ms id=44.44 type=0x5000000/INTERNAL|WITHOUT_TENSOR,"epoch"
[D:AiRunner]    ----------------------------------------
[D:AiRunner]    INTERNAL OPERATOR (idx=43, name=EpochBlock_45)
[D:AiRunner]     name="" counters="CPU cycles"[1890, 136631, 796] dur=0.174ms id=45.45 type=0x5000000/INTERNAL|WITHOUT_TENSOR,"epoch"
[D:AiRunner]    ----------------------------------------
[D:AiRunner]    INTERNAL OPERATOR (idx=44, name=EpochBlock_46)
[D:AiRunner]     name="" counters="CPU cycles"[9129, 300144, 4279] dur=0.392ms id=46.46 type=0x5000000/INTERNAL|WITHOUT_TENSOR,"epoch"
[D:AiRunner]    ----------------------------------------
[D:AiRunner]    INTERNAL OPERATOR (idx=45, name=EpochBlock_47)
[D:AiRunner]     name="" counters="CPU cycles"[46401, 260672, 3860] dur=0.389ms id=47.47 type=0x5000000/INTERNAL|WITHOUT_TENSOR,"epoch"
[D:AiRunner]    ----------------------------------------
[D:AiRunner]    INTERNAL OPERATOR (idx=46, name=EpochBlock_48)
[D:AiRunner]     name="" counters="CPU cycles"[12225, 541162, 5492] dur=0.699ms id=48.48 type=0x5000000/INTERNAL|WITHOUT_TENSOR,"epoch"
[D:AiRunner]    ----------------------------------------
[D:AiRunner]    INTERNAL OPERATOR (idx=47, name=EpochBlock_49)
[D:AiRunner]     name="" counters="CPU cycles"[1969, 81184, 756] dur=0.105ms id=49.49 type=0x5000000/INTERNAL|WITHOUT_TENSOR,"epoch"
[D:AiRunner]    ----------------------------------------
[D:AiRunner]    INTERNAL OPERATOR (idx=48, name=EpochBlock_50)
[D:AiRunner]     name="" counters="CPU cycles"[9001, 502008, 4116] dur=0.644ms id=50.50 type=0x5000000/INTERNAL|WITHOUT_TENSOR,"epoch"
[D:AiRunner]    ----------------------------------------
[D:AiRunner]    INTERNAL OPERATOR (idx=49, name=EpochBlock_51)
[D:AiRunner]     name="" counters="CPU cycles"[47913, 445472, 4508] dur=0.622ms id=51.51 type=0x5000000/INTERNAL|WITHOUT_TENSOR,"epoch"
[D:AiRunner]    ----------------------------------------
[D:AiRunner]    INTERNAL OPERATOR (idx=50, name=EpochBlock_52)
[D:AiRunner]     name="" counters="CPU cycles"[12377, 534392, 5484] dur=0.690ms id=52.52 type=0x5000000/INTERNAL|WITHOUT_TENSOR,"epoch"
[D:AiRunner]    ----------------------------------------
[D:AiRunner]    INTERNAL OPERATOR (idx=51, name=EpochBlock_53)
[D:AiRunner]     name="" counters="CPU cycles"[1889, 81200, 756] dur=0.105ms id=53.53 type=0x5000000/INTERNAL|WITHOUT_TENSOR,"epoch"
[D:AiRunner]    ----------------------------------------
[D:AiRunner]    INTERNAL OPERATOR (idx=52, name=EpochBlock_54)
[D:AiRunner]     name="" counters="CPU cycles"[9089, 499800, 4140] dur=0.641ms id=54.54 type=0x5000000/INTERNAL|WITHOUT_TENSOR,"epoch"
[D:AiRunner]    ----------------------------------------
[D:AiRunner]    INTERNAL OPERATOR (idx=53, name=EpochBlock_55)
[D:AiRunner]     name="" counters="CPU cycles"[47769, 445382, 4464] dur=0.622ms id=55.55 type=0x5000000/INTERNAL|WITHOUT_TENSOR,"epoch"
[D:AiRunner]    ----------------------------------------
[D:AiRunner]    INTERNAL OPERATOR (idx=54, name=EpochBlock_56)
[D:AiRunner]     name="" counters="CPU cycles"[12145, 539848, 5388] dur=0.697ms id=56.56 type=0x5000000/INTERNAL|WITHOUT_TENSOR,"epoch"
[D:AiRunner]    ----------------------------------------
[D:AiRunner]    INTERNAL OPERATOR (idx=55, name=EpochBlock_57)
[D:AiRunner]     name="" counters="CPU cycles"[1889, 81192, 716] dur=0.105ms id=57.57 type=0x5000000/INTERNAL|WITHOUT_TENSOR,"epoch"
[D:AiRunner]    ----------------------------------------
[D:AiRunner]    INTERNAL OPERATOR (idx=56, name=EpochBlock_58)
[D:AiRunner]     name="" counters="CPU cycles"[9041, 502132, 4120] dur=0.644ms id=58.58 type=0x5000000/INTERNAL|WITHOUT_TENSOR,"epoch"
[D:AiRunner]    ----------------------------------------
[D:AiRunner]    INTERNAL OPERATOR (idx=57, name=EpochBlock_59)
[D:AiRunner]     name="" counters="CPU cycles"[48505, 445128, 4561] dur=0.623ms id=59.59 type=0x5000000/INTERNAL|WITHOUT_TENSOR,"epoch"
[D:AiRunner]    ----------------------------------------
[D:AiRunner]    INTERNAL OPERATOR (idx=58, name=EpochBlock_60)
[D:AiRunner]     name="" counters="CPU cycles"[12385, 533600, 5425] dur=0.689ms id=60.60 type=0x5000000/INTERNAL|WITHOUT_TENSOR,"epoch"
[D:AiRunner]    ----------------------------------------
[D:AiRunner]    INTERNAL OPERATOR (idx=59, name=EpochBlock_61)
[D:AiRunner]     name="" counters="CPU cycles"[7081, 346936, 3148] dur=0.446ms id=61.61 type=0x5000000/INTERNAL|WITHOUT_TENSOR,"epoch"
[D:AiRunner]    ----------------------------------------
[D:AiRunner]    INTERNAL OPERATOR (idx=60, name=EpochBlock_62)
[D:AiRunner]     name="" counters="CPU cycles"[8574, 1683, 3724] dur=0.017ms id=62.62 type=0x5000000/INTERNAL|WITHOUT_TENSOR,"epoch"
[D:AiRunner]    ----------------------------------------
[D:AiRunner]    INTERNAL OPERATOR (idx=61, name=EpochBlock_63)
[D:AiRunner]     name="" counters="CPU cycles"[18177, 468904, 5092] dur=0.615ms id=63.63 type=0x5000000/INTERNAL|WITHOUT_TENSOR,"epoch"
[D:AiRunner]    ----------------------------------------
[D:AiRunner]    INTERNAL OPERATOR (idx=62, name=EpochBlock_64)
[D:AiRunner]     name="" counters="CPU cycles"[44, 74, 3852] dur=0.005ms id=64.64 type=0x1000002/INTERNAL,"epoch (SW)"
[D:AiRunner]    INTERNAL TENSOR #0
[D:AiRunner]     IOTensor: Dequantize_226_out_0, E.64.0, , 0x342e0000 f32[1,63], 252 Bytes
[D:AiRunner]     last=True, data_size=0
[D:AiRunner]    ----------------------------------------
[D:AiRunner]    INTERNAL OPERATOR (idx=63, name=EpochBlock_65)
[D:AiRunner]     name="" counters="CPU cycles"[15745, 3320, 3481] dur=0.028ms id=65.65 type=0x5000000/INTERNAL|WITHOUT_TENSOR,"epoch"
[D:AiRunner]    ----------------------------------------
[D:AiRunner]    INTERNAL OPERATOR (idx=64, name=EpochBlock_66)
[D:AiRunner]     name="" counters="CPU cycles"[46, 35, 3307] dur=0.004ms id=66.66 type=0x1000002/INTERNAL,"epoch (SW)"
[D:AiRunner]    INTERNAL TENSOR #0
[D:AiRunner]     IOTensor: Dequantize_229_out_0, E.66.0, , 0x342e0100 f32[1,63], 252 Bytes
[D:AiRunner]     last=True, data_size=0
[D:AiRunner]    ----------------------------------------
[D:AiRunner]    INTERNAL OPERATOR (idx=65, name=EpochBlock_67)
[D:AiRunner]     name="" counters="CPU cycles"[44, 35, 2899] dur=0.004ms id=67.67 type=0x1000002/INTERNAL,"epoch (SW)"
[D:AiRunner]    INTERNAL TENSOR #0
[D:AiRunner]     IOTensor: Dequantize_219_out_0, E.67.0, , 0x342e0200 f32[1,1], 4 Bytes
[D:AiRunner]     last=True, data_size=0
[D:AiRunner]    ----------------------------------------
[D:AiRunner]    INTERNAL OPERATOR (idx=66, name=EpochBlock_68)
[D:AiRunner]     name="" counters="CPU cycles"[4609, 561, 1739] dur=0.009ms id=68.68 type=0x5000000/INTERNAL|WITHOUT_TENSOR,"epoch"
[D:AiRunner]    ----------------------------------------
[D:AiRunner]    INTERNAL OPERATOR (idx=67, name=EpochBlock_69)
[D:AiRunner]     name="" counters="CPU cycles"[46, 35, 2295] dur=0.003ms id=69.69 type=0x1000002/INTERNAL,"epoch (SW)"
[D:AiRunner]    INTERNAL TENSOR #0
[D:AiRunner]     IOTensor: Dequantize_223_out_0, E.69.0, , 0x342e0210 f32[1,1], 4 Bytes
[D:AiRunner]     last=True, data_size=0
[D:AiRunner]    ----------------------------------------
[D:AiRunner]    INFERENCE DONE
[D:AiRunner]     name="network" counters="CPU cycles"[1656739, 16099331, 211073, 17979500, 0] dur=22.474ms id=0.0 type=0x0/NONE,"epoch"
[D:AiRunner]    RECEIVE OUTPUT TENSOR #0 last=False..
[D:AiRunner]     IOTensor: Dequantize_223_out_0, O_0, , 0x342e0210 f32[1,1], 4 Bytes
[D:AiRunner]    RECEIVE OUTPUT TENSOR #1 last=False..
[D:AiRunner]     IOTensor: Dequantize_229_out_0, O_1, , 0x342e0100 f32[1,63], 252 Bytes
[D:AiRunner]    RECEIVE OUTPUT TENSOR #2 last=False..
[D:AiRunner]     IOTensor: Dequantize_219_out_0, O_2, , 0x342e0200 f32[1,1], 4 Bytes
[D:AiRunner]    RECEIVE OUTPUT TENSOR #3 last=True..
[D:AiRunner]     IOTensor: Dequantize_226_out_0, O_3, , 0x342e0000 f32[1,63], 252 Bytes
[D:AiRunner] <- done (target dur=22.459ms)
[D:AiRunner] -> Requested RUN mode: Mode.PER_LAYER (param=0b11, option=0x0)
[D:AiRunner]    SEND INPUT TENSOR #0 ((1, 224, 224, 3)/uint8) last=True..
[D:AiRunner]    ----------------------------------------
[D:AiRunner]    INTERNAL OPERATOR (idx=0, name=EpochBlock_2)
[D:AiRunner]     name="" counters="CPU cycles"[3482, 121116, 1602] dur=0.158ms id=2.2 type=0x5000000/INTERNAL|WITHOUT_TENSOR,"epoch"
[D:AiRunner]    ----------------------------------------
[D:AiRunner]    INTERNAL OPERATOR (idx=1, name=EpochBlock_3)
[D:AiRunner]     name="" counters="CPU cycles"[15281, 363856, 3282] dur=0.478ms id=3.3 type=0x5000000/INTERNAL|WITHOUT_TENSOR,"epoch"
[D:AiRunner]    ----------------------------------------
[D:AiRunner]    INTERNAL OPERATOR (idx=2, name=EpochBlock_4)
[D:AiRunner]     name="" counters="CPU cycles"[5577, 241688, 1458] dur=0.311ms id=4.4 type=0x5000000/INTERNAL|WITHOUT_TENSOR,"epoch"
[D:AiRunner]    ----------------------------------------
[D:AiRunner]    INTERNAL OPERATOR (idx=3, name=EpochBlock_5)
[D:AiRunner]     name="" counters="CPU cycles"[8633, 242536, 1972] dur=0.316ms id=5.5 type=0x5000000/INTERNAL|WITHOUT_TENSOR,"epoch"
[D:AiRunner]    ----------------------------------------
[D:AiRunner]    INTERNAL OPERATOR (idx=4, name=EpochBlock_6)
[D:AiRunner]     name="" counters="CPU cycles"[18369, 644328, 2276] dur=0.831ms id=6.6 type=0x5000000/INTERNAL|WITHOUT_TENSOR,"epoch"
[D:AiRunner]    ----------------------------------------
[D:AiRunner]    INTERNAL OPERATOR (idx=5, name=EpochBlock_7)
[D:AiRunner]     name="" counters="CPU cycles"[17929, 643288, 2316] dur=0.829ms id=7.7 type=0x5000000/INTERNAL|WITHOUT_TENSOR,"epoch"
[D:AiRunner]    ----------------------------------------
[D:AiRunner]    INTERNAL OPERATOR (idx=6, name=EpochBlock_8)
[D:AiRunner]     name="" counters="CPU cycles"[9673, 64072, 1969] dur=0.095ms id=8.8 type=0x5000000/INTERNAL|WITHOUT_TENSOR,"epoch"
[D:AiRunner]    ----------------------------------------
[D:AiRunner]    INTERNAL OPERATOR (idx=7, name=EpochBlock_9)
[D:AiRunner]     name="" counters="CPU cycles"[33897, 363944, 2276] dur=0.500ms id=9.9 type=0x5000000/INTERNAL|WITHOUT_TENSOR,"epoch"
[D:AiRunner]    ----------------------------------------
[D:AiRunner]    INTERNAL OPERATOR (idx=8, name=EpochBlock_10)
[D:AiRunner]     name="" counters="CPU cycles"[33561, 377400, 2300] dur=0.517ms id=10.10 type=0x5000000/INTERNAL|WITHOUT_TENSOR,"epoch"
[D:AiRunner]    ----------------------------------------
[D:AiRunner]    INTERNAL OPERATOR (idx=9, name=EpochBlock_11)
[D:AiRunner]     name="" counters="CPU cycles"[12185, 67952, 3253] dur=0.104ms id=11.11 type=0x5000000/INTERNAL|WITHOUT_TENSOR,"epoch"
[D:AiRunner]    ----------------------------------------
[D:AiRunner]    INTERNAL OPERATOR (idx=10, name=EpochBlock_12)
[D:AiRunner]     name="" counters="CPU cycles"[33441, 363856, 2391] dur=0.500ms id=12.12 type=0x5000000/INTERNAL|WITHOUT_TENSOR,"epoch"
[D:AiRunner]    ----------------------------------------
[D:AiRunner]    INTERNAL OPERATOR (idx=11, name=EpochBlock_13)
[D:AiRunner]     name="" counters="CPU cycles"[1985, 405688, 793] dur=0.511ms id=13.13 type=0x5000000/INTERNAL|WITHOUT_TENSOR,"epoch"
[D:AiRunner]    ----------------------------------------
[D:AiRunner]    INTERNAL OPERATOR (idx=12, name=EpochBlock_14)
[D:AiRunner]     name="" counters="CPU cycles"[36095, 366650, 3529] dur=0.508ms id=14.14 type=0x5000000/INTERNAL|WITHOUT_TENSOR,"epoch"
[D:AiRunner]    ----------------------------------------
[D:AiRunner]    INTERNAL OPERATOR (idx=13, name=EpochBlock_15)
[D:AiRunner]     name="" counters="CPU cycles"[14569, 36590, 2576] dur=0.067ms id=15.15 type=0x5000000/INTERNAL|WITHOUT_TENSOR,"epoch"
[D:AiRunner]    ----------------------------------------
[D:AiRunner]    INTERNAL OPERATOR (idx=14, name=EpochBlock_16)
[D:AiRunner]     name="" counters="CPU cycles"[53657, 153532, 2936] dur=0.263ms id=16.16 type=0x5000000/INTERNAL|WITHOUT_TENSOR,"epoch"
[D:AiRunner]    ----------------------------------------
[D:AiRunner]    INTERNAL OPERATOR (idx=15, name=EpochBlock_17)
[D:AiRunner]     name="" counters="CPU cycles"[1937, 181912, 756] dur=0.231ms id=17.17 type=0x5000000/INTERNAL|WITHOUT_TENSOR,"epoch"
[D:AiRunner]    ----------------------------------------
[D:AiRunner]    INTERNAL OPERATOR (idx=16, name=EpochBlock_18)
[D:AiRunner]     name="" counters="CPU cycles"[54465, 194496, 3516] dur=0.316ms id=18.18 type=0x5000000/INTERNAL|WITHOUT_TENSOR,"epoch"
[D:AiRunner]    ----------------------------------------
[D:AiRunner]    INTERNAL OPERATOR (idx=17, name=EpochBlock_19)
[D:AiRunner]     name="" counters="CPU cycles"[15769, 60732, 3240] dur=0.100ms id=19.19 type=0x5000000/INTERNAL|WITHOUT_TENSOR,"epoch"
[D:AiRunner]    ----------------------------------------
[D:AiRunner]    INTERNAL OPERATOR (idx=18, name=EpochBlock_20)
[D:AiRunner]     name="" counters="CPU cycles"[53311, 153358, 2918] dur=0.262ms id=20.20 type=0x5000000/INTERNAL|WITHOUT_TENSOR,"epoch"
[D:AiRunner]    ----------------------------------------
[D:AiRunner]    INTERNAL OPERATOR (idx=19, name=EpochBlock_21)
[D:AiRunner]     name="" counters="CPU cycles"[51975, 152658, 2300] dur=0.259ms id=21.21 type=0x5000000/INTERNAL|WITHOUT_TENSOR,"epoch"
[D:AiRunner]    ----------------------------------------
[D:AiRunner]    INTERNAL OPERATOR (idx=20, name=EpochBlock_22)
[D:AiRunner]     name="" counters="CPU cycles"[22196, 45448, 2636] dur=0.088ms id=22.22 type=0x5000000/INTERNAL|WITHOUT_TENSOR,"epoch"
[D:AiRunner]    ----------------------------------------
[D:AiRunner]    INTERNAL OPERATOR (idx=21, name=EpochBlock_23)
[D:AiRunner]     name="" counters="CPU cycles"[102305, 81384, 4331] dur=0.235ms id=23.23 type=0x5000000/INTERNAL|WITHOUT_TENSOR,"epoch"
[D:AiRunner]    ----------------------------------------
[D:AiRunner]    INTERNAL OPERATOR (idx=22, name=EpochBlock_24)
[D:AiRunner]     name="" counters="CPU cycles"[98463, 89154, 2380] dur=0.237ms id=24.24 type=0x5000000/INTERNAL|WITHOUT_TENSOR,"epoch"
[D:AiRunner]    ----------------------------------------
[D:AiRunner]    INTERNAL OPERATOR (idx=23, name=EpochBlock_25)
[D:AiRunner]     name="" counters="CPU cycles"[26257, 87676, 4601] dur=0.148ms id=25.25 type=0x5000000/INTERNAL|WITHOUT_TENSOR,"epoch"
[D:AiRunner]    ----------------------------------------
[D:AiRunner]    INTERNAL OPERATOR (idx=24, name=EpochBlock_26)
[D:AiRunner]     name="" counters="CPU cycles"[101921, 81426, 4193] dur=0.234ms id=26.26 type=0x5000000/INTERNAL|WITHOUT_TENSOR,"epoch"
[D:AiRunner]    ----------------------------------------
[D:AiRunner]    INTERNAL OPERATOR (idx=25, name=EpochBlock_27)
[D:AiRunner]     name="" counters="CPU cycles"[97977, 89192, 2329] dur=0.237ms id=27.27 type=0x5000000/INTERNAL|WITHOUT_TENSOR,"epoch"
[D:AiRunner]    ----------------------------------------
[D:AiRunner]    INTERNAL OPERATOR (idx=26, name=EpochBlock_28)
[D:AiRunner]     name="" counters="CPU cycles"[25897, 87760, 4577] dur=0.148ms id=28.28 type=0x5000000/INTERNAL|WITHOUT_TENSOR,"epoch"
[D:AiRunner]    ----------------------------------------
[D:AiRunner]    INTERNAL OPERATOR (idx=27, name=EpochBlock_29)
[D:AiRunner]     name="" counters="CPU cycles"[102137, 81032, 4335] dur=0.234ms id=29.29 type=0x5000000/INTERNAL|WITHOUT_TENSOR,"epoch"
[D:AiRunner]    ----------------------------------------
[D:AiRunner]    INTERNAL OPERATOR (idx=28, name=EpochBlock_30)
[D:AiRunner]     name="" counters="CPU cycles"[1905, 97768, 793] dur=0.126ms id=30.30 type=0x5000000/INTERNAL|WITHOUT_TENSOR,"epoch"
[D:AiRunner]    ----------------------------------------
[D:AiRunner]    INTERNAL OPERATOR (idx=29, name=EpochBlock_31)
[D:AiRunner]     name="" counters="CPU cycles"[100967, 106532, 3582] dur=0.264ms id=31.31 type=0x5000000/INTERNAL|WITHOUT_TENSOR,"epoch"
[D:AiRunner]    ----------------------------------------
[D:AiRunner]    INTERNAL OPERATOR (idx=30, name=EpochBlock_32)
[D:AiRunner]     name="" counters="CPU cycles"[31289, 118098, 3852] dur=0.192ms id=32.32 type=0x5000000/INTERNAL|WITHOUT_TENSOR,"epoch"
[D:AiRunner]    ----------------------------------------
[D:AiRunner]    INTERNAL OPERATOR (idx=31, name=EpochBlock_33)
[D:AiRunner]     name="" counters="CPU cycles"[1929, 9482, 716] dur=0.015ms id=33.33 type=0x5000000/INTERNAL|WITHOUT_TENSOR,"epoch"
[D:AiRunner]    ----------------------------------------
[D:AiRunner]    INTERNAL OPERATOR (idx=32, name=EpochBlock_34)
[D:AiRunner]     name="" counters="CPU cycles"[12510, 418339, 5460] dur=0.545ms id=34.34 type=0x5000000/INTERNAL|WITHOUT_TENSOR,"epoch"
[D:AiRunner]    ----------------------------------------
[D:AiRunner]    INTERNAL OPERATOR (idx=33, name=EpochBlock_35)
[D:AiRunner]     name="" counters="CPU cycles"[1825, 136648, 756] dur=0.174ms id=35.35 type=0x5000000/INTERNAL|WITHOUT_TENSOR,"epoch"
[D:AiRunner]    ----------------------------------------
[D:AiRunner]    INTERNAL OPERATOR (idx=34, name=EpochBlock_36)
[D:AiRunner]     name="" counters="CPU cycles"[9081, 648440, 4140] dur=0.827ms id=36.36 type=0x5000000/INTERNAL|WITHOUT_TENSOR,"epoch"
[D:AiRunner]    ----------------------------------------
[D:AiRunner]    INTERNAL OPERATOR (idx=35, name=EpochBlock_37)
[D:AiRunner]     name="" counters="CPU cycles"[32649, 160024, 4492] dur=0.246ms id=37.37 type=0x5000000/INTERNAL|WITHOUT_TENSOR,"epoch"
[D:AiRunner]    ----------------------------------------
[D:AiRunner]    INTERNAL OPERATOR (idx=36, name=EpochBlock_38)
[D:AiRunner]     name="" counters="CPU cycles"[1849, 9520, 793] dur=0.015ms id=38.38 type=0x5000000/INTERNAL|WITHOUT_TENSOR,"epoch"
[D:AiRunner]    ----------------------------------------
[D:AiRunner]    INTERNAL OPERATOR (idx=37, name=EpochBlock_39)
[D:AiRunner]     name="" counters="CPU cycles"[12201, 427376, 5465] dur=0.556ms id=39.39 type=0x5000000/INTERNAL|WITHOUT_TENSOR,"epoch"
[D:AiRunner]    ----------------------------------------
[D:AiRunner]    INTERNAL OPERATOR (idx=38, name=EpochBlock_40)
[D:AiRunner]     name="" counters="CPU cycles"[1929, 136640, 756] dur=0.174ms id=40.40 type=0x5000000/INTERNAL|WITHOUT_TENSOR,"epoch"
[D:AiRunner]    ----------------------------------------
[D:AiRunner]    INTERNAL OPERATOR (idx=39, name=EpochBlock_41)
[D:AiRunner]     name="" counters="CPU cycles"[9073, 648952, 4148] dur=0.828ms id=41.41 type=0x5000000/INTERNAL|WITHOUT_TENSOR,"epoch"
[D:AiRunner]    ----------------------------------------
[D:AiRunner]    INTERNAL OPERATOR (idx=40, name=EpochBlock_42)
[D:AiRunner]     name="" counters="CPU cycles"[32606, 159774, 4516] dur=0.246ms id=42.42 type=0x5000000/INTERNAL|WITHOUT_TENSOR,"epoch"
[D:AiRunner]    ----------------------------------------
[D:AiRunner]    INTERNAL OPERATOR (idx=41, name=EpochBlock_43)
[D:AiRunner]     name="" counters="CPU cycles"[1921, 9520, 796] dur=0.015ms id=43.43 type=0x5000000/INTERNAL|WITHOUT_TENSOR,"epoch"
[D:AiRunner]    ----------------------------------------
[D:AiRunner]    INTERNAL OPERATOR (idx=42, name=EpochBlock_44)
[D:AiRunner]     name="" counters="CPU cycles"[12481, 418472, 5492] dur=0.546ms id=44.44 type=0x5000000/INTERNAL|WITHOUT_TENSOR,"epoch"
[D:AiRunner]    ----------------------------------------
[D:AiRunner]    INTERNAL OPERATOR (idx=43, name=EpochBlock_45)
[D:AiRunner]     name="" counters="CPU cycles"[1865, 136640, 796] dur=0.174ms id=45.45 type=0x5000000/INTERNAL|WITHOUT_TENSOR,"epoch"
[D:AiRunner]    ----------------------------------------
[D:AiRunner]    INTERNAL OPERATOR (idx=44, name=EpochBlock_46)
[D:AiRunner]     name="" counters="CPU cycles"[9177, 300280, 4258] dur=0.392ms id=46.46 type=0x5000000/INTERNAL|WITHOUT_TENSOR,"epoch"
[D:AiRunner]    ----------------------------------------
[D:AiRunner]    INTERNAL OPERATOR (idx=45, name=EpochBlock_47)
[D:AiRunner]     name="" counters="CPU cycles"[46401, 260618, 3924] dur=0.389ms id=47.47 type=0x5000000/INTERNAL|WITHOUT_TENSOR,"epoch"
[D:AiRunner]    ----------------------------------------
[D:AiRunner]    INTERNAL OPERATOR (idx=46, name=EpochBlock_48)
[D:AiRunner]     name="" counters="CPU cycles"[12105, 546100, 5424] dur=0.705ms id=48.48 type=0x5000000/INTERNAL|WITHOUT_TENSOR,"epoch"
[D:AiRunner]    ----------------------------------------
[D:AiRunner]    INTERNAL OPERATOR (idx=47, name=EpochBlock_49)
[D:AiRunner]     name="" counters="CPU cycles"[1969, 81176, 716] dur=0.105ms id=49.49 type=0x5000000/INTERNAL|WITHOUT_TENSOR,"epoch"
[D:AiRunner]    ----------------------------------------
[D:AiRunner]    INTERNAL OPERATOR (idx=48, name=EpochBlock_50)
[D:AiRunner]     name="" counters="CPU cycles"[8913, 502032, 4116] dur=0.644ms id=50.50 type=0x5000000/INTERNAL|WITHOUT_TENSOR,"epoch"
[D:AiRunner]    ----------------------------------------
[D:AiRunner]    INTERNAL OPERATOR (idx=49, name=EpochBlock_51)
[D:AiRunner]     name="" counters="CPU cycles"[48385, 445472, 4508] dur=0.623ms id=51.51 type=0x5000000/INTERNAL|WITHOUT_TENSOR,"epoch"
[D:AiRunner]    ----------------------------------------
[D:AiRunner]    INTERNAL OPERATOR (idx=50, name=EpochBlock_52)
[D:AiRunner]     name="" counters="CPU cycles"[12329, 534258, 5497] dur=0.690ms id=52.52 type=0x5000000/INTERNAL|WITHOUT_TENSOR,"epoch"
[D:AiRunner]    ----------------------------------------
[D:AiRunner]    INTERNAL OPERATOR (idx=51, name=EpochBlock_53)
[D:AiRunner]     name="" counters="CPU cycles"[1937, 81184, 756] dur=0.105ms id=53.53 type=0x5000000/INTERNAL|WITHOUT_TENSOR,"epoch"
[D:AiRunner]    ----------------------------------------
[D:AiRunner]    INTERNAL OPERATOR (idx=52, name=EpochBlock_54)
[D:AiRunner]     name="" counters="CPU cycles"[9089, 499856, 4215] dur=0.641ms id=54.54 type=0x5000000/INTERNAL|WITHOUT_TENSOR,"epoch"
[D:AiRunner]    ----------------------------------------
[D:AiRunner]    INTERNAL OPERATOR (idx=53, name=EpochBlock_55)
[D:AiRunner]     name="" counters="CPU cycles"[47673, 445378, 4492] dur=0.622ms id=55.55 type=0x5000000/INTERNAL|WITHOUT_TENSOR,"epoch"
[D:AiRunner]    ----------------------------------------
[D:AiRunner]    INTERNAL OPERATOR (idx=54, name=EpochBlock_56)
[D:AiRunner]     name="" counters="CPU cycles"[12081, 540840, 5452] dur=0.698ms id=56.56 type=0x5000000/INTERNAL|WITHOUT_TENSOR,"epoch"
[D:AiRunner]    ----------------------------------------
[D:AiRunner]    INTERNAL OPERATOR (idx=55, name=EpochBlock_57)
[D:AiRunner]     name="" counters="CPU cycles"[1897, 81160, 716] dur=0.105ms id=57.57 type=0x5000000/INTERNAL|WITHOUT_TENSOR,"epoch"
[D:AiRunner]    ----------------------------------------
[D:AiRunner]    INTERNAL OPERATOR (idx=56, name=EpochBlock_58)
[D:AiRunner]     name="" counters="CPU cycles"[8969, 502248, 4124] dur=0.644ms id=58.58 type=0x5000000/INTERNAL|WITHOUT_TENSOR,"epoch"
[D:AiRunner]    ----------------------------------------
[D:AiRunner]    INTERNAL OPERATOR (idx=57, name=EpochBlock_59)
[D:AiRunner]     name="" counters="CPU cycles"[48025, 445128, 4524] dur=0.622ms id=59.59 type=0x5000000/INTERNAL|WITHOUT_TENSOR,"epoch"
[D:AiRunner]    ----------------------------------------
[D:AiRunner]    INTERNAL OPERATOR (idx=58, name=EpochBlock_60)
[D:AiRunner]     name="" counters="CPU cycles"[12457, 533632, 5489] dur=0.689ms id=60.60 type=0x5000000/INTERNAL|WITHOUT_TENSOR,"epoch"
[D:AiRunner]    ----------------------------------------
[D:AiRunner]    INTERNAL OPERATOR (idx=59, name=EpochBlock_61)
[D:AiRunner]     name="" counters="CPU cycles"[7073, 347016, 3148] dur=0.447ms id=61.61 type=0x5000000/INTERNAL|WITHOUT_TENSOR,"epoch"
[D:AiRunner]    ----------------------------------------
[D:AiRunner]    INTERNAL OPERATOR (idx=60, name=EpochBlock_62)
[D:AiRunner]     name="" counters="CPU cycles"[8537, 1680, 3724] dur=0.017ms id=62.62 type=0x5000000/INTERNAL|WITHOUT_TENSOR,"epoch"
[D:AiRunner]    ----------------------------------------
[D:AiRunner]    INTERNAL OPERATOR (idx=61, name=EpochBlock_63)
[D:AiRunner]     name="" counters="CPU cycles"[18374, 468459, 5092] dur=0.615ms id=63.63 type=0x5000000/INTERNAL|WITHOUT_TENSOR,"epoch"
[D:AiRunner]    ----------------------------------------
[D:AiRunner]    INTERNAL OPERATOR (idx=62, name=EpochBlock_64)
[D:AiRunner]     name="" counters="CPU cycles"[82, 35, 3933] dur=0.005ms id=64.64 type=0x1000002/INTERNAL,"epoch (SW)"
[D:AiRunner]    INTERNAL TENSOR #0
[D:AiRunner]     IOTensor: Dequantize_226_out_0, E.64.0, , 0x342e0000 f32[1,63], 252 Bytes
[D:AiRunner]     last=True, data_size=0
[D:AiRunner]    ----------------------------------------
[D:AiRunner]    INTERNAL OPERATOR (idx=63, name=EpochBlock_65)
[D:AiRunner]     name="" counters="CPU cycles"[15913, 3280, 3508] dur=0.028ms id=65.65 type=0x5000000/INTERNAL|WITHOUT_TENSOR,"epoch"
[D:AiRunner]    ----------------------------------------
[D:AiRunner]    INTERNAL OPERATOR (idx=64, name=EpochBlock_66)
[D:AiRunner]     name="" counters="CPU cycles"[44, 35, 3305] dur=0.004ms id=66.66 type=0x1000002/INTERNAL,"epoch (SW)"
[D:AiRunner]    INTERNAL TENSOR #0
[D:AiRunner]     IOTensor: Dequantize_229_out_0, E.66.0, , 0x342e0100 f32[1,63], 252 Bytes
[D:AiRunner]     last=True, data_size=0
[D:AiRunner]    ----------------------------------------
[D:AiRunner]    INTERNAL OPERATOR (idx=65, name=EpochBlock_67)
[D:AiRunner]     name="" counters="CPU cycles"[46, 35, 2863] dur=0.004ms id=67.67 type=0x1000002/INTERNAL,"epoch (SW)"
[D:AiRunner]    INTERNAL TENSOR #0
[D:AiRunner]     IOTensor: Dequantize_219_out_0, E.67.0, , 0x342e0200 f32[1,1], 4 Bytes
[D:AiRunner]     last=True, data_size=0
[D:AiRunner]    ----------------------------------------
[D:AiRunner]    INTERNAL OPERATOR (idx=66, name=EpochBlock_68)
[D:AiRunner]     name="" counters="CPU cycles"[4521, 561, 1700] dur=0.008ms id=68.68 type=0x5000000/INTERNAL|WITHOUT_TENSOR,"epoch"
[D:AiRunner]    ----------------------------------------
[D:AiRunner]    INTERNAL OPERATOR (idx=67, name=EpochBlock_69)
[D:AiRunner]     name="" counters="CPU cycles"[46, 35, 2263] dur=0.003ms id=69.69 type=0x1000002/INTERNAL,"epoch (SW)"
[D:AiRunner]    INTERNAL TENSOR #0
[D:AiRunner]     IOTensor: Dequantize_223_out_0, E.69.0, , 0x342e0210 f32[1,1], 4 Bytes
[D:AiRunner]     last=True, data_size=0
[D:AiRunner]    ----------------------------------------
[D:AiRunner]    INFERENCE DONE
[D:AiRunner]     name="network" counters="CPU cycles"[1655067, 16105447, 211341, 17984330, 0] dur=22.480ms id=0.0 type=0x0/NONE,"epoch"
[D:AiRunner]    RECEIVE OUTPUT TENSOR #0 last=False..
[D:AiRunner]     IOTensor: Dequantize_223_out_0, O_0, , 0x342e0210 f32[1,1], 4 Bytes
[D:AiRunner]    RECEIVE OUTPUT TENSOR #1 last=False..
[D:AiRunner]     IOTensor: Dequantize_229_out_0, O_1, , 0x342e0100 f32[1,63], 252 Bytes
[D:AiRunner]    RECEIVE OUTPUT TENSOR #2 last=False..
[D:AiRunner]     IOTensor: Dequantize_219_out_0, O_2, , 0x342e0200 f32[1,1], 4 Bytes
[D:AiRunner]    RECEIVE OUTPUT TENSOR #3 last=True..
[D:AiRunner]     IOTensor: Dequantize_226_out_0, O_3, , 0x342e0000 f32[1,63], 252 Bytes
[D:AiRunner] <- done (target dur=22.465ms)
[D:AiRunner] -> Requested RUN mode: Mode.PER_LAYER (param=0b11, option=0x0)
[D:AiRunner]    SEND INPUT TENSOR #0 ((1, 224, 224, 3)/uint8) last=True..
[D:AiRunner]    ----------------------------------------
[D:AiRunner]    INTERNAL OPERATOR (idx=0, name=EpochBlock_2)
[D:AiRunner]     name="" counters="CPU cycles"[3535, 121120, 1601] dur=0.158ms id=2.2 type=0x5000000/INTERNAL|WITHOUT_TENSOR,"epoch"
[D:AiRunner]    ----------------------------------------
[D:AiRunner]    INTERNAL OPERATOR (idx=1, name=EpochBlock_3)
[D:AiRunner]     name="" counters="CPU cycles"[15329, 363856, 3244] dur=0.478ms id=3.3 type=0x5000000/INTERNAL|WITHOUT_TENSOR,"epoch"
[D:AiRunner]    ----------------------------------------
[D:AiRunner]    INTERNAL OPERATOR (idx=2, name=EpochBlock_4)
[D:AiRunner]     name="" counters="CPU cycles"[5625, 241688, 1420] dur=0.311ms id=4.4 type=0x5000000/INTERNAL|WITHOUT_TENSOR,"epoch"
[D:AiRunner]    ----------------------------------------
[D:AiRunner]    INTERNAL OPERATOR (idx=3, name=EpochBlock_5)
[D:AiRunner]     name="" counters="CPU cycles"[8673, 242536, 1932] dur=0.316ms id=5.5 type=0x5000000/INTERNAL|WITHOUT_TENSOR,"epoch"
[D:AiRunner]    ----------------------------------------
[D:AiRunner]    INTERNAL OPERATOR (idx=4, name=EpochBlock_6)
[D:AiRunner]     name="" counters="CPU cycles"[18257, 644372, 2272] dur=0.831ms id=6.6 type=0x5000000/INTERNAL|WITHOUT_TENSOR,"epoch"
[D:AiRunner]    ----------------------------------------
[D:AiRunner]    INTERNAL OPERATOR (idx=5, name=EpochBlock_7)
[D:AiRunner]     name="" counters="CPU cycles"[18009, 643323, 2313] dur=0.830ms id=7.7 type=0x5000000/INTERNAL|WITHOUT_TENSOR,"epoch"
[D:AiRunner]    ----------------------------------------
[D:AiRunner]    INTERNAL OPERATOR (idx=6, name=EpochBlock_8)
[D:AiRunner]     name="" counters="CPU cycles"[9593, 64109, 1935] dur=0.095ms id=8.8 type=0x5000000/INTERNAL|WITHOUT_TENSOR,"epoch"
[D:AiRunner]    ----------------------------------------
[D:AiRunner]    INTERNAL OPERATOR (idx=7, name=EpochBlock_9)
[D:AiRunner]     name="" counters="CPU cycles"[33929, 363944, 2274] dur=0.500ms id=9.9 type=0x5000000/INTERNAL|WITHOUT_TENSOR,"epoch"
[D:AiRunner]    ----------------------------------------
[D:AiRunner]    INTERNAL OPERATOR (idx=8, name=EpochBlock_10)
[D:AiRunner]     name="" counters="CPU cycles"[33513, 377400, 2300] dur=0.517ms id=10.10 type=0x5000000/INTERNAL|WITHOUT_TENSOR,"epoch"
[D:AiRunner]    ----------------------------------------
[D:AiRunner]    INTERNAL OPERATOR (idx=9, name=EpochBlock_11)
[D:AiRunner]     name="" counters="CPU cycles"[12209, 67952, 3333] dur=0.104ms id=11.11 type=0x5000000/INTERNAL|WITHOUT_TENSOR,"epoch"
[D:AiRunner]    ----------------------------------------
[D:AiRunner]    INTERNAL OPERATOR (idx=10, name=EpochBlock_12)
[D:AiRunner]     name="" counters="CPU cycles"[33617, 363856, 2429] dur=0.500ms id=12.12 type=0x5000000/INTERNAL|WITHOUT_TENSOR,"epoch"
[D:AiRunner]    ----------------------------------------
[D:AiRunner]    INTERNAL OPERATOR (idx=11, name=EpochBlock_13)
[D:AiRunner]     name="" counters="CPU cycles"[1985, 405680, 793] dur=0.511ms id=13.13 type=0x5000000/INTERNAL|WITHOUT_TENSOR,"epoch"
[D:AiRunner]    ----------------------------------------
[D:AiRunner]    INTERNAL OPERATOR (idx=12, name=EpochBlock_14)
[D:AiRunner]     name="" counters="CPU cycles"[36049, 366664, 3492] dur=0.508ms id=14.14 type=0x5000000/INTERNAL|WITHOUT_TENSOR,"epoch"
[D:AiRunner]    ----------------------------------------
[D:AiRunner]    INTERNAL OPERATOR (idx=13, name=EpochBlock_15)
[D:AiRunner]     name="" counters="CPU cycles"[14537, 36583, 2607] dur=0.067ms id=15.15 type=0x5000000/INTERNAL|WITHOUT_TENSOR,"epoch"
[D:AiRunner]    ----------------------------------------
[D:AiRunner]    INTERNAL OPERATOR (idx=14, name=EpochBlock_16)
[D:AiRunner]     name="" counters="CPU cycles"[53801, 153528, 2940] dur=0.263ms id=16.16 type=0x5000000/INTERNAL|WITHOUT_TENSOR,"epoch"
[D:AiRunner]    ----------------------------------------
[D:AiRunner]    INTERNAL OPERATOR (idx=15, name=EpochBlock_17)
[D:AiRunner]     name="" counters="CPU cycles"[1937, 181904, 756] dur=0.231ms id=17.17 type=0x5000000/INTERNAL|WITHOUT_TENSOR,"epoch"
[D:AiRunner]    ----------------------------------------
[D:AiRunner]    INTERNAL OPERATOR (idx=16, name=EpochBlock_18)
[D:AiRunner]     name="" counters="CPU cycles"[55065, 194450, 3553] dur=0.316ms id=18.18 type=0x5000000/INTERNAL|WITHOUT_TENSOR,"epoch"
[D:AiRunner]    ----------------------------------------
[D:AiRunner]    INTERNAL OPERATOR (idx=17, name=EpochBlock_19)
[D:AiRunner]     name="" counters="CPU cycles"[16009, 60650, 3244] dur=0.100ms id=19.19 type=0x5000000/INTERNAL|WITHOUT_TENSOR,"epoch"
[D:AiRunner]    ----------------------------------------
[D:AiRunner]    INTERNAL OPERATOR (idx=18, name=EpochBlock_20)
[D:AiRunner]     name="" counters="CPU cycles"[53799, 153314, 2951] dur=0.263ms id=20.20 type=0x5000000/INTERNAL|WITHOUT_TENSOR,"epoch"
[D:AiRunner]    ----------------------------------------
[D:AiRunner]    INTERNAL OPERATOR (idx=19, name=EpochBlock_21)
[D:AiRunner]     name="" counters="CPU cycles"[51953, 152658, 2337] dur=0.259ms id=21.21 type=0x5000000/INTERNAL|WITHOUT_TENSOR,"epoch"
[D:AiRunner]    ----------------------------------------
[D:AiRunner]    INTERNAL OPERATOR (idx=20, name=EpochBlock_22)
[D:AiRunner]     name="" counters="CPU cycles"[22345, 45448, 2612] dur=0.088ms id=22.22 type=0x5000000/INTERNAL|WITHOUT_TENSOR,"epoch"
[D:AiRunner]    ----------------------------------------
[D:AiRunner]    INTERNAL OPERATOR (idx=21, name=EpochBlock_23)
[D:AiRunner]     name="" counters="CPU cycles"[102255, 81346, 4367] dur=0.235ms id=23.23 type=0x5000000/INTERNAL|WITHOUT_TENSOR,"epoch"
[D:AiRunner]    ----------------------------------------
[D:AiRunner]    INTERNAL OPERATOR (idx=22, name=EpochBlock_24)
[D:AiRunner]     name="" counters="CPU cycles"[98417, 89232, 2380] dur=0.238ms id=24.24 type=0x5000000/INTERNAL|WITHOUT_TENSOR,"epoch"
[D:AiRunner]    ----------------------------------------
[D:AiRunner]    INTERNAL OPERATOR (idx=23, name=EpochBlock_25)
[D:AiRunner]     name="" counters="CPU cycles"[26329, 87746, 4524] dur=0.148ms id=25.25 type=0x5000000/INTERNAL|WITHOUT_TENSOR,"epoch"
[D:AiRunner]    ----------------------------------------
[D:AiRunner]    INTERNAL OPERATOR (idx=24, name=EpochBlock_26)
[D:AiRunner]     name="" counters="CPU cycles"[102121, 81346, 4244] dur=0.235ms id=26.26 type=0x5000000/INTERNAL|WITHOUT_TENSOR,"epoch"
[D:AiRunner]    ----------------------------------------
[D:AiRunner]    INTERNAL OPERATOR (idx=25, name=EpochBlock_27)
[D:AiRunner]     name="" counters="CPU cycles"[98495, 89154, 2244] dur=0.237ms id=27.27 type=0x5000000/INTERNAL|WITHOUT_TENSOR,"epoch"
[D:AiRunner]    ----------------------------------------
[D:AiRunner]    INTERNAL OPERATOR (idx=26, name=EpochBlock_28)
[D:AiRunner]     name="" counters="CPU cycles"[26089, 87760, 4476] dur=0.148ms id=28.28 type=0x5000000/INTERNAL|WITHOUT_TENSOR,"epoch"
[D:AiRunner]    ----------------------------------------
[D:AiRunner]    INTERNAL OPERATOR (idx=27, name=EpochBlock_29)
[D:AiRunner]     name="" counters="CPU cycles"[102153, 81112, 4236] dur=0.234ms id=29.29 type=0x5000000/INTERNAL|WITHOUT_TENSOR,"epoch"
[D:AiRunner]    ----------------------------------------
[D:AiRunner]    INTERNAL OPERATOR (idx=28, name=EpochBlock_30)
[D:AiRunner]     name="" counters="CPU cycles"[1857, 97760, 793] dur=0.126ms id=30.30 type=0x5000000/INTERNAL|WITHOUT_TENSOR,"epoch"
[D:AiRunner]    ----------------------------------------
[D:AiRunner]    INTERNAL OPERATOR (idx=29, name=EpochBlock_31)
[D:AiRunner]     name="" counters="CPU cycles"[101031, 106530, 3545] dur=0.264ms id=31.31 type=0x5000000/INTERNAL|WITHOUT_TENSOR,"epoch"
[D:AiRunner]    ----------------------------------------
[D:AiRunner]    INTERNAL OPERATOR (idx=30, name=EpochBlock_32)
[D:AiRunner]     name="" counters="CPU cycles"[31129, 118208, 3889] dur=0.192ms id=32.32 type=0x5000000/INTERNAL|WITHOUT_TENSOR,"epoch"
[D:AiRunner]    ----------------------------------------
[D:AiRunner]    INTERNAL OPERATOR (idx=31, name=EpochBlock_33)
[D:AiRunner]     name="" counters="CPU cycles"[1969, 9526, 720] dur=0.015ms id=33.33 type=0x5000000/INTERNAL|WITHOUT_TENSOR,"epoch"
[D:AiRunner]    ----------------------------------------
[D:AiRunner]    INTERNAL OPERATOR (idx=32, name=EpochBlock_34)
[D:AiRunner]     name="" counters="CPU cycles"[12510, 418339, 5460] dur=0.545ms id=34.34 type=0x5000000/INTERNAL|WITHOUT_TENSOR,"epoch"
[D:AiRunner]    ----------------------------------------
[D:AiRunner]    INTERNAL OPERATOR (idx=33, name=EpochBlock_35)
[D:AiRunner]     name="" counters="CPU cycles"[1825, 136648, 756] dur=0.174ms id=35.35 type=0x5000000/INTERNAL|WITHOUT_TENSOR,"epoch"
[D:AiRunner]    ----------------------------------------
[D:AiRunner]    INTERNAL OPERATOR (idx=34, name=EpochBlock_36)
[D:AiRunner]     name="" counters="CPU cycles"[9121, 648376, 4140] dur=0.827ms id=36.36 type=0x5000000/INTERNAL|WITHOUT_TENSOR,"epoch"
[D:AiRunner]    ----------------------------------------
[D:AiRunner]    INTERNAL OPERATOR (idx=35, name=EpochBlock_37)
[D:AiRunner]     name="" counters="CPU cycles"[32625, 160016, 4524] dur=0.246ms id=37.37 type=0x5000000/INTERNAL|WITHOUT_TENSOR,"epoch"
[D:AiRunner]    ----------------------------------------
[D:AiRunner]    INTERNAL OPERATOR (idx=36, name=EpochBlock_38)
[D:AiRunner]     name="" counters="CPU cycles"[1889, 9520, 756] dur=0.015ms id=38.38 type=0x5000000/INTERNAL|WITHOUT_TENSOR,"epoch"
[D:AiRunner]    ----------------------------------------
[D:AiRunner]    INTERNAL OPERATOR (idx=37, name=EpochBlock_39)
[D:AiRunner]     name="" counters="CPU cycles"[12225, 427136, 5452] dur=0.556ms id=39.39 type=0x5000000/INTERNAL|WITHOUT_TENSOR,"epoch"
[D:AiRunner]    ----------------------------------------
[D:AiRunner]    INTERNAL OPERATOR (idx=38, name=EpochBlock_40)
[D:AiRunner]     name="" counters="CPU cycles"[1889, 136640, 793] dur=0.174ms id=40.40 type=0x5000000/INTERNAL|WITHOUT_TENSOR,"epoch"
[D:AiRunner]    ----------------------------------------
[D:AiRunner]    INTERNAL OPERATOR (idx=39, name=EpochBlock_41)
[D:AiRunner]     name="" counters="CPU cycles"[9113, 649082, 4164] dur=0.828ms id=41.41 type=0x5000000/INTERNAL|WITHOUT_TENSOR,"epoch"
[D:AiRunner]    ----------------------------------------
[D:AiRunner]    INTERNAL OPERATOR (idx=40, name=EpochBlock_42)
[D:AiRunner]     name="" counters="CPU cycles"[32606, 159803, 4492] dur=0.246ms id=42.42 type=0x5000000/INTERNAL|WITHOUT_TENSOR,"epoch"
[D:AiRunner]    ----------------------------------------
[D:AiRunner]    INTERNAL OPERATOR (idx=41, name=EpochBlock_43)
[D:AiRunner]     name="" counters="CPU cycles"[1921, 9520, 796] dur=0.015ms id=43.43 type=0x5000000/INTERNAL|WITHOUT_TENSOR,"epoch"
[D:AiRunner]    ----------------------------------------
[D:AiRunner]    INTERNAL OPERATOR (idx=42, name=EpochBlock_44)
[D:AiRunner]     name="" counters="CPU cycles"[12273, 418464, 5428] dur=0.545ms id=44.44 type=0x5000000/INTERNAL|WITHOUT_TENSOR,"epoch"
[D:AiRunner]    ----------------------------------------
[D:AiRunner]    INTERNAL OPERATOR (idx=43, name=EpochBlock_45)
[D:AiRunner]     name="" counters="CPU cycles"[1857, 136648, 796] dur=0.174ms id=45.45 type=0x5000000/INTERNAL|WITHOUT_TENSOR,"epoch"
[D:AiRunner]    ----------------------------------------
[D:AiRunner]    INTERNAL OPERATOR (idx=44, name=EpochBlock_46)
[D:AiRunner]     name="" counters="CPU cycles"[9081, 300456, 4315] dur=0.392ms id=46.46 type=0x5000000/INTERNAL|WITHOUT_TENSOR,"epoch"
[D:AiRunner]    ----------------------------------------
[D:AiRunner]    INTERNAL OPERATOR (idx=45, name=EpochBlock_47)
[D:AiRunner]     name="" counters="CPU cycles"[46758, 260590, 4001] dur=0.389ms id=47.47 type=0x5000000/INTERNAL|WITHOUT_TENSOR,"epoch"
[D:AiRunner]    ----------------------------------------
[D:AiRunner]    INTERNAL OPERATOR (idx=46, name=EpochBlock_48)
[D:AiRunner]     name="" counters="CPU cycles"[12137, 542800, 5465] dur=0.701ms id=48.48 type=0x5000000/INTERNAL|WITHOUT_TENSOR,"epoch"
[D:AiRunner]    ----------------------------------------
[D:AiRunner]    INTERNAL OPERATOR (idx=47, name=EpochBlock_49)
[D:AiRunner]     name="" counters="CPU cycles"[1929, 81236, 752] dur=0.105ms id=49.49 type=0x5000000/INTERNAL|WITHOUT_TENSOR,"epoch"
[D:AiRunner]    ----------------------------------------
[D:AiRunner]    INTERNAL OPERATOR (idx=48, name=EpochBlock_50)
[D:AiRunner]     name="" counters="CPU cycles"[8921, 502088, 4116] dur=0.644ms id=50.50 type=0x5000000/INTERNAL|WITHOUT_TENSOR,"epoch"
[D:AiRunner]    ----------------------------------------
[D:AiRunner]    INTERNAL OPERATOR (idx=49, name=EpochBlock_51)
[D:AiRunner]     name="" counters="CPU cycles"[48262, 445435, 4508] dur=0.623ms id=51.51 type=0x5000000/INTERNAL|WITHOUT_TENSOR,"epoch"
[D:AiRunner]    ----------------------------------------
[D:AiRunner]    INTERNAL OPERATOR (idx=50, name=EpochBlock_52)
[D:AiRunner]     name="" counters="CPU cycles"[12345, 534008, 5573] dur=0.690ms id=52.52 type=0x5000000/INTERNAL|WITHOUT_TENSOR,"epoch"
[D:AiRunner]    ----------------------------------------
[D:AiRunner]    INTERNAL OPERATOR (idx=51, name=EpochBlock_53)
[D:AiRunner]     name="" counters="CPU cycles"[1897, 81184, 793] dur=0.105ms id=53.53 type=0x5000000/INTERNAL|WITHOUT_TENSOR,"epoch"
[D:AiRunner]    ----------------------------------------
[D:AiRunner]    INTERNAL OPERATOR (idx=52, name=EpochBlock_54)
[D:AiRunner]     name="" counters="CPU cycles"[9089, 500000, 4177] dur=0.642ms id=54.54 type=0x5000000/INTERNAL|WITHOUT_TENSOR,"epoch"
[D:AiRunner]    ----------------------------------------
[D:AiRunner]    INTERNAL OPERATOR (idx=53, name=EpochBlock_55)
[D:AiRunner]     name="" counters="CPU cycles"[47755, 445338, 4492] dur=0.622ms id=55.55 type=0x5000000/INTERNAL|WITHOUT_TENSOR,"epoch"
[D:AiRunner]    ----------------------------------------
[D:AiRunner]    INTERNAL OPERATOR (idx=54, name=EpochBlock_56)
[D:AiRunner]     name="" counters="CPU cycles"[12006, 540131, 5388] dur=0.697ms id=56.56 type=0x5000000/INTERNAL|WITHOUT_TENSOR,"epoch"
[D:AiRunner]    ----------------------------------------
[D:AiRunner]    INTERNAL OPERATOR (idx=55, name=EpochBlock_57)
[D:AiRunner]     name="" counters="CPU cycles"[1889, 81168, 716] dur=0.105ms id=57.57 type=0x5000000/INTERNAL|WITHOUT_TENSOR,"epoch"
[D:AiRunner]    ----------------------------------------
[D:AiRunner]    INTERNAL OPERATOR (idx=56, name=EpochBlock_58)
[D:AiRunner]     name="" counters="CPU cycles"[9041, 502548, 4120] dur=0.645ms id=58.58 type=0x5000000/INTERNAL|WITHOUT_TENSOR,"epoch"
[D:AiRunner]    ----------------------------------------
[D:AiRunner]    INTERNAL OPERATOR (idx=57, name=EpochBlock_59)
[D:AiRunner]     name="" counters="CPU cycles"[48273, 445128, 4492] dur=0.622ms id=59.59 type=0x5000000/INTERNAL|WITHOUT_TENSOR,"epoch"
[D:AiRunner]    ----------------------------------------
[D:AiRunner]    INTERNAL OPERATOR (idx=58, name=EpochBlock_60)
[D:AiRunner]     name="" counters="CPU cycles"[12513, 533584, 5489] dur=0.689ms id=60.60 type=0x5000000/INTERNAL|WITHOUT_TENSOR,"epoch"
[D:AiRunner]    ----------------------------------------
[D:AiRunner]    INTERNAL OPERATOR (idx=59, name=EpochBlock_61)
[D:AiRunner]     name="" counters="CPU cycles"[6993, 347016, 3265] dur=0.447ms id=61.61 type=0x5000000/INTERNAL|WITHOUT_TENSOR,"epoch"
[D:AiRunner]    ----------------------------------------
[D:AiRunner]    INTERNAL OPERATOR (idx=60, name=EpochBlock_62)
[D:AiRunner]     name="" counters="CPU cycles"[8486, 1643, 3724] dur=0.017ms id=62.62 type=0x5000000/INTERNAL|WITHOUT_TENSOR,"epoch"
[D:AiRunner]    ----------------------------------------
[D:AiRunner]    INTERNAL OPERATOR (idx=61, name=EpochBlock_63)
[D:AiRunner]     name="" counters="CPU cycles"[18185, 468536, 5092] dur=0.615ms id=63.63 type=0x5000000/INTERNAL|WITHOUT_TENSOR,"epoch"
[D:AiRunner]    ----------------------------------------
[D:AiRunner]    INTERNAL OPERATOR (idx=62, name=EpochBlock_64)
[D:AiRunner]     name="" counters="CPU cycles"[46, 74, 3836] dur=0.005ms id=64.64 type=0x1000002/INTERNAL,"epoch (SW)"
[D:AiRunner]    INTERNAL TENSOR #0
[D:AiRunner]     IOTensor: Dequantize_226_out_0, E.64.0, , 0x342e0000 f32[1,63], 252 Bytes
[D:AiRunner]     last=True, data_size=0
[D:AiRunner]    ----------------------------------------
[D:AiRunner]    INTERNAL OPERATOR (idx=63, name=EpochBlock_65)
[D:AiRunner]     name="" counters="CPU cycles"[15833, 3320, 3521] dur=0.028ms id=65.65 type=0x5000000/INTERNAL|WITHOUT_TENSOR,"epoch"
[D:AiRunner]    ----------------------------------------
[D:AiRunner]    INTERNAL OPERATOR (idx=64, name=EpochBlock_66)
[D:AiRunner]     name="" counters="CPU cycles"[46, 35, 3263] dur=0.004ms id=66.66 type=0x1000002/INTERNAL,"epoch (SW)"
[D:AiRunner]    INTERNAL TENSOR #0
[D:AiRunner]     IOTensor: Dequantize_229_out_0, E.66.0, , 0x342e0100 f32[1,63], 252 Bytes
[D:AiRunner]     last=True, data_size=0
[D:AiRunner]    ----------------------------------------
[D:AiRunner]    INTERNAL OPERATOR (idx=65, name=EpochBlock_67)
[D:AiRunner]     name="" counters="CPU cycles"[46, 35, 2896] dur=0.004ms id=67.67 type=0x1000002/INTERNAL,"epoch (SW)"
[D:AiRunner]    INTERNAL TENSOR #0
[D:AiRunner]     IOTensor: Dequantize_219_out_0, E.67.0, , 0x342e0200 f32[1,1], 4 Bytes
[D:AiRunner]     last=True, data_size=0
[D:AiRunner]    ----------------------------------------
[D:AiRunner]    INTERNAL OPERATOR (idx=66, name=EpochBlock_68)
[D:AiRunner]     name="" counters="CPU cycles"[4561, 561, 1713] dur=0.009ms id=68.68 type=0x5000000/INTERNAL|WITHOUT_TENSOR,"epoch"
[D:AiRunner]    ----------------------------------------
[D:AiRunner]    INTERNAL OPERATOR (idx=67, name=EpochBlock_69)
[D:AiRunner]     name="" counters="CPU cycles"[46, 35, 2225] dur=0.003ms id=69.69 type=0x1000002/INTERNAL,"epoch (SW)"
[D:AiRunner]    INTERNAL TENSOR #0
[D:AiRunner]     IOTensor: Dequantize_223_out_0, E.69.0, , 0x342e0210 f32[1,1], 4 Bytes
[D:AiRunner]     last=True, data_size=0
[D:AiRunner]    ----------------------------------------
[D:AiRunner]    INFERENCE DONE
[D:AiRunner]     name="network" counters="CPU cycles"[1657606, 16101896, 211245, 17983199, 0] dur=22.479ms id=0.0 type=0x0/NONE,"epoch"
[D:AiRunner]    RECEIVE OUTPUT TENSOR #0 last=False..
[D:AiRunner]     IOTensor: Dequantize_223_out_0, O_0, , 0x342e0210 f32[1,1], 4 Bytes
[D:AiRunner]    RECEIVE OUTPUT TENSOR #1 last=False..
[D:AiRunner]     IOTensor: Dequantize_229_out_0, O_1, , 0x342e0100 f32[1,63], 252 Bytes
[D:AiRunner]    RECEIVE OUTPUT TENSOR #2 last=False..
[D:AiRunner]     IOTensor: Dequantize_219_out_0, O_2, , 0x342e0200 f32[1,1], 4 Bytes
[D:AiRunner]    RECEIVE OUTPUT TENSOR #3 last=True..
[D:AiRunner]     IOTensor: Dequantize_226_out_0, O_3, , 0x342e0000 f32[1,63], 252 Bytes
[D:AiRunner] <- done (target dur=22.463ms)
[D:AiRunner] _release_all(Proto-buffer driver v2.0 (msg v3.1) (Serial driver v1.0 - COM4:921600) ['network'])
