[D:AiRunner] creating "AiRunner" object (v3.2)
[D:AiRunner] resolving('desc' parameter: 'serial:/dev/tty.usbmodemCDC_ACM0011')..
[D:AiRunner] creating <stm_ai_runner.pb_mgr_drv.AiPbMsg object at 0x1068c2a10> (v2.0)
[D:AiRunner] creating <stm_ai_runner.serial_hw_drv.SerialHwDriver object at 0x1068c26e0>
[D:AiRunner] 'desc' parameter for 'AiPbMsg' driver: '/dev/tty.usbmodemCDC_ACM0011'
[D:AiRunner] connecting..
[D:AiRunner] baud=115200 device=/dev/tty.usbmodemCDC_ACM0011 timeout=0.1 io_hw_log=None
[D:AiRunner] 0: {'device': '/dev/tty.usbmodemCDC_ACM0011'}
[D:AiRunner] -> [sync msg]
[D:AiRunner]    version: 769
[D:AiRunner]    capability: 1
[D:AiRunner]    rtid: 65540
[D:AiRunner] <- [sync msg]
[D:AiRunner] CMD_SYNC v3.1
[D:AiRunner] connection successful
[D:AiRunner] -> [sys_info msg]
[D:AiRunner]    devid: 1158
[D:AiRunner]    sclock: 800000000
[D:AiRunner]    hclock: 400000000
[D:AiRunner]    cache: 83954688
[D:AiRunner]    com_param: 382
[D:AiRunner]    extra: 0
[D:AiRunner]    extra: 1000000000
[D:AiRunner]    extra: 900000000
[D:AiRunner]    extra: 0
[D:AiRunner] <- [sys_info msg]
[D:AiRunner] -> [model_info msg]
[D:AiRunner]    name: "network"
[D:AiRunner]    rtid: 117506052
[D:AiRunner]    signature: ""
[D:AiRunner]    compile_datetime: "Jul 20 2025 23:11:43"
[D:AiRunner]    runtime_version: 167837696
[D:AiRunner]    tool_version: 16843008
[D:AiRunner]    n_macc: 0
[D:AiRunner]    n_nodes: 68
[D:AiRunner]    n_inputs: 1
[D:AiRunner]    inputs {
[D:AiRunner]      name: "Input_0_out_0"
[D:AiRunner]      format: 263232
[D:AiRunner]      size: 150528
[D:AiRunner]      n_dims: 4
[D:AiRunner]      dims: 1
[D:AiRunner]      dims: 224
[D:AiRunner]      dims: 224
[D:AiRunner]      dims: 3
[D:AiRunner]      scale: 0.0039215684
[D:AiRunner]      zeropoint: 0
[D:AiRunner]      addr: 875429888
[D:AiRunner]      flags: 1025
[D:AiRunner]    }
[D:AiRunner]    n_outputs: 4
[D:AiRunner]    outputs {
[D:AiRunner]      name: "Dequantize_223_out_0"
[D:AiRunner]      format: 8523840
[D:AiRunner]      size: 1
[D:AiRunner]      n_dims: 2
[D:AiRunner]      dims: 1
[D:AiRunner]      dims: 1
[D:AiRunner]      scale: 0.0
[D:AiRunner]      zeropoint: 0
[D:AiRunner]      addr: 875430416
[D:AiRunner]      flags: 1026
[D:AiRunner]    }
[D:AiRunner]    outputs {
[D:AiRunner]      name: "Dequantize_229_out_0"
[D:AiRunner]      format: 8523840
[D:AiRunner]      size: 63
[D:AiRunner]      n_dims: 2
[D:AiRunner]      dims: 1
[D:AiRunner]      dims: 63
[D:AiRunner]      scale: 0.0
[D:AiRunner]      zeropoint: 0
[D:AiRunner]      addr: 875430144
[D:AiRunner]      flags: 1026
[D:AiRunner]    }
[D:AiRunner]    outputs {
[D:AiRunner]      name: "Dequantize_219_out_0"
[D:AiRunner]      format: 8523840
[D:AiRunner]      size: 1
[D:AiRunner]      n_dims: 2
[D:AiRunner]      dims: 1
[D:AiRunner]      dims: 1
[D:AiRunner]      scale: 0.0
[D:AiRunner]      zeropoint: 0
[D:AiRunner]      addr: 875430400
[D:AiRunner]      flags: 1026
[D:AiRunner]    }
[D:AiRunner]    outputs {
[D:AiRunner]      name: "Dequantize_226_out_0"
[D:AiRunner]      format: 8523840
[D:AiRunner]      size: 63
[D:AiRunner]      n_dims: 2
[D:AiRunner]      dims: 1
[D:AiRunner]      dims: 63
[D:AiRunner]      scale: 0.0
[D:AiRunner]      zeropoint: 0
[D:AiRunner]      addr: 875429888
[D:AiRunner]      flags: 1026
[D:AiRunner]    }
[D:AiRunner]    n_activations: 1
[D:AiRunner]    activations {
[D:AiRunner]      name: ""
[D:AiRunner]      format: 263232
[D:AiRunner]      size: 0
[D:AiRunner]      n_dims: 1
[D:AiRunner]      dims: 0
[D:AiRunner]      scale: 0.0
[D:AiRunner]      zeropoint: 0
[D:AiRunner]      addr: 0
[D:AiRunner]      flags: 8
[D:AiRunner]    }
[D:AiRunner]    n_params: 1
[D:AiRunner]    params {
[D:AiRunner]      name: ""
[D:AiRunner]      format: 263232
[D:AiRunner]      size: 0
[D:AiRunner]      n_dims: 1
[D:AiRunner]      dims: 0
[D:AiRunner]      scale: 0.0
[D:AiRunner]      zeropoint: 0
[D:AiRunner]      addr: 0
[D:AiRunner]      flags: 8
[D:AiRunner]    }
[D:AiRunner]    runtime_desc: "atonn-v1.1.1-14-ge619e860 AE536891"
[D:AiRunner] <- [model_info msg]
[D:AiRunner] RT_DECODER: ST Neural ART (LL_ATON api), id=0x7010004, compiler=GCC, act=False, params=False, macc=False
[D:AiRunner] DEV_DECODER: stm32 family - 0x486 - STM32N6xx @800/400MHz, ['fpu', 'core_icache', 'core_dcache', 'npu_freq=1000MHz', 'nic_freq=900MHz']
[D:AiRunner] discover() found="network"
[D:AiRunner] -> Requested RUN mode: Mode.DEBUG|PER_LAYER (param=0b100000011, option=0x1)
[D:AiRunner]    SEND INPUT TENSOR #0 ((1, 224, 224, 3)/uint8) last=True..
[D:AiRunner]    ----------------------------------------
[D:AiRunner]    INTERNAL OPERATOR (idx=0, name=EpochBlock_2)
[D:AiRunner]     name="" counters="CPU cycles"[3611, 121196, 1564] dur=0.158ms id=2.2 type=0x5000000/INTERNAL|WITHOUT_TENSOR,"epoch"
[D:AiRunner]    ----------------------------------------
[D:AiRunner]    INTERNAL OPERATOR (idx=1, name=EpochBlock_3)
[D:AiRunner]     name="" counters="CPU cycles"[15641, 363897, 3337] dur=0.479ms id=3.3 type=0x5000000/INTERNAL|WITHOUT_TENSOR,"epoch"
[D:AiRunner]    ----------------------------------------
[D:AiRunner]    INTERNAL OPERATOR (idx=2, name=EpochBlock_4)
[D:AiRunner]     name="" counters="CPU cycles"[5657, 241689, 1363] dur=0.311ms id=4.4 type=0x5000000/INTERNAL|WITHOUT_TENSOR,"epoch"
[D:AiRunner]    ----------------------------------------
[D:AiRunner]    INTERNAL OPERATOR (idx=3, name=EpochBlock_5)
[D:AiRunner]     name="" counters="CPU cycles"[8705, 242542, 1984] dur=0.317ms id=5.5 type=0x5000000/INTERNAL|WITHOUT_TENSOR,"epoch"
[D:AiRunner]    ----------------------------------------
[D:AiRunner]    INTERNAL OPERATOR (idx=4, name=EpochBlock_6)
[D:AiRunner]     name="" counters="CPU cycles"[18393, 644329, 2331] dur=0.831ms id=6.6 type=0x5000000/INTERNAL|WITHOUT_TENSOR,"epoch"
[D:AiRunner]    ----------------------------------------
[D:AiRunner]    INTERNAL OPERATOR (idx=5, name=EpochBlock_7)
[D:AiRunner]     name="" counters="CPU cycles"[17825, 643325, 2316] dur=0.829ms id=7.7 type=0x5000000/INTERNAL|WITHOUT_TENSOR,"epoch"
[D:AiRunner]    ----------------------------------------
[D:AiRunner]    INTERNAL OPERATOR (idx=6, name=EpochBlock_8)
[D:AiRunner]     name="" counters="CPU cycles"[9673, 64155, 2022] dur=0.095ms id=8.8 type=0x5000000/INTERNAL|WITHOUT_TENSOR,"epoch"
[D:AiRunner]    ----------------------------------------
[D:AiRunner]    INTERNAL OPERATOR (idx=7, name=EpochBlock_9)
[D:AiRunner]     name="" counters="CPU cycles"[33769, 363945, 2291] dur=0.500ms id=9.9 type=0x5000000/INTERNAL|WITHOUT_TENSOR,"epoch"
[D:AiRunner]    ----------------------------------------
[D:AiRunner]    INTERNAL OPERATOR (idx=8, name=EpochBlock_10)
[D:AiRunner]     name="" counters="CPU cycles"[33441, 377401, 2353] dur=0.516ms id=10.10 type=0x5000000/INTERNAL|WITHOUT_TENSOR,"epoch"
[D:AiRunner]    ----------------------------------------
[D:AiRunner]    INTERNAL OPERATOR (idx=9, name=EpochBlock_11)
[D:AiRunner]     name="" counters="CPU cycles"[12209, 67953, 3323] dur=0.104ms id=11.11 type=0x5000000/INTERNAL|WITHOUT_TENSOR,"epoch"
[D:AiRunner]    ----------------------------------------
[D:AiRunner]    INTERNAL OPERATOR (idx=10, name=EpochBlock_12)
[D:AiRunner]     name="" counters="CPU cycles"[33249, 363857, 2454] dur=0.499ms id=12.12 type=0x5000000/INTERNAL|WITHOUT_TENSOR,"epoch"
[D:AiRunner]    ----------------------------------------
[D:AiRunner]    INTERNAL OPERATOR (idx=11, name=EpochBlock_13)
[D:AiRunner]     name="" counters="CPU cycles"[1937, 405681, 832] dur=0.511ms id=13.13 type=0x5000000/INTERNAL|WITHOUT_TENSOR,"epoch"
[D:AiRunner]    ----------------------------------------
[D:AiRunner]    INTERNAL OPERATOR (idx=12, name=EpochBlock_14)
[D:AiRunner]     name="" counters="CPU cycles"[36145, 366681, 3571] dur=0.508ms id=14.14 type=0x5000000/INTERNAL|WITHOUT_TENSOR,"epoch"
[D:AiRunner]    ----------------------------------------
[D:AiRunner]    INTERNAL OPERATOR (idx=13, name=EpochBlock_15)
[D:AiRunner]     name="" counters="CPU cycles"[14273, 36590, 2645] dur=0.067ms id=15.15 type=0x5000000/INTERNAL|WITHOUT_TENSOR,"epoch"
[D:AiRunner]    ----------------------------------------
[D:AiRunner]    INTERNAL OPERATOR (idx=14, name=EpochBlock_16)
[D:AiRunner]     name="" counters="CPU cycles"[53897, 153489, 2877] dur=0.263ms id=16.16 type=0x5000000/INTERNAL|WITHOUT_TENSOR,"epoch"
[D:AiRunner]    ----------------------------------------
[D:AiRunner]    INTERNAL OPERATOR (idx=15, name=EpochBlock_17)
[D:AiRunner]     name="" counters="CPU cycles"[1985, 181897, 755] dur=0.231ms id=17.17 type=0x5000000/INTERNAL|WITHOUT_TENSOR,"epoch"
[D:AiRunner]    ----------------------------------------
[D:AiRunner]    INTERNAL OPERATOR (idx=16, name=EpochBlock_18)
[D:AiRunner]     name="" counters="CPU cycles"[54713, 194427, 3528] dur=0.316ms id=18.18 type=0x5000000/INTERNAL|WITHOUT_TENSOR,"epoch"
[D:AiRunner]    ----------------------------------------
[D:AiRunner]    INTERNAL OPERATOR (idx=17, name=EpochBlock_19)
[D:AiRunner]     name="" counters="CPU cycles"[15577, 60694, 3272] dur=0.099ms id=19.19 type=0x5000000/INTERNAL|WITHOUT_TENSOR,"epoch"
[D:AiRunner]    ----------------------------------------
[D:AiRunner]    INTERNAL OPERATOR (idx=18, name=EpochBlock_20)
[D:AiRunner]     name="" counters="CPU cycles"[53673, 153351, 2981] dur=0.263ms id=20.20 type=0x5000000/INTERNAL|WITHOUT_TENSOR,"epoch"
[D:AiRunner]    ----------------------------------------
[D:AiRunner]    INTERNAL OPERATOR (idx=19, name=EpochBlock_21)
[D:AiRunner]     name="" counters="CPU cycles"[52281, 152659, 2347] dur=0.259ms id=21.21 type=0x5000000/INTERNAL|WITHOUT_TENSOR,"epoch"
[D:AiRunner]    ----------------------------------------
[D:AiRunner]    INTERNAL OPERATOR (idx=20, name=EpochBlock_22)
[D:AiRunner]     name="" counters="CPU cycles"[22345, 45492, 2664] dur=0.088ms id=22.22 type=0x5000000/INTERNAL|WITHOUT_TENSOR,"epoch"
[D:AiRunner]    ----------------------------------------
[D:AiRunner]    INTERNAL OPERATOR (idx=21, name=EpochBlock_23)
[D:AiRunner]     name="" counters="CPU cycles"[102265, 81385, 4456] dur=0.235ms id=23.23 type=0x5000000/INTERNAL|WITHOUT_TENSOR,"epoch"
[D:AiRunner]    ----------------------------------------
[D:AiRunner]    INTERNAL OPERATOR (idx=22, name=EpochBlock_24)
[D:AiRunner]     name="" counters="CPU cycles"[97951, 89155, 2376] dur=0.237ms id=24.24 type=0x5000000/INTERNAL|WITHOUT_TENSOR,"epoch"
[D:AiRunner]    ----------------------------------------
[D:AiRunner]    INTERNAL OPERATOR (idx=23, name=EpochBlock_25)
[D:AiRunner]     name="" counters="CPU cycles"[26065, 87713, 4539] dur=0.148ms id=25.25 type=0x5000000/INTERNAL|WITHOUT_TENSOR,"epoch"
[D:AiRunner]    ----------------------------------------
[D:AiRunner]    INTERNAL OPERATOR (idx=24, name=EpochBlock_26)
[D:AiRunner]     name="" counters="CPU cycles"[102870, 81311, 4259] dur=0.236ms id=26.26 type=0x5000000/INTERNAL|WITHOUT_TENSOR,"epoch"
[D:AiRunner]    ----------------------------------------
[D:AiRunner]    INTERNAL OPERATOR (idx=25, name=EpochBlock_27)
[D:AiRunner]     name="" counters="CPU cycles"[98425, 89233, 2328] dur=0.237ms id=27.27 type=0x5000000/INTERNAL|WITHOUT_TENSOR,"epoch"
[D:AiRunner]    ----------------------------------------
[D:AiRunner]    INTERNAL OPERATOR (idx=26, name=EpochBlock_28)
[D:AiRunner]     name="" counters="CPU cycles"[26273, 87761, 4539] dur=0.148ms id=28.28 type=0x5000000/INTERNAL|WITHOUT_TENSOR,"epoch"
[D:AiRunner]    ----------------------------------------
[D:AiRunner]    INTERNAL OPERATOR (idx=27, name=EpochBlock_29)
[D:AiRunner]     name="" counters="CPU cycles"[102105, 81114, 4271] dur=0.234ms id=29.29 type=0x5000000/INTERNAL|WITHOUT_TENSOR,"epoch"
[D:AiRunner]    ----------------------------------------
[D:AiRunner]    INTERNAL OPERATOR (idx=28, name=EpochBlock_30)
[D:AiRunner]     name="" counters="CPU cycles"[1937, 97753, 715] dur=0.126ms id=30.30 type=0x5000000/INTERNAL|WITHOUT_TENSOR,"epoch"
[D:AiRunner]    ----------------------------------------
[D:AiRunner]    INTERNAL OPERATOR (idx=29, name=EpochBlock_31)
[D:AiRunner]     name="" counters="CPU cycles"[100713, 106569, 3626] dur=0.264ms id=31.31 type=0x5000000/INTERNAL|WITHOUT_TENSOR,"epoch"
[D:AiRunner]    ----------------------------------------
[D:AiRunner]    INTERNAL OPERATOR (idx=30, name=EpochBlock_32)
[D:AiRunner]     name="" counters="CPU cycles"[31345, 118061, 3931] dur=0.192ms id=32.32 type=0x5000000/INTERNAL|WITHOUT_TENSOR,"epoch"
[D:AiRunner]    ----------------------------------------
[D:AiRunner]    INTERNAL OPERATOR (idx=31, name=EpochBlock_33)
[D:AiRunner]     name="" counters="CPU cycles"[1889, 9521, 755] dur=0.015ms id=33.33 type=0x5000000/INTERNAL|WITHOUT_TENSOR,"epoch"
[D:AiRunner]    ----------------------------------------
[D:AiRunner]    INTERNAL OPERATOR (idx=32, name=EpochBlock_34)
[D:AiRunner]     name="" counters="CPU cycles"[12345, 418171, 5427] dur=0.545ms id=34.34 type=0x5000000/INTERNAL|WITHOUT_TENSOR,"epoch"
[D:AiRunner]    ----------------------------------------
[D:AiRunner]    INTERNAL OPERATOR (idx=33, name=EpochBlock_35)
[D:AiRunner]     name="" counters="CPU cycles"[1857, 136649, 715] dur=0.174ms id=35.35 type=0x5000000/INTERNAL|WITHOUT_TENSOR,"epoch"
[D:AiRunner]    ----------------------------------------
[D:AiRunner]    INTERNAL OPERATOR (idx=34, name=EpochBlock_36)
[D:AiRunner]     name="" counters="CPU cycles"[9049, 648185, 4115] dur=0.827ms id=36.36 type=0x5000000/INTERNAL|WITHOUT_TENSOR,"epoch"
[D:AiRunner]    ----------------------------------------
[D:AiRunner]    INTERNAL OPERATOR (idx=35, name=EpochBlock_37)
[D:AiRunner]     name="" counters="CPU cycles"[32521, 160017, 4579] dur=0.246ms id=37.37 type=0x5000000/INTERNAL|WITHOUT_TENSOR,"epoch"
[D:AiRunner]    ----------------------------------------
[D:AiRunner]    INTERNAL OPERATOR (idx=36, name=EpochBlock_38)
[D:AiRunner]     name="" counters="CPU cycles"[1849, 9521, 792] dur=0.015ms id=38.38 type=0x5000000/INTERNAL|WITHOUT_TENSOR,"epoch"
[D:AiRunner]    ----------------------------------------
[D:AiRunner]    INTERNAL OPERATOR (idx=37, name=EpochBlock_39)
[D:AiRunner]     name="" counters="CPU cycles"[12369, 427225, 5536] dur=0.556ms id=39.39 type=0x5000000/INTERNAL|WITHOUT_TENSOR,"epoch"
[D:AiRunner]    ----------------------------------------
[D:AiRunner]    INTERNAL OPERATOR (idx=38, name=EpochBlock_40)
[D:AiRunner]     name="" counters="CPU cycles"[1857, 136657, 795] dur=0.174ms id=40.40 type=0x5000000/INTERNAL|WITHOUT_TENSOR,"epoch"
[D:AiRunner]    ----------------------------------------
[D:AiRunner]    INTERNAL OPERATOR (idx=39, name=EpochBlock_41)
[D:AiRunner]     name="" counters="CPU cycles"[9081, 648617, 4179] dur=0.827ms id=41.41 type=0x5000000/INTERNAL|WITHOUT_TENSOR,"epoch"
[D:AiRunner]    ----------------------------------------
[D:AiRunner]    INTERNAL OPERATOR (idx=40, name=EpochBlock_42)
[D:AiRunner]     name="" counters="CPU cycles"[32457, 159841, 4571] dur=0.246ms id=42.42 type=0x5000000/INTERNAL|WITHOUT_TENSOR,"epoch"
[D:AiRunner]    ----------------------------------------
[D:AiRunner]    INTERNAL OPERATOR (idx=41, name=EpochBlock_43)
[D:AiRunner]     name="" counters="CPU cycles"[1881, 9529, 755] dur=0.015ms id=43.43 type=0x5000000/INTERNAL|WITHOUT_TENSOR,"epoch"
[D:AiRunner]    ----------------------------------------
[D:AiRunner]    INTERNAL OPERATOR (idx=42, name=EpochBlock_44)
[D:AiRunner]     name="" counters="CPU cycles"[12185, 418441, 5427] dur=0.545ms id=44.44 type=0x5000000/INTERNAL|WITHOUT_TENSOR,"epoch"
[D:AiRunner]    ----------------------------------------
[D:AiRunner]    INTERNAL OPERATOR (idx=43, name=EpochBlock_45)
[D:AiRunner]     name="" counters="CPU cycles"[1897, 136649, 755] dur=0.174ms id=45.45 type=0x5000000/INTERNAL|WITHOUT_TENSOR,"epoch"
[D:AiRunner]    ----------------------------------------
[D:AiRunner]    INTERNAL OPERATOR (idx=44, name=EpochBlock_46)
[D:AiRunner]     name="" counters="CPU cycles"[9049, 300265, 4301] dur=0.392ms id=46.46 type=0x5000000/INTERNAL|WITHOUT_TENSOR,"epoch"
[D:AiRunner]    ----------------------------------------
[D:AiRunner]    INTERNAL OPERATOR (idx=45, name=EpochBlock_47)
[D:AiRunner]     name="" counters="CPU cycles"[46628, 260582, 3976] dur=0.389ms id=47.47 type=0x5000000/INTERNAL|WITHOUT_TENSOR,"epoch"
[D:AiRunner]    ----------------------------------------
[D:AiRunner]    INTERNAL OPERATOR (idx=46, name=EpochBlock_48)
[D:AiRunner]     name="" counters="CPU cycles"[12201, 543571, 5459] dur=0.702ms id=48.48 type=0x5000000/INTERNAL|WITHOUT_TENSOR,"epoch"
[D:AiRunner]    ----------------------------------------
[D:AiRunner]    INTERNAL OPERATOR (idx=47, name=EpochBlock_49)
[D:AiRunner]     name="" counters="CPU cycles"[1897, 81177, 755] dur=0.105ms id=49.49 type=0x5000000/INTERNAL|WITHOUT_TENSOR,"epoch"
[D:AiRunner]    ----------------------------------------
[D:AiRunner]    INTERNAL OPERATOR (idx=48, name=EpochBlock_50)
[D:AiRunner]     name="" counters="CPU cycles"[9305, 502161, 4123] dur=0.644ms id=50.50 type=0x5000000/INTERNAL|WITHOUT_TENSOR,"epoch"
[D:AiRunner]    ----------------------------------------
[D:AiRunner]    INTERNAL OPERATOR (idx=49, name=EpochBlock_51)
[D:AiRunner]     name="" counters="CPU cycles"[48313, 445473, 4427] dur=0.623ms id=51.51 type=0x5000000/INTERNAL|WITHOUT_TENSOR,"epoch"
[D:AiRunner]    ----------------------------------------
[D:AiRunner]    INTERNAL OPERATOR (idx=50, name=EpochBlock_52)
[D:AiRunner]     name="" counters="CPU cycles"[12225, 534075, 5425] dur=0.690ms id=52.52 type=0x5000000/INTERNAL|WITHOUT_TENSOR,"epoch"
[D:AiRunner]    ----------------------------------------
[D:AiRunner]    INTERNAL OPERATOR (idx=51, name=EpochBlock_53)
[D:AiRunner]     name="" counters="CPU cycles"[1929, 81217, 715] dur=0.105ms id=53.53 type=0x5000000/INTERNAL|WITHOUT_TENSOR,"epoch"
[D:AiRunner]    ----------------------------------------
[D:AiRunner]    INTERNAL OPERATOR (idx=52, name=EpochBlock_54)
[D:AiRunner]     name="" counters="CPU cycles"[9049, 499865, 4115] dur=0.641ms id=54.54 type=0x5000000/INTERNAL|WITHOUT_TENSOR,"epoch"
[D:AiRunner]    ----------------------------------------
[D:AiRunner]    INTERNAL OPERATOR (idx=53, name=EpochBlock_55)
[D:AiRunner]     name="" counters="CPU cycles"[47949, 445414, 4504] dur=0.622ms id=55.55 type=0x5000000/INTERNAL|WITHOUT_TENSOR,"epoch"
[D:AiRunner]    ----------------------------------------
[D:AiRunner]    INTERNAL OPERATOR (idx=54, name=EpochBlock_56)
[D:AiRunner]     name="" counters="CPU cycles"[12232, 540489, 5459] dur=0.698ms id=56.56 type=0x5000000/INTERNAL|WITHOUT_TENSOR,"epoch"
[D:AiRunner]    ----------------------------------------
[D:AiRunner]    INTERNAL OPERATOR (idx=55, name=EpochBlock_57)
[D:AiRunner]     name="" counters="CPU cycles"[1864, 81177, 755] dur=0.105ms id=57.57 type=0x5000000/INTERNAL|WITHOUT_TENSOR,"epoch"
[D:AiRunner]    ----------------------------------------
[D:AiRunner]    INTERNAL OPERATOR (idx=56, name=EpochBlock_58)
[D:AiRunner]     name="" counters="CPU cycles"[9145, 502505, 4139] dur=0.645ms id=58.58 type=0x5000000/INTERNAL|WITHOUT_TENSOR,"epoch"
[D:AiRunner]    ----------------------------------------
[D:AiRunner]    INTERNAL OPERATOR (idx=57, name=EpochBlock_59)
[D:AiRunner]     name="" counters="CPU cycles"[48401, 445129, 4521] dur=0.623ms id=59.59 type=0x5000000/INTERNAL|WITHOUT_TENSOR,"epoch"
[D:AiRunner]    ----------------------------------------
[D:AiRunner]    INTERNAL OPERATOR (idx=58, name=EpochBlock_60)
[D:AiRunner]     name="" counters="CPU cycles"[12185, 533569, 5488] dur=0.689ms id=60.60 type=0x5000000/INTERNAL|WITHOUT_TENSOR,"epoch"
[D:AiRunner]    ----------------------------------------
[D:AiRunner]    INTERNAL OPERATOR (idx=59, name=EpochBlock_61)
[D:AiRunner]     name="" counters="CPU cycles"[7009, 347017, 3235] dur=0.447ms id=61.61 type=0x5000000/INTERNAL|WITHOUT_TENSOR,"epoch"
[D:AiRunner]    ----------------------------------------
[D:AiRunner]    INTERNAL OPERATOR (idx=60, name=EpochBlock_62)
[D:AiRunner]     name="" counters="CPU cycles"[8561, 1643, 3739] dur=0.017ms id=62.62 type=0x5000000/INTERNAL|WITHOUT_TENSOR,"epoch"
[D:AiRunner]    ----------------------------------------
[D:AiRunner]    INTERNAL OPERATOR (idx=61, name=EpochBlock_63)
[D:AiRunner]     name="" counters="CPU cycles"[18449, 468209, 5056] dur=0.615ms id=63.63 type=0x5000000/INTERNAL|WITHOUT_TENSOR,"epoch"
[D:AiRunner]    ----------------------------------------
[D:AiRunner]    INTERNAL OPERATOR (idx=62, name=EpochBlock_64)
[D:AiRunner]     name="" counters="CPU cycles"[82, 36, 3958] dur=0.005ms id=64.64 type=0x1000002/INTERNAL,"epoch (SW)"
[D:AiRunner]    INTERNAL TENSOR #0
[D:AiRunner]     IOTensor: Dequantize_226_out_0, E.64.0, , 0x342e0000 f32[1,63], 252 Bytes
[D:AiRunner]     last=True, data_size=0
[D:AiRunner]    ----------------------------------------
[D:AiRunner]    INTERNAL OPERATOR (idx=63, name=EpochBlock_65)
[D:AiRunner]     name="" counters="CPU cycles"[16025, 3321, 3584] dur=0.029ms id=65.65 type=0x5000000/INTERNAL|WITHOUT_TENSOR,"epoch"
[D:AiRunner]    ----------------------------------------
[D:AiRunner]    INTERNAL OPERATOR (idx=64, name=EpochBlock_66)
[D:AiRunner]     name="" counters="CPU cycles"[45, 36, 3313] dur=0.004ms id=66.66 type=0x1000002/INTERNAL,"epoch (SW)"
[D:AiRunner]    INTERNAL TENSOR #0
[D:AiRunner]     IOTensor: Dequantize_229_out_0, E.66.0, , 0x342e0100 f32[1,63], 252 Bytes
[D:AiRunner]     last=True, data_size=0
[D:AiRunner]    ----------------------------------------
[D:AiRunner]    INTERNAL OPERATOR (idx=65, name=EpochBlock_67)
[D:AiRunner]     name="" counters="CPU cycles"[45, 36, 2789] dur=0.004ms id=67.67 type=0x1000002/INTERNAL,"epoch (SW)"
[D:AiRunner]    INTERNAL TENSOR #0
[D:AiRunner]     IOTensor: Dequantize_219_out_0, E.67.0, , 0x342e0200 f32[1,1], 4 Bytes
[D:AiRunner]     last=True, data_size=0
[D:AiRunner]    ----------------------------------------
[D:AiRunner]    INTERNAL OPERATOR (idx=66, name=EpochBlock_68)
[D:AiRunner]     name="" counters="CPU cycles"[4609, 606, 1735] dur=0.009ms id=68.68 type=0x5000000/INTERNAL|WITHOUT_TENSOR,"epoch"
[D:AiRunner]    ----------------------------------------
[D:AiRunner]    INTERNAL OPERATOR (idx=67, name=EpochBlock_69)
[D:AiRunner]     name="" counters="CPU cycles"[45, 36, 2293] dur=0.003ms id=69.69 type=0x1000002/INTERNAL,"epoch (SW)"
[D:AiRunner]    INTERNAL TENSOR #0
[D:AiRunner]     IOTensor: Dequantize_223_out_0, E.69.0, , 0x342e0210 f32[1,1], 4 Bytes
[D:AiRunner]     last=True, data_size=0
[D:AiRunner]    ----------------------------------------
[D:AiRunner]    INFERENCE DONE
[D:AiRunner]     name="network" counters="CPU cycles"[1657427, 16101937, 212115, 17984145, 0] dur=22.480ms id=0.0 type=0x0/NONE,"epoch"
[D:AiRunner]    RECEIVE OUTPUT TENSOR #0 last=False..
[D:AiRunner]     IOTensor: Dequantize_223_out_0, O_0, , 0x342e0210 f32[1,1], 4 Bytes
[D:AiRunner]    RECEIVE OUTPUT TENSOR #1 last=False..
[D:AiRunner]     IOTensor: Dequantize_229_out_0, O_1, , 0x342e0100 f32[1,63], 252 Bytes
[D:AiRunner]    RECEIVE OUTPUT TENSOR #2 last=False..
[D:AiRunner]     IOTensor: Dequantize_219_out_0, O_2, , 0x342e0200 f32[1,1], 4 Bytes
[D:AiRunner]    RECEIVE OUTPUT TENSOR #3 last=True..
[D:AiRunner]     IOTensor: Dequantize_226_out_0, O_3, , 0x342e0000 f32[1,63], 252 Bytes
[D:AiRunner] <- done (target dur=22.464ms)
[D:AiRunner] -> Requested RUN mode: Mode.DEBUG|PER_LAYER (param=0b100000011, option=0x0)
[D:AiRunner]    SEND INPUT TENSOR #0 ((1, 224, 224, 3)/uint8) last=True..
[D:AiRunner]    ----------------------------------------
[D:AiRunner]    INTERNAL OPERATOR (idx=0, name=EpochBlock_2)
[D:AiRunner]     name="" counters="CPU cycles"[3527, 121080, 1562] dur=0.158ms id=2.2 type=0x5000000/INTERNAL|WITHOUT_TENSOR,"epoch"
[D:AiRunner]    ----------------------------------------
[D:AiRunner]    INTERNAL OPERATOR (idx=1, name=EpochBlock_3)
[D:AiRunner]     name="" counters="CPU cycles"[15369, 363857, 3291] dur=0.478ms id=3.3 type=0x5000000/INTERNAL|WITHOUT_TENSOR,"epoch"
[D:AiRunner]    ----------------------------------------
[D:AiRunner]    INTERNAL OPERATOR (idx=2, name=EpochBlock_4)
[D:AiRunner]     name="" counters="CPU cycles"[5673, 241689, 1441] dur=0.311ms id=4.4 type=0x5000000/INTERNAL|WITHOUT_TENSOR,"epoch"
[D:AiRunner]    ----------------------------------------
[D:AiRunner]    INTERNAL OPERATOR (idx=3, name=EpochBlock_5)
[D:AiRunner]     name="" counters="CPU cycles"[8545, 242537, 2027] dur=0.316ms id=5.5 type=0x5000000/INTERNAL|WITHOUT_TENSOR,"epoch"
[D:AiRunner]    ----------------------------------------
[D:AiRunner]    INTERNAL OPERATOR (idx=4, name=EpochBlock_6)
[D:AiRunner]     name="" counters="CPU cycles"[18409, 644329, 2331] dur=0.831ms id=6.6 type=0x5000000/INTERNAL|WITHOUT_TENSOR,"epoch"
[D:AiRunner]    ----------------------------------------
[D:AiRunner]    INTERNAL OPERATOR (idx=5, name=EpochBlock_7)
[D:AiRunner]     name="" counters="CPU cycles"[17913, 643325, 2316] dur=0.829ms id=7.7 type=0x5000000/INTERNAL|WITHOUT_TENSOR,"epoch"
[D:AiRunner]    ----------------------------------------
[D:AiRunner]    INTERNAL OPERATOR (idx=6, name=EpochBlock_8)
[D:AiRunner]     name="" counters="CPU cycles"[9633, 64109, 2028] dur=0.095ms id=8.8 type=0x5000000/INTERNAL|WITHOUT_TENSOR,"epoch"
[D:AiRunner]    ----------------------------------------
[D:AiRunner]    INTERNAL OPERATOR (idx=7, name=EpochBlock_9)
[D:AiRunner]     name="" counters="CPU cycles"[33825, 363945, 2328] dur=0.500ms id=9.9 type=0x5000000/INTERNAL|WITHOUT_TENSOR,"epoch"
[D:AiRunner]    ----------------------------------------
[D:AiRunner]    INTERNAL OPERATOR (idx=8, name=EpochBlock_10)
[D:AiRunner]     name="" counters="CPU cycles"[33473, 377401, 2389] dur=0.517ms id=10.10 type=0x5000000/INTERNAL|WITHOUT_TENSOR,"epoch"
[D:AiRunner]    ----------------------------------------
[D:AiRunner]    INTERNAL OPERATOR (idx=9, name=EpochBlock_11)
[D:AiRunner]     name="" counters="CPU cycles"[12209, 67953, 3356] dur=0.104ms id=11.11 type=0x5000000/INTERNAL|WITHOUT_TENSOR,"epoch"
[D:AiRunner]    ----------------------------------------
[D:AiRunner]    INTERNAL OPERATOR (idx=10, name=EpochBlock_12)
[D:AiRunner]     name="" counters="CPU cycles"[33361, 363857, 2470] dur=0.500ms id=12.12 type=0x5000000/INTERNAL|WITHOUT_TENSOR,"epoch"
[D:AiRunner]    ----------------------------------------
[D:AiRunner]    INTERNAL OPERATOR (idx=11, name=EpochBlock_13)
[D:AiRunner]     name="" counters="CPU cycles"[1897, 405681, 795] dur=0.510ms id=13.13 type=0x5000000/INTERNAL|WITHOUT_TENSOR,"epoch"
[D:AiRunner]    ----------------------------------------
[D:AiRunner]    INTERNAL OPERATOR (idx=12, name=EpochBlock_14)
[D:AiRunner]     name="" counters="CPU cycles"[36177, 366681, 3608] dur=0.508ms id=14.14 type=0x5000000/INTERNAL|WITHOUT_TENSOR,"epoch"
[D:AiRunner]    ----------------------------------------
[D:AiRunner]    INTERNAL OPERATOR (idx=13, name=EpochBlock_15)
[D:AiRunner]     name="" counters="CPU cycles"[14305, 36628, 2624] dur=0.067ms id=15.15 type=0x5000000/INTERNAL|WITHOUT_TENSOR,"epoch"
[D:AiRunner]    ----------------------------------------
[D:AiRunner]    INTERNAL OPERATOR (idx=14, name=EpochBlock_16)
[D:AiRunner]     name="" counters="CPU cycles"[53793, 153489, 2954] dur=0.263ms id=16.16 type=0x5000000/INTERNAL|WITHOUT_TENSOR,"epoch"
[D:AiRunner]    ----------------------------------------
[D:AiRunner]    INTERNAL OPERATOR (idx=15, name=EpochBlock_17)
[D:AiRunner]     name="" counters="CPU cycles"[1945, 181948, 752] dur=0.231ms id=17.17 type=0x5000000/INTERNAL|WITHOUT_TENSOR,"epoch"
[D:AiRunner]    ----------------------------------------
[D:AiRunner]    INTERNAL OPERATOR (idx=16, name=EpochBlock_18)
[D:AiRunner]     name="" counters="CPU cycles"[54473, 194451, 3507] dur=0.316ms id=18.18 type=0x5000000/INTERNAL|WITHOUT_TENSOR,"epoch"
[D:AiRunner]    ----------------------------------------
[D:AiRunner]    INTERNAL OPERATOR (idx=17, name=EpochBlock_19)
[D:AiRunner]     name="" counters="CPU cycles"[15713, 60651, 3235] dur=0.099ms id=19.19 type=0x5000000/INTERNAL|WITHOUT_TENSOR,"epoch"
[D:AiRunner]    ----------------------------------------
[D:AiRunner]    INTERNAL OPERATOR (idx=18, name=EpochBlock_20)
[D:AiRunner]     name="" counters="CPU cycles"[53542, 153319, 2973] dur=0.262ms id=20.20 type=0x5000000/INTERNAL|WITHOUT_TENSOR,"epoch"
[D:AiRunner]    ----------------------------------------
[D:AiRunner]    INTERNAL OPERATOR (idx=19, name=EpochBlock_21)
[D:AiRunner]     name="" counters="CPU cycles"[51857, 152689, 2307] dur=0.259ms id=21.21 type=0x5000000/INTERNAL|WITHOUT_TENSOR,"epoch"
[D:AiRunner]    ----------------------------------------
[D:AiRunner]    INTERNAL OPERATOR (idx=20, name=EpochBlock_22)
[D:AiRunner]     name="" counters="CPU cycles"[22313, 45449, 2627] dur=0.088ms id=22.22 type=0x5000000/INTERNAL|WITHOUT_TENSOR,"epoch"
[D:AiRunner]    ----------------------------------------
[D:AiRunner]    INTERNAL OPERATOR (idx=21, name=EpochBlock_23)
[D:AiRunner]     name="" counters="CPU cycles"[102215, 81347, 4272] dur=0.235ms id=23.23 type=0x5000000/INTERNAL|WITHOUT_TENSOR,"epoch"
[D:AiRunner]    ----------------------------------------
[D:AiRunner]    INTERNAL OPERATOR (idx=22, name=EpochBlock_24)
[D:AiRunner]     name="" counters="CPU cycles"[98217, 89236, 2381] dur=0.237ms id=24.24 type=0x5000000/INTERNAL|WITHOUT_TENSOR,"epoch"
[D:AiRunner]    ----------------------------------------
[D:AiRunner]    INTERNAL OPERATOR (idx=23, name=EpochBlock_25)
[D:AiRunner]     name="" counters="CPU cycles"[26537, 87836, 4536] dur=0.149ms id=25.25 type=0x5000000/INTERNAL|WITHOUT_TENSOR,"epoch"
[D:AiRunner]    ----------------------------------------
[D:AiRunner]    INTERNAL OPERATOR (idx=24, name=EpochBlock_26)
[D:AiRunner]     name="" counters="CPU cycles"[102694, 81348, 4235] dur=0.235ms id=26.26 type=0x5000000/INTERNAL|WITHOUT_TENSOR,"epoch"
[D:AiRunner]    ----------------------------------------
[D:AiRunner]    INTERNAL OPERATOR (idx=25, name=EpochBlock_27)
[D:AiRunner]     name="" counters="CPU cycles"[98385, 89193, 2366] dur=0.237ms id=27.27 type=0x5000000/INTERNAL|WITHOUT_TENSOR,"epoch"
[D:AiRunner]    ----------------------------------------
[D:AiRunner]    INTERNAL OPERATOR (idx=26, name=EpochBlock_28)
[D:AiRunner]     name="" counters="CPU cycles"[26641, 87801, 4563] dur=0.149ms id=28.28 type=0x5000000/INTERNAL|WITHOUT_TENSOR,"epoch"
[D:AiRunner]    ----------------------------------------
[D:AiRunner]    INTERNAL OPERATOR (idx=27, name=EpochBlock_29)
[D:AiRunner]     name="" counters="CPU cycles"[102073, 81071, 4324] dur=0.234ms id=29.29 type=0x5000000/INTERNAL|WITHOUT_TENSOR,"epoch"
[D:AiRunner]    ----------------------------------------
[D:AiRunner]    INTERNAL OPERATOR (idx=28, name=EpochBlock_30)
[D:AiRunner]     name="" counters="CPU cycles"[1969, 97761, 715] dur=0.126ms id=30.30 type=0x5000000/INTERNAL|WITHOUT_TENSOR,"epoch"
[D:AiRunner]    ----------------------------------------
[D:AiRunner]    INTERNAL OPERATOR (idx=29, name=EpochBlock_31)
[D:AiRunner]     name="" counters="CPU cycles"[100959, 106531, 3628] dur=0.264ms id=31.31 type=0x5000000/INTERNAL|WITHOUT_TENSOR,"epoch"
[D:AiRunner]    ----------------------------------------
[D:AiRunner]    INTERNAL OPERATOR (idx=30, name=EpochBlock_32)
[D:AiRunner]     name="" counters="CPU cycles"[31385, 118139, 3931] dur=0.192ms id=32.32 type=0x5000000/INTERNAL|WITHOUT_TENSOR,"epoch"
[D:AiRunner]    ----------------------------------------
[D:AiRunner]    INTERNAL OPERATOR (idx=31, name=EpochBlock_33)
[D:AiRunner]     name="" counters="CPU cycles"[1889, 9521, 755] dur=0.015ms id=33.33 type=0x5000000/INTERNAL|WITHOUT_TENSOR,"epoch"
[D:AiRunner]    ----------------------------------------
[D:AiRunner]    INTERNAL OPERATOR (idx=32, name=EpochBlock_34)
[D:AiRunner]     name="" counters="CPU cycles"[12238, 418119, 5387] dur=0.545ms id=34.34 type=0x5000000/INTERNAL|WITHOUT_TENSOR,"epoch"
[D:AiRunner]    ----------------------------------------
[D:AiRunner]    INTERNAL OPERATOR (idx=33, name=EpochBlock_35)
[D:AiRunner]     name="" counters="CPU cycles"[1857, 136633, 715] dur=0.174ms id=35.35 type=0x5000000/INTERNAL|WITHOUT_TENSOR,"epoch"
[D:AiRunner]    ----------------------------------------
[D:AiRunner]    INTERNAL OPERATOR (idx=34, name=EpochBlock_36)
[D:AiRunner]     name="" counters="CPU cycles"[9001, 648097, 4115] dur=0.827ms id=36.36 type=0x5000000/INTERNAL|WITHOUT_TENSOR,"epoch"
[D:AiRunner]    ----------------------------------------
[D:AiRunner]    INTERNAL OPERATOR (idx=35, name=EpochBlock_37)
[D:AiRunner]     name="" counters="CPU cycles"[33145, 160017, 4531] dur=0.247ms id=37.37 type=0x5000000/INTERNAL|WITHOUT_TENSOR,"epoch"
[D:AiRunner]    ----------------------------------------
[D:AiRunner]    INTERNAL OPERATOR (idx=36, name=EpochBlock_38)
[D:AiRunner]     name="" counters="CPU cycles"[1881, 9521, 755] dur=0.015ms id=38.38 type=0x5000000/INTERNAL|WITHOUT_TENSOR,"epoch"
[D:AiRunner]    ----------------------------------------
[D:AiRunner]    INTERNAL OPERATOR (idx=37, name=EpochBlock_39)
[D:AiRunner]     name="" counters="CPU cycles"[12401, 426745, 5534] dur=0.556ms id=39.39 type=0x5000000/INTERNAL|WITHOUT_TENSOR,"epoch"
[D:AiRunner]    ----------------------------------------
[D:AiRunner]    INTERNAL OPERATOR (idx=38, name=EpochBlock_40)
[D:AiRunner]     name="" counters="CPU cycles"[1905, 136700, 752] dur=0.174ms id=40.40 type=0x5000000/INTERNAL|WITHOUT_TENSOR,"epoch"
[D:AiRunner]    ----------------------------------------
[D:AiRunner]    INTERNAL OPERATOR (idx=39, name=EpochBlock_41)
[D:AiRunner]     name="" counters="CPU cycles"[9129, 648603, 4179] dur=0.827ms id=41.41 type=0x5000000/INTERNAL|WITHOUT_TENSOR,"epoch"
[D:AiRunner]    ----------------------------------------
[D:AiRunner]    INTERNAL OPERATOR (idx=40, name=EpochBlock_42)
[D:AiRunner]     name="" counters="CPU cycles"[33294, 159812, 4491] dur=0.247ms id=42.42 type=0x5000000/INTERNAL|WITHOUT_TENSOR,"epoch"
[D:AiRunner]    ----------------------------------------
[D:AiRunner]    INTERNAL OPERATOR (idx=41, name=EpochBlock_43)
[D:AiRunner]     name="" counters="CPU cycles"[1921, 9529, 755] dur=0.015ms id=43.43 type=0x5000000/INTERNAL|WITHOUT_TENSOR,"epoch"
[D:AiRunner]    ----------------------------------------
[D:AiRunner]    INTERNAL OPERATOR (idx=42, name=EpochBlock_44)
[D:AiRunner]     name="" counters="CPU cycles"[12193, 418401, 5491] dur=0.545ms id=44.44 type=0x5000000/INTERNAL|WITHOUT_TENSOR,"epoch"
[D:AiRunner]    ----------------------------------------
[D:AiRunner]    INTERNAL OPERATOR (idx=43, name=EpochBlock_45)
[D:AiRunner]     name="" counters="CPU cycles"[1889, 136633, 755] dur=0.174ms id=45.45 type=0x5000000/INTERNAL|WITHOUT_TENSOR,"epoch"
[D:AiRunner]    ----------------------------------------
[D:AiRunner]    INTERNAL OPERATOR (idx=44, name=EpochBlock_46)
[D:AiRunner]     name="" counters="CPU cycles"[9097, 300169, 4225] dur=0.392ms id=46.46 type=0x5000000/INTERNAL|WITHOUT_TENSOR,"epoch"
[D:AiRunner]    ----------------------------------------
[D:AiRunner]    INTERNAL OPERATOR (idx=45, name=EpochBlock_47)
[D:AiRunner]     name="" counters="CPU cycles"[46745, 260635, 3963] dur=0.389ms id=47.47 type=0x5000000/INTERNAL|WITHOUT_TENSOR,"epoch"
[D:AiRunner]    ----------------------------------------
[D:AiRunner]    INTERNAL OPERATOR (idx=46, name=EpochBlock_48)
[D:AiRunner]     name="" counters="CPU cycles"[12217, 539157, 5459] dur=0.696ms id=48.48 type=0x5000000/INTERNAL|WITHOUT_TENSOR,"epoch"
[D:AiRunner]    ----------------------------------------
[D:AiRunner]    INTERNAL OPERATOR (idx=47, name=EpochBlock_49)
[D:AiRunner]     name="" counters="CPU cycles"[1937, 81195, 755] dur=0.105ms id=49.49 type=0x5000000/INTERNAL|WITHOUT_TENSOR,"epoch"
[D:AiRunner]    ----------------------------------------
[D:AiRunner]    INTERNAL OPERATOR (idx=48, name=EpochBlock_50)
[D:AiRunner]     name="" counters="CPU cycles"[9337, 501945, 4059] dur=0.644ms id=50.50 type=0x5000000/INTERNAL|WITHOUT_TENSOR,"epoch"
[D:AiRunner]    ----------------------------------------
[D:AiRunner]    INTERNAL OPERATOR (idx=49, name=EpochBlock_51)
[D:AiRunner]     name="" counters="CPU cycles"[48065, 445473, 4491] dur=0.623ms id=51.51 type=0x5000000/INTERNAL|WITHOUT_TENSOR,"epoch"
[D:AiRunner]    ----------------------------------------
[D:AiRunner]    INTERNAL OPERATOR (idx=50, name=EpochBlock_52)
[D:AiRunner]     name="" counters="CPU cycles"[12185, 533955, 5526] dur=0.690ms id=52.52 type=0x5000000/INTERNAL|WITHOUT_TENSOR,"epoch"
[D:AiRunner]    ----------------------------------------
[D:AiRunner]    INTERNAL OPERATOR (idx=51, name=EpochBlock_53)
[D:AiRunner]     name="" counters="CPU cycles"[1889, 81201, 715] dur=0.105ms id=53.53 type=0x5000000/INTERNAL|WITHOUT_TENSOR,"epoch"
[D:AiRunner]    ----------------------------------------
[D:AiRunner]    INTERNAL OPERATOR (idx=52, name=EpochBlock_54)
[D:AiRunner]     name="" counters="CPU cycles"[9049, 499833, 4115] dur=0.641ms id=54.54 type=0x5000000/INTERNAL|WITHOUT_TENSOR,"epoch"
[D:AiRunner]    ----------------------------------------
[D:AiRunner]    INTERNAL OPERATOR (idx=53, name=EpochBlock_55)
[D:AiRunner]     name="" counters="CPU cycles"[47881, 445341, 4507] dur=0.622ms id=55.55 type=0x5000000/INTERNAL|WITHOUT_TENSOR,"epoch"
[D:AiRunner]    ----------------------------------------
[D:AiRunner]    INTERNAL OPERATOR (idx=54, name=EpochBlock_56)
[D:AiRunner]     name="" counters="CPU cycles"[12366, 540140, 5459] dur=0.697ms id=56.56 type=0x5000000/INTERNAL|WITHOUT_TENSOR,"epoch"
[D:AiRunner]    ----------------------------------------
[D:AiRunner]    INTERNAL OPERATOR (idx=55, name=EpochBlock_57)
[D:AiRunner]     name="" counters="CPU cycles"[1865, 81177, 755] dur=0.105ms id=57.57 type=0x5000000/INTERNAL|WITHOUT_TENSOR,"epoch"
[D:AiRunner]    ----------------------------------------
[D:AiRunner]    INTERNAL OPERATOR (idx=56, name=EpochBlock_58)
[D:AiRunner]     name="" counters="CPU cycles"[9081, 502203, 4139] dur=0.644ms id=58.58 type=0x5000000/INTERNAL|WITHOUT_TENSOR,"epoch"
[D:AiRunner]    ----------------------------------------
[D:AiRunner]    INTERNAL OPERATOR (idx=57, name=EpochBlock_59)
[D:AiRunner]     name="" counters="CPU cycles"[47745, 445129, 4569] dur=0.622ms id=59.59 type=0x5000000/INTERNAL|WITHOUT_TENSOR,"epoch"
[D:AiRunner]    ----------------------------------------
[D:AiRunner]    INTERNAL OPERATOR (idx=58, name=EpochBlock_60)
[D:AiRunner]     name="" counters="CPU cycles"[12265, 533593, 5387] dur=0.689ms id=60.60 type=0x5000000/INTERNAL|WITHOUT_TENSOR,"epoch"
[D:AiRunner]    ----------------------------------------
[D:AiRunner]    INTERNAL OPERATOR (idx=59, name=EpochBlock_61)
[D:AiRunner]     name="" counters="CPU cycles"[7001, 346937, 3235] dur=0.446ms id=61.61 type=0x5000000/INTERNAL|WITHOUT_TENSOR,"epoch"
[D:AiRunner]    ----------------------------------------
[D:AiRunner]    INTERNAL OPERATOR (idx=60, name=EpochBlock_62)
[D:AiRunner]     name="" counters="CPU cycles"[8553, 1721, 3739] dur=0.018ms id=62.62 type=0x5000000/INTERNAL|WITHOUT_TENSOR,"epoch"
[D:AiRunner]    ----------------------------------------
[D:AiRunner]    INTERNAL OPERATOR (idx=61, name=EpochBlock_63)
[D:AiRunner]     name="" counters="CPU cycles"[18374, 468036, 5019] dur=0.614ms id=63.63 type=0x5000000/INTERNAL|WITHOUT_TENSOR,"epoch"
[D:AiRunner]    ----------------------------------------
[D:AiRunner]    INTERNAL OPERATOR (idx=62, name=EpochBlock_64)
[D:AiRunner]     name="" counters="CPU cycles"[82, 36, 3924] dur=0.005ms id=64.64 type=0x1000002/INTERNAL,"epoch (SW)"
[D:AiRunner]    INTERNAL TENSOR #0
[D:AiRunner]     IOTensor: Dequantize_226_out_0, E.64.0, , 0x342e0000 f32[1,63], 252 Bytes
[D:AiRunner]     last=True, data_size=0
[D:AiRunner]    ----------------------------------------
[D:AiRunner]    INTERNAL OPERATOR (idx=63, name=EpochBlock_65)
[D:AiRunner]     name="" counters="CPU cycles"[15873, 3281, 3547] dur=0.028ms id=65.65 type=0x5000000/INTERNAL|WITHOUT_TENSOR,"epoch"
[D:AiRunner]    ----------------------------------------
[D:AiRunner]    INTERNAL OPERATOR (idx=64, name=EpochBlock_66)
[D:AiRunner]     name="" counters="CPU cycles"[47, 36, 3393] dur=0.004ms id=66.66 type=0x1000002/INTERNAL,"epoch (SW)"
[D:AiRunner]    INTERNAL TENSOR #0
[D:AiRunner]     IOTensor: Dequantize_229_out_0, E.66.0, , 0x342e0100 f32[1,63], 252 Bytes
[D:AiRunner]     last=True, data_size=0
[D:AiRunner]    ----------------------------------------
[D:AiRunner]    INTERNAL OPERATOR (idx=65, name=EpochBlock_67)
[D:AiRunner]     name="" counters="CPU cycles"[47, 36, 2863] dur=0.004ms id=67.67 type=0x1000002/INTERNAL,"epoch (SW)"
[D:AiRunner]    INTERNAL TENSOR #0
[D:AiRunner]     IOTensor: Dequantize_219_out_0, E.67.0, , 0x342e0200 f32[1,1], 4 Bytes
[D:AiRunner]     last=True, data_size=0
[D:AiRunner]    ----------------------------------------
[D:AiRunner]    INTERNAL OPERATOR (idx=66, name=EpochBlock_68)
[D:AiRunner]     name="" counters="CPU cycles"[4529, 606, 1687] dur=0.009ms id=68.68 type=0x5000000/INTERNAL|WITHOUT_TENSOR,"epoch"
[D:AiRunner]    ----------------------------------------
[D:AiRunner]    INTERNAL OPERATOR (idx=67, name=EpochBlock_69)
[D:AiRunner]     name="" counters="CPU cycles"[45, 36, 2253] dur=0.003ms id=69.69 type=0x1000002/INTERNAL,"epoch (SW)"
[D:AiRunner]    INTERNAL TENSOR #0
[D:AiRunner]     IOTensor: Dequantize_223_out_0, E.69.0, , 0x342e0210 f32[1,1], 4 Bytes
[D:AiRunner]     last=True, data_size=0
[D:AiRunner]    ----------------------------------------
[D:AiRunner]    INFERENCE DONE
[D:AiRunner]     name="network" counters="CPU cycles"[1658045, 16095533, 211871, 17978186, 0] dur=22.473ms id=0.0 type=0x0/NONE,"epoch"
[D:AiRunner]    RECEIVE OUTPUT TENSOR #0 last=False..
[D:AiRunner]     IOTensor: Dequantize_223_out_0, O_0, , 0x342e0210 f32[1,1], 4 Bytes
[D:AiRunner]    RECEIVE OUTPUT TENSOR #1 last=False..
[D:AiRunner]     IOTensor: Dequantize_229_out_0, O_1, , 0x342e0100 f32[1,63], 252 Bytes
[D:AiRunner]    RECEIVE OUTPUT TENSOR #2 last=False..
[D:AiRunner]     IOTensor: Dequantize_219_out_0, O_2, , 0x342e0200 f32[1,1], 4 Bytes
[D:AiRunner]    RECEIVE OUTPUT TENSOR #3 last=True..
[D:AiRunner]     IOTensor: Dequantize_226_out_0, O_3, , 0x342e0000 f32[1,63], 252 Bytes
[D:AiRunner] <- done (target dur=22.457ms)
[D:AiRunner] -> Requested RUN mode: Mode.DEBUG|PER_LAYER (param=0b100000011, option=0x0)
[D:AiRunner]    SEND INPUT TENSOR #0 ((1, 224, 224, 3)/uint8) last=True..
[D:AiRunner]    ----------------------------------------
[D:AiRunner]    INTERNAL OPERATOR (idx=0, name=EpochBlock_2)
[D:AiRunner]     name="" counters="CPU cycles"[3517, 121223, 1653] dur=0.158ms id=2.2 type=0x5000000/INTERNAL|WITHOUT_TENSOR,"epoch"
[D:AiRunner]    ----------------------------------------
[D:AiRunner]    INTERNAL OPERATOR (idx=1, name=EpochBlock_3)
[D:AiRunner]     name="" counters="CPU cycles"[15353, 363857, 3219] dur=0.478ms id=3.3 type=0x5000000/INTERNAL|WITHOUT_TENSOR,"epoch"
[D:AiRunner]    ----------------------------------------
[D:AiRunner]    INTERNAL OPERATOR (idx=2, name=EpochBlock_4)
[D:AiRunner]     name="" counters="CPU cycles"[5665, 241689, 1401] dur=0.311ms id=4.4 type=0x5000000/INTERNAL|WITHOUT_TENSOR,"epoch"
[D:AiRunner]    ----------------------------------------
[D:AiRunner]    INTERNAL OPERATOR (idx=3, name=EpochBlock_5)
[D:AiRunner]     name="" counters="CPU cycles"[8545, 242537, 2027] dur=0.316ms id=5.5 type=0x5000000/INTERNAL|WITHOUT_TENSOR,"epoch"
[D:AiRunner]    ----------------------------------------
[D:AiRunner]    INTERNAL OPERATOR (idx=4, name=EpochBlock_6)
[D:AiRunner]     name="" counters="CPU cycles"[18401, 644372, 2328] dur=0.831ms id=6.6 type=0x5000000/INTERNAL|WITHOUT_TENSOR,"epoch"
[D:AiRunner]    ----------------------------------------
[D:AiRunner]    INTERNAL OPERATOR (idx=5, name=EpochBlock_7)
[D:AiRunner]     name="" counters="CPU cycles"[17873, 643325, 2327] dur=0.829ms id=7.7 type=0x5000000/INTERNAL|WITHOUT_TENSOR,"epoch"
[D:AiRunner]    ----------------------------------------
[D:AiRunner]    INTERNAL OPERATOR (idx=6, name=EpochBlock_8)
[D:AiRunner]     name="" counters="CPU cycles"[9577, 64155, 1985] dur=0.095ms id=8.8 type=0x5000000/INTERNAL|WITHOUT_TENSOR,"epoch"
[D:AiRunner]    ----------------------------------------
[D:AiRunner]    INTERNAL OPERATOR (idx=7, name=EpochBlock_9)
[D:AiRunner]     name="" counters="CPU cycles"[33817, 363945, 2291] dur=0.500ms id=9.9 type=0x5000000/INTERNAL|WITHOUT_TENSOR,"epoch"
[D:AiRunner]    ----------------------------------------
[D:AiRunner]    INTERNAL OPERATOR (idx=8, name=EpochBlock_10)
[D:AiRunner]     name="" counters="CPU cycles"[33449, 377401, 2353] dur=0.517ms id=10.10 type=0x5000000/INTERNAL|WITHOUT_TENSOR,"epoch"
[D:AiRunner]    ----------------------------------------
[D:AiRunner]    INTERNAL OPERATOR (idx=9, name=EpochBlock_11)
[D:AiRunner]     name="" counters="CPU cycles"[12177, 67953, 3356] dur=0.104ms id=11.11 type=0x5000000/INTERNAL|WITHOUT_TENSOR,"epoch"
[D:AiRunner]    ----------------------------------------
[D:AiRunner]    INTERNAL OPERATOR (idx=10, name=EpochBlock_12)
[D:AiRunner]     name="" counters="CPU cycles"[33401, 363857, 2368] dur=0.500ms id=12.12 type=0x5000000/INTERNAL|WITHOUT_TENSOR,"epoch"
[D:AiRunner]    ----------------------------------------
[D:AiRunner]    INTERNAL OPERATOR (idx=11, name=EpochBlock_13)
[D:AiRunner]     name="" counters="CPU cycles"[1897, 405681, 795] dur=0.510ms id=13.13 type=0x5000000/INTERNAL|WITHOUT_TENSOR,"epoch"
[D:AiRunner]    ----------------------------------------
[D:AiRunner]    INTERNAL OPERATOR (idx=12, name=EpochBlock_14)
[D:AiRunner]     name="" counters="CPU cycles"[36281, 366681, 3608] dur=0.508ms id=14.14 type=0x5000000/INTERNAL|WITHOUT_TENSOR,"epoch"
[D:AiRunner]    ----------------------------------------
[D:AiRunner]    INTERNAL OPERATOR (idx=13, name=EpochBlock_15)
[D:AiRunner]     name="" counters="CPU cycles"[14289, 36547, 2664] dur=0.067ms id=15.15 type=0x5000000/INTERNAL|WITHOUT_TENSOR,"epoch"
[D:AiRunner]    ----------------------------------------
[D:AiRunner]    INTERNAL OPERATOR (idx=14, name=EpochBlock_16)
[D:AiRunner]     name="" counters="CPU cycles"[53833, 153572, 2928] dur=0.263ms id=16.16 type=0x5000000/INTERNAL|WITHOUT_TENSOR,"epoch"
[D:AiRunner]    ----------------------------------------
[D:AiRunner]    INTERNAL OPERATOR (idx=15, name=EpochBlock_17)
[D:AiRunner]     name="" counters="CPU cycles"[1985, 181889, 755] dur=0.231ms id=17.17 type=0x5000000/INTERNAL|WITHOUT_TENSOR,"epoch"
[D:AiRunner]    ----------------------------------------
[D:AiRunner]    INTERNAL OPERATOR (idx=16, name=EpochBlock_18)
[D:AiRunner]     name="" counters="CPU cycles"[54953, 194397, 3451] dur=0.316ms id=18.18 type=0x5000000/INTERNAL|WITHOUT_TENSOR,"epoch"
[D:AiRunner]    ----------------------------------------
[D:AiRunner]    INTERNAL OPERATOR (idx=17, name=EpochBlock_19)
[D:AiRunner]     name="" counters="CPU cycles"[15793, 60732, 3271] dur=0.100ms id=19.19 type=0x5000000/INTERNAL|WITHOUT_TENSOR,"epoch"
[D:AiRunner]    ----------------------------------------
[D:AiRunner]    INTERNAL OPERATOR (idx=18, name=EpochBlock_20)
[D:AiRunner]     name="" counters="CPU cycles"[53529, 153356, 2973] dur=0.262ms id=20.20 type=0x5000000/INTERNAL|WITHOUT_TENSOR,"epoch"
[D:AiRunner]    ----------------------------------------
[D:AiRunner]    INTERNAL OPERATOR (idx=19, name=EpochBlock_21)
[D:AiRunner]     name="" counters="CPU cycles"[51865, 152697, 2307] dur=0.259ms id=21.21 type=0x5000000/INTERNAL|WITHOUT_TENSOR,"epoch"
[D:AiRunner]    ----------------------------------------
[D:AiRunner]    INTERNAL OPERATOR (idx=20, name=EpochBlock_22)
[D:AiRunner]     name="" counters="CPU cycles"[22577, 45449, 2627] dur=0.088ms id=22.22 type=0x5000000/INTERNAL|WITHOUT_TENSOR,"epoch"
[D:AiRunner]    ----------------------------------------
[D:AiRunner]    INTERNAL OPERATOR (idx=21, name=EpochBlock_23)
[D:AiRunner]     name="" counters="CPU cycles"[102135, 81347, 4334] dur=0.235ms id=23.23 type=0x5000000/INTERNAL|WITHOUT_TENSOR,"epoch"
[D:AiRunner]    ----------------------------------------
[D:AiRunner]    INTERNAL OPERATOR (idx=22, name=EpochBlock_24)
[D:AiRunner]     name="" counters="CPU cycles"[98593, 89308, 2344] dur=0.238ms id=24.24 type=0x5000000/INTERNAL|WITHOUT_TENSOR,"epoch"
[D:AiRunner]    ----------------------------------------
[D:AiRunner]    INTERNAL OPERATOR (idx=23, name=EpochBlock_25)
[D:AiRunner]     name="" counters="CPU cycles"[26377, 87713, 4576] dur=0.148ms id=25.25 type=0x5000000/INTERNAL|WITHOUT_TENSOR,"epoch"
[D:AiRunner]    ----------------------------------------
[D:AiRunner]    INTERNAL OPERATOR (idx=24, name=EpochBlock_26)
[D:AiRunner]     name="" counters="CPU cycles"[102686, 81348, 4296] dur=0.235ms id=26.26 type=0x5000000/INTERNAL|WITHOUT_TENSOR,"epoch"
[D:AiRunner]    ----------------------------------------
[D:AiRunner]    INTERNAL OPERATOR (idx=25, name=EpochBlock_27)
[D:AiRunner]     name="" counters="CPU cycles"[98033, 89193, 2352] dur=0.237ms id=27.27 type=0x5000000/INTERNAL|WITHOUT_TENSOR,"epoch"
[D:AiRunner]    ----------------------------------------
[D:AiRunner]    INTERNAL OPERATOR (idx=26, name=EpochBlock_28)
[D:AiRunner]     name="" counters="CPU cycles"[26673, 87761, 4600] dur=0.149ms id=28.28 type=0x5000000/INTERNAL|WITHOUT_TENSOR,"epoch"
[D:AiRunner]    ----------------------------------------
[D:AiRunner]    INTERNAL OPERATOR (idx=27, name=EpochBlock_29)
[D:AiRunner]     name="" counters="CPU cycles"[101993, 81071, 4250] dur=0.234ms id=29.29 type=0x5000000/INTERNAL|WITHOUT_TENSOR,"epoch"
[D:AiRunner]    ----------------------------------------
[D:AiRunner]    INTERNAL OPERATOR (idx=28, name=EpochBlock_30)
[D:AiRunner]     name="" counters="CPU cycles"[1977, 97769, 715] dur=0.126ms id=30.30 type=0x5000000/INTERNAL|WITHOUT_TENSOR,"epoch"
[D:AiRunner]    ----------------------------------------
[D:AiRunner]    INTERNAL OPERATOR (idx=29, name=EpochBlock_31)
[D:AiRunner]     name="" counters="CPU cycles"[101153, 106529, 3553] dur=0.264ms id=31.31 type=0x5000000/INTERNAL|WITHOUT_TENSOR,"epoch"
[D:AiRunner]    ----------------------------------------
[D:AiRunner]    INTERNAL OPERATOR (idx=30, name=EpochBlock_32)
[D:AiRunner]     name="" counters="CPU cycles"[31393, 118137, 3968] dur=0.192ms id=32.32 type=0x5000000/INTERNAL|WITHOUT_TENSOR,"epoch"
[D:AiRunner]    ----------------------------------------
[D:AiRunner]    INTERNAL OPERATOR (idx=31, name=EpochBlock_33)
[D:AiRunner]     name="" counters="CPU cycles"[1889, 9521, 792] dur=0.015ms id=33.33 type=0x5000000/INTERNAL|WITHOUT_TENSOR,"epoch"
[D:AiRunner]    ----------------------------------------
[D:AiRunner]    INTERNAL OPERATOR (idx=32, name=EpochBlock_34)
[D:AiRunner]     name="" counters="CPU cycles"[12342, 418236, 5387] dur=0.545ms id=34.34 type=0x5000000/INTERNAL|WITHOUT_TENSOR,"epoch"
[D:AiRunner]    ----------------------------------------
[D:AiRunner]    INTERNAL OPERATOR (idx=33, name=EpochBlock_35)
[D:AiRunner]     name="" counters="CPU cycles"[1857, 136649, 715] dur=0.174ms id=35.35 type=0x5000000/INTERNAL|WITHOUT_TENSOR,"epoch"
[D:AiRunner]    ----------------------------------------
[D:AiRunner]    INTERNAL OPERATOR (idx=34, name=EpochBlock_36)
[D:AiRunner]     name="" counters="CPU cycles"[9009, 648001, 4115] dur=0.826ms id=36.36 type=0x5000000/INTERNAL|WITHOUT_TENSOR,"epoch"
[D:AiRunner]    ----------------------------------------
[D:AiRunner]    INTERNAL OPERATOR (idx=35, name=EpochBlock_37)
[D:AiRunner]     name="" counters="CPU cycles"[32529, 160025, 4539] dur=0.246ms id=37.37 type=0x5000000/INTERNAL|WITHOUT_TENSOR,"epoch"
[D:AiRunner]    ----------------------------------------
[D:AiRunner]    INTERNAL OPERATOR (idx=36, name=EpochBlock_38)
[D:AiRunner]     name="" counters="CPU cycles"[1849, 9521, 792] dur=0.015ms id=38.38 type=0x5000000/INTERNAL|WITHOUT_TENSOR,"epoch"
[D:AiRunner]    ----------------------------------------
[D:AiRunner]    INTERNAL OPERATOR (idx=37, name=EpochBlock_39)
[D:AiRunner]     name="" counters="CPU cycles"[12361, 427041, 5536] dur=0.556ms id=39.39 type=0x5000000/INTERNAL|WITHOUT_TENSOR,"epoch"
[D:AiRunner]    ----------------------------------------
[D:AiRunner]    INTERNAL OPERATOR (idx=38, name=EpochBlock_40)
[D:AiRunner]     name="" counters="CPU cycles"[1937, 136641, 795] dur=0.174ms id=40.40 type=0x5000000/INTERNAL|WITHOUT_TENSOR,"epoch"
[D:AiRunner]    ----------------------------------------
[D:AiRunner]    INTERNAL OPERATOR (idx=39, name=EpochBlock_41)
[D:AiRunner]     name="" counters="CPU cycles"[9041, 648579, 4179] dur=0.827ms id=41.41 type=0x5000000/INTERNAL|WITHOUT_TENSOR,"epoch"
[D:AiRunner]    ----------------------------------------
[D:AiRunner]    INTERNAL OPERATOR (idx=40, name=EpochBlock_42)
[D:AiRunner]     name="" counters="CPU cycles"[32870, 159812, 4427] dur=0.246ms id=42.42 type=0x5000000/INTERNAL|WITHOUT_TENSOR,"epoch"
[D:AiRunner]    ----------------------------------------
[D:AiRunner]    INTERNAL OPERATOR (idx=41, name=EpochBlock_43)
[D:AiRunner]     name="" counters="CPU cycles"[1921, 9521, 795] dur=0.015ms id=43.43 type=0x5000000/INTERNAL|WITHOUT_TENSOR,"epoch"
[D:AiRunner]    ----------------------------------------
[D:AiRunner]    INTERNAL OPERATOR (idx=42, name=EpochBlock_44)
[D:AiRunner]     name="" counters="CPU cycles"[12185, 418433, 5491] dur=0.545ms id=44.44 type=0x5000000/INTERNAL|WITHOUT_TENSOR,"epoch"
[D:AiRunner]    ----------------------------------------
[D:AiRunner]    INTERNAL OPERATOR (idx=43, name=EpochBlock_45)
[D:AiRunner]     name="" counters="CPU cycles"[1889, 136665, 755] dur=0.174ms id=45.45 type=0x5000000/INTERNAL|WITHOUT_TENSOR,"epoch"
[D:AiRunner]    ----------------------------------------
[D:AiRunner]    INTERNAL OPERATOR (idx=44, name=EpochBlock_46)
[D:AiRunner]     name="" counters="CPU cycles"[9065, 300297, 4340] dur=0.392ms id=46.46 type=0x5000000/INTERNAL|WITHOUT_TENSOR,"epoch"
[D:AiRunner]    ----------------------------------------
[D:AiRunner]    INTERNAL OPERATOR (idx=45, name=EpochBlock_47)
[D:AiRunner]     name="" counters="CPU cycles"[46582, 260620, 3976] dur=0.389ms id=47.47 type=0x5000000/INTERNAL|WITHOUT_TENSOR,"epoch"
[D:AiRunner]    ----------------------------------------
[D:AiRunner]    INTERNAL OPERATOR (idx=46, name=EpochBlock_48)
[D:AiRunner]     name="" counters="CPU cycles"[12193, 539959, 5461] dur=0.697ms id=48.48 type=0x5000000/INTERNAL|WITHOUT_TENSOR,"epoch"
[D:AiRunner]    ----------------------------------------
[D:AiRunner]    INTERNAL OPERATOR (idx=47, name=EpochBlock_49)
[D:AiRunner]     name="" counters="CPU cycles"[1969, 81212, 792] dur=0.105ms id=49.49 type=0x5000000/INTERNAL|WITHOUT_TENSOR,"epoch"
[D:AiRunner]    ----------------------------------------
[D:AiRunner]    INTERNAL OPERATOR (idx=48, name=EpochBlock_50)
[D:AiRunner]     name="" counters="CPU cycles"[9313, 502369, 4059] dur=0.645ms id=50.50 type=0x5000000/INTERNAL|WITHOUT_TENSOR,"epoch"
[D:AiRunner]    ----------------------------------------
[D:AiRunner]    INTERNAL OPERATOR (idx=49, name=EpochBlock_51)
[D:AiRunner]     name="" counters="CPU cycles"[47857, 445473, 4459] dur=0.622ms id=51.51 type=0x5000000/INTERNAL|WITHOUT_TENSOR,"epoch"
[D:AiRunner]    ----------------------------------------
[D:AiRunner]    INTERNAL OPERATOR (idx=50, name=EpochBlock_52)
[D:AiRunner]     name="" counters="CPU cycles"[12097, 534023, 5524] dur=0.690ms id=52.52 type=0x5000000/INTERNAL|WITHOUT_TENSOR,"epoch"
[D:AiRunner]    ----------------------------------------
[D:AiRunner]    INTERNAL OPERATOR (idx=51, name=EpochBlock_53)
[D:AiRunner]     name="" counters="CPU cycles"[1929, 81217, 752] dur=0.105ms id=53.53 type=0x5000000/INTERNAL|WITHOUT_TENSOR,"epoch"
[D:AiRunner]    ----------------------------------------
[D:AiRunner]    INTERNAL OPERATOR (idx=52, name=EpochBlock_54)
[D:AiRunner]     name="" counters="CPU cycles"[9041, 499833, 4152] dur=0.641ms id=54.54 type=0x5000000/INTERNAL|WITHOUT_TENSOR,"epoch"
[D:AiRunner]    ----------------------------------------
[D:AiRunner]    INTERNAL OPERATOR (idx=53, name=EpochBlock_55)
[D:AiRunner]     name="" counters="CPU cycles"[47960, 445333, 4507] dur=0.622ms id=55.55 type=0x5000000/INTERNAL|WITHOUT_TENSOR,"epoch"
[D:AiRunner]    ----------------------------------------
[D:AiRunner]    INTERNAL OPERATOR (idx=54, name=EpochBlock_56)
[D:AiRunner]     name="" counters="CPU cycles"[12358, 541076, 5459] dur=0.699ms id=56.56 type=0x5000000/INTERNAL|WITHOUT_TENSOR,"epoch"
[D:AiRunner]    ----------------------------------------
[D:AiRunner]    INTERNAL OPERATOR (idx=55, name=EpochBlock_57)
[D:AiRunner]     name="" counters="CPU cycles"[1857, 81193, 755] dur=0.105ms id=57.57 type=0x5000000/INTERNAL|WITHOUT_TENSOR,"epoch"
[D:AiRunner]    ----------------------------------------
[D:AiRunner]    INTERNAL OPERATOR (idx=56, name=EpochBlock_58)
[D:AiRunner]     name="" counters="CPU cycles"[9081, 502100, 4136] dur=0.644ms id=58.58 type=0x5000000/INTERNAL|WITHOUT_TENSOR,"epoch"
[D:AiRunner]    ----------------------------------------
[D:AiRunner]    INTERNAL OPERATOR (idx=57, name=EpochBlock_59)
[D:AiRunner]     name="" counters="CPU cycles"[48313, 445129, 4491] dur=0.622ms id=59.59 type=0x5000000/INTERNAL|WITHOUT_TENSOR,"epoch"
[D:AiRunner]    ----------------------------------------
[D:AiRunner]    INTERNAL OPERATOR (idx=58, name=EpochBlock_60)
[D:AiRunner]     name="" counters="CPU cycles"[12169, 533601, 5488] dur=0.689ms id=60.60 type=0x5000000/INTERNAL|WITHOUT_TENSOR,"epoch"
[D:AiRunner]    ----------------------------------------
[D:AiRunner]    INTERNAL OPERATOR (idx=59, name=EpochBlock_61)
[D:AiRunner]     name="" counters="CPU cycles"[7041, 346977, 3235] dur=0.447ms id=61.61 type=0x5000000/INTERNAL|WITHOUT_TENSOR,"epoch"
[D:AiRunner]    ----------------------------------------
[D:AiRunner]    INTERNAL OPERATOR (idx=60, name=EpochBlock_62)
[D:AiRunner]     name="" counters="CPU cycles"[8638, 1644, 3739] dur=0.018ms id=62.62 type=0x5000000/INTERNAL|WITHOUT_TENSOR,"epoch"
[D:AiRunner]    ----------------------------------------
[D:AiRunner]    INTERNAL OPERATOR (idx=61, name=EpochBlock_63)
[D:AiRunner]     name="" counters="CPU cycles"[18574, 468140, 5083] dur=0.615ms id=63.63 type=0x5000000/INTERNAL|WITHOUT_TENSOR,"epoch"
[D:AiRunner]    ----------------------------------------
[D:AiRunner]    INTERNAL OPERATOR (idx=62, name=EpochBlock_64)
[D:AiRunner]     name="" counters="CPU cycles"[45, 36, 3923] dur=0.005ms id=64.64 type=0x1000002/INTERNAL,"epoch (SW)"
[D:AiRunner]    INTERNAL TENSOR #0
[D:AiRunner]     IOTensor: Dequantize_226_out_0, E.64.0, , 0x342e0000 f32[1,63], 252 Bytes
[D:AiRunner]     last=True, data_size=0
[D:AiRunner]    ----------------------------------------
[D:AiRunner]    INTERNAL OPERATOR (idx=63, name=EpochBlock_65)
[D:AiRunner]     name="" counters="CPU cycles"[15841, 3361, 3508] dur=0.028ms id=65.65 type=0x5000000/INTERNAL|WITHOUT_TENSOR,"epoch"
[D:AiRunner]    ----------------------------------------
[D:AiRunner]    INTERNAL OPERATOR (idx=64, name=EpochBlock_66)
[D:AiRunner]     name="" counters="CPU cycles"[45, 36, 3281] dur=0.004ms id=66.66 type=0x1000002/INTERNAL,"epoch (SW)"
[D:AiRunner]    INTERNAL TENSOR #0
[D:AiRunner]     IOTensor: Dequantize_229_out_0, E.66.0, , 0x342e0100 f32[1,63], 252 Bytes
[D:AiRunner]     last=True, data_size=0
[D:AiRunner]    ----------------------------------------
[D:AiRunner]    INTERNAL OPERATOR (idx=65, name=EpochBlock_67)
[D:AiRunner]     name="" counters="CPU cycles"[45, 36, 2869] dur=0.004ms id=67.67 type=0x1000002/INTERNAL,"epoch (SW)"
[D:AiRunner]    INTERNAL TENSOR #0
[D:AiRunner]     IOTensor: Dequantize_219_out_0, E.67.0, , 0x342e0200 f32[1,1], 4 Bytes
[D:AiRunner]     last=True, data_size=0
[D:AiRunner]    ----------------------------------------
[D:AiRunner]    INTERNAL OPERATOR (idx=66, name=EpochBlock_68)
[D:AiRunner]     name="" counters="CPU cycles"[4561, 563, 1713] dur=0.009ms id=68.68 type=0x5000000/INTERNAL|WITHOUT_TENSOR,"epoch"
[D:AiRunner]    ----------------------------------------
[D:AiRunner]    INTERNAL OPERATOR (idx=67, name=EpochBlock_69)
[D:AiRunner]     name="" counters="CPU cycles"[45, 36, 2293] dur=0.003ms id=69.69 type=0x1000002/INTERNAL,"epoch (SW)"
[D:AiRunner]    INTERNAL TENSOR #0
[D:AiRunner]     IOTensor: Dequantize_223_out_0, E.69.0, , 0x342e0210 f32[1,1], 4 Bytes
[D:AiRunner]     last=True, data_size=0
[D:AiRunner]    ----------------------------------------
[D:AiRunner]    INFERENCE DONE
[D:AiRunner]     name="network" counters="CPU cycles"[1658088, 16098400, 211988, 17981213, 0] dur=22.477ms id=0.0 type=0x0/NONE,"epoch"
[D:AiRunner]    RECEIVE OUTPUT TENSOR #0 last=False..
[D:AiRunner]     IOTensor: Dequantize_223_out_0, O_0, , 0x342e0210 f32[1,1], 4 Bytes
[D:AiRunner]    RECEIVE OUTPUT TENSOR #1 last=False..
[D:AiRunner]     IOTensor: Dequantize_229_out_0, O_1, , 0x342e0100 f32[1,63], 252 Bytes
[D:AiRunner]    RECEIVE OUTPUT TENSOR #2 last=False..
[D:AiRunner]     IOTensor: Dequantize_219_out_0, O_2, , 0x342e0200 f32[1,1], 4 Bytes
[D:AiRunner]    RECEIVE OUTPUT TENSOR #3 last=True..
[D:AiRunner]     IOTensor: Dequantize_226_out_0, O_3, , 0x342e0000 f32[1,63], 252 Bytes
[D:AiRunner] <- done (target dur=22.461ms)
[D:AiRunner] -> Requested RUN mode: Mode.DEBUG|PER_LAYER (param=0b100000011, option=0x0)
[D:AiRunner]    SEND INPUT TENSOR #0 ((1, 224, 224, 3)/uint8) last=True..
[D:AiRunner]    ----------------------------------------
[D:AiRunner]    INTERNAL OPERATOR (idx=0, name=EpochBlock_2)
[D:AiRunner]     name="" counters="CPU cycles"[3523, 121235, 1647] dur=0.158ms id=2.2 type=0x5000000/INTERNAL|WITHOUT_TENSOR,"epoch"
[D:AiRunner]    ----------------------------------------
[D:AiRunner]    INTERNAL OPERATOR (idx=1, name=EpochBlock_3)
[D:AiRunner]     name="" counters="CPU cycles"[15401, 363893, 3255] dur=0.478ms id=3.3 type=0x5000000/INTERNAL|WITHOUT_TENSOR,"epoch"
[D:AiRunner]    ----------------------------------------
[D:AiRunner]    INTERNAL OPERATOR (idx=2, name=EpochBlock_4)
[D:AiRunner]     name="" counters="CPU cycles"[5617, 241725, 1399] dur=0.311ms id=4.4 type=0x5000000/INTERNAL|WITHOUT_TENSOR,"epoch"
[D:AiRunner]    ----------------------------------------
[D:AiRunner]    INTERNAL OPERATOR (idx=3, name=EpochBlock_5)
[D:AiRunner]     name="" counters="CPU cycles"[8585, 242577, 2029] dur=0.316ms id=5.5 type=0x5000000/INTERNAL|WITHOUT_TENSOR,"epoch"
[D:AiRunner]    ----------------------------------------
[D:AiRunner]    INTERNAL OPERATOR (idx=4, name=EpochBlock_6)
[D:AiRunner]     name="" counters="CPU cycles"[18481, 644329, 2331] dur=0.831ms id=6.6 type=0x5000000/INTERNAL|WITHOUT_TENSOR,"epoch"
[D:AiRunner]    ----------------------------------------
[D:AiRunner]    INTERNAL OPERATOR (idx=5, name=EpochBlock_7)
[D:AiRunner]     name="" counters="CPU cycles"[17905, 643289, 2312] dur=0.829ms id=7.7 type=0x5000000/INTERNAL|WITHOUT_TENSOR,"epoch"
[D:AiRunner]    ----------------------------------------
[D:AiRunner]    INTERNAL OPERATOR (idx=6, name=EpochBlock_8)
[D:AiRunner]     name="" counters="CPU cycles"[9585, 64111, 1989] dur=0.095ms id=8.8 type=0x5000000/INTERNAL|WITHOUT_TENSOR,"epoch"
[D:AiRunner]    ----------------------------------------
[D:AiRunner]    INTERNAL OPERATOR (idx=7, name=EpochBlock_9)
[D:AiRunner]     name="" counters="CPU cycles"[33865, 363945, 2291] dur=0.500ms id=9.9 type=0x5000000/INTERNAL|WITHOUT_TENSOR,"epoch"
[D:AiRunner]    ----------------------------------------
[D:AiRunner]    INTERNAL OPERATOR (idx=8, name=EpochBlock_10)
[D:AiRunner]     name="" counters="CPU cycles"[33409, 377401, 2390] dur=0.516ms id=10.10 type=0x5000000/INTERNAL|WITHOUT_TENSOR,"epoch"
[D:AiRunner]    ----------------------------------------
[D:AiRunner]    INTERNAL OPERATOR (idx=9, name=EpochBlock_11)
[D:AiRunner]     name="" counters="CPU cycles"[12281, 67953, 3356] dur=0.104ms id=11.11 type=0x5000000/INTERNAL|WITHOUT_TENSOR,"epoch"
[D:AiRunner]    ----------------------------------------
[D:AiRunner]    INTERNAL OPERATOR (idx=10, name=EpochBlock_12)
[D:AiRunner]     name="" counters="CPU cycles"[33225, 363857, 2430] dur=0.499ms id=12.12 type=0x5000000/INTERNAL|WITHOUT_TENSOR,"epoch"
[D:AiRunner]    ----------------------------------------
[D:AiRunner]    INTERNAL OPERATOR (idx=11, name=EpochBlock_13)
[D:AiRunner]     name="" counters="CPU cycles"[1937, 405673, 832] dur=0.511ms id=13.13 type=0x5000000/INTERNAL|WITHOUT_TENSOR,"epoch"
[D:AiRunner]    ----------------------------------------
[D:AiRunner]    INTERNAL OPERATOR (idx=12, name=EpochBlock_14)
[D:AiRunner]     name="" counters="CPU cycles"[36697, 366689, 3571] dur=0.509ms id=14.14 type=0x5000000/INTERNAL|WITHOUT_TENSOR,"epoch"
[D:AiRunner]    ----------------------------------------
[D:AiRunner]    INTERNAL OPERATOR (idx=13, name=EpochBlock_15)
[D:AiRunner]     name="" counters="CPU cycles"[14409, 36585, 2571] dur=0.067ms id=15.15 type=0x5000000/INTERNAL|WITHOUT_TENSOR,"epoch"
[D:AiRunner]    ----------------------------------------
[D:AiRunner]    INTERNAL OPERATOR (idx=14, name=EpochBlock_16)
[D:AiRunner]     name="" counters="CPU cycles"[53817, 153489, 2875] dur=0.263ms id=16.16 type=0x5000000/INTERNAL|WITHOUT_TENSOR,"epoch"
[D:AiRunner]    ----------------------------------------
[D:AiRunner]    INTERNAL OPERATOR (idx=15, name=EpochBlock_17)
[D:AiRunner]     name="" counters="CPU cycles"[1985, 181873, 755] dur=0.231ms id=17.17 type=0x5000000/INTERNAL|WITHOUT_TENSOR,"epoch"
[D:AiRunner]    ----------------------------------------
[D:AiRunner]    INTERNAL OPERATOR (idx=16, name=EpochBlock_18)
[D:AiRunner]     name="" counters="CPU cycles"[54985, 194449, 3451] dur=0.316ms id=18.18 type=0x5000000/INTERNAL|WITHOUT_TENSOR,"epoch"
[D:AiRunner]    ----------------------------------------
[D:AiRunner]    INTERNAL OPERATOR (idx=17, name=EpochBlock_19)
[D:AiRunner]     name="" counters="CPU cycles"[15705, 60689, 3272] dur=0.100ms id=19.19 type=0x5000000/INTERNAL|WITHOUT_TENSOR,"epoch"
[D:AiRunner]    ----------------------------------------
[D:AiRunner]    INTERNAL OPERATOR (idx=18, name=EpochBlock_20)
[D:AiRunner]     name="" counters="CPU cycles"[53273, 153313, 2939] dur=0.262ms id=20.20 type=0x5000000/INTERNAL|WITHOUT_TENSOR,"epoch"
[D:AiRunner]    ----------------------------------------
[D:AiRunner]    INTERNAL OPERATOR (idx=19, name=EpochBlock_21)
[D:AiRunner]     name="" counters="CPU cycles"[51889, 152659, 2307] dur=0.259ms id=21.21 type=0x5000000/INTERNAL|WITHOUT_TENSOR,"epoch"
[D:AiRunner]    ----------------------------------------
[D:AiRunner]    INTERNAL OPERATOR (idx=20, name=EpochBlock_22)
[D:AiRunner]     name="" counters="CPU cycles"[22577, 45449, 2571] dur=0.088ms id=22.22 type=0x5000000/INTERNAL|WITHOUT_TENSOR,"epoch"
[D:AiRunner]    ----------------------------------------
[D:AiRunner]    INTERNAL OPERATOR (idx=21, name=EpochBlock_23)
[D:AiRunner]     name="" counters="CPU cycles"[102503, 81347, 4346] dur=0.235ms id=23.23 type=0x5000000/INTERNAL|WITHOUT_TENSOR,"epoch"
[D:AiRunner]    ----------------------------------------
[D:AiRunner]    INTERNAL OPERATOR (idx=22, name=EpochBlock_24)
[D:AiRunner]     name="" counters="CPU cycles"[98129, 89231, 2317] dur=0.237ms id=24.24 type=0x5000000/INTERNAL|WITHOUT_TENSOR,"epoch"
[D:AiRunner]    ----------------------------------------
[D:AiRunner]    INTERNAL OPERATOR (idx=23, name=EpochBlock_25)
[D:AiRunner]     name="" counters="CPU cycles"[26073, 87715, 4576] dur=0.148ms id=25.25 type=0x5000000/INTERNAL|WITHOUT_TENSOR,"epoch"
[D:AiRunner]    ----------------------------------------
[D:AiRunner]    INTERNAL OPERATOR (idx=24, name=EpochBlock_26)
[D:AiRunner]     name="" counters="CPU cycles"[102281, 81385, 4272] dur=0.235ms id=26.26 type=0x5000000/INTERNAL|WITHOUT_TENSOR,"epoch"
[D:AiRunner]    ----------------------------------------
[D:AiRunner]    INTERNAL OPERATOR (idx=25, name=EpochBlock_27)
[D:AiRunner]     name="" counters="CPU cycles"[97993, 89155, 2402] dur=0.237ms id=27.27 type=0x5000000/INTERNAL|WITHOUT_TENSOR,"epoch"
[D:AiRunner]    ----------------------------------------
[D:AiRunner]    INTERNAL OPERATOR (idx=26, name=EpochBlock_28)
[D:AiRunner]     name="" counters="CPU cycles"[26457, 87761, 4576] dur=0.148ms id=28.28 type=0x5000000/INTERNAL|WITHOUT_TENSOR,"epoch"
[D:AiRunner]    ----------------------------------------
[D:AiRunner]    INTERNAL OPERATOR (idx=27, name=EpochBlock_29)
[D:AiRunner]     name="" counters="CPU cycles"[102465, 81033, 4342] dur=0.235ms id=29.29 type=0x5000000/INTERNAL|WITHOUT_TENSOR,"epoch"
[D:AiRunner]    ----------------------------------------
[D:AiRunner]    INTERNAL OPERATOR (idx=28, name=EpochBlock_30)
[D:AiRunner]     name="" counters="CPU cycles"[1945, 97753, 715] dur=0.126ms id=30.30 type=0x5000000/INTERNAL|WITHOUT_TENSOR,"epoch"
[D:AiRunner]    ----------------------------------------
[D:AiRunner]    INTERNAL OPERATOR (idx=29, name=EpochBlock_31)
[D:AiRunner]     name="" counters="CPU cycles"[100783, 106531, 3526] dur=0.264ms id=31.31 type=0x5000000/INTERNAL|WITHOUT_TENSOR,"epoch"
[D:AiRunner]    ----------------------------------------
[D:AiRunner]    INTERNAL OPERATOR (idx=30, name=EpochBlock_32)
[D:AiRunner]     name="" counters="CPU cycles"[31761, 118139, 3931] dur=0.192ms id=32.32 type=0x5000000/INTERNAL|WITHOUT_TENSOR,"epoch"
[D:AiRunner]    ----------------------------------------
[D:AiRunner]    INTERNAL OPERATOR (idx=31, name=EpochBlock_33)
[D:AiRunner]     name="" counters="CPU cycles"[1889, 9561, 755] dur=0.015ms id=33.33 type=0x5000000/INTERNAL|WITHOUT_TENSOR,"epoch"
[D:AiRunner]    ----------------------------------------
[D:AiRunner]    INTERNAL OPERATOR (idx=32, name=EpochBlock_34)
[D:AiRunner]     name="" counters="CPU cycles"[12305, 418211, 5387] dur=0.545ms id=34.34 type=0x5000000/INTERNAL|WITHOUT_TENSOR,"epoch"
[D:AiRunner]    ----------------------------------------
[D:AiRunner]    INTERNAL OPERATOR (idx=33, name=EpochBlock_35)
[D:AiRunner]     name="" counters="CPU cycles"[1857, 136603, 715] dur=0.174ms id=35.35 type=0x5000000/INTERNAL|WITHOUT_TENSOR,"epoch"
[D:AiRunner]    ----------------------------------------
[D:AiRunner]    INTERNAL OPERATOR (idx=34, name=EpochBlock_36)
[D:AiRunner]     name="" counters="CPU cycles"[9009, 648091, 4115] dur=0.827ms id=36.36 type=0x5000000/INTERNAL|WITHOUT_TENSOR,"epoch"
[D:AiRunner]    ----------------------------------------
[D:AiRunner]    INTERNAL OPERATOR (idx=35, name=EpochBlock_37)
[D:AiRunner]     name="" counters="CPU cycles"[32521, 160017, 4539] dur=0.246ms id=37.37 type=0x5000000/INTERNAL|WITHOUT_TENSOR,"epoch"
[D:AiRunner]    ----------------------------------------
[D:AiRunner]    INTERNAL OPERATOR (idx=36, name=EpochBlock_38)
[D:AiRunner]     name="" counters="CPU cycles"[1921, 9521, 792] dur=0.015ms id=38.38 type=0x5000000/INTERNAL|WITHOUT_TENSOR,"epoch"
[D:AiRunner]    ----------------------------------------
[D:AiRunner]    INTERNAL OPERATOR (idx=37, name=EpochBlock_39)
[D:AiRunner]     name="" counters="CPU cycles"[12393, 427009, 5574] dur=0.556ms id=39.39 type=0x5000000/INTERNAL|WITHOUT_TENSOR,"epoch"
[D:AiRunner]    ----------------------------------------
[D:AiRunner]    INTERNAL OPERATOR (idx=38, name=EpochBlock_40)
[D:AiRunner]     name="" counters="CPU cycles"[1905, 136649, 795] dur=0.174ms id=40.40 type=0x5000000/INTERNAL|WITHOUT_TENSOR,"epoch"
[D:AiRunner]    ----------------------------------------
[D:AiRunner]    INTERNAL OPERATOR (idx=39, name=EpochBlock_41)
[D:AiRunner]     name="" counters="CPU cycles"[9089, 648675, 4139] dur=0.827ms id=41.41 type=0x5000000/INTERNAL|WITHOUT_TENSOR,"epoch"
[D:AiRunner]    ----------------------------------------
[D:AiRunner]    INTERNAL OPERATOR (idx=40, name=EpochBlock_42)
[D:AiRunner]     name="" counters="CPU cycles"[32369, 159849, 4427] dur=0.246ms id=42.42 type=0x5000000/INTERNAL|WITHOUT_TENSOR,"epoch"
[D:AiRunner]    ----------------------------------------
[D:AiRunner]    INTERNAL OPERATOR (idx=41, name=EpochBlock_43)
[D:AiRunner]     name="" counters="CPU cycles"[1921, 9521, 755] dur=0.015ms id=43.43 type=0x5000000/INTERNAL|WITHOUT_TENSOR,"epoch"
[D:AiRunner]    ----------------------------------------
[D:AiRunner]    INTERNAL OPERATOR (idx=42, name=EpochBlock_44)
[D:AiRunner]     name="" counters="CPU cycles"[12193, 418377, 5491] dur=0.545ms id=44.44 type=0x5000000/INTERNAL|WITHOUT_TENSOR,"epoch"
[D:AiRunner]    ----------------------------------------
[D:AiRunner]    INTERNAL OPERATOR (idx=43, name=EpochBlock_45)
[D:AiRunner]     name="" counters="CPU cycles"[1889, 136657, 755] dur=0.174ms id=45.45 type=0x5000000/INTERNAL|WITHOUT_TENSOR,"epoch"
[D:AiRunner]    ----------------------------------------
[D:AiRunner]    INTERNAL OPERATOR (idx=44, name=EpochBlock_46)
[D:AiRunner]     name="" counters="CPU cycles"[9105, 300273, 4163] dur=0.392ms id=46.46 type=0x5000000/INTERNAL|WITHOUT_TENSOR,"epoch"
[D:AiRunner]    ----------------------------------------
[D:AiRunner]    INTERNAL OPERATOR (idx=45, name=EpochBlock_47)
[D:AiRunner]     name="" counters="CPU cycles"[46582, 260620, 3939] dur=0.389ms id=47.47 type=0x5000000/INTERNAL|WITHOUT_TENSOR,"epoch"
[D:AiRunner]    ----------------------------------------
[D:AiRunner]    INTERNAL OPERATOR (idx=46, name=EpochBlock_48)
[D:AiRunner]     name="" counters="CPU cycles"[12225, 544420, 5493] dur=0.703ms id=48.48 type=0x5000000/INTERNAL|WITHOUT_TENSOR,"epoch"
[D:AiRunner]    ----------------------------------------
[D:AiRunner]    INTERNAL OPERATOR (idx=47, name=EpochBlock_49)
[D:AiRunner]     name="" counters="CPU cycles"[1969, 81185, 755] dur=0.105ms id=49.49 type=0x5000000/INTERNAL|WITHOUT_TENSOR,"epoch"
[D:AiRunner]    ----------------------------------------
[D:AiRunner]    INTERNAL OPERATOR (idx=48, name=EpochBlock_50)
[D:AiRunner]     name="" counters="CPU cycles"[9193, 502025, 4059] dur=0.644ms id=50.50 type=0x5000000/INTERNAL|WITHOUT_TENSOR,"epoch"
[D:AiRunner]    ----------------------------------------
[D:AiRunner]    INTERNAL OPERATOR (idx=49, name=EpochBlock_51)
[D:AiRunner]     name="" counters="CPU cycles"[47769, 445473, 4427] dur=0.622ms id=51.51 type=0x5000000/INTERNAL|WITHOUT_TENSOR,"epoch"
[D:AiRunner]    ----------------------------------------
[D:AiRunner]    INTERNAL OPERATOR (idx=50, name=EpochBlock_52)
[D:AiRunner]     name="" counters="CPU cycles"[12209, 533859, 5526] dur=0.689ms id=52.52 type=0x5000000/INTERNAL|WITHOUT_TENSOR,"epoch"
[D:AiRunner]    ----------------------------------------
[D:AiRunner]    INTERNAL OPERATOR (idx=51, name=EpochBlock_53)
[D:AiRunner]     name="" counters="CPU cycles"[1889, 81209, 715] dur=0.105ms id=53.53 type=0x5000000/INTERNAL|WITHOUT_TENSOR,"epoch"
[D:AiRunner]    ----------------------------------------
[D:AiRunner]    INTERNAL OPERATOR (idx=52, name=EpochBlock_54)
[D:AiRunner]     name="" counters="CPU cycles"[9049, 499801, 4115] dur=0.641ms id=54.54 type=0x5000000/INTERNAL|WITHOUT_TENSOR,"epoch"
[D:AiRunner]    ----------------------------------------
[D:AiRunner]    INTERNAL OPERATOR (idx=53, name=EpochBlock_55)
[D:AiRunner]     name="" counters="CPU cycles"[47996, 445380, 4507] dur=0.622ms id=55.55 type=0x5000000/INTERNAL|WITHOUT_TENSOR,"epoch"
[D:AiRunner]    ----------------------------------------
[D:AiRunner]    INTERNAL OPERATOR (idx=54, name=EpochBlock_56)
[D:AiRunner]     name="" counters="CPU cycles"[12225, 540145, 5459] dur=0.697ms id=56.56 type=0x5000000/INTERNAL|WITHOUT_TENSOR,"epoch"
[D:AiRunner]    ----------------------------------------
[D:AiRunner]    INTERNAL OPERATOR (idx=55, name=EpochBlock_57)
[D:AiRunner]     name="" counters="CPU cycles"[1865, 81185, 755] dur=0.105ms id=57.57 type=0x5000000/INTERNAL|WITHOUT_TENSOR,"epoch"
[D:AiRunner]    ----------------------------------------
[D:AiRunner]    INTERNAL OPERATOR (idx=56, name=EpochBlock_58)
[D:AiRunner]     name="" counters="CPU cycles"[9161, 502273, 4139] dur=0.644ms id=58.58 type=0x5000000/INTERNAL|WITHOUT_TENSOR,"epoch"
[D:AiRunner]    ----------------------------------------
[D:AiRunner]    INTERNAL OPERATOR (idx=57, name=EpochBlock_59)
[D:AiRunner]     name="" counters="CPU cycles"[47881, 445129, 4604] dur=0.622ms id=59.59 type=0x5000000/INTERNAL|WITHOUT_TENSOR,"epoch"
[D:AiRunner]    ----------------------------------------
[D:AiRunner]    INTERNAL OPERATOR (idx=58, name=EpochBlock_60)
[D:AiRunner]     name="" counters="CPU cycles"[12145, 533601, 5638] dur=0.689ms id=60.60 type=0x5000000/INTERNAL|WITHOUT_TENSOR,"epoch"
[D:AiRunner]    ----------------------------------------
[D:AiRunner]    INTERNAL OPERATOR (idx=59, name=EpochBlock_61)
[D:AiRunner]     name="" counters="CPU cycles"[6985, 346937, 3235] dur=0.446ms id=61.61 type=0x5000000/INTERNAL|WITHOUT_TENSOR,"epoch"
[D:AiRunner]    ----------------------------------------
[D:AiRunner]    INTERNAL OPERATOR (idx=60, name=EpochBlock_62)
[D:AiRunner]     name="" counters="CPU cycles"[8641, 1683, 3739] dur=0.018ms id=62.62 type=0x5000000/INTERNAL|WITHOUT_TENSOR,"epoch"
[D:AiRunner]    ----------------------------------------
[D:AiRunner]    INTERNAL OPERATOR (idx=61, name=EpochBlock_63)
[D:AiRunner]     name="" counters="CPU cycles"[18366, 468012, 5083] dur=0.614ms id=63.63 type=0x5000000/INTERNAL|WITHOUT_TENSOR,"epoch"
[D:AiRunner]    ----------------------------------------
[D:AiRunner]    INTERNAL OPERATOR (idx=62, name=EpochBlock_64)
[D:AiRunner]     name="" counters="CPU cycles"[47, 36, 3999] dur=0.005ms id=64.64 type=0x1000002/INTERNAL,"epoch (SW)"
[D:AiRunner]    INTERNAL TENSOR #0
[D:AiRunner]     IOTensor: Dequantize_226_out_0, E.64.0, , 0x342e0000 f32[1,63], 252 Bytes
[D:AiRunner]     last=True, data_size=0
[D:AiRunner]    ----------------------------------------
[D:AiRunner]    INTERNAL OPERATOR (idx=63, name=EpochBlock_65)
[D:AiRunner]     name="" counters="CPU cycles"[15857, 3281, 3548] dur=0.028ms id=65.65 type=0x5000000/INTERNAL|WITHOUT_TENSOR,"epoch"
[D:AiRunner]    ----------------------------------------
[D:AiRunner]    INTERNAL OPERATOR (idx=64, name=EpochBlock_66)
[D:AiRunner]     name="" counters="CPU cycles"[47, 36, 3279] dur=0.004ms id=66.66 type=0x1000002/INTERNAL,"epoch (SW)"
[D:AiRunner]    INTERNAL TENSOR #0
[D:AiRunner]     IOTensor: Dequantize_229_out_0, E.66.0, , 0x342e0100 f32[1,63], 252 Bytes
[D:AiRunner]     last=True, data_size=0
[D:AiRunner]    ----------------------------------------
[D:AiRunner]    INTERNAL OPERATOR (idx=65, name=EpochBlock_67)
[D:AiRunner]     name="" counters="CPU cycles"[45, 36, 2863] dur=0.004ms id=67.67 type=0x1000002/INTERNAL,"epoch (SW)"
[D:AiRunner]    INTERNAL TENSOR #0
[D:AiRunner]     IOTensor: Dequantize_219_out_0, E.67.0, , 0x342e0200 f32[1,1], 4 Bytes
[D:AiRunner]     last=True, data_size=0
[D:AiRunner]    ----------------------------------------
[D:AiRunner]    INTERNAL OPERATOR (idx=66, name=EpochBlock_68)
[D:AiRunner]     name="" counters="CPU cycles"[4497, 563, 1681] dur=0.008ms id=68.68 type=0x5000000/INTERNAL|WITHOUT_TENSOR,"epoch"
[D:AiRunner]    ----------------------------------------
[D:AiRunner]    INTERNAL OPERATOR (idx=67, name=EpochBlock_69)
[D:AiRunner]     name="" counters="CPU cycles"[45, 36, 2293] dur=0.003ms id=69.69 type=0x1000002/INTERNAL,"epoch (SW)"
[D:AiRunner]    INTERNAL TENSOR #0
[D:AiRunner]     IOTensor: Dequantize_223_out_0, E.69.0, , 0x342e0210 f32[1,1], 4 Bytes
[D:AiRunner]     last=True, data_size=0
[D:AiRunner]    ----------------------------------------
[D:AiRunner]    INFERENCE DONE
[D:AiRunner]     name="network" counters="CPU cycles"[1656595, 16101172, 211829, 17981979, 0] dur=22.477ms id=0.0 type=0x0/NONE,"epoch"
[D:AiRunner]    RECEIVE OUTPUT TENSOR #0 last=False..
[D:AiRunner]     IOTensor: Dequantize_223_out_0, O_0, , 0x342e0210 f32[1,1], 4 Bytes
[D:AiRunner]    RECEIVE OUTPUT TENSOR #1 last=False..
[D:AiRunner]     IOTensor: Dequantize_229_out_0, O_1, , 0x342e0100 f32[1,63], 252 Bytes
[D:AiRunner]    RECEIVE OUTPUT TENSOR #2 last=False..
[D:AiRunner]     IOTensor: Dequantize_219_out_0, O_2, , 0x342e0200 f32[1,1], 4 Bytes
[D:AiRunner]    RECEIVE OUTPUT TENSOR #3 last=True..
[D:AiRunner]     IOTensor: Dequantize_226_out_0, O_3, , 0x342e0000 f32[1,63], 252 Bytes
[D:AiRunner] <- done (target dur=22.462ms)
[D:AiRunner] -> Requested RUN mode: Mode.DEBUG|PER_LAYER (param=0b100000011, option=0x0)
[D:AiRunner]    SEND INPUT TENSOR #0 ((1, 224, 224, 3)/uint8) last=True..
[D:AiRunner]    ----------------------------------------
[D:AiRunner]    INTERNAL OPERATOR (idx=0, name=EpochBlock_2)
[D:AiRunner]     name="" counters="CPU cycles"[3527, 121239, 1567] dur=0.158ms id=2.2 type=0x5000000/INTERNAL|WITHOUT_TENSOR,"epoch"
[D:AiRunner]    ----------------------------------------
[D:AiRunner]    INTERNAL OPERATOR (idx=1, name=EpochBlock_3)
[D:AiRunner]     name="" counters="CPU cycles"[15353, 363897, 3291] dur=0.478ms id=3.3 type=0x5000000/INTERNAL|WITHOUT_TENSOR,"epoch"
[D:AiRunner]    ----------------------------------------
[D:AiRunner]    INTERNAL OPERATOR (idx=2, name=EpochBlock_4)
[D:AiRunner]     name="" counters="CPU cycles"[5665, 241689, 1427] dur=0.311ms id=4.4 type=0x5000000/INTERNAL|WITHOUT_TENSOR,"epoch"
[D:AiRunner]    ----------------------------------------
[D:AiRunner]    INTERNAL OPERATOR (idx=3, name=EpochBlock_5)
[D:AiRunner]     name="" counters="CPU cycles"[8577, 242618, 2026] dur=0.317ms id=5.5 type=0x5000000/INTERNAL|WITHOUT_TENSOR,"epoch"
[D:AiRunner]    ----------------------------------------
[D:AiRunner]    INTERNAL OPERATOR (idx=4, name=EpochBlock_6)
[D:AiRunner]     name="" counters="CPU cycles"[18329, 644329, 2331] dur=0.831ms id=6.6 type=0x5000000/INTERNAL|WITHOUT_TENSOR,"epoch"
[D:AiRunner]    ----------------------------------------
[D:AiRunner]    INTERNAL OPERATOR (idx=5, name=EpochBlock_7)
[D:AiRunner]     name="" counters="CPU cycles"[17825, 643289, 2331] dur=0.829ms id=7.7 type=0x5000000/INTERNAL|WITHOUT_TENSOR,"epoch"
[D:AiRunner]    ----------------------------------------
[D:AiRunner]    INTERNAL OPERATOR (idx=6, name=EpochBlock_8)
[D:AiRunner]     name="" counters="CPU cycles"[9577, 64073, 1987] dur=0.095ms id=8.8 type=0x5000000/INTERNAL|WITHOUT_TENSOR,"epoch"
[D:AiRunner]    ----------------------------------------
[D:AiRunner]    INTERNAL OPERATOR (idx=7, name=EpochBlock_9)
[D:AiRunner]     name="" counters="CPU cycles"[33865, 363945, 2291] dur=0.500ms id=9.9 type=0x5000000/INTERNAL|WITHOUT_TENSOR,"epoch"
[D:AiRunner]    ----------------------------------------
[D:AiRunner]    INTERNAL OPERATOR (idx=8, name=EpochBlock_10)
[D:AiRunner]     name="" counters="CPU cycles"[33473, 377401, 2315] dur=0.516ms id=10.10 type=0x5000000/INTERNAL|WITHOUT_TENSOR,"epoch"
[D:AiRunner]    ----------------------------------------
[D:AiRunner]    INTERNAL OPERATOR (idx=9, name=EpochBlock_11)
[D:AiRunner]     name="" counters="CPU cycles"[12289, 67953, 3356] dur=0.104ms id=11.11 type=0x5000000/INTERNAL|WITHOUT_TENSOR,"epoch"
[D:AiRunner]    ----------------------------------------
[D:AiRunner]    INTERNAL OPERATOR (idx=10, name=EpochBlock_12)
[D:AiRunner]     name="" counters="CPU cycles"[33809, 363857, 2406] dur=0.500ms id=12.12 type=0x5000000/INTERNAL|WITHOUT_TENSOR,"epoch"
[D:AiRunner]    ----------------------------------------
[D:AiRunner]    INTERNAL OPERATOR (idx=11, name=EpochBlock_13)
[D:AiRunner]     name="" counters="CPU cycles"[1897, 405681, 795] dur=0.510ms id=13.13 type=0x5000000/INTERNAL|WITHOUT_TENSOR,"epoch"
[D:AiRunner]    ----------------------------------------
[D:AiRunner]    INTERNAL OPERATOR (idx=12, name=EpochBlock_14)
[D:AiRunner]     name="" counters="CPU cycles"[36081, 366713, 3608] dur=0.508ms id=14.14 type=0x5000000/INTERNAL|WITHOUT_TENSOR,"epoch"
[D:AiRunner]    ----------------------------------------
[D:AiRunner]    INTERNAL OPERATOR (idx=13, name=EpochBlock_15)
[D:AiRunner]     name="" counters="CPU cycles"[14409, 36598, 2576] dur=0.067ms id=15.15 type=0x5000000/INTERNAL|WITHOUT_TENSOR,"epoch"
[D:AiRunner]    ----------------------------------------
[D:AiRunner]    INTERNAL OPERATOR (idx=14, name=EpochBlock_16)
[D:AiRunner]     name="" counters="CPU cycles"[53793, 153650, 2930] dur=0.263ms id=16.16 type=0x5000000/INTERNAL|WITHOUT_TENSOR,"epoch"
[D:AiRunner]    ----------------------------------------
[D:AiRunner]    INTERNAL OPERATOR (idx=15, name=EpochBlock_17)
[D:AiRunner]     name="" counters="CPU cycles"[1977, 181897, 755] dur=0.231ms id=17.17 type=0x5000000/INTERNAL|WITHOUT_TENSOR,"epoch"
[D:AiRunner]    ----------------------------------------
[D:AiRunner]    INTERNAL OPERATOR (idx=16, name=EpochBlock_18)
[D:AiRunner]     name="" counters="CPU cycles"[55289, 194435, 3451] dur=0.316ms id=18.18 type=0x5000000/INTERNAL|WITHOUT_TENSOR,"epoch"
[D:AiRunner]    ----------------------------------------
[D:AiRunner]    INTERNAL OPERATOR (idx=17, name=EpochBlock_19)
[D:AiRunner]     name="" counters="CPU cycles"[15745, 60732, 3234] dur=0.100ms id=19.19 type=0x5000000/INTERNAL|WITHOUT_TENSOR,"epoch"
[D:AiRunner]    ----------------------------------------
[D:AiRunner]    INTERNAL OPERATOR (idx=18, name=EpochBlock_20)
[D:AiRunner]     name="" counters="CPU cycles"[53558, 153279, 2939] dur=0.262ms id=20.20 type=0x5000000/INTERNAL|WITHOUT_TENSOR,"epoch"
[D:AiRunner]    ----------------------------------------
[D:AiRunner]    INTERNAL OPERATOR (idx=19, name=EpochBlock_21)
[D:AiRunner]     name="" counters="CPU cycles"[51961, 152689, 2307] dur=0.259ms id=21.21 type=0x5000000/INTERNAL|WITHOUT_TENSOR,"epoch"
[D:AiRunner]    ----------------------------------------
[D:AiRunner]    INTERNAL OPERATOR (idx=20, name=EpochBlock_22)
[D:AiRunner]     name="" counters="CPU cycles"[22281, 45449, 2595] dur=0.088ms id=22.22 type=0x5000000/INTERNAL|WITHOUT_TENSOR,"epoch"
[D:AiRunner]    ----------------------------------------
[D:AiRunner]    INTERNAL OPERATOR (idx=21, name=EpochBlock_23)
[D:AiRunner]     name="" counters="CPU cycles"[102207, 81347, 4342] dur=0.235ms id=23.23 type=0x5000000/INTERNAL|WITHOUT_TENSOR,"epoch"
[D:AiRunner]    ----------------------------------------
[D:AiRunner]    INTERNAL OPERATOR (idx=22, name=EpochBlock_24)
[D:AiRunner]     name="" counters="CPU cycles"[98449, 89314, 2322] dur=0.238ms id=24.24 type=0x5000000/INTERNAL|WITHOUT_TENSOR,"epoch"
[D:AiRunner]    ----------------------------------------
[D:AiRunner]    INTERNAL OPERATOR (idx=23, name=EpochBlock_25)
[D:AiRunner]     name="" counters="CPU cycles"[27009, 87675, 4539] dur=0.149ms id=25.25 type=0x5000000/INTERNAL|WITHOUT_TENSOR,"epoch"
[D:AiRunner]    ----------------------------------------
[D:AiRunner]    INTERNAL OPERATOR (idx=24, name=EpochBlock_26)
[D:AiRunner]     name="" counters="CPU cycles"[102174, 81348, 4272] dur=0.235ms id=26.26 type=0x5000000/INTERNAL|WITHOUT_TENSOR,"epoch"
[D:AiRunner]    ----------------------------------------
[D:AiRunner]    INTERNAL OPERATOR (idx=25, name=EpochBlock_27)
[D:AiRunner]     name="" counters="CPU cycles"[98353, 89193, 2365] dur=0.237ms id=27.27 type=0x5000000/INTERNAL|WITHOUT_TENSOR,"epoch"
[D:AiRunner]    ----------------------------------------
[D:AiRunner]    INTERNAL OPERATOR (idx=26, name=EpochBlock_28)
[D:AiRunner]     name="" counters="CPU cycles"[26409, 87761, 4563] dur=0.148ms id=28.28 type=0x5000000/INTERNAL|WITHOUT_TENSOR,"epoch"
[D:AiRunner]    ----------------------------------------
[D:AiRunner]    INTERNAL OPERATOR (idx=27, name=EpochBlock_29)
[D:AiRunner]     name="" counters="CPU cycles"[102393, 81033, 4248] dur=0.235ms id=29.29 type=0x5000000/INTERNAL|WITHOUT_TENSOR,"epoch"
[D:AiRunner]    ----------------------------------------
[D:AiRunner]    INTERNAL OPERATOR (idx=28, name=EpochBlock_30)
[D:AiRunner]     name="" counters="CPU cycles"[1937, 97761, 755] dur=0.126ms id=30.30 type=0x5000000/INTERNAL|WITHOUT_TENSOR,"epoch"
[D:AiRunner]    ----------------------------------------
[D:AiRunner]    INTERNAL OPERATOR (idx=29, name=EpochBlock_31)
[D:AiRunner]     name="" counters="CPU cycles"[100815, 106491, 3590] dur=0.264ms id=31.31 type=0x5000000/INTERNAL|WITHOUT_TENSOR,"epoch"
[D:AiRunner]    ----------------------------------------
[D:AiRunner]    INTERNAL OPERATOR (idx=30, name=EpochBlock_32)
[D:AiRunner]     name="" counters="CPU cycles"[31249, 118099, 3931] dur=0.192ms id=32.32 type=0x5000000/INTERNAL|WITHOUT_TENSOR,"epoch"
[D:AiRunner]    ----------------------------------------
[D:AiRunner]    INTERNAL OPERATOR (idx=31, name=EpochBlock_33)
[D:AiRunner]     name="" counters="CPU cycles"[1881, 9561, 755] dur=0.015ms id=33.33 type=0x5000000/INTERNAL|WITHOUT_TENSOR,"epoch"
[D:AiRunner]    ----------------------------------------
[D:AiRunner]    INTERNAL OPERATOR (idx=32, name=EpochBlock_34)
[D:AiRunner]     name="" counters="CPU cycles"[12209, 418329, 5451] dur=0.545ms id=34.34 type=0x5000000/INTERNAL|WITHOUT_TENSOR,"epoch"
[D:AiRunner]    ----------------------------------------
[D:AiRunner]    INTERNAL OPERATOR (idx=33, name=EpochBlock_35)
[D:AiRunner]     name="" counters="CPU cycles"[1857, 136649, 715] dur=0.174ms id=35.35 type=0x5000000/INTERNAL|WITHOUT_TENSOR,"epoch"
[D:AiRunner]    ----------------------------------------
[D:AiRunner]    INTERNAL OPERATOR (idx=34, name=EpochBlock_36)
[D:AiRunner]     name="" counters="CPU cycles"[9049, 648241, 4115] dur=0.827ms id=36.36 type=0x5000000/INTERNAL|WITHOUT_TENSOR,"epoch"
[D:AiRunner]    ----------------------------------------
[D:AiRunner]    INTERNAL OPERATOR (idx=35, name=EpochBlock_37)
[D:AiRunner]     name="" counters="CPU cycles"[32937, 160017, 4539] dur=0.247ms id=37.37 type=0x5000000/INTERNAL|WITHOUT_TENSOR,"epoch"
[D:AiRunner]    ----------------------------------------
[D:AiRunner]    INTERNAL OPERATOR (idx=36, name=EpochBlock_38)
[D:AiRunner]     name="" counters="CPU cycles"[1977, 9521, 792] dur=0.015ms id=38.38 type=0x5000000/INTERNAL|WITHOUT_TENSOR,"epoch"
[D:AiRunner]    ----------------------------------------
[D:AiRunner]    INTERNAL OPERATOR (idx=37, name=EpochBlock_39)
[D:AiRunner]     name="" counters="CPU cycles"[12369, 427161, 5610] dur=0.556ms id=39.39 type=0x5000000/INTERNAL|WITHOUT_TENSOR,"epoch"
[D:AiRunner]    ----------------------------------------
[D:AiRunner]    INTERNAL OPERATOR (idx=38, name=EpochBlock_40)
[D:AiRunner]     name="" counters="CPU cycles"[1945, 136665, 795] dur=0.174ms id=40.40 type=0x5000000/INTERNAL|WITHOUT_TENSOR,"epoch"
[D:AiRunner]    ----------------------------------------
[D:AiRunner]    INTERNAL OPERATOR (idx=39, name=EpochBlock_41)
[D:AiRunner]     name="" counters="CPU cycles"[9121, 648793, 4139] dur=0.828ms id=41.41 type=0x5000000/INTERNAL|WITHOUT_TENSOR,"epoch"
[D:AiRunner]    ----------------------------------------
[D:AiRunner]    INTERNAL OPERATOR (idx=40, name=EpochBlock_42)
[D:AiRunner]     name="" counters="CPU cycles"[32350, 159804, 4427] dur=0.246ms id=42.42 type=0x5000000/INTERNAL|WITHOUT_TENSOR,"epoch"
[D:AiRunner]    ----------------------------------------
[D:AiRunner]    INTERNAL OPERATOR (idx=41, name=EpochBlock_43)
[D:AiRunner]     name="" counters="CPU cycles"[1929, 9521, 795] dur=0.015ms id=43.43 type=0x5000000/INTERNAL|WITHOUT_TENSOR,"epoch"
[D:AiRunner]    ----------------------------------------
[D:AiRunner]    INTERNAL OPERATOR (idx=42, name=EpochBlock_44)
[D:AiRunner]     name="" counters="CPU cycles"[12145, 418505, 5523] dur=0.545ms id=44.44 type=0x5000000/INTERNAL|WITHOUT_TENSOR,"epoch"
[D:AiRunner]    ----------------------------------------
[D:AiRunner]    INTERNAL OPERATOR (idx=43, name=EpochBlock_45)
[D:AiRunner]     name="" counters="CPU cycles"[1897, 136649, 755] dur=0.174ms id=45.45 type=0x5000000/INTERNAL|WITHOUT_TENSOR,"epoch"
[D:AiRunner]    ----------------------------------------
[D:AiRunner]    INTERNAL OPERATOR (idx=44, name=EpochBlock_46)
[D:AiRunner]     name="" counters="CPU cycles"[9105, 300289, 4264] dur=0.392ms id=46.46 type=0x5000000/INTERNAL|WITHOUT_TENSOR,"epoch"
[D:AiRunner]    ----------------------------------------
[D:AiRunner]    INTERNAL OPERATOR (idx=45, name=EpochBlock_47)
[D:AiRunner]     name="" counters="CPU cycles"[47041, 260619, 3976] dur=0.390ms id=47.47 type=0x5000000/INTERNAL|WITHOUT_TENSOR,"epoch"
[D:AiRunner]    ----------------------------------------
[D:AiRunner]    INTERNAL OPERATOR (idx=46, name=EpochBlock_48)
[D:AiRunner]     name="" counters="CPU cycles"[12273, 543636, 5531] dur=0.702ms id=48.48 type=0x5000000/INTERNAL|WITHOUT_TENSOR,"epoch"
[D:AiRunner]    ----------------------------------------
[D:AiRunner]    INTERNAL OPERATOR (idx=47, name=EpochBlock_49)
[D:AiRunner]     name="" counters="CPU cycles"[2006, 81148, 792] dur=0.105ms id=49.49 type=0x5000000/INTERNAL|WITHOUT_TENSOR,"epoch"
[D:AiRunner]    ----------------------------------------
[D:AiRunner]    INTERNAL OPERATOR (idx=48, name=EpochBlock_50)
[D:AiRunner]     name="" counters="CPU cycles"[9289, 501929, 4059] dur=0.644ms id=50.50 type=0x5000000/INTERNAL|WITHOUT_TENSOR,"epoch"
[D:AiRunner]    ----------------------------------------
[D:AiRunner]    INTERNAL OPERATOR (idx=49, name=EpochBlock_51)
[D:AiRunner]     name="" counters="CPU cycles"[48017, 445473, 4459] dur=0.622ms id=51.51 type=0x5000000/INTERNAL|WITHOUT_TENSOR,"epoch"
[D:AiRunner]    ----------------------------------------
[D:AiRunner]    INTERNAL OPERATOR (idx=50, name=EpochBlock_52)
[D:AiRunner]     name="" counters="CPU cycles"[12201, 534159, 5500] dur=0.690ms id=52.52 type=0x5000000/INTERNAL|WITHOUT_TENSOR,"epoch"
[D:AiRunner]    ----------------------------------------
[D:AiRunner]    INTERNAL OPERATOR (idx=51, name=EpochBlock_53)
[D:AiRunner]     name="" counters="CPU cycles"[1969, 81177, 715] dur=0.105ms id=53.53 type=0x5000000/INTERNAL|WITHOUT_TENSOR,"epoch"
[D:AiRunner]    ----------------------------------------
[D:AiRunner]    INTERNAL OPERATOR (idx=52, name=EpochBlock_54)
[D:AiRunner]     name="" counters="CPU cycles"[9001, 499785, 4152] dur=0.641ms id=54.54 type=0x5000000/INTERNAL|WITHOUT_TENSOR,"epoch"
[D:AiRunner]    ----------------------------------------
[D:AiRunner]    INTERNAL OPERATOR (idx=53, name=EpochBlock_55)
[D:AiRunner]     name="" counters="CPU cycles"[47960, 445295, 4507] dur=0.622ms id=55.55 type=0x5000000/INTERNAL|WITHOUT_TENSOR,"epoch"
[D:AiRunner]    ----------------------------------------
[D:AiRunner]    INTERNAL OPERATOR (idx=54, name=EpochBlock_56)
[D:AiRunner]     name="" counters="CPU cycles"[12297, 540137, 5459] dur=0.697ms id=56.56 type=0x5000000/INTERNAL|WITHOUT_TENSOR,"epoch"
[D:AiRunner]    ----------------------------------------
[D:AiRunner]    INTERNAL OPERATOR (idx=55, name=EpochBlock_57)
[D:AiRunner]     name="" counters="CPU cycles"[1865, 81161, 755] dur=0.105ms id=57.57 type=0x5000000/INTERNAL|WITHOUT_TENSOR,"epoch"
[D:AiRunner]    ----------------------------------------
[D:AiRunner]    INTERNAL OPERATOR (idx=56, name=EpochBlock_58)
[D:AiRunner]     name="" counters="CPU cycles"[9241, 502153, 4139] dur=0.644ms id=58.58 type=0x5000000/INTERNAL|WITHOUT_TENSOR,"epoch"
[D:AiRunner]    ----------------------------------------
[D:AiRunner]    INTERNAL OPERATOR (idx=57, name=EpochBlock_59)
[D:AiRunner]     name="" counters="CPU cycles"[47857, 445129, 4502] dur=0.622ms id=59.59 type=0x5000000/INTERNAL|WITHOUT_TENSOR,"epoch"
[D:AiRunner]    ----------------------------------------
[D:AiRunner]    INTERNAL OPERATOR (idx=58, name=EpochBlock_60)
[D:AiRunner]     name="" counters="CPU cycles"[12209, 533569, 5451] dur=0.689ms id=60.60 type=0x5000000/INTERNAL|WITHOUT_TENSOR,"epoch"
[D:AiRunner]    ----------------------------------------
[D:AiRunner]    INTERNAL OPERATOR (idx=59, name=EpochBlock_61)
[D:AiRunner]     name="" counters="CPU cycles"[6993, 346937, 3235] dur=0.446ms id=61.61 type=0x5000000/INTERNAL|WITHOUT_TENSOR,"epoch"
[D:AiRunner]    ----------------------------------------
[D:AiRunner]    INTERNAL OPERATOR (idx=60, name=EpochBlock_62)
[D:AiRunner]     name="" counters="CPU cycles"[8569, 1681, 3739] dur=0.017ms id=62.62 type=0x5000000/INTERNAL|WITHOUT_TENSOR,"epoch"
[D:AiRunner]    ----------------------------------------
[D:AiRunner]    INTERNAL OPERATOR (idx=61, name=EpochBlock_63)
[D:AiRunner]     name="" counters="CPU cycles"[18526, 468076, 5083] dur=0.615ms id=63.63 type=0x5000000/INTERNAL|WITHOUT_TENSOR,"epoch"
[D:AiRunner]    ----------------------------------------
[D:AiRunner]    INTERNAL OPERATOR (idx=62, name=EpochBlock_64)
[D:AiRunner]     name="" counters="CPU cycles"[47, 36, 3896] dur=0.005ms id=64.64 type=0x1000002/INTERNAL,"epoch (SW)"
[D:AiRunner]    INTERNAL TENSOR #0
[D:AiRunner]     IOTensor: Dequantize_226_out_0, E.64.0, , 0x342e0000 f32[1,63], 252 Bytes
[D:AiRunner]     last=True, data_size=0
[D:AiRunner]    ----------------------------------------
[D:AiRunner]    INTERNAL OPERATOR (idx=63, name=EpochBlock_65)
[D:AiRunner]     name="" counters="CPU cycles"[16257, 3281, 3547] dur=0.029ms id=65.65 type=0x5000000/INTERNAL|WITHOUT_TENSOR,"epoch"
[D:AiRunner]    ----------------------------------------
[D:AiRunner]    INTERNAL OPERATOR (idx=64, name=EpochBlock_66)
[D:AiRunner]     name="" counters="CPU cycles"[47, 36, 3351] dur=0.004ms id=66.66 type=0x1000002/INTERNAL,"epoch (SW)"
[D:AiRunner]    INTERNAL TENSOR #0
[D:AiRunner]     IOTensor: Dequantize_229_out_0, E.66.0, , 0x342e0100 f32[1,63], 252 Bytes
[D:AiRunner]     last=True, data_size=0
[D:AiRunner]    ----------------------------------------
[D:AiRunner]    INTERNAL OPERATOR (idx=65, name=EpochBlock_67)
[D:AiRunner]     name="" counters="CPU cycles"[47, 36, 2861] dur=0.004ms id=67.67 type=0x1000002/INTERNAL,"epoch (SW)"
[D:AiRunner]    INTERNAL TENSOR #0
[D:AiRunner]     IOTensor: Dequantize_219_out_0, E.67.0, , 0x342e0200 f32[1,1], 4 Bytes
[D:AiRunner]     last=True, data_size=0
[D:AiRunner]    ----------------------------------------
[D:AiRunner]    INTERNAL OPERATOR (idx=66, name=EpochBlock_68)
[D:AiRunner]     name="" counters="CPU cycles"[4529, 563, 1738] dur=0.009ms id=68.68 type=0x5000000/INTERNAL|WITHOUT_TENSOR,"epoch"
[D:AiRunner]    ----------------------------------------
[D:AiRunner]    INTERNAL OPERATOR (idx=67, name=EpochBlock_69)
[D:AiRunner]     name="" counters="CPU cycles"[47, 36, 2289] dur=0.003ms id=69.69 type=0x1000002/INTERNAL,"epoch (SW)"
[D:AiRunner]    INTERNAL TENSOR #0
[D:AiRunner]     IOTensor: Dequantize_223_out_0, E.69.0, , 0x342e0210 f32[1,1], 4 Bytes
[D:AiRunner]     last=True, data_size=0
[D:AiRunner]    ----------------------------------------
[D:AiRunner]    INFERENCE DONE
[D:AiRunner]     name="network" counters="CPU cycles"[1659334, 16101192, 211856, 17984970, 0] dur=22.481ms id=0.0 type=0x0/NONE,"epoch"
[D:AiRunner]    RECEIVE OUTPUT TENSOR #0 last=False..
[D:AiRunner]     IOTensor: Dequantize_223_out_0, O_0, , 0x342e0210 f32[1,1], 4 Bytes
[D:AiRunner]    RECEIVE OUTPUT TENSOR #1 last=False..
[D:AiRunner]     IOTensor: Dequantize_229_out_0, O_1, , 0x342e0100 f32[1,63], 252 Bytes
[D:AiRunner]    RECEIVE OUTPUT TENSOR #2 last=False..
[D:AiRunner]     IOTensor: Dequantize_219_out_0, O_2, , 0x342e0200 f32[1,1], 4 Bytes
[D:AiRunner]    RECEIVE OUTPUT TENSOR #3 last=True..
[D:AiRunner]     IOTensor: Dequantize_226_out_0, O_3, , 0x342e0000 f32[1,63], 252 Bytes
[D:AiRunner] <- done (target dur=22.465ms)
[D:AiRunner] -> Requested RUN mode: Mode.DEBUG|PER_LAYER (param=0b100000011, option=0x0)
[D:AiRunner]    SEND INPUT TENSOR #0 ((1, 224, 224, 3)/uint8) last=True..
[D:AiRunner]    ----------------------------------------
[D:AiRunner]    INTERNAL OPERATOR (idx=0, name=EpochBlock_2)
[D:AiRunner]     name="" counters="CPU cycles"[3527, 121112, 1680] dur=0.158ms id=2.2 type=0x5000000/INTERNAL|WITHOUT_TENSOR,"epoch"
[D:AiRunner]    ----------------------------------------
[D:AiRunner]    INTERNAL OPERATOR (idx=1, name=EpochBlock_3)
[D:AiRunner]     name="" counters="CPU cycles"[15377, 363897, 3259] dur=0.478ms id=3.3 type=0x5000000/INTERNAL|WITHOUT_TENSOR,"epoch"
[D:AiRunner]    ----------------------------------------
[D:AiRunner]    INTERNAL OPERATOR (idx=2, name=EpochBlock_4)
[D:AiRunner]     name="" counters="CPU cycles"[5625, 241689, 1403] dur=0.311ms id=4.4 type=0x5000000/INTERNAL|WITHOUT_TENSOR,"epoch"
[D:AiRunner]    ----------------------------------------
[D:AiRunner]    INTERNAL OPERATOR (idx=3, name=EpochBlock_5)
[D:AiRunner]     name="" counters="CPU cycles"[8585, 242537, 2027] dur=0.316ms id=5.5 type=0x5000000/INTERNAL|WITHOUT_TENSOR,"epoch"
[D:AiRunner]    ----------------------------------------
[D:AiRunner]    INTERNAL OPERATOR (idx=4, name=EpochBlock_6)
[D:AiRunner]     name="" counters="CPU cycles"[18449, 644372, 2328] dur=0.831ms id=6.6 type=0x5000000/INTERNAL|WITHOUT_TENSOR,"epoch"
[D:AiRunner]    ----------------------------------------
[D:AiRunner]    INTERNAL OPERATOR (idx=5, name=EpochBlock_7)
[D:AiRunner]     name="" counters="CPU cycles"[17977, 643325, 2279] dur=0.829ms id=7.7 type=0x5000000/INTERNAL|WITHOUT_TENSOR,"epoch"
[D:AiRunner]    ----------------------------------------
[D:AiRunner]    INTERNAL OPERATOR (idx=6, name=EpochBlock_8)
[D:AiRunner]     name="" counters="CPU cycles"[9665, 64111, 1989] dur=0.095ms id=8.8 type=0x5000000/INTERNAL|WITHOUT_TENSOR,"epoch"
[D:AiRunner]    ----------------------------------------
[D:AiRunner]    INTERNAL OPERATOR (idx=7, name=EpochBlock_9)
[D:AiRunner]     name="" counters="CPU cycles"[33849, 363945, 2291] dur=0.500ms id=9.9 type=0x5000000/INTERNAL|WITHOUT_TENSOR,"epoch"
[D:AiRunner]    ----------------------------------------
[D:AiRunner]    INTERNAL OPERATOR (idx=8, name=EpochBlock_10)
[D:AiRunner]     name="" counters="CPU cycles"[33481, 377401, 2315] dur=0.516ms id=10.10 type=0x5000000/INTERNAL|WITHOUT_TENSOR,"epoch"
[D:AiRunner]    ----------------------------------------
[D:AiRunner]    INTERNAL OPERATOR (idx=9, name=EpochBlock_11)
[D:AiRunner]     name="" counters="CPU cycles"[12297, 67953, 3316] dur=0.104ms id=11.11 type=0x5000000/INTERNAL|WITHOUT_TENSOR,"epoch"
[D:AiRunner]    ----------------------------------------
[D:AiRunner]    INTERNAL OPERATOR (idx=10, name=EpochBlock_12)
[D:AiRunner]     name="" counters="CPU cycles"[33305, 363857, 2482] dur=0.500ms id=12.12 type=0x5000000/INTERNAL|WITHOUT_TENSOR,"epoch"
[D:AiRunner]    ----------------------------------------
[D:AiRunner]    INTERNAL OPERATOR (idx=11, name=EpochBlock_13)
[D:AiRunner]     name="" counters="CPU cycles"[1889, 405681, 795] dur=0.510ms id=13.13 type=0x5000000/INTERNAL|WITHOUT_TENSOR,"epoch"
[D:AiRunner]    ----------------------------------------
[D:AiRunner]    INTERNAL OPERATOR (idx=12, name=EpochBlock_14)
[D:AiRunner]     name="" counters="CPU cycles"[36537, 366681, 3646] dur=0.509ms id=14.14 type=0x5000000/INTERNAL|WITHOUT_TENSOR,"epoch"
[D:AiRunner]    ----------------------------------------
[D:AiRunner]    INTERNAL OPERATOR (idx=13, name=EpochBlock_15)
[D:AiRunner]     name="" counters="CPU cycles"[14337, 36666, 2570] dur=0.067ms id=15.15 type=0x5000000/INTERNAL|WITHOUT_TENSOR,"epoch"
[D:AiRunner]    ----------------------------------------
[D:AiRunner]    INTERNAL OPERATOR (idx=14, name=EpochBlock_16)
[D:AiRunner]     name="" counters="CPU cycles"[53881, 153570, 2930] dur=0.263ms id=16.16 type=0x5000000/INTERNAL|WITHOUT_TENSOR,"epoch"
[D:AiRunner]    ----------------------------------------
[D:AiRunner]    INTERNAL OPERATOR (idx=15, name=EpochBlock_17)
[D:AiRunner]     name="" counters="CPU cycles"[1945, 181897, 755] dur=0.231ms id=17.17 type=0x5000000/INTERNAL|WITHOUT_TENSOR,"epoch"
[D:AiRunner]    ----------------------------------------
[D:AiRunner]    INTERNAL OPERATOR (idx=16, name=EpochBlock_18)
[D:AiRunner]     name="" counters="CPU cycles"[54761, 194505, 3451] dur=0.316ms id=18.18 type=0x5000000/INTERNAL|WITHOUT_TENSOR,"epoch"
[D:AiRunner]    ----------------------------------------
[D:AiRunner]    INTERNAL OPERATOR (idx=17, name=EpochBlock_19)
[D:AiRunner]     name="" counters="CPU cycles"[15897, 60651, 3235] dur=0.100ms id=19.19 type=0x5000000/INTERNAL|WITHOUT_TENSOR,"epoch"
[D:AiRunner]    ----------------------------------------
[D:AiRunner]    INTERNAL OPERATOR (idx=18, name=EpochBlock_20)
[D:AiRunner]     name="" counters="CPU cycles"[53561, 153353, 2976] dur=0.262ms id=20.20 type=0x5000000/INTERNAL|WITHOUT_TENSOR,"epoch"
[D:AiRunner]    ----------------------------------------
[D:AiRunner]    INTERNAL OPERATOR (idx=19, name=EpochBlock_21)
[D:AiRunner]     name="" counters="CPU cycles"[52241, 152689, 2275] dur=0.259ms id=21.21 type=0x5000000/INTERNAL|WITHOUT_TENSOR,"epoch"
[D:AiRunner]    ----------------------------------------
[D:AiRunner]    INTERNAL OPERATOR (idx=20, name=EpochBlock_22)
[D:AiRunner]     name="" counters="CPU cycles"[22529, 45449, 2627] dur=0.088ms id=22.22 type=0x5000000/INTERNAL|WITHOUT_TENSOR,"epoch"
[D:AiRunner]    ----------------------------------------
[D:AiRunner]    INTERNAL OPERATOR (idx=21, name=EpochBlock_23)
[D:AiRunner]     name="" counters="CPU cycles"[102273, 81385, 4310] dur=0.235ms id=23.23 type=0x5000000/INTERNAL|WITHOUT_TENSOR,"epoch"
[D:AiRunner]    ----------------------------------------
[D:AiRunner]    INTERNAL OPERATOR (idx=22, name=EpochBlock_24)
[D:AiRunner]     name="" counters="CPU cycles"[98399, 89187, 2315] dur=0.237ms id=24.24 type=0x5000000/INTERNAL|WITHOUT_TENSOR,"epoch"
[D:AiRunner]    ----------------------------------------
[D:AiRunner]    INTERNAL OPERATOR (idx=23, name=EpochBlock_25)
[D:AiRunner]     name="" counters="CPU cycles"[26577, 87675, 4539] dur=0.148ms id=25.25 type=0x5000000/INTERNAL|WITHOUT_TENSOR,"epoch"
[D:AiRunner]    ----------------------------------------
[D:AiRunner]    INTERNAL OPERATOR (idx=24, name=EpochBlock_26)
[D:AiRunner]     name="" counters="CPU cycles"[102382, 81388, 4235] dur=0.235ms id=26.26 type=0x5000000/INTERNAL|WITHOUT_TENSOR,"epoch"
[D:AiRunner]    ----------------------------------------
[D:AiRunner]    INTERNAL OPERATOR (idx=25, name=EpochBlock_27)
[D:AiRunner]     name="" counters="CPU cycles"[97913, 89193, 2352] dur=0.237ms id=27.27 type=0x5000000/INTERNAL|WITHOUT_TENSOR,"epoch"
[D:AiRunner]    ----------------------------------------
[D:AiRunner]    INTERNAL OPERATOR (idx=26, name=EpochBlock_28)
[D:AiRunner]     name="" counters="CPU cycles"[26305, 87753, 4576] dur=0.148ms id=28.28 type=0x5000000/INTERNAL|WITHOUT_TENSOR,"epoch"
[D:AiRunner]    ----------------------------------------
[D:AiRunner]    INTERNAL OPERATOR (idx=27, name=EpochBlock_29)
[D:AiRunner]     name="" counters="CPU cycles"[102081, 81114, 4271] dur=0.234ms id=29.29 type=0x5000000/INTERNAL|WITHOUT_TENSOR,"epoch"
[D:AiRunner]    ----------------------------------------
[D:AiRunner]    INTERNAL OPERATOR (idx=28, name=EpochBlock_30)
[D:AiRunner]     name="" counters="CPU cycles"[1969, 97761, 752] dur=0.126ms id=30.30 type=0x5000000/INTERNAL|WITHOUT_TENSOR,"epoch"
[D:AiRunner]    ----------------------------------------
[D:AiRunner]    INTERNAL OPERATOR (idx=29, name=EpochBlock_31)
[D:AiRunner]     name="" counters="CPU cycles"[101153, 106529, 3590] dur=0.264ms id=31.31 type=0x5000000/INTERNAL|WITHOUT_TENSOR,"epoch"
[D:AiRunner]    ----------------------------------------
[D:AiRunner]    INTERNAL OPERATOR (idx=30, name=EpochBlock_32)
[D:AiRunner]     name="" counters="CPU cycles"[31601, 118137, 3931] dur=0.192ms id=32.32 type=0x5000000/INTERNAL|WITHOUT_TENSOR,"epoch"
[D:AiRunner]    ----------------------------------------
[D:AiRunner]    INTERNAL OPERATOR (idx=31, name=EpochBlock_33)
[D:AiRunner]     name="" counters="CPU cycles"[1849, 9521, 755] dur=0.015ms id=33.33 type=0x5000000/INTERNAL|WITHOUT_TENSOR,"epoch"
[D:AiRunner]    ----------------------------------------
[D:AiRunner]    INTERNAL OPERATOR (idx=32, name=EpochBlock_34)
[D:AiRunner]     name="" counters="CPU cycles"[12294, 418228, 5387] dur=0.545ms id=34.34 type=0x5000000/INTERNAL|WITHOUT_TENSOR,"epoch"
[D:AiRunner]    ----------------------------------------
[D:AiRunner]    INTERNAL OPERATOR (idx=33, name=EpochBlock_35)
[D:AiRunner]     name="" counters="CPU cycles"[1857, 136641, 715] dur=0.174ms id=35.35 type=0x5000000/INTERNAL|WITHOUT_TENSOR,"epoch"
[D:AiRunner]    ----------------------------------------
[D:AiRunner]    INTERNAL OPERATOR (idx=34, name=EpochBlock_36)
[D:AiRunner]     name="" counters="CPU cycles"[9017, 647977, 4115] dur=0.826ms id=36.36 type=0x5000000/INTERNAL|WITHOUT_TENSOR,"epoch"
[D:AiRunner]    ----------------------------------------
[D:AiRunner]    INTERNAL OPERATOR (idx=35, name=EpochBlock_37)
[D:AiRunner]     name="" counters="CPU cycles"[32585, 160017, 4563] dur=0.246ms id=37.37 type=0x5000000/INTERNAL|WITHOUT_TENSOR,"epoch"
[D:AiRunner]    ----------------------------------------
[D:AiRunner]    INTERNAL OPERATOR (idx=36, name=EpochBlock_38)
[D:AiRunner]     name="" counters="CPU cycles"[1937, 9521, 792] dur=0.015ms id=38.38 type=0x5000000/INTERNAL|WITHOUT_TENSOR,"epoch"
[D:AiRunner]    ----------------------------------------
[D:AiRunner]    INTERNAL OPERATOR (idx=37, name=EpochBlock_39)
[D:AiRunner]     name="" counters="CPU cycles"[12401, 427201, 5533] dur=0.556ms id=39.39 type=0x5000000/INTERNAL|WITHOUT_TENSOR,"epoch"
[D:AiRunner]    ----------------------------------------
[D:AiRunner]    INTERNAL OPERATOR (idx=38, name=EpochBlock_40)
[D:AiRunner]     name="" counters="CPU cycles"[1857, 136641, 755] dur=0.174ms id=40.40 type=0x5000000/INTERNAL|WITHOUT_TENSOR,"epoch"
[D:AiRunner]    ----------------------------------------
[D:AiRunner]    INTERNAL OPERATOR (idx=39, name=EpochBlock_41)
[D:AiRunner]     name="" counters="CPU cycles"[9049, 648769, 4179] dur=0.827ms id=41.41 type=0x5000000/INTERNAL|WITHOUT_TENSOR,"epoch"
[D:AiRunner]    ----------------------------------------
[D:AiRunner]    INTERNAL OPERATOR (idx=40, name=EpochBlock_42)
[D:AiRunner]     name="" counters="CPU cycles"[32462, 159804, 4427] dur=0.246ms id=42.42 type=0x5000000/INTERNAL|WITHOUT_TENSOR,"epoch"
[D:AiRunner]    ----------------------------------------
[D:AiRunner]    INTERNAL OPERATOR (idx=41, name=EpochBlock_43)
[D:AiRunner]     name="" counters="CPU cycles"[1889, 9521, 795] dur=0.015ms id=43.43 type=0x5000000/INTERNAL|WITHOUT_TENSOR,"epoch"
[D:AiRunner]    ----------------------------------------
[D:AiRunner]    INTERNAL OPERATOR (idx=42, name=EpochBlock_44)
[D:AiRunner]     name="" counters="CPU cycles"[12153, 418417, 5427] dur=0.545ms id=44.44 type=0x5000000/INTERNAL|WITHOUT_TENSOR,"epoch"
[D:AiRunner]    ----------------------------------------
[D:AiRunner]    INTERNAL OPERATOR (idx=43, name=EpochBlock_45)
[D:AiRunner]     name="" counters="CPU cycles"[1889, 136641, 755] dur=0.174ms id=45.45 type=0x5000000/INTERNAL|WITHOUT_TENSOR,"epoch"
[D:AiRunner]    ----------------------------------------
[D:AiRunner]    INTERNAL OPERATOR (idx=44, name=EpochBlock_46)
[D:AiRunner]     name="" counters="CPU cycles"[9097, 300233, 4121] dur=0.392ms id=46.46 type=0x5000000/INTERNAL|WITHOUT_TENSOR,"epoch"
[D:AiRunner]    ----------------------------------------
[D:AiRunner]    INTERNAL OPERATOR (idx=45, name=EpochBlock_47)
[D:AiRunner]     name="" counters="CPU cycles"[46769, 260619, 3963] dur=0.389ms id=47.47 type=0x5000000/INTERNAL|WITHOUT_TENSOR,"epoch"
[D:AiRunner]    ----------------------------------------
[D:AiRunner]    INTERNAL OPERATOR (idx=46, name=EpochBlock_48)
[D:AiRunner]     name="" counters="CPU cycles"[12201, 539655, 5461] dur=0.697ms id=48.48 type=0x5000000/INTERNAL|WITHOUT_TENSOR,"epoch"
[D:AiRunner]    ----------------------------------------
[D:AiRunner]    INTERNAL OPERATOR (idx=47, name=EpochBlock_49)
[D:AiRunner]     name="" counters="CPU cycles"[1897, 81161, 795] dur=0.105ms id=49.49 type=0x5000000/INTERNAL|WITHOUT_TENSOR,"epoch"
[D:AiRunner]    ----------------------------------------
[D:AiRunner]    INTERNAL OPERATOR (idx=48, name=EpochBlock_50)
[D:AiRunner]     name="" counters="CPU cycles"[9337, 502025, 4123] dur=0.644ms id=50.50 type=0x5000000/INTERNAL|WITHOUT_TENSOR,"epoch"
[D:AiRunner]    ----------------------------------------
[D:AiRunner]    INTERNAL OPERATOR (idx=49, name=EpochBlock_51)
[D:AiRunner]     name="" counters="CPU cycles"[47905, 445473, 4523] dur=0.622ms id=51.51 type=0x5000000/INTERNAL|WITHOUT_TENSOR,"epoch"
[D:AiRunner]    ----------------------------------------
[D:AiRunner]    INTERNAL OPERATOR (idx=50, name=EpochBlock_52)
[D:AiRunner]     name="" counters="CPU cycles"[12193, 533869, 5483] dur=0.689ms id=52.52 type=0x5000000/INTERNAL|WITHOUT_TENSOR,"epoch"
[D:AiRunner]    ----------------------------------------
[D:AiRunner]    INTERNAL OPERATOR (idx=51, name=EpochBlock_53)
[D:AiRunner]     name="" counters="CPU cycles"[1897, 81209, 715] dur=0.105ms id=53.53 type=0x5000000/INTERNAL|WITHOUT_TENSOR,"epoch"
[D:AiRunner]    ----------------------------------------
[D:AiRunner]    INTERNAL OPERATOR (idx=52, name=EpochBlock_54)
[D:AiRunner]     name="" counters="CPU cycles"[9009, 499785, 4115] dur=0.641ms id=54.54 type=0x5000000/INTERNAL|WITHOUT_TENSOR,"epoch"
[D:AiRunner]    ----------------------------------------
[D:AiRunner]    INTERNAL OPERATOR (idx=53, name=EpochBlock_55)
[D:AiRunner]     name="" counters="CPU cycles"[47959, 445377, 4507] dur=0.622ms id=55.55 type=0x5000000/INTERNAL|WITHOUT_TENSOR,"epoch"
[D:AiRunner]    ----------------------------------------
[D:AiRunner]    INTERNAL OPERATOR (idx=54, name=EpochBlock_56)
[D:AiRunner]     name="" counters="CPU cycles"[12229, 539452, 5459] dur=0.696ms id=56.56 type=0x5000000/INTERNAL|WITHOUT_TENSOR,"epoch"
[D:AiRunner]    ----------------------------------------
[D:AiRunner]    INTERNAL OPERATOR (idx=55, name=EpochBlock_57)
[D:AiRunner]     name="" counters="CPU cycles"[1865, 81193, 755] dur=0.105ms id=57.57 type=0x5000000/INTERNAL|WITHOUT_TENSOR,"epoch"
[D:AiRunner]    ----------------------------------------
[D:AiRunner]    INTERNAL OPERATOR (idx=56, name=EpochBlock_58)
[D:AiRunner]     name="" counters="CPU cycles"[9201, 502150, 4136] dur=0.644ms id=58.58 type=0x5000000/INTERNAL|WITHOUT_TENSOR,"epoch"
[D:AiRunner]    ----------------------------------------
[D:AiRunner]    INTERNAL OPERATOR (idx=57, name=EpochBlock_59)
[D:AiRunner]     name="" counters="CPU cycles"[47873, 445129, 4566] dur=0.622ms id=59.59 type=0x5000000/INTERNAL|WITHOUT_TENSOR,"epoch"
[D:AiRunner]    ----------------------------------------
[D:AiRunner]    INTERNAL OPERATOR (idx=58, name=EpochBlock_60)
[D:AiRunner]     name="" counters="CPU cycles"[12097, 533569, 5451] dur=0.689ms id=60.60 type=0x5000000/INTERNAL|WITHOUT_TENSOR,"epoch"
[D:AiRunner]    ----------------------------------------
[D:AiRunner]    INTERNAL OPERATOR (idx=59, name=EpochBlock_61)
[D:AiRunner]     name="" counters="CPU cycles"[7041, 347017, 3272] dur=0.447ms id=61.61 type=0x5000000/INTERNAL|WITHOUT_TENSOR,"epoch"
[D:AiRunner]    ----------------------------------------
[D:AiRunner]    INTERNAL OPERATOR (idx=60, name=EpochBlock_62)
[D:AiRunner]     name="" counters="CPU cycles"[8606, 1684, 3776] dur=0.018ms id=62.62 type=0x5000000/INTERNAL|WITHOUT_TENSOR,"epoch"
[D:AiRunner]    ----------------------------------------
[D:AiRunner]    INTERNAL OPERATOR (idx=61, name=EpochBlock_63)
[D:AiRunner]     name="" counters="CPU cycles"[18481, 468193, 5019] dur=0.615ms id=63.63 type=0x5000000/INTERNAL|WITHOUT_TENSOR,"epoch"
[D:AiRunner]    ----------------------------------------
[D:AiRunner]    INTERNAL OPERATOR (idx=62, name=EpochBlock_64)
[D:AiRunner]     name="" counters="CPU cycles"[82, 36, 3936] dur=0.005ms id=64.64 type=0x1000002/INTERNAL,"epoch (SW)"
[D:AiRunner]    INTERNAL TENSOR #0
[D:AiRunner]     IOTensor: Dequantize_226_out_0, E.64.0, , 0x342e0000 f32[1,63], 252 Bytes
[D:AiRunner]     last=True, data_size=0
[D:AiRunner]    ----------------------------------------
[D:AiRunner]    INTERNAL OPERATOR (idx=63, name=EpochBlock_65)
[D:AiRunner]     name="" counters="CPU cycles"[16190, 3324, 3617] dur=0.029ms id=65.65 type=0x5000000/INTERNAL|WITHOUT_TENSOR,"epoch"
[D:AiRunner]    ----------------------------------------
[D:AiRunner]    INTERNAL OPERATOR (idx=64, name=EpochBlock_66)
[D:AiRunner]     name="" counters="CPU cycles"[47, 36, 3317] dur=0.004ms id=66.66 type=0x1000002/INTERNAL,"epoch (SW)"
[D:AiRunner]    INTERNAL TENSOR #0
[D:AiRunner]     IOTensor: Dequantize_229_out_0, E.66.0, , 0x342e0100 f32[1,63], 252 Bytes
[D:AiRunner]     last=True, data_size=0
[D:AiRunner]    ----------------------------------------
[D:AiRunner]    INTERNAL OPERATOR (idx=65, name=EpochBlock_67)
[D:AiRunner]     name="" counters="CPU cycles"[47, 36, 2867] dur=0.004ms id=67.67 type=0x1000002/INTERNAL,"epoch (SW)"
[D:AiRunner]    INTERNAL TENSOR #0
[D:AiRunner]     IOTensor: Dequantize_219_out_0, E.67.0, , 0x342e0200 f32[1,1], 4 Bytes
[D:AiRunner]     last=True, data_size=0
[D:AiRunner]    ----------------------------------------
[D:AiRunner]    INTERNAL OPERATOR (idx=66, name=EpochBlock_68)
[D:AiRunner]     name="" counters="CPU cycles"[4569, 563, 1719] dur=0.009ms id=68.68 type=0x5000000/INTERNAL|WITHOUT_TENSOR,"epoch"
[D:AiRunner]    ----------------------------------------
[D:AiRunner]    INTERNAL OPERATOR (idx=67, name=EpochBlock_69)
[D:AiRunner]     name="" counters="CPU cycles"[47, 36, 2217] dur=0.003ms id=69.69 type=0x1000002/INTERNAL,"epoch (SW)"
[D:AiRunner]    INTERNAL TENSOR #0
[D:AiRunner]     IOTensor: Dequantize_223_out_0, E.69.0, , 0x342e0210 f32[1,1], 4 Bytes
[D:AiRunner]     last=True, data_size=0
[D:AiRunner]    ----------------------------------------
[D:AiRunner]    INFERENCE DONE
[D:AiRunner]     name="network" counters="CPU cycles"[1658246, 16096186, 211611, 17978436, 0] dur=22.473ms id=0.0 type=0x0/NONE,"epoch"
[D:AiRunner]    RECEIVE OUTPUT TENSOR #0 last=False..
[D:AiRunner]     IOTensor: Dequantize_223_out_0, O_0, , 0x342e0210 f32[1,1], 4 Bytes
[D:AiRunner]    RECEIVE OUTPUT TENSOR #1 last=False..
[D:AiRunner]     IOTensor: Dequantize_229_out_0, O_1, , 0x342e0100 f32[1,63], 252 Bytes
[D:AiRunner]    RECEIVE OUTPUT TENSOR #2 last=False..
[D:AiRunner]     IOTensor: Dequantize_219_out_0, O_2, , 0x342e0200 f32[1,1], 4 Bytes
[D:AiRunner]    RECEIVE OUTPUT TENSOR #3 last=True..
[D:AiRunner]     IOTensor: Dequantize_226_out_0, O_3, , 0x342e0000 f32[1,63], 252 Bytes
[D:AiRunner] <- done (target dur=22.458ms)
[D:AiRunner] -> Requested RUN mode: Mode.DEBUG|PER_LAYER (param=0b100000011, option=0x0)
[D:AiRunner]    SEND INPUT TENSOR #0 ((1, 224, 224, 3)/uint8) last=True..
[D:AiRunner]    ----------------------------------------
[D:AiRunner]    INTERNAL OPERATOR (idx=0, name=EpochBlock_2)
[D:AiRunner]     name="" counters="CPU cycles"[3527, 121239, 1685] dur=0.158ms id=2.2 type=0x5000000/INTERNAL|WITHOUT_TENSOR,"epoch"
[D:AiRunner]    ----------------------------------------
[D:AiRunner]    INTERNAL OPERATOR (idx=1, name=EpochBlock_3)
[D:AiRunner]     name="" counters="CPU cycles"[15361, 363933, 3255] dur=0.478ms id=3.3 type=0x5000000/INTERNAL|WITHOUT_TENSOR,"epoch"
[D:AiRunner]    ----------------------------------------
[D:AiRunner]    INTERNAL OPERATOR (idx=2, name=EpochBlock_4)
[D:AiRunner]     name="" counters="CPU cycles"[5673, 241689, 1403] dur=0.311ms id=4.4 type=0x5000000/INTERNAL|WITHOUT_TENSOR,"epoch"
[D:AiRunner]    ----------------------------------------
[D:AiRunner]    INTERNAL OPERATOR (idx=3, name=EpochBlock_5)
[D:AiRunner]     name="" counters="CPU cycles"[8737, 242537, 2027] dur=0.317ms id=5.5 type=0x5000000/INTERNAL|WITHOUT_TENSOR,"epoch"
[D:AiRunner]    ----------------------------------------
[D:AiRunner]    INTERNAL OPERATOR (idx=4, name=EpochBlock_6)
[D:AiRunner]     name="" counters="CPU cycles"[18473, 644329, 2331] dur=0.831ms id=6.6 type=0x5000000/INTERNAL|WITHOUT_TENSOR,"epoch"
[D:AiRunner]    ----------------------------------------
[D:AiRunner]    INTERNAL OPERATOR (idx=5, name=EpochBlock_7)
[D:AiRunner]     name="" counters="CPU cycles"[17793, 643325, 2316] dur=0.829ms id=7.7 type=0x5000000/INTERNAL|WITHOUT_TENSOR,"epoch"
[D:AiRunner]    ----------------------------------------
[D:AiRunner]    INTERNAL OPERATOR (idx=6, name=EpochBlock_8)
[D:AiRunner]     name="" counters="CPU cycles"[9633, 64111, 1989] dur=0.095ms id=8.8 type=0x5000000/INTERNAL|WITHOUT_TENSOR,"epoch"
[D:AiRunner]    ----------------------------------------
[D:AiRunner]    INTERNAL OPERATOR (idx=7, name=EpochBlock_9)
[D:AiRunner]     name="" counters="CPU cycles"[33777, 363945, 2329] dur=0.500ms id=9.9 type=0x5000000/INTERNAL|WITHOUT_TENSOR,"epoch"
[D:AiRunner]    ----------------------------------------
[D:AiRunner]    INTERNAL OPERATOR (idx=8, name=EpochBlock_10)
[D:AiRunner]     name="" counters="CPU cycles"[33481, 377401, 2275] dur=0.516ms id=10.10 type=0x5000000/INTERNAL|WITHOUT_TENSOR,"epoch"
[D:AiRunner]    ----------------------------------------
[D:AiRunner]    INTERNAL OPERATOR (idx=9, name=EpochBlock_11)
[D:AiRunner]     name="" counters="CPU cycles"[12257, 67953, 3316] dur=0.104ms id=11.11 type=0x5000000/INTERNAL|WITHOUT_TENSOR,"epoch"
[D:AiRunner]    ----------------------------------------
[D:AiRunner]    INTERNAL OPERATOR (idx=10, name=EpochBlock_12)
[D:AiRunner]     name="" counters="CPU cycles"[33273, 363857, 2406] dur=0.499ms id=12.12 type=0x5000000/INTERNAL|WITHOUT_TENSOR,"epoch"
[D:AiRunner]    ----------------------------------------
[D:AiRunner]    INTERNAL OPERATOR (idx=11, name=EpochBlock_13)
[D:AiRunner]     name="" counters="CPU cycles"[1897, 405673, 755] dur=0.510ms id=13.13 type=0x5000000/INTERNAL|WITHOUT_TENSOR,"epoch"
[D:AiRunner]    ----------------------------------------
[D:AiRunner]    INTERNAL OPERATOR (idx=12, name=EpochBlock_14)
[D:AiRunner]     name="" counters="CPU cycles"[36137, 366681, 3568] dur=0.508ms id=14.14 type=0x5000000/INTERNAL|WITHOUT_TENSOR,"epoch"
[D:AiRunner]    ----------------------------------------
[D:AiRunner]    INTERNAL OPERATOR (idx=13, name=EpochBlock_15)
[D:AiRunner]     name="" counters="CPU cycles"[14385, 36585, 2627] dur=0.067ms id=15.15 type=0x5000000/INTERNAL|WITHOUT_TENSOR,"epoch"
[D:AiRunner]    ----------------------------------------
[D:AiRunner]    INTERNAL OPERATOR (idx=14, name=EpochBlock_16)
[D:AiRunner]     name="" counters="CPU cycles"[53401, 153529, 2875] dur=0.262ms id=16.16 type=0x5000000/INTERNAL|WITHOUT_TENSOR,"epoch"
[D:AiRunner]    ----------------------------------------
[D:AiRunner]    INTERNAL OPERATOR (idx=15, name=EpochBlock_17)
[D:AiRunner]     name="" counters="CPU cycles"[1985, 181905, 755] dur=0.231ms id=17.17 type=0x5000000/INTERNAL|WITHOUT_TENSOR,"epoch"
[D:AiRunner]    ----------------------------------------
[D:AiRunner]    INTERNAL OPERATOR (idx=16, name=EpochBlock_18)
[D:AiRunner]     name="" counters="CPU cycles"[54449, 194481, 3544] dur=0.316ms id=18.18 type=0x5000000/INTERNAL|WITHOUT_TENSOR,"epoch"
[D:AiRunner]    ----------------------------------------
[D:AiRunner]    INTERNAL OPERATOR (idx=17, name=EpochBlock_19)
[D:AiRunner]     name="" counters="CPU cycles"[16001, 60651, 3272] dur=0.100ms id=19.19 type=0x5000000/INTERNAL|WITHOUT_TENSOR,"epoch"
[D:AiRunner]    ----------------------------------------
[D:AiRunner]    INTERNAL OPERATOR (idx=18, name=EpochBlock_20)
[D:AiRunner]     name="" counters="CPU cycles"[53838, 153276, 3014] dur=0.263ms id=20.20 type=0x5000000/INTERNAL|WITHOUT_TENSOR,"epoch"
[D:AiRunner]    ----------------------------------------
[D:AiRunner]    INTERNAL OPERATOR (idx=19, name=EpochBlock_21)
[D:AiRunner]     name="" counters="CPU cycles"[51937, 152689, 2272] dur=0.259ms id=21.21 type=0x5000000/INTERNAL|WITHOUT_TENSOR,"epoch"
[D:AiRunner]    ----------------------------------------
[D:AiRunner]    INTERNAL OPERATOR (idx=20, name=EpochBlock_22)
[D:AiRunner]     name="" counters="CPU cycles"[22529, 45530, 2570] dur=0.088ms id=22.22 type=0x5000000/INTERNAL|WITHOUT_TENSOR,"epoch"
[D:AiRunner]    ----------------------------------------
[D:AiRunner]    INTERNAL OPERATOR (idx=21, name=EpochBlock_23)
[D:AiRunner]     name="" counters="CPU cycles"[102199, 81347, 4310] dur=0.235ms id=23.23 type=0x5000000/INTERNAL|WITHOUT_TENSOR,"epoch"
[D:AiRunner]    ----------------------------------------
[D:AiRunner]    INTERNAL OPERATOR (idx=22, name=EpochBlock_24)
[D:AiRunner]     name="" counters="CPU cycles"[98201, 89193, 2392] dur=0.237ms id=24.24 type=0x5000000/INTERNAL|WITHOUT_TENSOR,"epoch"
[D:AiRunner]    ----------------------------------------
[D:AiRunner]    INTERNAL OPERATOR (idx=23, name=EpochBlock_25)
[D:AiRunner]     name="" counters="CPU cycles"[26145, 87755, 4563] dur=0.148ms id=25.25 type=0x5000000/INTERNAL|WITHOUT_TENSOR,"epoch"
[D:AiRunner]    ----------------------------------------
[D:AiRunner]    INTERNAL OPERATOR (idx=24, name=EpochBlock_26)
[D:AiRunner]     name="" counters="CPU cycles"[102529, 81385, 4235] dur=0.235ms id=26.26 type=0x5000000/INTERNAL|WITHOUT_TENSOR,"epoch"
[D:AiRunner]    ----------------------------------------
[D:AiRunner]    INTERNAL OPERATOR (idx=25, name=EpochBlock_27)
[D:AiRunner]     name="" counters="CPU cycles"[98289, 89193, 2365] dur=0.237ms id=27.27 type=0x5000000/INTERNAL|WITHOUT_TENSOR,"epoch"
[D:AiRunner]    ----------------------------------------
[D:AiRunner]    INTERNAL OPERATOR (idx=26, name=EpochBlock_28)
[D:AiRunner]     name="" counters="CPU cycles"[26433, 87761, 4608] dur=0.149ms id=28.28 type=0x5000000/INTERNAL|WITHOUT_TENSOR,"epoch"
[D:AiRunner]    ----------------------------------------
[D:AiRunner]    INTERNAL OPERATOR (idx=27, name=EpochBlock_29)
[D:AiRunner]     name="" counters="CPU cycles"[102049, 81114, 4285] dur=0.234ms id=29.29 type=0x5000000/INTERNAL|WITHOUT_TENSOR,"epoch"
[D:AiRunner]    ----------------------------------------
[D:AiRunner]    INTERNAL OPERATOR (idx=28, name=EpochBlock_30)
[D:AiRunner]     name="" counters="CPU cycles"[1945, 97761, 792] dur=0.126ms id=30.30 type=0x5000000/INTERNAL|WITHOUT_TENSOR,"epoch"
[D:AiRunner]    ----------------------------------------
[D:AiRunner]    INTERNAL OPERATOR (idx=29, name=EpochBlock_31)
[D:AiRunner]     name="" counters="CPU cycles"[101199, 106531, 3590] dur=0.264ms id=31.31 type=0x5000000/INTERNAL|WITHOUT_TENSOR,"epoch"
[D:AiRunner]    ----------------------------------------
[D:AiRunner]    INTERNAL OPERATOR (idx=30, name=EpochBlock_32)
[D:AiRunner]     name="" counters="CPU cycles"[31897, 118177, 3968] dur=0.193ms id=32.32 type=0x5000000/INTERNAL|WITHOUT_TENSOR,"epoch"
[D:AiRunner]    ----------------------------------------
[D:AiRunner]    INTERNAL OPERATOR (idx=31, name=EpochBlock_33)
[D:AiRunner]     name="" counters="CPU cycles"[1961, 9553, 755] dur=0.015ms id=33.33 type=0x5000000/INTERNAL|WITHOUT_TENSOR,"epoch"
[D:AiRunner]    ----------------------------------------
[D:AiRunner]    INTERNAL OPERATOR (idx=32, name=EpochBlock_34)
[D:AiRunner]     name="" counters="CPU cycles"[12281, 418193, 5451] dur=0.545ms id=34.34 type=0x5000000/INTERNAL|WITHOUT_TENSOR,"epoch"
[D:AiRunner]    ----------------------------------------
[D:AiRunner]    INTERNAL OPERATOR (idx=33, name=EpochBlock_35)
[D:AiRunner]     name="" counters="CPU cycles"[1857, 136641, 715] dur=0.174ms id=35.35 type=0x5000000/INTERNAL|WITHOUT_TENSOR,"epoch"
[D:AiRunner]    ----------------------------------------
[D:AiRunner]    INTERNAL OPERATOR (idx=34, name=EpochBlock_36)
[D:AiRunner]     name="" counters="CPU cycles"[9049, 648289, 4115] dur=0.827ms id=36.36 type=0x5000000/INTERNAL|WITHOUT_TENSOR,"epoch"
[D:AiRunner]    ----------------------------------------
[D:AiRunner]    INTERNAL OPERATOR (idx=35, name=EpochBlock_37)
[D:AiRunner]     name="" counters="CPU cycles"[32521, 160025, 4531] dur=0.246ms id=37.37 type=0x5000000/INTERNAL|WITHOUT_TENSOR,"epoch"
[D:AiRunner]    ----------------------------------------
[D:AiRunner]    INTERNAL OPERATOR (idx=36, name=EpochBlock_38)
[D:AiRunner]     name="" counters="CPU cycles"[1993, 9521, 755] dur=0.015ms id=38.38 type=0x5000000/INTERNAL|WITHOUT_TENSOR,"epoch"
[D:AiRunner]    ----------------------------------------
[D:AiRunner]    INTERNAL OPERATOR (idx=37, name=EpochBlock_39)
[D:AiRunner]     name="" counters="CPU cycles"[12393, 427297, 5523] dur=0.557ms id=39.39 type=0x5000000/INTERNAL|WITHOUT_TENSOR,"epoch"
[D:AiRunner]    ----------------------------------------
[D:AiRunner]    INTERNAL OPERATOR (idx=38, name=EpochBlock_40)
[D:AiRunner]     name="" counters="CPU cycles"[1945, 136700, 792] dur=0.174ms id=40.40 type=0x5000000/INTERNAL|WITHOUT_TENSOR,"epoch"
[D:AiRunner]    ----------------------------------------
[D:AiRunner]    INTERNAL OPERATOR (idx=39, name=EpochBlock_41)
[D:AiRunner]     name="" counters="CPU cycles"[9113, 648801, 4139] dur=0.828ms id=41.41 type=0x5000000/INTERNAL|WITHOUT_TENSOR,"epoch"
[D:AiRunner]    ----------------------------------------
[D:AiRunner]    INTERNAL OPERATOR (idx=40, name=EpochBlock_42)
[D:AiRunner]     name="" counters="CPU cycles"[32449, 159849, 4427] dur=0.246ms id=42.42 type=0x5000000/INTERNAL|WITHOUT_TENSOR,"epoch"
[D:AiRunner]    ----------------------------------------
[D:AiRunner]    INTERNAL OPERATOR (idx=41, name=EpochBlock_43)
[D:AiRunner]     name="" counters="CPU cycles"[1881, 9521, 795] dur=0.015ms id=43.43 type=0x5000000/INTERNAL|WITHOUT_TENSOR,"epoch"
[D:AiRunner]    ----------------------------------------
[D:AiRunner]    INTERNAL OPERATOR (idx=42, name=EpochBlock_44)
[D:AiRunner]     name="" counters="CPU cycles"[12185, 418385, 5491] dur=0.545ms id=44.44 type=0x5000000/INTERNAL|WITHOUT_TENSOR,"epoch"
[D:AiRunner]    ----------------------------------------
[D:AiRunner]    INTERNAL OPERATOR (idx=43, name=EpochBlock_45)
[D:AiRunner]     name="" counters="CPU cycles"[1897, 136649, 755] dur=0.174ms id=45.45 type=0x5000000/INTERNAL|WITHOUT_TENSOR,"epoch"
[D:AiRunner]    ----------------------------------------
[D:AiRunner]    INTERNAL OPERATOR (idx=44, name=EpochBlock_46)
[D:AiRunner]     name="" counters="CPU cycles"[9065, 300361, 4213] dur=0.392ms id=46.46 type=0x5000000/INTERNAL|WITHOUT_TENSOR,"epoch"
[D:AiRunner]    ----------------------------------------
[D:AiRunner]    INTERNAL OPERATOR (idx=45, name=EpochBlock_47)
[D:AiRunner]     name="" counters="CPU cycles"[46783, 260619, 3939] dur=0.389ms id=47.47 type=0x5000000/INTERNAL|WITHOUT_TENSOR,"epoch"
[D:AiRunner]    ----------------------------------------
[D:AiRunner]    INTERNAL OPERATOR (idx=46, name=EpochBlock_48)
[D:AiRunner]     name="" counters="CPU cycles"[12313, 546075, 5496] dur=0.705ms id=48.48 type=0x5000000/INTERNAL|WITHOUT_TENSOR,"epoch"
[D:AiRunner]    ----------------------------------------
[D:AiRunner]    INTERNAL OPERATOR (idx=47, name=EpochBlock_49)
[D:AiRunner]     name="" counters="CPU cycles"[2038, 81148, 795] dur=0.105ms id=49.49 type=0x5000000/INTERNAL|WITHOUT_TENSOR,"epoch"
[D:AiRunner]    ----------------------------------------
[D:AiRunner]    INTERNAL OPERATOR (idx=48, name=EpochBlock_50)
[D:AiRunner]     name="" counters="CPU cycles"[9273, 502177, 4123] dur=0.644ms id=50.50 type=0x5000000/INTERNAL|WITHOUT_TENSOR,"epoch"
[D:AiRunner]    ----------------------------------------
[D:AiRunner]    INTERNAL OPERATOR (idx=49, name=EpochBlock_51)
[D:AiRunner]     name="" counters="CPU cycles"[47953, 445473, 4427] dur=0.622ms id=51.51 type=0x5000000/INTERNAL|WITHOUT_TENSOR,"epoch"
[D:AiRunner]    ----------------------------------------
[D:AiRunner]    INTERNAL OPERATOR (idx=50, name=EpochBlock_52)
[D:AiRunner]     name="" counters="CPU cycles"[12217, 533877, 5451] dur=0.689ms id=52.52 type=0x5000000/INTERNAL|WITHOUT_TENSOR,"epoch"
[D:AiRunner]    ----------------------------------------
[D:AiRunner]    INTERNAL OPERATOR (idx=51, name=EpochBlock_53)
[D:AiRunner]     name="" counters="CPU cycles"[1937, 81225, 715] dur=0.105ms id=53.53 type=0x5000000/INTERNAL|WITHOUT_TENSOR,"epoch"
[D:AiRunner]    ----------------------------------------
[D:AiRunner]    INTERNAL OPERATOR (idx=52, name=EpochBlock_54)
[D:AiRunner]     name="" counters="CPU cycles"[8969, 499833, 4115] dur=0.641ms id=54.54 type=0x5000000/INTERNAL|WITHOUT_TENSOR,"epoch"
[D:AiRunner]    ----------------------------------------
[D:AiRunner]    INTERNAL OPERATOR (idx=53, name=EpochBlock_55)
[D:AiRunner]     name="" counters="CPU cycles"[48030, 445340, 4507] dur=0.622ms id=55.55 type=0x5000000/INTERNAL|WITHOUT_TENSOR,"epoch"
[D:AiRunner]    ----------------------------------------
[D:AiRunner]    INTERNAL OPERATOR (idx=54, name=EpochBlock_56)
[D:AiRunner]     name="" counters="CPU cycles"[12374, 540092, 5459] dur=0.697ms id=56.56 type=0x5000000/INTERNAL|WITHOUT_TENSOR,"epoch"
[D:AiRunner]    ----------------------------------------
[D:AiRunner]    INTERNAL OPERATOR (idx=55, name=EpochBlock_57)
[D:AiRunner]     name="" counters="CPU cycles"[1897, 81161, 755] dur=0.105ms id=57.57 type=0x5000000/INTERNAL|WITHOUT_TENSOR,"epoch"
[D:AiRunner]    ----------------------------------------
[D:AiRunner]    INTERNAL OPERATOR (idx=56, name=EpochBlock_58)
[D:AiRunner]     name="" counters="CPU cycles"[9193, 502350, 4176] dur=0.645ms id=58.58 type=0x5000000/INTERNAL|WITHOUT_TENSOR,"epoch"
[D:AiRunner]    ----------------------------------------
[D:AiRunner]    INTERNAL OPERATOR (idx=57, name=EpochBlock_59)
[D:AiRunner]     name="" counters="CPU cycles"[48665, 445129, 4529] dur=0.623ms id=59.59 type=0x5000000/INTERNAL|WITHOUT_TENSOR,"epoch"
[D:AiRunner]    ----------------------------------------
[D:AiRunner]    INTERNAL OPERATOR (idx=58, name=EpochBlock_60)
[D:AiRunner]     name="" counters="CPU cycles"[12145, 533561, 5488] dur=0.689ms id=60.60 type=0x5000000/INTERNAL|WITHOUT_TENSOR,"epoch"
[D:AiRunner]    ----------------------------------------
[D:AiRunner]    INTERNAL OPERATOR (idx=59, name=EpochBlock_61)
[D:AiRunner]     name="" counters="CPU cycles"[7033, 347020, 3232] dur=0.447ms id=61.61 type=0x5000000/INTERNAL|WITHOUT_TENSOR,"epoch"
[D:AiRunner]    ----------------------------------------
[D:AiRunner]    INTERNAL OPERATOR (idx=60, name=EpochBlock_62)
[D:AiRunner]     name="" counters="CPU cycles"[8566, 1607, 3739] dur=0.017ms id=62.62 type=0x5000000/INTERNAL|WITHOUT_TENSOR,"epoch"
[D:AiRunner]    ----------------------------------------
[D:AiRunner]    INTERNAL OPERATOR (idx=61, name=EpochBlock_63)
[D:AiRunner]     name="" counters="CPU cycles"[18502, 468076, 5083] dur=0.615ms id=63.63 type=0x5000000/INTERNAL|WITHOUT_TENSOR,"epoch"
[D:AiRunner]    ----------------------------------------
[D:AiRunner]    INTERNAL OPERATOR (idx=62, name=EpochBlock_64)
[D:AiRunner]     name="" counters="CPU cycles"[47, 36, 3895] dur=0.005ms id=64.64 type=0x1000002/INTERNAL,"epoch (SW)"
[D:AiRunner]    INTERNAL TENSOR #0
[D:AiRunner]     IOTensor: Dequantize_226_out_0, E.64.0, , 0x342e0000 f32[1,63], 252 Bytes
[D:AiRunner]     last=True, data_size=0
[D:AiRunner]    ----------------------------------------
[D:AiRunner]    INTERNAL OPERATOR (idx=63, name=EpochBlock_65)
[D:AiRunner]     name="" counters="CPU cycles"[15809, 3281, 3584] dur=0.028ms id=65.65 type=0x5000000/INTERNAL|WITHOUT_TENSOR,"epoch"
[D:AiRunner]    ----------------------------------------
[D:AiRunner]    INTERNAL OPERATOR (idx=64, name=EpochBlock_66)
[D:AiRunner]     name="" counters="CPU cycles"[47, 36, 3283] dur=0.004ms id=66.66 type=0x1000002/INTERNAL,"epoch (SW)"
[D:AiRunner]    INTERNAL TENSOR #0
[D:AiRunner]     IOTensor: Dequantize_229_out_0, E.66.0, , 0x342e0100 f32[1,63], 252 Bytes
[D:AiRunner]     last=True, data_size=0
[D:AiRunner]    ----------------------------------------
[D:AiRunner]    INTERNAL OPERATOR (idx=65, name=EpochBlock_67)
[D:AiRunner]     name="" counters="CPU cycles"[47, 36, 2831] dur=0.004ms id=67.67 type=0x1000002/INTERNAL,"epoch (SW)"
[D:AiRunner]    INTERNAL TENSOR #0
[D:AiRunner]     IOTensor: Dequantize_219_out_0, E.67.0, , 0x342e0200 f32[1,1], 4 Bytes
[D:AiRunner]     last=True, data_size=0
[D:AiRunner]    ----------------------------------------
[D:AiRunner]    INTERNAL OPERATOR (idx=66, name=EpochBlock_68)
[D:AiRunner]     name="" counters="CPU cycles"[4521, 563, 1737] dur=0.009ms id=68.68 type=0x5000000/INTERNAL|WITHOUT_TENSOR,"epoch"
[D:AiRunner]    ----------------------------------------
[D:AiRunner]    INTERNAL OPERATOR (idx=67, name=EpochBlock_69)
[D:AiRunner]     name="" counters="CPU cycles"[47, 36, 2289] dur=0.003ms id=69.69 type=0x1000002/INTERNAL,"epoch (SW)"
[D:AiRunner]    INTERNAL TENSOR #0
[D:AiRunner]     IOTensor: Dequantize_223_out_0, E.69.0, , 0x342e0210 f32[1,1], 4 Bytes
[D:AiRunner]     last=True, data_size=0
[D:AiRunner]    ----------------------------------------
[D:AiRunner]    INFERENCE DONE
[D:AiRunner]     name="network" counters="CPU cycles"[1658426, 16104072, 211797, 17987033, 0] dur=22.484ms id=0.0 type=0x0/NONE,"epoch"
[D:AiRunner]    RECEIVE OUTPUT TENSOR #0 last=False..
[D:AiRunner]     IOTensor: Dequantize_223_out_0, O_0, , 0x342e0210 f32[1,1], 4 Bytes
[D:AiRunner]    RECEIVE OUTPUT TENSOR #1 last=False..
[D:AiRunner]     IOTensor: Dequantize_229_out_0, O_1, , 0x342e0100 f32[1,63], 252 Bytes
[D:AiRunner]    RECEIVE OUTPUT TENSOR #2 last=False..
[D:AiRunner]     IOTensor: Dequantize_219_out_0, O_2, , 0x342e0200 f32[1,1], 4 Bytes
[D:AiRunner]    RECEIVE OUTPUT TENSOR #3 last=True..
[D:AiRunner]     IOTensor: Dequantize_226_out_0, O_3, , 0x342e0000 f32[1,63], 252 Bytes
[D:AiRunner] <- done (target dur=22.468ms)
[D:AiRunner] -> Requested RUN mode: Mode.DEBUG|PER_LAYER (param=0b100000011, option=0x0)
[D:AiRunner]    SEND INPUT TENSOR #0 ((1, 224, 224, 3)/uint8) last=True..
[D:AiRunner]    ----------------------------------------
[D:AiRunner]    INTERNAL OPERATOR (idx=0, name=EpochBlock_2)
[D:AiRunner]     name="" counters="CPU cycles"[3515, 121193, 1645] dur=0.158ms id=2.2 type=0x5000000/INTERNAL|WITHOUT_TENSOR,"epoch"
[D:AiRunner]    ----------------------------------------
[D:AiRunner]    INTERNAL OPERATOR (idx=1, name=EpochBlock_3)
[D:AiRunner]     name="" counters="CPU cycles"[15361, 363857, 3211] dur=0.478ms id=3.3 type=0x5000000/INTERNAL|WITHOUT_TENSOR,"epoch"
[D:AiRunner]    ----------------------------------------
[D:AiRunner]    INTERNAL OPERATOR (idx=2, name=EpochBlock_4)
[D:AiRunner]     name="" counters="CPU cycles"[5713, 241689, 1403] dur=0.311ms id=4.4 type=0x5000000/INTERNAL|WITHOUT_TENSOR,"epoch"
[D:AiRunner]    ----------------------------------------
[D:AiRunner]    INTERNAL OPERATOR (idx=3, name=EpochBlock_5)
[D:AiRunner]     name="" counters="CPU cycles"[8665, 242537, 2027] dur=0.317ms id=5.5 type=0x5000000/INTERNAL|WITHOUT_TENSOR,"epoch"
[D:AiRunner]    ----------------------------------------
[D:AiRunner]    INTERNAL OPERATOR (idx=4, name=EpochBlock_6)
[D:AiRunner]     name="" counters="CPU cycles"[18497, 644372, 2328] dur=0.831ms id=6.6 type=0x5000000/INTERNAL|WITHOUT_TENSOR,"epoch"
[D:AiRunner]    ----------------------------------------
[D:AiRunner]    INTERNAL OPERATOR (idx=5, name=EpochBlock_7)
[D:AiRunner]     name="" counters="CPU cycles"[17945, 643325, 2279] dur=0.829ms id=7.7 type=0x5000000/INTERNAL|WITHOUT_TENSOR,"epoch"
[D:AiRunner]    ----------------------------------------
[D:AiRunner]    INTERNAL OPERATOR (idx=6, name=EpochBlock_8)
[D:AiRunner]     name="" counters="CPU cycles"[9625, 64111, 1989] dur=0.095ms id=8.8 type=0x5000000/INTERNAL|WITHOUT_TENSOR,"epoch"
[D:AiRunner]    ----------------------------------------
[D:AiRunner]    INTERNAL OPERATOR (idx=7, name=EpochBlock_9)
[D:AiRunner]     name="" counters="CPU cycles"[33825, 363945, 2291] dur=0.500ms id=9.9 type=0x5000000/INTERNAL|WITHOUT_TENSOR,"epoch"
[D:AiRunner]    ----------------------------------------
[D:AiRunner]    INTERNAL OPERATOR (idx=8, name=EpochBlock_10)
[D:AiRunner]     name="" counters="CPU cycles"[33401, 377401, 2315] dur=0.516ms id=10.10 type=0x5000000/INTERNAL|WITHOUT_TENSOR,"epoch"
[D:AiRunner]    ----------------------------------------
[D:AiRunner]    INTERNAL OPERATOR (idx=9, name=EpochBlock_11)
[D:AiRunner]     name="" counters="CPU cycles"[12257, 67953, 3283] dur=0.104ms id=11.11 type=0x5000000/INTERNAL|WITHOUT_TENSOR,"epoch"
[D:AiRunner]    ----------------------------------------
[D:AiRunner]    INTERNAL OPERATOR (idx=10, name=EpochBlock_12)
[D:AiRunner]     name="" counters="CPU cycles"[33441, 363857, 2402] dur=0.500ms id=12.12 type=0x5000000/INTERNAL|WITHOUT_TENSOR,"epoch"
[D:AiRunner]    ----------------------------------------
[D:AiRunner]    INTERNAL OPERATOR (idx=11, name=EpochBlock_13)
[D:AiRunner]     name="" counters="CPU cycles"[1897, 405673, 832] dur=0.511ms id=13.13 type=0x5000000/INTERNAL|WITHOUT_TENSOR,"epoch"
[D:AiRunner]    ----------------------------------------
[D:AiRunner]    INTERNAL OPERATOR (idx=12, name=EpochBlock_14)
[D:AiRunner]     name="" counters="CPU cycles"[36569, 366673, 3571] dur=0.509ms id=14.14 type=0x5000000/INTERNAL|WITHOUT_TENSOR,"epoch"
[D:AiRunner]    ----------------------------------------
[D:AiRunner]    INTERNAL OPERATOR (idx=13, name=EpochBlock_15)
[D:AiRunner]     name="" counters="CPU cycles"[14361, 36593, 2627] dur=0.067ms id=15.15 type=0x5000000/INTERNAL|WITHOUT_TENSOR,"epoch"
[D:AiRunner]    ----------------------------------------
[D:AiRunner]    INTERNAL OPERATOR (idx=14, name=EpochBlock_16)
[D:AiRunner]     name="" counters="CPU cycles"[53801, 153529, 2931] dur=0.263ms id=16.16 type=0x5000000/INTERNAL|WITHOUT_TENSOR,"epoch"
[D:AiRunner]    ----------------------------------------
[D:AiRunner]    INTERNAL OPERATOR (idx=15, name=EpochBlock_17)
[D:AiRunner]     name="" counters="CPU cycles"[1945, 181897, 755] dur=0.231ms id=17.17 type=0x5000000/INTERNAL|WITHOUT_TENSOR,"epoch"
[D:AiRunner]    ----------------------------------------
[D:AiRunner]    INTERNAL OPERATOR (idx=16, name=EpochBlock_18)
[D:AiRunner]     name="" counters="CPU cycles"[54785, 194459, 3451] dur=0.316ms id=18.18 type=0x5000000/INTERNAL|WITHOUT_TENSOR,"epoch"
[D:AiRunner]    ----------------------------------------
[D:AiRunner]    INTERNAL OPERATOR (idx=17, name=EpochBlock_19)
[D:AiRunner]     name="" counters="CPU cycles"[15705, 60651, 3235] dur=0.099ms id=19.19 type=0x5000000/INTERNAL|WITHOUT_TENSOR,"epoch"
[D:AiRunner]    ----------------------------------------
[D:AiRunner]    INTERNAL OPERATOR (idx=18, name=EpochBlock_20)
[D:AiRunner]     name="" counters="CPU cycles"[53846, 153314, 2978] dur=0.263ms id=20.20 type=0x5000000/INTERNAL|WITHOUT_TENSOR,"epoch"
[D:AiRunner]    ----------------------------------------
[D:AiRunner]    INTERNAL OPERATOR (idx=19, name=EpochBlock_21)
[D:AiRunner]     name="" counters="CPU cycles"[51929, 152659, 2307] dur=0.259ms id=21.21 type=0x5000000/INTERNAL|WITHOUT_TENSOR,"epoch"
[D:AiRunner]    ----------------------------------------
[D:AiRunner]    INTERNAL OPERATOR (idx=20, name=EpochBlock_22)
[D:AiRunner]     name="" counters="CPU cycles"[22745, 45449, 2571] dur=0.088ms id=22.22 type=0x5000000/INTERNAL|WITHOUT_TENSOR,"epoch"
[D:AiRunner]    ----------------------------------------
[D:AiRunner]    INTERNAL OPERATOR (idx=21, name=EpochBlock_23)
[D:AiRunner]     name="" counters="CPU cycles"[102511, 81347, 4341] dur=0.235ms id=23.23 type=0x5000000/INTERNAL|WITHOUT_TENSOR,"epoch"
[D:AiRunner]    ----------------------------------------
[D:AiRunner]    INTERNAL OPERATOR (idx=22, name=EpochBlock_24)
[D:AiRunner]     name="" counters="CPU cycles"[98593, 89233, 2352] dur=0.238ms id=24.24 type=0x5000000/INTERNAL|WITHOUT_TENSOR,"epoch"
[D:AiRunner]    ----------------------------------------
[D:AiRunner]    INTERNAL OPERATOR (idx=23, name=EpochBlock_25)
[D:AiRunner]     name="" counters="CPU cycles"[26897, 87798, 4536] dur=0.149ms id=25.25 type=0x5000000/INTERNAL|WITHOUT_TENSOR,"epoch"
[D:AiRunner]    ----------------------------------------
[D:AiRunner]    INTERNAL OPERATOR (idx=24, name=EpochBlock_26)
[D:AiRunner]     name="" counters="CPU cycles"[102289, 81425, 4272] dur=0.235ms id=26.26 type=0x5000000/INTERNAL|WITHOUT_TENSOR,"epoch"
[D:AiRunner]    ----------------------------------------
[D:AiRunner]    INTERNAL OPERATOR (idx=25, name=EpochBlock_27)
[D:AiRunner]     name="" counters="CPU cycles"[98193, 89193, 2328] dur=0.237ms id=27.27 type=0x5000000/INTERNAL|WITHOUT_TENSOR,"epoch"
[D:AiRunner]    ----------------------------------------
[D:AiRunner]    INTERNAL OPERATOR (idx=26, name=EpochBlock_28)
[D:AiRunner]     name="" counters="CPU cycles"[26641, 87833, 4576] dur=0.149ms id=28.28 type=0x5000000/INTERNAL|WITHOUT_TENSOR,"epoch"
[D:AiRunner]    ----------------------------------------
[D:AiRunner]    INTERNAL OPERATOR (idx=27, name=EpochBlock_29)
[D:AiRunner]     name="" counters="CPU cycles"[102305, 81033, 4248] dur=0.234ms id=29.29 type=0x5000000/INTERNAL|WITHOUT_TENSOR,"epoch"
[D:AiRunner]    ----------------------------------------
[D:AiRunner]    INTERNAL OPERATOR (idx=28, name=EpochBlock_30)
[D:AiRunner]     name="" counters="CPU cycles"[1937, 97753, 715] dur=0.126ms id=30.30 type=0x5000000/INTERNAL|WITHOUT_TENSOR,"epoch"
[D:AiRunner]    ----------------------------------------
[D:AiRunner]    INTERNAL OPERATOR (idx=29, name=EpochBlock_31)
[D:AiRunner]     name="" counters="CPU cycles"[101159, 106491, 3576] dur=0.264ms id=31.31 type=0x5000000/INTERNAL|WITHOUT_TENSOR,"epoch"
[D:AiRunner]    ----------------------------------------
[D:AiRunner]    INTERNAL OPERATOR (idx=30, name=EpochBlock_32)
[D:AiRunner]     name="" counters="CPU cycles"[31505, 118177, 3931] dur=0.192ms id=32.32 type=0x5000000/INTERNAL|WITHOUT_TENSOR,"epoch"
[D:AiRunner]    ----------------------------------------
[D:AiRunner]    INTERNAL OPERATOR (idx=31, name=EpochBlock_33)
[D:AiRunner]     name="" counters="CPU cycles"[2001, 9561, 755] dur=0.015ms id=33.33 type=0x5000000/INTERNAL|WITHOUT_TENSOR,"epoch"
[D:AiRunner]    ----------------------------------------
[D:AiRunner]    INTERNAL OPERATOR (idx=32, name=EpochBlock_34)
[D:AiRunner]     name="" counters="CPU cycles"[12185, 418345, 5451] dur=0.545ms id=34.34 type=0x5000000/INTERNAL|WITHOUT_TENSOR,"epoch"
[D:AiRunner]    ----------------------------------------
[D:AiRunner]    INTERNAL OPERATOR (idx=33, name=EpochBlock_35)
[D:AiRunner]     name="" counters="CPU cycles"[1897, 136657, 715] dur=0.174ms id=35.35 type=0x5000000/INTERNAL|WITHOUT_TENSOR,"epoch"
[D:AiRunner]    ----------------------------------------
[D:AiRunner]    INTERNAL OPERATOR (idx=34, name=EpochBlock_36)
[D:AiRunner]     name="" counters="CPU cycles"[9001, 648457, 4115] dur=0.827ms id=36.36 type=0x5000000/INTERNAL|WITHOUT_TENSOR,"epoch"
[D:AiRunner]    ----------------------------------------
[D:AiRunner]    INTERNAL OPERATOR (idx=35, name=EpochBlock_37)
[D:AiRunner]     name="" counters="CPU cycles"[33041, 160025, 4507] dur=0.247ms id=37.37 type=0x5000000/INTERNAL|WITHOUT_TENSOR,"epoch"
[D:AiRunner]    ----------------------------------------
[D:AiRunner]    INTERNAL OPERATOR (idx=36, name=EpochBlock_38)
[D:AiRunner]     name="" counters="CPU cycles"[1881, 9521, 755] dur=0.015ms id=38.38 type=0x5000000/INTERNAL|WITHOUT_TENSOR,"epoch"
[D:AiRunner]    ----------------------------------------
[D:AiRunner]    INTERNAL OPERATOR (idx=37, name=EpochBlock_39)
[D:AiRunner]     name="" counters="CPU cycles"[12399, 427059, 5459] dur=0.556ms id=39.39 type=0x5000000/INTERNAL|WITHOUT_TENSOR,"epoch"
[D:AiRunner]    ----------------------------------------
[D:AiRunner]    INTERNAL OPERATOR (idx=38, name=EpochBlock_40)
[D:AiRunner]     name="" counters="CPU cycles"[1865, 136692, 752] dur=0.174ms id=40.40 type=0x5000000/INTERNAL|WITHOUT_TENSOR,"epoch"
[D:AiRunner]    ----------------------------------------
[D:AiRunner]    INTERNAL OPERATOR (idx=39, name=EpochBlock_41)
[D:AiRunner]     name="" counters="CPU cycles"[9041, 648715, 4139] dur=0.827ms id=41.41 type=0x5000000/INTERNAL|WITHOUT_TENSOR,"epoch"
[D:AiRunner]    ----------------------------------------
[D:AiRunner]    INTERNAL OPERATOR (idx=40, name=EpochBlock_42)
[D:AiRunner]     name="" counters="CPU cycles"[33046, 159804, 4427] dur=0.247ms id=42.42 type=0x5000000/INTERNAL|WITHOUT_TENSOR,"epoch"
[D:AiRunner]    ----------------------------------------
[D:AiRunner]    INTERNAL OPERATOR (idx=41, name=EpochBlock_43)
[D:AiRunner]     name="" counters="CPU cycles"[1921, 9521, 755] dur=0.015ms id=43.43 type=0x5000000/INTERNAL|WITHOUT_TENSOR,"epoch"
[D:AiRunner]    ----------------------------------------
[D:AiRunner]    INTERNAL OPERATOR (idx=42, name=EpochBlock_44)
[D:AiRunner]     name="" counters="CPU cycles"[12145, 418345, 5427] dur=0.545ms id=44.44 type=0x5000000/INTERNAL|WITHOUT_TENSOR,"epoch"
[D:AiRunner]    ----------------------------------------
[D:AiRunner]    INTERNAL OPERATOR (idx=43, name=EpochBlock_45)
[D:AiRunner]     name="" counters="CPU cycles"[1889, 136641, 755] dur=0.174ms id=45.45 type=0x5000000/INTERNAL|WITHOUT_TENSOR,"epoch"
[D:AiRunner]    ----------------------------------------
[D:AiRunner]    INTERNAL OPERATOR (idx=44, name=EpochBlock_46)
[D:AiRunner]     name="" counters="CPU cycles"[9065, 300217, 4160] dur=0.392ms id=46.46 type=0x5000000/INTERNAL|WITHOUT_TENSOR,"epoch"
[D:AiRunner]    ----------------------------------------
[D:AiRunner]    INTERNAL OPERATOR (idx=45, name=EpochBlock_47)
[D:AiRunner]     name="" counters="CPU cycles"[46553, 260619, 3963] dur=0.389ms id=47.47 type=0x5000000/INTERNAL|WITHOUT_TENSOR,"epoch"
[D:AiRunner]    ----------------------------------------
[D:AiRunner]    INTERNAL OPERATOR (idx=46, name=EpochBlock_48)
[D:AiRunner]     name="" counters="CPU cycles"[12169, 541222, 5456] dur=0.699ms id=48.48 type=0x5000000/INTERNAL|WITHOUT_TENSOR,"epoch"
[D:AiRunner]    ----------------------------------------
[D:AiRunner]    INTERNAL OPERATOR (idx=47, name=EpochBlock_49)
[D:AiRunner]     name="" counters="CPU cycles"[1945, 81169, 755] dur=0.105ms id=49.49 type=0x5000000/INTERNAL|WITHOUT_TENSOR,"epoch"
[D:AiRunner]    ----------------------------------------
[D:AiRunner]    INTERNAL OPERATOR (idx=48, name=EpochBlock_50)
[D:AiRunner]     name="" counters="CPU cycles"[9289, 502289, 4123] dur=0.645ms id=50.50 type=0x5000000/INTERNAL|WITHOUT_TENSOR,"epoch"
[D:AiRunner]    ----------------------------------------
[D:AiRunner]    INTERNAL OPERATOR (idx=49, name=EpochBlock_51)
[D:AiRunner]     name="" counters="CPU cycles"[47953, 445473, 4523] dur=0.622ms id=51.51 type=0x5000000/INTERNAL|WITHOUT_TENSOR,"epoch"
[D:AiRunner]    ----------------------------------------
[D:AiRunner]    INTERNAL OPERATOR (idx=50, name=EpochBlock_52)
[D:AiRunner]     name="" counters="CPU cycles"[12121, 534170, 5526] dur=0.690ms id=52.52 type=0x5000000/INTERNAL|WITHOUT_TENSOR,"epoch"
[D:AiRunner]    ----------------------------------------
[D:AiRunner]    INTERNAL OPERATOR (idx=51, name=EpochBlock_53)
[D:AiRunner]     name="" counters="CPU cycles"[1929, 81225, 752] dur=0.105ms id=53.53 type=0x5000000/INTERNAL|WITHOUT_TENSOR,"epoch"
[D:AiRunner]    ----------------------------------------
[D:AiRunner]    INTERNAL OPERATOR (idx=52, name=EpochBlock_54)
[D:AiRunner]     name="" counters="CPU cycles"[9049, 500121, 4139] dur=0.642ms id=54.54 type=0x5000000/INTERNAL|WITHOUT_TENSOR,"epoch"
[D:AiRunner]    ----------------------------------------
[D:AiRunner]    INTERNAL OPERATOR (idx=53, name=EpochBlock_55)
[D:AiRunner]     name="" counters="CPU cycles"[47951, 445411, 4507] dur=0.622ms id=55.55 type=0x5000000/INTERNAL|WITHOUT_TENSOR,"epoch"
[D:AiRunner]    ----------------------------------------
[D:AiRunner]    INTERNAL OPERATOR (idx=54, name=EpochBlock_56)
[D:AiRunner]     name="" counters="CPU cycles"[12289, 540513, 5459] dur=0.698ms id=56.56 type=0x5000000/INTERNAL|WITHOUT_TENSOR,"epoch"
[D:AiRunner]    ----------------------------------------
[D:AiRunner]    INTERNAL OPERATOR (idx=55, name=EpochBlock_57)
[D:AiRunner]     name="" counters="CPU cycles"[1857, 81209, 755] dur=0.105ms id=57.57 type=0x5000000/INTERNAL|WITHOUT_TENSOR,"epoch"
[D:AiRunner]    ----------------------------------------
[D:AiRunner]    INTERNAL OPERATOR (idx=56, name=EpochBlock_58)
[D:AiRunner]     name="" counters="CPU cycles"[9121, 502513, 4139] dur=0.645ms id=58.58 type=0x5000000/INTERNAL|WITHOUT_TENSOR,"epoch"
[D:AiRunner]    ----------------------------------------
[D:AiRunner]    INTERNAL OPERATOR (idx=57, name=EpochBlock_59)
[D:AiRunner]     name="" counters="CPU cycles"[47801, 445129, 4606] dur=0.622ms id=59.59 type=0x5000000/INTERNAL|WITHOUT_TENSOR,"epoch"
[D:AiRunner]    ----------------------------------------
[D:AiRunner]    INTERNAL OPERATOR (idx=58, name=EpochBlock_60)
[D:AiRunner]     name="" counters="CPU cycles"[12113, 533545, 5387] dur=0.689ms id=60.60 type=0x5000000/INTERNAL|WITHOUT_TENSOR,"epoch"
[D:AiRunner]    ----------------------------------------
[D:AiRunner]    INTERNAL OPERATOR (idx=59, name=EpochBlock_61)
[D:AiRunner]     name="" counters="CPU cycles"[7017, 346977, 3272] dur=0.447ms id=61.61 type=0x5000000/INTERNAL|WITHOUT_TENSOR,"epoch"
[D:AiRunner]    ----------------------------------------
[D:AiRunner]    INTERNAL OPERATOR (idx=60, name=EpochBlock_62)
[D:AiRunner]     name="" counters="CPU cycles"[8622, 1644, 3776] dur=0.018ms id=62.62 type=0x5000000/INTERNAL|WITHOUT_TENSOR,"epoch"
[D:AiRunner]    ----------------------------------------
[D:AiRunner]    INTERNAL OPERATOR (idx=61, name=EpochBlock_63)
[D:AiRunner]     name="" counters="CPU cycles"[18385, 468097, 5019] dur=0.614ms id=63.63 type=0x5000000/INTERNAL|WITHOUT_TENSOR,"epoch"
[D:AiRunner]    ----------------------------------------
[D:AiRunner]    INTERNAL OPERATOR (idx=62, name=EpochBlock_64)
[D:AiRunner]     name="" counters="CPU cycles"[47, 75, 3893] dur=0.005ms id=64.64 type=0x1000002/INTERNAL,"epoch (SW)"
[D:AiRunner]    INTERNAL TENSOR #0
[D:AiRunner]     IOTensor: Dequantize_226_out_0, E.64.0, , 0x342e0000 f32[1,63], 252 Bytes
[D:AiRunner]     last=True, data_size=0
[D:AiRunner]    ----------------------------------------
[D:AiRunner]    INTERNAL OPERATOR (idx=63, name=EpochBlock_65)
[D:AiRunner]     name="" counters="CPU cycles"[16377, 3321, 3579] dur=0.029ms id=65.65 type=0x5000000/INTERNAL|WITHOUT_TENSOR,"epoch"
[D:AiRunner]    ----------------------------------------
[D:AiRunner]    INTERNAL OPERATOR (idx=64, name=EpochBlock_66)
[D:AiRunner]     name="" counters="CPU cycles"[47, 36, 3355] dur=0.004ms id=66.66 type=0x1000002/INTERNAL,"epoch (SW)"
[D:AiRunner]    INTERNAL TENSOR #0
[D:AiRunner]     IOTensor: Dequantize_229_out_0, E.66.0, , 0x342e0100 f32[1,63], 252 Bytes
[D:AiRunner]     last=True, data_size=0
[D:AiRunner]    ----------------------------------------
[D:AiRunner]    INTERNAL OPERATOR (idx=65, name=EpochBlock_67)
[D:AiRunner]     name="" counters="CPU cycles"[47, 36, 2831] dur=0.004ms id=67.67 type=0x1000002/INTERNAL,"epoch (SW)"
[D:AiRunner]    INTERNAL TENSOR #0
[D:AiRunner]     IOTensor: Dequantize_219_out_0, E.67.0, , 0x342e0200 f32[1,1], 4 Bytes
[D:AiRunner]     last=True, data_size=0
[D:AiRunner]    ----------------------------------------
[D:AiRunner]    INTERNAL OPERATOR (idx=66, name=EpochBlock_68)
[D:AiRunner]     name="" counters="CPU cycles"[4521, 603, 1714] dur=0.009ms id=68.68 type=0x5000000/INTERNAL|WITHOUT_TENSOR,"epoch"
[D:AiRunner]    ----------------------------------------
[D:AiRunner]    INTERNAL OPERATOR (idx=67, name=EpochBlock_69)
[D:AiRunner]     name="" counters="CPU cycles"[45, 36, 2293] dur=0.003ms id=69.69 type=0x1000002/INTERNAL,"epoch (SW)"
[D:AiRunner]    INTERNAL TENSOR #0
[D:AiRunner]     IOTensor: Dequantize_223_out_0, E.69.0, , 0x342e0210 f32[1,1], 4 Bytes
[D:AiRunner]     last=True, data_size=0
[D:AiRunner]    ----------------------------------------
[D:AiRunner]    INFERENCE DONE
[D:AiRunner]     name="network" counters="CPU cycles"[1660483, 16100413, 211300, 17984835, 0] dur=22.481ms id=0.0 type=0x0/NONE,"epoch"
[D:AiRunner]    RECEIVE OUTPUT TENSOR #0 last=False..
[D:AiRunner]     IOTensor: Dequantize_223_out_0, O_0, , 0x342e0210 f32[1,1], 4 Bytes
[D:AiRunner]    RECEIVE OUTPUT TENSOR #1 last=False..
[D:AiRunner]     IOTensor: Dequantize_229_out_0, O_1, , 0x342e0100 f32[1,63], 252 Bytes
[D:AiRunner]    RECEIVE OUTPUT TENSOR #2 last=False..
[D:AiRunner]     IOTensor: Dequantize_219_out_0, O_2, , 0x342e0200 f32[1,1], 4 Bytes
[D:AiRunner]    RECEIVE OUTPUT TENSOR #3 last=True..
[D:AiRunner]     IOTensor: Dequantize_226_out_0, O_3, , 0x342e0000 f32[1,63], 252 Bytes
[D:AiRunner] <- done (target dur=22.465ms)
[D:AiRunner] -> Requested RUN mode: Mode.DEBUG|PER_LAYER (param=0b100000011, option=0x0)
[D:AiRunner]    SEND INPUT TENSOR #0 ((1, 224, 224, 3)/uint8) last=True..
[D:AiRunner]    ----------------------------------------
[D:AiRunner]    INTERNAL OPERATOR (idx=0, name=EpochBlock_2)
[D:AiRunner]     name="" counters="CPU cycles"[3523, 121281, 1603] dur=0.158ms id=2.2 type=0x5000000/INTERNAL|WITHOUT_TENSOR,"epoch"
[D:AiRunner]    ----------------------------------------
[D:AiRunner]    INTERNAL OPERATOR (idx=1, name=EpochBlock_3)
[D:AiRunner]     name="" counters="CPU cycles"[15409, 363857, 3329] dur=0.478ms id=3.3 type=0x5000000/INTERNAL|WITHOUT_TENSOR,"epoch"
[D:AiRunner]    ----------------------------------------
[D:AiRunner]    INTERNAL OPERATOR (idx=2, name=EpochBlock_4)
[D:AiRunner]     name="" counters="CPU cycles"[5753, 241689, 1465] dur=0.311ms id=4.4 type=0x5000000/INTERNAL|WITHOUT_TENSOR,"epoch"
[D:AiRunner]    ----------------------------------------
[D:AiRunner]    INTERNAL OPERATOR (idx=3, name=EpochBlock_5)
[D:AiRunner]     name="" counters="CPU cycles"[8681, 242537, 2027] dur=0.317ms id=5.5 type=0x5000000/INTERNAL|WITHOUT_TENSOR,"epoch"
[D:AiRunner]    ----------------------------------------
[D:AiRunner]    INTERNAL OPERATOR (idx=4, name=EpochBlock_6)
[D:AiRunner]     name="" counters="CPU cycles"[18441, 644372, 2328] dur=0.831ms id=6.6 type=0x5000000/INTERNAL|WITHOUT_TENSOR,"epoch"
[D:AiRunner]    ----------------------------------------
[D:AiRunner]    INTERNAL OPERATOR (idx=5, name=EpochBlock_7)
[D:AiRunner]     name="" counters="CPU cycles"[17937, 643289, 2275] dur=0.829ms id=7.7 type=0x5000000/INTERNAL|WITHOUT_TENSOR,"epoch"
[D:AiRunner]    ----------------------------------------
[D:AiRunner]    INTERNAL OPERATOR (idx=6, name=EpochBlock_8)
[D:AiRunner]     name="" counters="CPU cycles"[9633, 64111, 1989] dur=0.095ms id=8.8 type=0x5000000/INTERNAL|WITHOUT_TENSOR,"epoch"
[D:AiRunner]    ----------------------------------------
[D:AiRunner]    INTERNAL OPERATOR (idx=7, name=EpochBlock_9)
[D:AiRunner]     name="" counters="CPU cycles"[33817, 363945, 2329] dur=0.500ms id=9.9 type=0x5000000/INTERNAL|WITHOUT_TENSOR,"epoch"
[D:AiRunner]    ----------------------------------------
[D:AiRunner]    INTERNAL OPERATOR (idx=8, name=EpochBlock_10)
[D:AiRunner]     name="" counters="CPU cycles"[33449, 377401, 2350] dur=0.516ms id=10.10 type=0x5000000/INTERNAL|WITHOUT_TENSOR,"epoch"
[D:AiRunner]    ----------------------------------------
[D:AiRunner]    INTERNAL OPERATOR (idx=9, name=EpochBlock_11)
[D:AiRunner]     name="" counters="CPU cycles"[12185, 67953, 3323] dur=0.104ms id=11.11 type=0x5000000/INTERNAL|WITHOUT_TENSOR,"epoch"
[D:AiRunner]    ----------------------------------------
[D:AiRunner]    INTERNAL OPERATOR (idx=10, name=EpochBlock_12)
[D:AiRunner]     name="" counters="CPU cycles"[33345, 363857, 2506] dur=0.500ms id=12.12 type=0x5000000/INTERNAL|WITHOUT_TENSOR,"epoch"
[D:AiRunner]    ----------------------------------------
[D:AiRunner]    INTERNAL OPERATOR (idx=11, name=EpochBlock_13)
[D:AiRunner]     name="" counters="CPU cycles"[1937, 405681, 833] dur=0.511ms id=13.13 type=0x5000000/INTERNAL|WITHOUT_TENSOR,"epoch"
[D:AiRunner]    ----------------------------------------
[D:AiRunner]    INTERNAL OPERATOR (idx=12, name=EpochBlock_14)
[D:AiRunner]     name="" counters="CPU cycles"[36177, 366681, 3608] dur=0.508ms id=14.14 type=0x5000000/INTERNAL|WITHOUT_TENSOR,"epoch"
[D:AiRunner]    ----------------------------------------
[D:AiRunner]    INTERNAL OPERATOR (idx=13, name=EpochBlock_15)
[D:AiRunner]     name="" counters="CPU cycles"[14353, 36555, 2571] dur=0.067ms id=15.15 type=0x5000000/INTERNAL|WITHOUT_TENSOR,"epoch"
[D:AiRunner]    ----------------------------------------
[D:AiRunner]    INTERNAL OPERATOR (idx=14, name=EpochBlock_16)
[D:AiRunner]     name="" counters="CPU cycles"[53569, 153491, 2875] dur=0.262ms id=16.16 type=0x5000000/INTERNAL|WITHOUT_TENSOR,"epoch"
[D:AiRunner]    ----------------------------------------
[D:AiRunner]    INTERNAL OPERATOR (idx=15, name=EpochBlock_17)
[D:AiRunner]     name="" counters="CPU cycles"[1985, 181873, 755] dur=0.231ms id=17.17 type=0x5000000/INTERNAL|WITHOUT_TENSOR,"epoch"
[D:AiRunner]    ----------------------------------------
[D:AiRunner]    INTERNAL OPERATOR (idx=16, name=EpochBlock_18)
[D:AiRunner]     name="" counters="CPU cycles"[54553, 194457, 3507] dur=0.316ms id=18.18 type=0x5000000/INTERNAL|WITHOUT_TENSOR,"epoch"
[D:AiRunner]    ----------------------------------------
[D:AiRunner]    INTERNAL OPERATOR (idx=17, name=EpochBlock_19)
[D:AiRunner]     name="" counters="CPU cycles"[16009, 60732, 3232] dur=0.100ms id=19.19 type=0x5000000/INTERNAL|WITHOUT_TENSOR,"epoch"
[D:AiRunner]    ----------------------------------------
[D:AiRunner]    INTERNAL OPERATOR (idx=18, name=EpochBlock_20)
[D:AiRunner]     name="" counters="CPU cycles"[53478, 153354, 2978] dur=0.262ms id=20.20 type=0x5000000/INTERNAL|WITHOUT_TENSOR,"epoch"
[D:AiRunner]    ----------------------------------------
[D:AiRunner]    INTERNAL OPERATOR (idx=19, name=EpochBlock_21)
[D:AiRunner]     name="" counters="CPU cycles"[52345, 152697, 2235] dur=0.259ms id=21.21 type=0x5000000/INTERNAL|WITHOUT_TENSOR,"epoch"
[D:AiRunner]    ----------------------------------------
[D:AiRunner]    INTERNAL OPERATOR (idx=20, name=EpochBlock_22)
[D:AiRunner]     name="" counters="CPU cycles"[22921, 45449, 2571] dur=0.089ms id=22.22 type=0x5000000/INTERNAL|WITHOUT_TENSOR,"epoch"
[D:AiRunner]    ----------------------------------------
[D:AiRunner]    INTERNAL OPERATOR (idx=21, name=EpochBlock_23)
[D:AiRunner]     name="" counters="CPU cycles"[102335, 81347, 4310] dur=0.235ms id=23.23 type=0x5000000/INTERNAL|WITHOUT_TENSOR,"epoch"
[D:AiRunner]    ----------------------------------------
[D:AiRunner]    INTERNAL OPERATOR (idx=22, name=EpochBlock_24)
[D:AiRunner]     name="" counters="CPU cycles"[98569, 89185, 2347] dur=0.238ms id=24.24 type=0x5000000/INTERNAL|WITHOUT_TENSOR,"epoch"
[D:AiRunner]    ----------------------------------------
[D:AiRunner]    INTERNAL OPERATOR (idx=23, name=EpochBlock_25)
[D:AiRunner]     name="" counters="CPU cycles"[26681, 87718, 4536] dur=0.149ms id=25.25 type=0x5000000/INTERNAL|WITHOUT_TENSOR,"epoch"
[D:AiRunner]    ----------------------------------------
[D:AiRunner]    INTERNAL OPERATOR (idx=24, name=EpochBlock_26)
[D:AiRunner]     name="" counters="CPU cycles"[102270, 81388, 4235] dur=0.235ms id=26.26 type=0x5000000/INTERNAL|WITHOUT_TENSOR,"epoch"
[D:AiRunner]    ----------------------------------------
[D:AiRunner]    INTERNAL OPERATOR (idx=25, name=EpochBlock_27)
[D:AiRunner]     name="" counters="CPU cycles"[98001, 89193, 2352] dur=0.237ms id=27.27 type=0x5000000/INTERNAL|WITHOUT_TENSOR,"epoch"
[D:AiRunner]    ----------------------------------------
[D:AiRunner]    INTERNAL OPERATOR (idx=26, name=EpochBlock_28)
[D:AiRunner]     name="" counters="CPU cycles"[27057, 87801, 4595] dur=0.149ms id=28.28 type=0x5000000/INTERNAL|WITHOUT_TENSOR,"epoch"
[D:AiRunner]    ----------------------------------------
[D:AiRunner]    INTERNAL OPERATOR (idx=27, name=EpochBlock_29)
[D:AiRunner]     name="" counters="CPU cycles"[102041, 81071, 4288] dur=0.234ms id=29.29 type=0x5000000/INTERNAL|WITHOUT_TENSOR,"epoch"
[D:AiRunner]    ----------------------------------------
[D:AiRunner]    INTERNAL OPERATOR (idx=28, name=EpochBlock_30)
[D:AiRunner]     name="" counters="CPU cycles"[1937, 97753, 755] dur=0.126ms id=30.30 type=0x5000000/INTERNAL|WITHOUT_TENSOR,"epoch"
[D:AiRunner]    ----------------------------------------
[D:AiRunner]    INTERNAL OPERATOR (idx=29, name=EpochBlock_31)
[D:AiRunner]     name="" counters="CPU cycles"[101121, 106531, 3590] dur=0.264ms id=31.31 type=0x5000000/INTERNAL|WITHOUT_TENSOR,"epoch"
[D:AiRunner]    ----------------------------------------
[D:AiRunner]    INTERNAL OPERATOR (idx=30, name=EpochBlock_32)
[D:AiRunner]     name="" counters="CPU cycles"[31665, 118250, 3930] dur=0.192ms id=32.32 type=0x5000000/INTERNAL|WITHOUT_TENSOR,"epoch"
[D:AiRunner]    ----------------------------------------
[D:AiRunner]    INTERNAL OPERATOR (idx=31, name=EpochBlock_33)
[D:AiRunner]     name="" counters="CPU cycles"[1969, 9521, 755] dur=0.015ms id=33.33 type=0x5000000/INTERNAL|WITHOUT_TENSOR,"epoch"
[D:AiRunner]    ----------------------------------------
[D:AiRunner]    INTERNAL OPERATOR (idx=32, name=EpochBlock_34)
[D:AiRunner]     name="" counters="CPU cycles"[12305, 418329, 5387] dur=0.545ms id=34.34 type=0x5000000/INTERNAL|WITHOUT_TENSOR,"epoch"
[D:AiRunner]    ----------------------------------------
[D:AiRunner]    INTERNAL OPERATOR (idx=33, name=EpochBlock_35)
[D:AiRunner]     name="" counters="CPU cycles"[1857, 136649, 715] dur=0.174ms id=35.35 type=0x5000000/INTERNAL|WITHOUT_TENSOR,"epoch"
[D:AiRunner]    ----------------------------------------
[D:AiRunner]    INTERNAL OPERATOR (idx=34, name=EpochBlock_36)
[D:AiRunner]     name="" counters="CPU cycles"[9041, 648153, 4115] dur=0.827ms id=36.36 type=0x5000000/INTERNAL|WITHOUT_TENSOR,"epoch"
[D:AiRunner]    ----------------------------------------
[D:AiRunner]    INTERNAL OPERATOR (idx=35, name=EpochBlock_37)
[D:AiRunner]     name="" counters="CPU cycles"[32953, 160017, 4507] dur=0.247ms id=37.37 type=0x5000000/INTERNAL|WITHOUT_TENSOR,"epoch"
[D:AiRunner]    ----------------------------------------
[D:AiRunner]    INTERNAL OPERATOR (idx=36, name=EpochBlock_38)
[D:AiRunner]     name="" counters="CPU cycles"[1881, 9521, 792] dur=0.015ms id=38.38 type=0x5000000/INTERNAL|WITHOUT_TENSOR,"epoch"
[D:AiRunner]    ----------------------------------------
[D:AiRunner]    INTERNAL OPERATOR (idx=37, name=EpochBlock_39)
[D:AiRunner]     name="" counters="CPU cycles"[12431, 426811, 5459] dur=0.556ms id=39.39 type=0x5000000/INTERNAL|WITHOUT_TENSOR,"epoch"
[D:AiRunner]    ----------------------------------------
[D:AiRunner]    INTERNAL OPERATOR (idx=38, name=EpochBlock_40)
[D:AiRunner]     name="" counters="CPU cycles"[1865, 136641, 795] dur=0.174ms id=40.40 type=0x5000000/INTERNAL|WITHOUT_TENSOR,"epoch"
[D:AiRunner]    ----------------------------------------
[D:AiRunner]    INTERNAL OPERATOR (idx=39, name=EpochBlock_41)
[D:AiRunner]     name="" counters="CPU cycles"[9081, 648571, 4219] dur=0.827ms id=41.41 type=0x5000000/INTERNAL|WITHOUT_TENSOR,"epoch"
[D:AiRunner]    ----------------------------------------
[D:AiRunner]    INTERNAL OPERATOR (idx=40, name=EpochBlock_42)
[D:AiRunner]     name="" counters="CPU cycles"[32934, 159812, 4427] dur=0.246ms id=42.42 type=0x5000000/INTERNAL|WITHOUT_TENSOR,"epoch"
[D:AiRunner]    ----------------------------------------
[D:AiRunner]    INTERNAL OPERATOR (idx=41, name=EpochBlock_43)
[D:AiRunner]     name="" counters="CPU cycles"[1881, 9521, 795] dur=0.015ms id=43.43 type=0x5000000/INTERNAL|WITHOUT_TENSOR,"epoch"
[D:AiRunner]    ----------------------------------------
[D:AiRunner]    INTERNAL OPERATOR (idx=42, name=EpochBlock_44)
[D:AiRunner]     name="" counters="CPU cycles"[12193, 418313, 5491] dur=0.545ms id=44.44 type=0x5000000/INTERNAL|WITHOUT_TENSOR,"epoch"
[D:AiRunner]    ----------------------------------------
[D:AiRunner]    INTERNAL OPERATOR (idx=43, name=EpochBlock_45)
[D:AiRunner]     name="" counters="CPU cycles"[1889, 136633, 755] dur=0.174ms id=45.45 type=0x5000000/INTERNAL|WITHOUT_TENSOR,"epoch"
[D:AiRunner]    ----------------------------------------
[D:AiRunner]    INTERNAL OPERATOR (idx=44, name=EpochBlock_46)
[D:AiRunner]     name="" counters="CPU cycles"[9137, 300345, 4264] dur=0.392ms id=46.46 type=0x5000000/INTERNAL|WITHOUT_TENSOR,"epoch"
[D:AiRunner]    ----------------------------------------
[D:AiRunner]    INTERNAL OPERATOR (idx=45, name=EpochBlock_47)
[D:AiRunner]     name="" counters="CPU cycles"[46761, 260673, 3979] dur=0.389ms id=47.47 type=0x5000000/INTERNAL|WITHOUT_TENSOR,"epoch"
[D:AiRunner]    ----------------------------------------
[D:AiRunner]    INTERNAL OPERATOR (idx=46, name=EpochBlock_48)
[D:AiRunner]     name="" counters="CPU cycles"[12313, 538459, 5496] dur=0.695ms id=48.48 type=0x5000000/INTERNAL|WITHOUT_TENSOR,"epoch"
[D:AiRunner]    ----------------------------------------
[D:AiRunner]    INTERNAL OPERATOR (idx=47, name=EpochBlock_49)
[D:AiRunner]     name="" counters="CPU cycles"[1969, 81233, 755] dur=0.105ms id=49.49 type=0x5000000/INTERNAL|WITHOUT_TENSOR,"epoch"
[D:AiRunner]    ----------------------------------------
[D:AiRunner]    INTERNAL OPERATOR (idx=48, name=EpochBlock_50)
[D:AiRunner]     name="" counters="CPU cycles"[9265, 502305, 4123] dur=0.645ms id=50.50 type=0x5000000/INTERNAL|WITHOUT_TENSOR,"epoch"
[D:AiRunner]    ----------------------------------------
[D:AiRunner]    INTERNAL OPERATOR (idx=49, name=EpochBlock_51)
[D:AiRunner]     name="" counters="CPU cycles"[47721, 445473, 4491] dur=0.622ms id=51.51 type=0x5000000/INTERNAL|WITHOUT_TENSOR,"epoch"
[D:AiRunner]    ----------------------------------------
[D:AiRunner]    INTERNAL OPERATOR (idx=50, name=EpochBlock_52)
[D:AiRunner]     name="" counters="CPU cycles"[12089, 533955, 5557] dur=0.690ms id=52.52 type=0x5000000/INTERNAL|WITHOUT_TENSOR,"epoch"
[D:AiRunner]    ----------------------------------------
[D:AiRunner]    INTERNAL OPERATOR (idx=51, name=EpochBlock_53)
[D:AiRunner]     name="" counters="CPU cycles"[1897, 81233, 715] dur=0.105ms id=53.53 type=0x5000000/INTERNAL|WITHOUT_TENSOR,"epoch"
[D:AiRunner]    ----------------------------------------
[D:AiRunner]    INTERNAL OPERATOR (idx=52, name=EpochBlock_54)
[D:AiRunner]     name="" counters="CPU cycles"[9049, 499817, 4176] dur=0.641ms id=54.54 type=0x5000000/INTERNAL|WITHOUT_TENSOR,"epoch"
[D:AiRunner]    ----------------------------------------
[D:AiRunner]    INTERNAL OPERATOR (idx=53, name=EpochBlock_55)
[D:AiRunner]     name="" counters="CPU cycles"[47961, 445339, 4507] dur=0.622ms id=55.55 type=0x5000000/INTERNAL|WITHOUT_TENSOR,"epoch"
[D:AiRunner]    ----------------------------------------
[D:AiRunner]    INTERNAL OPERATOR (idx=54, name=EpochBlock_56)
[D:AiRunner]     name="" counters="CPU cycles"[12366, 539788, 5459] dur=0.697ms id=56.56 type=0x5000000/INTERNAL|WITHOUT_TENSOR,"epoch"
[D:AiRunner]    ----------------------------------------
[D:AiRunner]    INTERNAL OPERATOR (idx=55, name=EpochBlock_57)
[D:AiRunner]     name="" counters="CPU cycles"[1857, 81177, 755] dur=0.105ms id=57.57 type=0x5000000/INTERNAL|WITHOUT_TENSOR,"epoch"
[D:AiRunner]    ----------------------------------------
[D:AiRunner]    INTERNAL OPERATOR (idx=56, name=EpochBlock_58)
[D:AiRunner]     name="" counters="CPU cycles"[9081, 502353, 4139] dur=0.644ms id=58.58 type=0x5000000/INTERNAL|WITHOUT_TENSOR,"epoch"
[D:AiRunner]    ----------------------------------------
[D:AiRunner]    INTERNAL OPERATOR (idx=57, name=EpochBlock_59)
[D:AiRunner]     name="" counters="CPU cycles"[47745, 445129, 4566] dur=0.622ms id=59.59 type=0x5000000/INTERNAL|WITHOUT_TENSOR,"epoch"
[D:AiRunner]    ----------------------------------------
[D:AiRunner]    INTERNAL OPERATOR (idx=58, name=EpochBlock_60)
[D:AiRunner]     name="" counters="CPU cycles"[12105, 533553, 5424] dur=0.689ms id=60.60 type=0x5000000/INTERNAL|WITHOUT_TENSOR,"epoch"
[D:AiRunner]    ----------------------------------------
[D:AiRunner]    INTERNAL OPERATOR (idx=59, name=EpochBlock_61)
[D:AiRunner]     name="" counters="CPU cycles"[6977, 347017, 3235] dur=0.447ms id=61.61 type=0x5000000/INTERNAL|WITHOUT_TENSOR,"epoch"
[D:AiRunner]    ----------------------------------------
[D:AiRunner]    INTERNAL OPERATOR (idx=60, name=EpochBlock_62)
[D:AiRunner]     name="" counters="CPU cycles"[8625, 1681, 3739] dur=0.018ms id=62.62 type=0x5000000/INTERNAL|WITHOUT_TENSOR,"epoch"
[D:AiRunner]    ----------------------------------------
[D:AiRunner]    INTERNAL OPERATOR (idx=61, name=EpochBlock_63)
[D:AiRunner]     name="" counters="CPU cycles"[18446, 468036, 5120] dur=0.615ms id=63.63 type=0x5000000/INTERNAL|WITHOUT_TENSOR,"epoch"
[D:AiRunner]    ----------------------------------------
[D:AiRunner]    INTERNAL OPERATOR (idx=62, name=EpochBlock_64)
[D:AiRunner]     name="" counters="CPU cycles"[45, 36, 3915] dur=0.005ms id=64.64 type=0x1000002/INTERNAL,"epoch (SW)"
[D:AiRunner]    INTERNAL TENSOR #0
[D:AiRunner]     IOTensor: Dequantize_226_out_0, E.64.0, , 0x342e0000 f32[1,63], 252 Bytes
[D:AiRunner]     last=True, data_size=0
[D:AiRunner]    ----------------------------------------
[D:AiRunner]    INTERNAL OPERATOR (idx=63, name=EpochBlock_65)
[D:AiRunner]     name="" counters="CPU cycles"[15801, 3281, 3580] dur=0.028ms id=65.65 type=0x5000000/INTERNAL|WITHOUT_TENSOR,"epoch"
[D:AiRunner]    ----------------------------------------
[D:AiRunner]    INTERNAL OPERATOR (idx=64, name=EpochBlock_66)
[D:AiRunner]     name="" counters="CPU cycles"[47, 36, 3317] dur=0.004ms id=66.66 type=0x1000002/INTERNAL,"epoch (SW)"
[D:AiRunner]    INTERNAL TENSOR #0
[D:AiRunner]     IOTensor: Dequantize_229_out_0, E.66.0, , 0x342e0100 f32[1,63], 252 Bytes
[D:AiRunner]     last=True, data_size=0
[D:AiRunner]    ----------------------------------------
[D:AiRunner]    INTERNAL OPERATOR (idx=65, name=EpochBlock_67)
[D:AiRunner]     name="" counters="CPU cycles"[47, 36, 2755] dur=0.004ms id=67.67 type=0x1000002/INTERNAL,"epoch (SW)"
[D:AiRunner]    INTERNAL TENSOR #0
[D:AiRunner]     IOTensor: Dequantize_219_out_0, E.67.0, , 0x342e0200 f32[1,1], 4 Bytes
[D:AiRunner]     last=True, data_size=0
[D:AiRunner]    ----------------------------------------
[D:AiRunner]    INTERNAL OPERATOR (idx=66, name=EpochBlock_68)
[D:AiRunner]     name="" counters="CPU cycles"[4529, 563, 1706] dur=0.008ms id=68.68 type=0x5000000/INTERNAL|WITHOUT_TENSOR,"epoch"
[D:AiRunner]    ----------------------------------------
[D:AiRunner]    INTERNAL OPERATOR (idx=67, name=EpochBlock_69)
[D:AiRunner]     name="" counters="CPU cycles"[45, 36, 2263] dur=0.003ms id=69.69 type=0x1000002/INTERNAL,"epoch (SW)"
[D:AiRunner]    INTERNAL TENSOR #0
[D:AiRunner]     IOTensor: Dequantize_223_out_0, E.69.0, , 0x342e0210 f32[1,1], 4 Bytes
[D:AiRunner]     last=True, data_size=0
[D:AiRunner]    ----------------------------------------
[D:AiRunner]    INFERENCE DONE
[D:AiRunner]     name="network" counters="CPU cycles"[1659335, 16095545, 211875, 17979332, 0] dur=22.474ms id=0.0 type=0x0/NONE,"epoch"
[D:AiRunner]    RECEIVE OUTPUT TENSOR #0 last=False..
[D:AiRunner]     IOTensor: Dequantize_223_out_0, O_0, , 0x342e0210 f32[1,1], 4 Bytes
[D:AiRunner]    RECEIVE OUTPUT TENSOR #1 last=False..
[D:AiRunner]     IOTensor: Dequantize_229_out_0, O_1, , 0x342e0100 f32[1,63], 252 Bytes
[D:AiRunner]    RECEIVE OUTPUT TENSOR #2 last=False..
[D:AiRunner]     IOTensor: Dequantize_219_out_0, O_2, , 0x342e0200 f32[1,1], 4 Bytes
[D:AiRunner]    RECEIVE OUTPUT TENSOR #3 last=True..
[D:AiRunner]     IOTensor: Dequantize_226_out_0, O_3, , 0x342e0000 f32[1,63], 252 Bytes
[D:AiRunner] <- done (target dur=22.458ms)
[D:AiRunner] -> Requested RUN mode: Mode.DEBUG|PER_LAYER (param=0b100000011, option=0x0)
[D:AiRunner]    SEND INPUT TENSOR #0 ((1, 224, 224, 3)/uint8) last=True..
[D:AiRunner]    ----------------------------------------
[D:AiRunner]    INTERNAL OPERATOR (idx=0, name=EpochBlock_2)
[D:AiRunner]     name="" counters="CPU cycles"[3527, 121235, 1647] dur=0.158ms id=2.2 type=0x5000000/INTERNAL|WITHOUT_TENSOR,"epoch"
[D:AiRunner]    ----------------------------------------
[D:AiRunner]    INTERNAL OPERATOR (idx=1, name=EpochBlock_3)
[D:AiRunner]     name="" counters="CPU cycles"[15425, 363897, 3211] dur=0.478ms id=3.3 type=0x5000000/INTERNAL|WITHOUT_TENSOR,"epoch"
[D:AiRunner]    ----------------------------------------
[D:AiRunner]    INTERNAL OPERATOR (idx=2, name=EpochBlock_4)
[D:AiRunner]     name="" counters="CPU cycles"[5617, 241689, 1441] dur=0.311ms id=4.4 type=0x5000000/INTERNAL|WITHOUT_TENSOR,"epoch"
[D:AiRunner]    ----------------------------------------
[D:AiRunner]    INTERNAL OPERATOR (idx=3, name=EpochBlock_5)
[D:AiRunner]     name="" counters="CPU cycles"[8537, 242580, 2024] dur=0.316ms id=5.5 type=0x5000000/INTERNAL|WITHOUT_TENSOR,"epoch"
[D:AiRunner]    ----------------------------------------
[D:AiRunner]    INTERNAL OPERATOR (idx=4, name=EpochBlock_6)
[D:AiRunner]     name="" counters="CPU cycles"[18481, 644329, 2331] dur=0.831ms id=6.6 type=0x5000000/INTERNAL|WITHOUT_TENSOR,"epoch"
[D:AiRunner]    ----------------------------------------
[D:AiRunner]    INTERNAL OPERATOR (idx=5, name=EpochBlock_7)
[D:AiRunner]     name="" counters="CPU cycles"[17825, 643289, 2368] dur=0.829ms id=7.7 type=0x5000000/INTERNAL|WITHOUT_TENSOR,"epoch"
[D:AiRunner]    ----------------------------------------
[D:AiRunner]    INTERNAL OPERATOR (idx=6, name=EpochBlock_8)
[D:AiRunner]     name="" counters="CPU cycles"[9617, 64111, 1989] dur=0.095ms id=8.8 type=0x5000000/INTERNAL|WITHOUT_TENSOR,"epoch"
[D:AiRunner]    ----------------------------------------
[D:AiRunner]    INTERNAL OPERATOR (idx=7, name=EpochBlock_9)
[D:AiRunner]     name="" counters="CPU cycles"[33697, 363945, 2291] dur=0.500ms id=9.9 type=0x5000000/INTERNAL|WITHOUT_TENSOR,"epoch"
[D:AiRunner]    ----------------------------------------
[D:AiRunner]    INTERNAL OPERATOR (idx=8, name=EpochBlock_10)
[D:AiRunner]     name="" counters="CPU cycles"[33481, 377401, 2315] dur=0.516ms id=10.10 type=0x5000000/INTERNAL|WITHOUT_TENSOR,"epoch"
[D:AiRunner]    ----------------------------------------
[D:AiRunner]    INTERNAL OPERATOR (idx=9, name=EpochBlock_11)
[D:AiRunner]     name="" counters="CPU cycles"[12177, 67953, 3283] dur=0.104ms id=11.11 type=0x5000000/INTERNAL|WITHOUT_TENSOR,"epoch"
[D:AiRunner]    ----------------------------------------
[D:AiRunner]    INTERNAL OPERATOR (idx=10, name=EpochBlock_12)
[D:AiRunner]     name="" counters="CPU cycles"[33513, 363857, 2444] dur=0.500ms id=12.12 type=0x5000000/INTERNAL|WITHOUT_TENSOR,"epoch"
[D:AiRunner]    ----------------------------------------
[D:AiRunner]    INTERNAL OPERATOR (idx=11, name=EpochBlock_13)
[D:AiRunner]     name="" counters="CPU cycles"[1897, 405689, 795] dur=0.510ms id=13.13 type=0x5000000/INTERNAL|WITHOUT_TENSOR,"epoch"
[D:AiRunner]    ----------------------------------------
[D:AiRunner]    INTERNAL OPERATOR (idx=12, name=EpochBlock_14)
[D:AiRunner]     name="" counters="CPU cycles"[36177, 366689, 3568] dur=0.508ms id=14.14 type=0x5000000/INTERNAL|WITHOUT_TENSOR,"epoch"
[D:AiRunner]    ----------------------------------------
[D:AiRunner]    INTERNAL OPERATOR (idx=13, name=EpochBlock_15)
[D:AiRunner]     name="" counters="CPU cycles"[14241, 36628, 2626] dur=0.067ms id=15.15 type=0x5000000/INTERNAL|WITHOUT_TENSOR,"epoch"
[D:AiRunner]    ----------------------------------------
[D:AiRunner]    INTERNAL OPERATOR (idx=14, name=EpochBlock_16)
[D:AiRunner]     name="" counters="CPU cycles"[53361, 153610, 2967] dur=0.262ms id=16.16 type=0x5000000/INTERNAL|WITHOUT_TENSOR,"epoch"
[D:AiRunner]    ----------------------------------------
[D:AiRunner]    INTERNAL OPERATOR (idx=15, name=EpochBlock_17)
[D:AiRunner]     name="" counters="CPU cycles"[1945, 181953, 755] dur=0.231ms id=17.17 type=0x5000000/INTERNAL|WITHOUT_TENSOR,"epoch"
[D:AiRunner]    ----------------------------------------
[D:AiRunner]    INTERNAL OPERATOR (idx=16, name=EpochBlock_18)
[D:AiRunner]     name="" counters="CPU cycles"[54793, 194497, 3451] dur=0.316ms id=18.18 type=0x5000000/INTERNAL|WITHOUT_TENSOR,"epoch"
[D:AiRunner]    ----------------------------------------
[D:AiRunner]    INTERNAL OPERATOR (idx=17, name=EpochBlock_19)
[D:AiRunner]     name="" counters="CPU cycles"[15945, 60651, 3235] dur=0.100ms id=19.19 type=0x5000000/INTERNAL|WITHOUT_TENSOR,"epoch"
[D:AiRunner]    ----------------------------------------
[D:AiRunner]    INTERNAL OPERATOR (idx=18, name=EpochBlock_20)
[D:AiRunner]     name="" counters="CPU cycles"[53481, 153313, 2976] dur=0.262ms id=20.20 type=0x5000000/INTERNAL|WITHOUT_TENSOR,"epoch"
[D:AiRunner]    ----------------------------------------
[D:AiRunner]    INTERNAL OPERATOR (idx=19, name=EpochBlock_21)
[D:AiRunner]     name="" counters="CPU cycles"[51897, 152659, 2267] dur=0.259ms id=21.21 type=0x5000000/INTERNAL|WITHOUT_TENSOR,"epoch"
[D:AiRunner]    ----------------------------------------
[D:AiRunner]    INTERNAL OPERATOR (idx=20, name=EpochBlock_22)
[D:AiRunner]     name="" counters="CPU cycles"[22609, 45449, 2571] dur=0.088ms id=22.22 type=0x5000000/INTERNAL|WITHOUT_TENSOR,"epoch"
[D:AiRunner]    ----------------------------------------
[D:AiRunner]    INTERNAL OPERATOR (idx=21, name=EpochBlock_23)
[D:AiRunner]     name="" counters="CPU cycles"[102209, 81385, 4348] dur=0.235ms id=23.23 type=0x5000000/INTERNAL|WITHOUT_TENSOR,"epoch"
[D:AiRunner]    ----------------------------------------
[D:AiRunner]    INTERNAL OPERATOR (idx=22, name=EpochBlock_24)
[D:AiRunner]     name="" counters="CPU cycles"[98015, 89155, 2328] dur=0.237ms id=24.24 type=0x5000000/INTERNAL|WITHOUT_TENSOR,"epoch"
[D:AiRunner]    ----------------------------------------
[D:AiRunner]    INTERNAL OPERATOR (idx=23, name=EpochBlock_25)
[D:AiRunner]     name="" counters="CPU cycles"[26713, 87720, 4536] dur=0.149ms id=25.25 type=0x5000000/INTERNAL|WITHOUT_TENSOR,"epoch"
[D:AiRunner]    ----------------------------------------
[D:AiRunner]    INTERNAL OPERATOR (idx=24, name=EpochBlock_26)
[D:AiRunner]     name="" counters="CPU cycles"[102361, 81385, 4272] dur=0.235ms id=26.26 type=0x5000000/INTERNAL|WITHOUT_TENSOR,"epoch"
[D:AiRunner]    ----------------------------------------
[D:AiRunner]    INTERNAL OPERATOR (idx=25, name=EpochBlock_27)
[D:AiRunner]     name="" counters="CPU cycles"[98079, 89155, 2328] dur=0.237ms id=27.27 type=0x5000000/INTERNAL|WITHOUT_TENSOR,"epoch"
[D:AiRunner]    ----------------------------------------
[D:AiRunner]    INTERNAL OPERATOR (idx=26, name=EpochBlock_28)
[D:AiRunner]     name="" counters="CPU cycles"[26537, 87761, 4571] dur=0.149ms id=28.28 type=0x5000000/INTERNAL|WITHOUT_TENSOR,"epoch"
[D:AiRunner]    ----------------------------------------
[D:AiRunner]    INTERNAL OPERATOR (idx=27, name=EpochBlock_29)
[D:AiRunner]     name="" counters="CPU cycles"[102401, 81073, 4318] dur=0.235ms id=29.29 type=0x5000000/INTERNAL|WITHOUT_TENSOR,"epoch"
[D:AiRunner]    ----------------------------------------
[D:AiRunner]    INTERNAL OPERATOR (idx=28, name=EpochBlock_30)
[D:AiRunner]     name="" counters="CPU cycles"[1945, 97769, 755] dur=0.126ms id=30.30 type=0x5000000/INTERNAL|WITHOUT_TENSOR,"epoch"
[D:AiRunner]    ----------------------------------------
[D:AiRunner]    INTERNAL OPERATOR (idx=29, name=EpochBlock_31)
[D:AiRunner]     name="" counters="CPU cycles"[100665, 106529, 3515] dur=0.263ms id=31.31 type=0x5000000/INTERNAL|WITHOUT_TENSOR,"epoch"
[D:AiRunner]    ----------------------------------------
[D:AiRunner]    INTERNAL OPERATOR (idx=30, name=EpochBlock_32)
[D:AiRunner]     name="" counters="CPU cycles"[31569, 118139, 3931] dur=0.192ms id=32.32 type=0x5000000/INTERNAL|WITHOUT_TENSOR,"epoch"
[D:AiRunner]    ----------------------------------------
[D:AiRunner]    INTERNAL OPERATOR (idx=31, name=EpochBlock_33)
[D:AiRunner]     name="" counters="CPU cycles"[1921, 9561, 755] dur=0.015ms id=33.33 type=0x5000000/INTERNAL|WITHOUT_TENSOR,"epoch"
[D:AiRunner]    ----------------------------------------
[D:AiRunner]    INTERNAL OPERATOR (idx=32, name=EpochBlock_34)
[D:AiRunner]     name="" counters="CPU cycles"[12358, 418284, 5451] dur=0.545ms id=34.34 type=0x5000000/INTERNAL|WITHOUT_TENSOR,"epoch"
[D:AiRunner]    ----------------------------------------
[D:AiRunner]    INTERNAL OPERATOR (idx=33, name=EpochBlock_35)
[D:AiRunner]     name="" counters="CPU cycles"[1857, 136657, 715] dur=0.174ms id=35.35 type=0x5000000/INTERNAL|WITHOUT_TENSOR,"epoch"
[D:AiRunner]    ----------------------------------------
[D:AiRunner]    INTERNAL OPERATOR (idx=34, name=EpochBlock_36)
[D:AiRunner]     name="" counters="CPU cycles"[8921, 647881, 4115] dur=0.826ms id=36.36 type=0x5000000/INTERNAL|WITHOUT_TENSOR,"epoch"
[D:AiRunner]    ----------------------------------------
[D:AiRunner]    INTERNAL OPERATOR (idx=35, name=EpochBlock_37)
[D:AiRunner]     name="" counters="CPU cycles"[32705, 160017, 4539] dur=0.247ms id=37.37 type=0x5000000/INTERNAL|WITHOUT_TENSOR,"epoch"
[D:AiRunner]    ----------------------------------------
[D:AiRunner]    INTERNAL OPERATOR (idx=36, name=EpochBlock_38)
[D:AiRunner]     name="" counters="CPU cycles"[1881, 9521, 792] dur=0.015ms id=38.38 type=0x5000000/INTERNAL|WITHOUT_TENSOR,"epoch"
[D:AiRunner]    ----------------------------------------
[D:AiRunner]    INTERNAL OPERATOR (idx=37, name=EpochBlock_39)
[D:AiRunner]     name="" counters="CPU cycles"[12439, 426811, 5536] dur=0.556ms id=39.39 type=0x5000000/INTERNAL|WITHOUT_TENSOR,"epoch"
[D:AiRunner]    ----------------------------------------
[D:AiRunner]    INTERNAL OPERATOR (idx=38, name=EpochBlock_40)
[D:AiRunner]     name="" counters="CPU cycles"[1905, 136657, 755] dur=0.174ms id=40.40 type=0x5000000/INTERNAL|WITHOUT_TENSOR,"epoch"
[D:AiRunner]    ----------------------------------------
[D:AiRunner]    INTERNAL OPERATOR (idx=39, name=EpochBlock_41)
[D:AiRunner]     name="" counters="CPU cycles"[9049, 648643, 4179] dur=0.827ms id=41.41 type=0x5000000/INTERNAL|WITHOUT_TENSOR,"epoch"
[D:AiRunner]    ----------------------------------------
[D:AiRunner]    INTERNAL OPERATOR (idx=40, name=EpochBlock_42)
[D:AiRunner]     name="" counters="CPU cycles"[32750, 159804, 4491] dur=0.246ms id=42.42 type=0x5000000/INTERNAL|WITHOUT_TENSOR,"epoch"
[D:AiRunner]    ----------------------------------------
[D:AiRunner]    INTERNAL OPERATOR (idx=41, name=EpochBlock_43)
[D:AiRunner]     name="" counters="CPU cycles"[1881, 9521, 755] dur=0.015ms id=43.43 type=0x5000000/INTERNAL|WITHOUT_TENSOR,"epoch"
[D:AiRunner]    ----------------------------------------
[D:AiRunner]    INTERNAL OPERATOR (idx=42, name=EpochBlock_44)
[D:AiRunner]     name="" counters="CPU cycles"[12233, 418441, 5427] dur=0.545ms id=44.44 type=0x5000000/INTERNAL|WITHOUT_TENSOR,"epoch"
[D:AiRunner]    ----------------------------------------
[D:AiRunner]    INTERNAL OPERATOR (idx=43, name=EpochBlock_45)
[D:AiRunner]     name="" counters="CPU cycles"[1889, 136657, 755] dur=0.174ms id=45.45 type=0x5000000/INTERNAL|WITHOUT_TENSOR,"epoch"
[D:AiRunner]    ----------------------------------------
[D:AiRunner]    INTERNAL OPERATOR (idx=44, name=EpochBlock_46)
[D:AiRunner]     name="" counters="CPU cycles"[9025, 300137, 4187] dur=0.392ms id=46.46 type=0x5000000/INTERNAL|WITHOUT_TENSOR,"epoch"
[D:AiRunner]    ----------------------------------------
[D:AiRunner]    INTERNAL OPERATOR (idx=45, name=EpochBlock_47)
[D:AiRunner]     name="" counters="CPU cycles"[46777, 260657, 3939] dur=0.389ms id=47.47 type=0x5000000/INTERNAL|WITHOUT_TENSOR,"epoch"
[D:AiRunner]    ----------------------------------------
[D:AiRunner]    INTERNAL OPERATOR (idx=46, name=EpochBlock_48)
[D:AiRunner]     name="" counters="CPU cycles"[12185, 541387, 5459] dur=0.699ms id=48.48 type=0x5000000/INTERNAL|WITHOUT_TENSOR,"epoch"
[D:AiRunner]    ----------------------------------------
[D:AiRunner]    INTERNAL OPERATOR (idx=47, name=EpochBlock_49)
[D:AiRunner]     name="" counters="CPU cycles"[1977, 81201, 755] dur=0.105ms id=49.49 type=0x5000000/INTERNAL|WITHOUT_TENSOR,"epoch"
[D:AiRunner]    ----------------------------------------
[D:AiRunner]    INTERNAL OPERATOR (idx=48, name=EpochBlock_50)
[D:AiRunner]     name="" counters="CPU cycles"[9305, 502033, 4123] dur=0.644ms id=50.50 type=0x5000000/INTERNAL|WITHOUT_TENSOR,"epoch"
[D:AiRunner]    ----------------------------------------
[D:AiRunner]    INTERNAL OPERATOR (idx=49, name=EpochBlock_51)
[D:AiRunner]     name="" counters="CPU cycles"[47753, 445473, 4491] dur=0.622ms id=51.51 type=0x5000000/INTERNAL|WITHOUT_TENSOR,"epoch"
[D:AiRunner]    ----------------------------------------
[D:AiRunner]    INTERNAL OPERATOR (idx=50, name=EpochBlock_52)
[D:AiRunner]     name="" counters="CPU cycles"[12265, 534353, 5525] dur=0.690ms id=52.52 type=0x5000000/INTERNAL|WITHOUT_TENSOR,"epoch"
[D:AiRunner]    ----------------------------------------
[D:AiRunner]    INTERNAL OPERATOR (idx=51, name=EpochBlock_53)
[D:AiRunner]     name="" counters="CPU cycles"[1897, 81185, 715] dur=0.105ms id=53.53 type=0x5000000/INTERNAL|WITHOUT_TENSOR,"epoch"
[D:AiRunner]    ----------------------------------------
[D:AiRunner]    INTERNAL OPERATOR (idx=52, name=EpochBlock_54)
[D:AiRunner]     name="" counters="CPU cycles"[9001, 499633, 4115] dur=0.641ms id=54.54 type=0x5000000/INTERNAL|WITHOUT_TENSOR,"epoch"
[D:AiRunner]    ----------------------------------------
[D:AiRunner]    INTERNAL OPERATOR (idx=53, name=EpochBlock_55)
[D:AiRunner]     name="" counters="CPU cycles"[47887, 445386, 4504] dur=0.622ms id=55.55 type=0x5000000/INTERNAL|WITHOUT_TENSOR,"epoch"
[D:AiRunner]    ----------------------------------------
[D:AiRunner]    INTERNAL OPERATOR (idx=54, name=EpochBlock_56)
[D:AiRunner]     name="" counters="CPU cycles"[12374, 540748, 5459] dur=0.698ms id=56.56 type=0x5000000/INTERNAL|WITHOUT_TENSOR,"epoch"
[D:AiRunner]    ----------------------------------------
[D:AiRunner]    INTERNAL OPERATOR (idx=55, name=EpochBlock_57)
[D:AiRunner]     name="" counters="CPU cycles"[1857, 81193, 755] dur=0.105ms id=57.57 type=0x5000000/INTERNAL|WITHOUT_TENSOR,"epoch"
[D:AiRunner]    ----------------------------------------
[D:AiRunner]    INTERNAL OPERATOR (idx=56, name=EpochBlock_58)
[D:AiRunner]     name="" counters="CPU cycles"[9169, 502017, 4139] dur=0.644ms id=58.58 type=0x5000000/INTERNAL|WITHOUT_TENSOR,"epoch"
[D:AiRunner]    ----------------------------------------
[D:AiRunner]    INTERNAL OPERATOR (idx=57, name=EpochBlock_59)
[D:AiRunner]     name="" counters="CPU cycles"[47881, 445129, 4531] dur=0.622ms id=59.59 type=0x5000000/INTERNAL|WITHOUT_TENSOR,"epoch"
[D:AiRunner]    ----------------------------------------
[D:AiRunner]    INTERNAL OPERATOR (idx=58, name=EpochBlock_60)
[D:AiRunner]     name="" counters="CPU cycles"[12097, 533569, 5488] dur=0.689ms id=60.60 type=0x5000000/INTERNAL|WITHOUT_TENSOR,"epoch"
[D:AiRunner]    ----------------------------------------
[D:AiRunner]    INTERNAL OPERATOR (idx=59, name=EpochBlock_61)
[D:AiRunner]     name="" counters="CPU cycles"[7009, 346980, 3232] dur=0.447ms id=61.61 type=0x5000000/INTERNAL|WITHOUT_TENSOR,"epoch"
[D:AiRunner]    ----------------------------------------
[D:AiRunner]    INTERNAL OPERATOR (idx=60, name=EpochBlock_62)
[D:AiRunner]     name="" counters="CPU cycles"[8606, 1684, 3739] dur=0.018ms id=62.62 type=0x5000000/INTERNAL|WITHOUT_TENSOR,"epoch"
[D:AiRunner]    ----------------------------------------
[D:AiRunner]    INTERNAL OPERATOR (idx=61, name=EpochBlock_63)
[D:AiRunner]     name="" counters="CPU cycles"[18374, 468068, 5120] dur=0.614ms id=63.63 type=0x5000000/INTERNAL|WITHOUT_TENSOR,"epoch"
[D:AiRunner]    ----------------------------------------
[D:AiRunner]    INTERNAL OPERATOR (idx=62, name=EpochBlock_64)
[D:AiRunner]     name="" counters="CPU cycles"[47, 36, 3851] dur=0.005ms id=64.64 type=0x1000002/INTERNAL,"epoch (SW)"
[D:AiRunner]    INTERNAL TENSOR #0
[D:AiRunner]     IOTensor: Dequantize_226_out_0, E.64.0, , 0x342e0000 f32[1,63], 252 Bytes
[D:AiRunner]     last=True, data_size=0
[D:AiRunner]    ----------------------------------------
[D:AiRunner]    INTERNAL OPERATOR (idx=63, name=EpochBlock_65)
[D:AiRunner]     name="" counters="CPU cycles"[15681, 3281, 3584] dur=0.028ms id=65.65 type=0x5000000/INTERNAL|WITHOUT_TENSOR,"epoch"
[D:AiRunner]    ----------------------------------------
[D:AiRunner]    INTERNAL OPERATOR (idx=64, name=EpochBlock_66)
[D:AiRunner]     name="" counters="CPU cycles"[47, 36, 3353] dur=0.004ms id=66.66 type=0x1000002/INTERNAL,"epoch (SW)"
[D:AiRunner]    INTERNAL TENSOR #0
[D:AiRunner]     IOTensor: Dequantize_229_out_0, E.66.0, , 0x342e0100 f32[1,63], 252 Bytes
[D:AiRunner]     last=True, data_size=0
[D:AiRunner]    ----------------------------------------
[D:AiRunner]    INTERNAL OPERATOR (idx=65, name=EpochBlock_67)
[D:AiRunner]     name="" counters="CPU cycles"[47, 36, 2863] dur=0.004ms id=67.67 type=0x1000002/INTERNAL,"epoch (SW)"
[D:AiRunner]    INTERNAL TENSOR #0
[D:AiRunner]     IOTensor: Dequantize_219_out_0, E.67.0, , 0x342e0200 f32[1,1], 4 Bytes
[D:AiRunner]     last=True, data_size=0
[D:AiRunner]    ----------------------------------------
[D:AiRunner]    INTERNAL OPERATOR (idx=66, name=EpochBlock_68)
[D:AiRunner]     name="" counters="CPU cycles"[4569, 606, 1711] dur=0.009ms id=68.68 type=0x5000000/INTERNAL|WITHOUT_TENSOR,"epoch"
[D:AiRunner]    ----------------------------------------
[D:AiRunner]    INTERNAL OPERATOR (idx=67, name=EpochBlock_69)
[D:AiRunner]     name="" counters="CPU cycles"[47, 36, 2323] dur=0.003ms id=69.69 type=0x1000002/INTERNAL,"epoch (SW)"
[D:AiRunner]    INTERNAL TENSOR #0
[D:AiRunner]     IOTensor: Dequantize_223_out_0, E.69.0, , 0x342e0210 f32[1,1], 4 Bytes
[D:AiRunner]     last=True, data_size=0
[D:AiRunner]    ----------------------------------------
[D:AiRunner]    INFERENCE DONE
[D:AiRunner]     name="network" counters="CPU cycles"[1656403, 16098814, 211683, 17979100, 0] dur=22.474ms id=0.0 type=0x0/NONE,"epoch"
[D:AiRunner]    RECEIVE OUTPUT TENSOR #0 last=False..
[D:AiRunner]     IOTensor: Dequantize_223_out_0, O_0, , 0x342e0210 f32[1,1], 4 Bytes
[D:AiRunner]    RECEIVE OUTPUT TENSOR #1 last=False..
[D:AiRunner]     IOTensor: Dequantize_229_out_0, O_1, , 0x342e0100 f32[1,63], 252 Bytes
[D:AiRunner]    RECEIVE OUTPUT TENSOR #2 last=False..
[D:AiRunner]     IOTensor: Dequantize_219_out_0, O_2, , 0x342e0200 f32[1,1], 4 Bytes
[D:AiRunner]    RECEIVE OUTPUT TENSOR #3 last=True..
[D:AiRunner]     IOTensor: Dequantize_226_out_0, O_3, , 0x342e0000 f32[1,63], 252 Bytes
[D:AiRunner] <- done (target dur=22.459ms)
[D:AiRunner] _release_all(Proto-buffer driver v2.0 (msg v3.1) (Serial driver v1.0 - /dev/tty.usbmodemCDC_ACM0011:115200) ['network'])
