 NPU Utility - AiRunner Profiler (version 0.3)
 Creating date : Sun Jul 20 23:11:50 2025
[D] 
[D] -> CNpuNetworkDesc (v0.2), file="results/hand_landmarks_output_20250720_231053/st_ai_ws/neural_art__network/network.c"
[D]    -> Parsing the compiler options.. 36488
[D]    <- done "atonn-v1.1.1-14-ge619e8606 (1, 1, 1, 14) 27/06/2025"
[D]    -> Parsing the memory pool descriptors.. nblines=36488
[D]       adding MPOOL:  7 rw/c/a/- 0x90000000(  32767.99 KB)          0 B :      0.00 KB -    0:0    0:0 'hyperRAM'/'xSPI1'
[D]       adding MPOOL:  8 ro/c/a/- 0x71000000( 114687.99 KB)      3.21 MB :   3287.04 KB -    0:0    0:0 'octoFlash'/'xSPI2'
[D]       adding MPOOL:  1 rw/-/a/- 0x342e0000(    448.00 KB)    441.00 KB :    441.00 KB -    0:0    0:0 'npuRAM5'/'AXISRAM5'
[D]       adding MPOOL:  2 rw/-/a/- 0x34270000(    448.00 KB)    441.00 KB :    441.00 KB -    0:0    0:0 'npuRAM4'/'AXISRAM4'
[D]       adding MPOOL:  3 rw/-/a/- 0x34200000(    448.00 KB)     73.50 KB :     73.50 KB -    0:0    0:0 'npuRAM3'/'AXISRAM3'
[D]       adding MPOOL:  0 rw/-/a/- 0x34350000(    447.99 KB)          0 B :      0.00 KB -    0:0    0:0 'npuRAM6'/'AXISRAM6'
[D]       adding MPOOL: 11 rw/-/a/- 0x34100000(   2815.99 KB)      2.31 MB :   2365.44 KB -    0:0    0:0 'cpuRAM2_npuRAM3_npuRAM4_npuRAM5_npuRAM6'/'AXISRAM2_AXISRAM3_AXISRAM4_AXISRAM5_AXISRAM6'
[D]       adding MPOOL:  4 rw/-/a/- 0x34100000(   1024.00 KB)    784.00 KB :    784.00 KB -    0:0    0:0 'cpuRAM2'/'AXISRAM2'
[D]       adding MPOOL:  5 rw/-/a/- 0x34064000(      0.00 KB)          0 B :      0.00 KB -    0:0    0:0 'cpuRAM1'/'AXISRAM1'
[D]       adding MPOOL:  6 rw/-/a/- 0x34000000(      0.00 KB)          0 B :      0.00 KB -    0:0    0:0 'flexMEM'/'AXIFLEXMEM'
[D]       filtering/sorting the mpools
[D]       MPOOL:  7 rw/c/a/- 0x90000000(  32767.99 KB)          0 B :      0.00 KB -    0:0    0:0 'hyperRAM'/'xSPI1'
[D]       MPOOL:  8 ro/c/a/- 0x71000000( 114687.99 KB)      3.21 MB :   3287.04 KB -    0:0    0:0 'octoFlash'/'xSPI2'
[D]       MPOOL:  0 rw/-/a/- 0x34350000(    447.99 KB)          0 B :      0.00 KB -    0:0    0:0 'npuRAM6'/'AXISRAM6' part of 11
[D]       MPOOL:  1 rw/-/a/- 0x342e0000(    448.00 KB)    441.00 KB :    441.00 KB -    0:0    0:0 'npuRAM5'/'AXISRAM5' part of 11
[D]       MPOOL:  2 rw/-/a/- 0x34270000(    448.00 KB)    441.00 KB :    441.00 KB -    0:0    0:0 'npuRAM4'/'AXISRAM4' part of 11
[D]       MPOOL:  3 rw/-/a/- 0x34200000(    448.00 KB)     73.50 KB :     73.50 KB -    0:0    0:0 'npuRAM3'/'AXISRAM3' part of 11
[D]       MPOOL: 11 rw/-/a/v 0x34100000(   2815.99 KB)      2.31 MB :   2365.44 KB -    0:0    0:0 'vpool'/'' uses 1 ,2 ,3 ,0 ,4
[D]       MPOOL:  4 rw/-/a/- 0x34100000(   1024.00 KB)    784.00 KB :    784.00 KB -    0:0    0:0 'cpuRAM2'/'AXISRAM2' part of 11
[D]       MPOOL:  5 rw/-/a/- 0x34064000(      0.00 KB)          0 B :      0.00 KB -    0:0    0:0 'cpuRAM1'/'AXISRAM1'
[D]       MPOOL:  6 rw/-/a/- 0x34000000(      0.00 KB)          0 B :      0.00 KB -    0:0    0:0 'flexMEM'/'AXIFLEXMEM'
[D]    <- 10 memory pool descriptors found after filtering.
[D]    -> Parsing the buffer lists.. nblines=36488
[D]       BUFFER: A 'Input_0_out_0'/(0x342e0000UL + 0)/150,528 epoch=0 UINT8 8b/Q8.0 (1) [1, 224, 224, 3] batch=1 cat=input mpools=[1, 11] pc=0 [0.00392156839370728] [0]
[D]       BUFFER: P 'Conv2D_7_weights'/(0x71000000UL + 3347424)/648 epoch=0 INT8 8b/Q7.0 (0) [24, 3, 3, 3] batch=3 cat=input mpools=[8] pc=1 24 24
[D]       BUFFER: P 'Conv2D_16_weights'/(0x71000000UL + 3355184)/384 epoch=0 INT8 8b/Q7.0 (0) [16, 24, 1, 1] batch=24 cat=input mpools=[8] pc=1 16 16
[D]       BUFFER: P 'Conv2D_19_weights'/(0x71000000UL + 3333728)/1,024 epoch=0 INT8 8b/Q7.0 (0) [64, 16, 1, 1] batch=16 cat=input mpools=[8] pc=1 64 64
[D]       BUFFER: P 'Conv2D_28_weights'/(0x71000000UL + 3328416)/1,536 epoch=0 INT8 8b/Q7.0 (0) [24, 64, 1, 1] batch=64 cat=input mpools=[8] pc=1 24 24
[D]       BUFFER: P 'Conv2D_31_weights'/(0x71000000UL + 3300240)/3,456 epoch=0 INT8 8b/Q7.0 (0) [144, 24, 1, 1] batch=24 cat=input mpools=[8] pc=1 144 144
[D]       BUFFER: P 'Conv2D_40_weights'/(0x71000000UL + 3303696)/3,456 epoch=0 INT8 8b/Q7.0 (0) [24, 2, 1, 1, 72] batch=72 cat=input mpools=[8] pc=1 24 24
[D]       BUFFER: P 'Conv2D_46_weights'/(0x71000000UL + 3307152)/3,456 epoch=0 INT8 8b/Q7.0 (0) [144, 24, 1, 1] batch=24 cat=input mpools=[8] pc=1 144 144
[D]       BUFFER: P 'Conv2D_54_weights'/(0x71000000UL + 3281472)/5,760 epoch=0 INT8 8b/Q7.0 (0) [40, 2, 1, 1, 72] batch=72 cat=input mpools=[8] pc=1 40 40
[D]       BUFFER: P 'Conv2D_57_weights'/(0x71000000UL + 3206496)/9,600 epoch=0 INT8 8b/Q7.0 (0) [240, 2, 1, 1, 20] batch=20 cat=input mpools=[8] pc=1 240 240
[D]       BUFFER: P 'Conv2D_65_weights'/(0x71000000UL + 3216096)/9,600 epoch=0 INT8 8b/Q7.0 (0) [40, 2, 1, 1, 120] batch=120 cat=input mpools=[8] pc=1 40 40
[D]       BUFFER: P 'Conv2D_71_weights'/(0x71000000UL + 3225696)/9,600 epoch=0 INT8 8b/Q7.0 (0) [240, 2, 1, 1, 20] batch=20 cat=input mpools=[8] pc=1 240 240
[D]       BUFFER: P 'Conv2D_80_weights'/(0x71000000UL + 2596800)/19,200 epoch=0 INT8 8b/Q7.0 (0) [80, 2, 1, 1, 120] batch=120 cat=input mpools=[8] pc=1 80 80
[D]       BUFFER: P 'Conv2D_83_weights'/(0x71000000UL + 2335680)/38,400 epoch=0 INT8 8b/Q7.0 (0) [480, 4, 1, 1, 20] batch=20 cat=input mpools=[8] pc=1 480 480
[D]       BUFFER: P 'Conv2D_92_weights'/(0x71000000UL + 2374080)/38,400 epoch=0 INT8 8b/Q7.0 (0) [80, 4, 1, 1, 120] batch=120 cat=input mpools=[8] pc=1 80 80
[D]       BUFFER: P 'Conv2D_98_weights'/(0x71000000UL + 2412480)/38,400 epoch=0 INT8 8b/Q7.0 (0) [480, 4, 1, 1, 20] batch=20 cat=input mpools=[8] pc=1 480 480
[D]       BUFFER: P 'Conv2D_107_weights'/(0x71000000UL + 2450880)/38,400 epoch=0 INT8 8b/Q7.0 (0) [80, 4, 1, 1, 120] batch=120 cat=input mpools=[8] pc=1 80 80
[D]       BUFFER: P 'Conv2D_113_weights'/(0x71000000UL + 2489280)/38,400 epoch=0 INT8 8b/Q7.0 (0) [480, 4, 1, 1, 20] batch=20 cat=input mpools=[8] pc=1 480 480
[D]       BUFFER: P 'Conv2D_121_weights'/(0x71000000UL + 2281920)/53,760 epoch=0 INT8 8b/Q7.0 (0) [112, 4, 1, 1, 120] batch=120 cat=input mpools=[8] pc=1 112 112
[D]       BUFFER: P 'Conv2D_124_weights'/(0x71000000UL + 1910976)/75,264 epoch=0 INT8 8b/Q7.0 (0) [672, 8, 1, 1, 14] batch=14 cat=input mpools=[8] pc=1 672 672
[D]       BUFFER: P 'Conv2D_132_weights'/(0x71000000UL + 1760256)/75,348 epoch=0 INT8 8b/Q7.0 (0) [112, 6, 1, 1, 112] batch=112 cat=input mpools=[8] pc=1 112 112
[D]       BUFFER: P 'Conv2D_138_weights'/(0x71000000UL + 1986240)/75,264 epoch=0 INT8 8b/Q7.0 (0) [672, 8, 1, 1, 14] batch=14 cat=input mpools=[8] pc=1 672 672
[D]       BUFFER: P 'Conv2D_146_weights'/(0x71000000UL + 1835616)/75,348 epoch=0 INT8 8b/Q7.0 (0) [112, 6, 1, 1, 112] batch=112 cat=input mpools=[8] pc=1 112 112
[D]       BUFFER: P 'Conv2D_152_weights'/(0x71000000UL + 2061504)/75,264 epoch=0 INT8 8b/Q7.0 (0) [672, 8, 1, 1, 14] batch=14 cat=input mpools=[8] pc=1 672 672
[D]       BUFFER: P 'Conv2D_160_weights'/(0x71000000UL + 1548288)/129,024 epoch=0 INT8 8b/Q7.0 (0) [192, 6, 1, 1, 112] batch=112 cat=input mpools=[8] pc=1 192 192
[D]       BUFFER: P 'Conv2D_163_weights'/(0x71000000UL + 0)/221,184 epoch=0 INT8 8b/Q7.0 (0) [1152, 8, 1, 1, 24] batch=24 cat=input mpools=[8] pc=1 1152 1152
[D]       BUFFER: P 'Conv2D_171_weights'/(0x71000000UL + 221184)/221,184 epoch=0 INT8 8b/Q7.0 (0) [192, 9, 1, 1, 128] batch=128 cat=input mpools=[8] pc=1 192 192
[D]       BUFFER: P 'Conv2D_177_weights'/(0x71000000UL + 442368)/221,184 epoch=0 INT8 8b/Q7.0 (0) [1152, 8, 1, 1, 24] batch=24 cat=input mpools=[8] pc=1 1152 1152
[D]       BUFFER: P 'Conv2D_185_weights'/(0x71000000UL + 663552)/221,184 epoch=0 INT8 8b/Q7.0 (0) [192, 9, 1, 1, 128] batch=128 cat=input mpools=[8] pc=1 192 192
[D]       BUFFER: P 'Conv2D_191_weights'/(0x71000000UL + 884736)/221,184 epoch=0 INT8 8b/Q7.0 (0) [1152, 8, 1, 1, 24] batch=24 cat=input mpools=[8] pc=1 1152 1152
[D]       BUFFER: P 'Conv2D_199_weights'/(0x71000000UL + 1105920)/221,184 epoch=0 INT8 8b/Q7.0 (0) [192, 9, 1, 1, 128] batch=128 cat=input mpools=[8] pc=1 192 192
[D]       BUFFER: P 'Conv2D_205_weights'/(0x71000000UL + 1327104)/221,184 epoch=0 INT8 8b/Q7.0 (0) [1152, 8, 1, 1, 24] batch=24 cat=input mpools=[8] pc=1 1152 1152
[D]       BUFFER: P 'Dequantize_219_x_scale'/(0x71000000UL + 3361376)/4 epoch=0 FLOAT 32b [1] batch=1 cat=input mpools=[8] pc=0 
[D]       BUFFER: P 'Dequantize_219_x_zero_point'/(0x71000000UL + 3362176)/1 epoch=0 INT8 8b/Q7.0 (0) [1] batch=1 cat=input mpools=[8] pc=0 
[D]       BUFFER: P 'Dequantize_223_x_scale'/(0x71000000UL + 3361360)/4 epoch=0 FLOAT 32b [1] batch=1 cat=input mpools=[8] pc=0 
[D]       BUFFER: P 'Dequantize_223_x_zero_point'/(0x71000000UL + 3362160)/1 epoch=0 INT8 8b/Q7.0 (0) [1] batch=1 cat=input mpools=[8] pc=0 
[D]       BUFFER: P 'Dequantize_226_x_scale'/(0x71000000UL + 3361328)/4 epoch=0 FLOAT 32b [1] batch=1 cat=input mpools=[8] pc=0 
[D]       BUFFER: P 'Dequantize_226_x_zero_point'/(0x71000000UL + 3362128)/1 epoch=0 INT8 8b/Q7.0 (0) [1] batch=1 cat=input mpools=[8] pc=0 
[D]       BUFFER: P 'Dequantize_229_x_scale'/(0x71000000UL + 3361344)/4 epoch=0 FLOAT 32b [1] batch=1 cat=input mpools=[8] pc=0 
[D]       BUFFER: P 'Dequantize_229_x_zero_point'/(0x71000000UL + 3362144)/1 epoch=0 INT8 8b/Q7.0 (0) [1] batch=1 cat=input mpools=[8] pc=0 
[D]       BUFFER: P 'Gemm_216_weights_transposed_3'/(0x71000000UL + 3331392)/1,161 epoch=0 INT8 8b/Q7.0 (0) [1, 9, 1, 1, 128] batch=128 cat=input mpools=[8] pc=0 1 1
[D]       BUFFER: P 'Gemm_220_weights_transposed_9'/(0x71000000UL + 3332560)/1,161 epoch=0 INT8 8b/Q7.0 (0) [1, 9, 1, 1, 128] batch=128 cat=input mpools=[8] pc=0 1 1
[D]       BUFFER: P 'Gemm_224_weights_transposed_15'/(0x71000000UL + 2136768)/72,576 epoch=0 INT8 8b/Q7.0 (0) [63, 9, 1, 1, 128] batch=128 cat=input mpools=[8] pc=0 1 1
[D]       BUFFER: P 'Gemm_227_weights_transposed_21'/(0x71000000UL + 2209344)/72,576 epoch=0 INT8 8b/Q7.0 (0) [63, 9, 1, 1, 128] batch=128 cat=input mpools=[8] pc=0 1 1
[D]       BUFFER: P 'Conv2D_7_zero_off_26'/(0x71000000UL + 3361632)/1 epoch=0 INT8 8b/Q7.0 (0) [1] batch=1 cat=input mpools=[8] pc=0 1 1
[D]       BUFFER: P 'Conv2D_7_mul_scale_27'/(0x71000000UL + 3361088)/48 epoch=0 FXP 16b/Q-11.26 (0) [3, 1, 1, 8] batch=8 cat=input mpools=[8] pc=0 
[D]       BUFFER: P 'Conv2D_7_off_bias_32'/(0x71000000UL + 3360528)/96 epoch=0 FXP 32b/Q11.20 (0) [3, 1, 1, 8] batch=8 cat=input mpools=[8] pc=0 
[D]       BUFFER: P 'Conv2D_12_zero_off_35'/(0x71000000UL + 3362112)/1 epoch=0 INT8 8b/Q7.0 (0) [1] batch=1 cat=input mpools=[8] pc=0 1 1
[D]       BUFFER: P 'Conv2D_12_mul_scale_36'/(0x71000000UL + 3361040)/48 epoch=0 FXP 16b/Q-6.21 (0) [3, 1, 1, 8] batch=8 cat=input mpools=[8] pc=0 
[D]       BUFFER: P 'Conv2D_12_off_bias_41'/(0x71000000UL + 3360624)/96 epoch=0 FXP 32b/Q11.20 (0) [3, 1, 1, 8] batch=8 cat=input mpools=[8] pc=0 
[D]       BUFFER: P 'Conv2D_16_zero_off_44'/(0x71000000UL + 3361552)/1 epoch=0 INT8 8b/Q7.0 (0) [1] batch=1 cat=input mpools=[8] pc=0 1 1
[D]       BUFFER: P 'Conv2D_16_mul_scale_45'/(0x71000000UL + 3361232)/32 epoch=0 FXP 16b/Q-12.27 (0) [16, 1, 1] batch=16 cat=input mpools=[8] pc=0 
[D]       BUFFER: P 'Conv2D_16_off_bias_50'/(0x71000000UL + 3360976)/64 epoch=0 FXP 32b/Q11.20 (0) [16, 1, 1] batch=16 cat=input mpools=[8] pc=0 
[D]       BUFFER: P 'Conv2D_19_mul_scale_54'/(0x71000000UL + 3360176)/128 epoch=0 FXP 16b/Q-8.23 (0) [4, 1, 1, 16] batch=16 cat=input mpools=[8] pc=0 
[D]       BUFFER: P 'Conv2D_19_off_bias_59'/(0x71000000UL + 3357680)/256 epoch=0 FXP 32b/Q11.20 (0) [4, 1, 1, 16] batch=16 cat=input mpools=[8] pc=0 
[D]       BUFFER: P 'Conv2D_24_zero_off_62'/(0x71000000UL + 3361488)/1 epoch=0 INT8 8b/Q7.0 (0) [1] batch=1 cat=input mpools=[8] pc=0 1 1
[D]       BUFFER: P 'Conv2D_24_mul_scale_63'/(0x71000000UL + 3360304)/128 epoch=0 FXP 16b/Q-6.21 (0) [8, 1, 1, 8] batch=8 cat=input mpools=[8] pc=0 
[D]       BUFFER: P 'Conv2D_24_off_bias_68'/(0x71000000UL + 3357936)/256 epoch=0 FXP 32b/Q11.20 (0) [8, 1, 1, 8] batch=8 cat=input mpools=[8] pc=0 
[D]       BUFFER: P 'Conv2D_28_zero_off_71'/(0x71000000UL + 3361568)/1 epoch=0 INT8 8b/Q7.0 (0) [1] batch=1 cat=input mpools=[8] pc=0 1 1
[D]       BUFFER: P 'Conv2D_28_mul_scale_72'/(0x71000000UL + 3361136)/48 epoch=0 FXP 16b/Q-12.27 (0) [24, 1, 1] batch=24 cat=input mpools=[8] pc=0 
[D]       BUFFER: P 'Conv2D_28_off_bias_77'/(0x71000000UL + 3360432)/96 epoch=0 FXP 32b/Q11.20 (0) [24, 1, 1] batch=24 cat=input mpools=[8] pc=0 
[D]       BUFFER: P 'Conv2D_31_mul_scale_81'/(0x71000000UL + 3356528)/288 epoch=0 FXP 16b/Q-10.25 (0) [6, 1, 1, 24] batch=24 cat=input mpools=[8] pc=0 
[D]       BUFFER: P 'Conv2D_31_off_bias_86'/(0x71000000UL + 3348080)/576 epoch=0 FXP 32b/Q11.20 (0) [6, 1, 1, 24] batch=24 cat=input mpools=[8] pc=0 
[D]       BUFFER: P 'Conv2D_36_zero_off_89'/(0x71000000UL + 3361504)/1 epoch=0 INT8 8b/Q7.0 (0) [1] batch=1 cat=input mpools=[8] pc=0 1 1
[D]       BUFFER: P 'Conv2D_36_mul_scale_90'/(0x71000000UL + 3356816)/288 epoch=0 FXP 16b/Q-7.22 (0) [18, 1, 1, 8] batch=8 cat=input mpools=[8] pc=0 
[D]       BUFFER: P 'Conv2D_36_off_bias_95'/(0x71000000UL + 3348656)/576 epoch=0 FXP 32b/Q11.20 (0) [18, 1, 1, 8] batch=8 cat=input mpools=[8] pc=0 
[D]       BUFFER: P 'Conv2D_40_zero_off_98'/(0x71000000UL + 3361520)/1 epoch=0 INT8 8b/Q7.0 (0) [1] batch=1 cat=input mpools=[8] pc=0 1 1
[D]       BUFFER: P 'Conv2D_40_mul_scale_99'/(0x71000000UL + 3361184)/48 epoch=0 FXP 16b/Q-11.26 (0) [24, 1, 1] batch=24 cat=input mpools=[8] pc=0 
[D]       BUFFER: P 'Conv2D_40_off_bias_104'/(0x71000000UL + 3360720)/96 epoch=0 FXP 32b/Q11.20 (0) [24, 1, 1] batch=24 cat=input mpools=[8] pc=0 
[D]       BUFFER: P 'Conv2D_46_mul_scale_108'/(0x71000000UL + 3357104)/288 epoch=0 FXP 16b/Q-10.25 (0) [6, 1, 1, 24] batch=24 cat=input mpools=[8] pc=0 
[D]       BUFFER: P 'Conv2D_46_off_bias_113'/(0x71000000UL + 3349232)/576 epoch=0 FXP 32b/Q11.20 (0) [6, 1, 1, 24] batch=24 cat=input mpools=[8] pc=0 
[D]       BUFFER: P 'Conv2D_50_zero_off_116'/(0x71000000UL + 3361536)/1 epoch=0 INT8 8b/Q7.0 (0) [1] batch=1 cat=input mpools=[8] pc=0 1 1
[D]       BUFFER: P 'Conv2D_50_mul_scale_117'/(0x71000000UL + 3357392)/288 epoch=0 FXP 16b/Q-10.25 (0) [144, 1, 1] batch=1 cat=input mpools=[8] pc=0 
[D]       BUFFER: P 'Conv2D_50_off_bias_122'/(0x71000000UL + 3349808)/576 epoch=0 FXP 32b/Q11.20 (0) [144, 1, 1] batch=1 cat=input mpools=[8] pc=0 
[D]       BUFFER: P 'Conv2D_54_zero_off_125'/(0x71000000UL + 3361728)/1 epoch=0 INT8 8b/Q7.0 (0) [1] batch=1 cat=input mpools=[8] pc=0 1 1
[D]       BUFFER: P 'Conv2D_54_mul_scale_126'/(0x71000000UL + 3360816)/80 epoch=0 FXP 16b/Q-13.28 (0) [2, 1, 1, 20] batch=20 cat=input mpools=[8] pc=0 
[D]       BUFFER: P 'Conv2D_54_off_bias_131'/(0x71000000UL + 3359376)/160 epoch=0 FXP 32b/Q11.20 (0) [2, 1, 1, 20] batch=20 cat=input mpools=[8] pc=0 
[D]       BUFFER: P 'Conv2D_57_mul_scale_135'/(0x71000000UL + 3350384)/480 epoch=0 FXP 16b/Q-11.26 (0) [10, 1, 1, 24] batch=24 cat=input mpools=[8] pc=0 
[D]       BUFFER: P 'Conv2D_57_off_bias_140'/(0x71000000UL + 3334752)/960 epoch=0 FXP 32b/Q11.20 (0) [10, 1, 1, 24] batch=24 cat=input mpools=[8] pc=0 
[D]       BUFFER: P 'Conv2D_61_zero_off_143'/(0x71000000UL + 3361584)/1 epoch=0 INT8 8b/Q7.0 (0) [1] batch=1 cat=input mpools=[8] pc=0 1 1
[D]       BUFFER: P 'Conv2D_61_mul_scale_144'/(0x71000000UL + 3350864)/480 epoch=0 FXP 16b/Q-8.23 (0) [240, 1, 1] batch=1 cat=input mpools=[8] pc=0 
[D]       BUFFER: P 'Conv2D_61_off_bias_149'/(0x71000000UL + 3335712)/960 epoch=0 FXP 32b/Q11.20 (0) [240, 1, 1] batch=1 cat=input mpools=[8] pc=0 
[D]       BUFFER: P 'Conv2D_65_zero_off_152'/(0x71000000UL + 3361600)/1 epoch=0 INT8 8b/Q7.0 (0) [1] batch=1 cat=input mpools=[8] pc=0 1 1
[D]       BUFFER: P 'Conv2D_65_mul_scale_153'/(0x71000000UL + 3360896)/80 epoch=0 FXP 16b/Q-13.28 (0) [2, 1, 1, 20] batch=20 cat=input mpools=[8] pc=0 
[D]       BUFFER: P 'Conv2D_65_off_bias_158'/(0x71000000UL + 3359536)/160 epoch=0 FXP 32b/Q11.20 (0) [2, 1, 1, 20] batch=20 cat=input mpools=[8] pc=0 
[D]       BUFFER: P 'Conv2D_71_mul_scale_162'/(0x71000000UL + 3351344)/480 epoch=0 FXP 16b/Q-11.26 (0) [10, 1, 1, 24] batch=24 cat=input mpools=[8] pc=0 
[D]       BUFFER: P 'Conv2D_71_off_bias_167'/(0x71000000UL + 3336672)/960 epoch=0 FXP 32b/Q11.20 (0) [10, 1, 1, 24] batch=24 cat=input mpools=[8] pc=0 
[D]       BUFFER: P 'Conv2D_76_zero_off_170'/(0x71000000UL + 3361616)/1 epoch=0 INT8 8b/Q7.0 (0) [1] batch=1 cat=input mpools=[8] pc=0 1 1
[D]       BUFFER: P 'Conv2D_76_mul_scale_171'/(0x71000000UL + 3351824)/480 epoch=0 FXP 16b/Q-8.23 (0) [30, 1, 1, 8] batch=8 cat=input mpools=[8] pc=0 
[D]       BUFFER: P 'Conv2D_76_off_bias_176'/(0x71000000UL + 3337632)/960 epoch=0 FXP 32b/Q11.20 (0) [30, 1, 1, 8] batch=8 cat=input mpools=[8] pc=0 
[D]       BUFFER: P 'Conv2D_80_zero_off_179'/(0x71000000UL + 3361952)/1 epoch=0 INT8 8b/Q7.0 (0) [1] batch=1 cat=input mpools=[8] pc=0 1 1
[D]       BUFFER: P 'Conv2D_80_mul_scale_180'/(0x71000000UL + 3359696)/160 epoch=0 FXP 16b/Q-12.27 (0) [4, 1, 1, 20] batch=20 cat=input mpools=[8] pc=0 
[D]       BUFFER: P 'Conv2D_80_off_bias_185'/(0x71000000UL + 3355568)/320 epoch=0 FXP 32b/Q11.20 (0) [4, 1, 1, 20] batch=20 cat=input mpools=[8] pc=0 
[D]       BUFFER: P 'Conv2D_83_mul_scale_189'/(0x71000000UL + 3338592)/960 epoch=0 FXP 16b/Q-11.26 (0) [20, 1, 1, 24] batch=24 cat=input mpools=[8] pc=0 
[D]       BUFFER: P 'Conv2D_83_off_bias_194'/(0x71000000UL + 3315168)/1,920 epoch=0 FXP 32b/Q11.20 (0) [20, 1, 1, 24] batch=24 cat=input mpools=[8] pc=0 
[D]       BUFFER: P 'Conv2D_88_zero_off_197'/(0x71000000UL + 3361744)/1 epoch=0 INT8 8b/Q7.0 (0) [1] batch=1 cat=input mpools=[8] pc=0 1 1
[D]       BUFFER: P 'Conv2D_88_mul_scale_198'/(0x71000000UL + 3339552)/960 epoch=0 FXP 16b/Q-8.23 (0) [60, 1, 1, 8] batch=8 cat=input mpools=[8] pc=0 
[D]       BUFFER: P 'Conv2D_88_off_bias_203'/(0x71000000UL + 3317088)/1,920 epoch=0 FXP 32b/Q11.20 (0) [60, 1, 1, 8] batch=8 cat=input mpools=[8] pc=0 
[D]       BUFFER: P 'Conv2D_92_zero_off_206'/(0x71000000UL + 3361760)/1 epoch=0 INT8 8b/Q7.0 (0) [1] batch=1 cat=input mpools=[8] pc=0 1 1
[D]       BUFFER: P 'Conv2D_92_mul_scale_207'/(0x71000000UL + 3359856)/160 epoch=0 FXP 16b/Q-13.28 (0) [4, 1, 1, 20] batch=20 cat=input mpools=[8] pc=0 
[D]       BUFFER: P 'Conv2D_92_off_bias_212'/(0x71000000UL + 3355888)/320 epoch=0 FXP 32b/Q11.20 (0) [4, 1, 1, 20] batch=20 cat=input mpools=[8] pc=0 
[D]       BUFFER: P 'Conv2D_98_mul_scale_216'/(0x71000000UL + 3340512)/960 epoch=0 FXP 16b/Q-11.26 (0) [20, 1, 1, 24] batch=24 cat=input mpools=[8] pc=0 
[D]       BUFFER: P 'Conv2D_98_off_bias_221'/(0x71000000UL + 3319008)/1,920 epoch=0 FXP 32b/Q11.20 (0) [20, 1, 1, 24] batch=24 cat=input mpools=[8] pc=0 
[D]       BUFFER: P 'Conv2D_103_zero_off_224'/(0x71000000UL + 3361776)/1 epoch=0 INT8 8b/Q7.0 (0) [1] batch=1 cat=input mpools=[8] pc=0 1 1
[D]       BUFFER: P 'Conv2D_103_mul_scale_225'/(0x71000000UL + 3341472)/960 epoch=0 FXP 16b/Q-8.23 (0) [60, 1, 1, 8] batch=8 cat=input mpools=[8] pc=0 
[D]       BUFFER: P 'Conv2D_103_off_bias_230'/(0x71000000UL + 3320928)/1,920 epoch=0 FXP 32b/Q11.20 (0) [60, 1, 1, 8] batch=8 cat=input mpools=[8] pc=0 
[D]       BUFFER: P 'Conv2D_107_zero_off_233'/(0x71000000UL + 3361792)/1 epoch=0 INT8 8b/Q7.0 (0) [1] batch=1 cat=input mpools=[8] pc=0 1 1
[D]       BUFFER: P 'Conv2D_107_mul_scale_234'/(0x71000000UL + 3360016)/160 epoch=0 FXP 16b/Q-13.28 (0) [4, 1, 1, 20] batch=20 cat=input mpools=[8] pc=0 
[D]       BUFFER: P 'Conv2D_107_off_bias_239'/(0x71000000UL + 3356208)/320 epoch=0 FXP 32b/Q11.20 (0) [4, 1, 1, 20] batch=20 cat=input mpools=[8] pc=0 
[D]       BUFFER: P 'Conv2D_113_mul_scale_243'/(0x71000000UL + 3342432)/960 epoch=0 FXP 16b/Q-11.26 (0) [20, 1, 1, 24] batch=24 cat=input mpools=[8] pc=0 
[D]       BUFFER: P 'Conv2D_113_off_bias_248'/(0x71000000UL + 3322848)/1,920 epoch=0 FXP 32b/Q11.20 (0) [20, 1, 1, 24] batch=24 cat=input mpools=[8] pc=0 
[D]       BUFFER: P 'Conv2D_117_zero_off_251'/(0x71000000UL + 3361808)/1 epoch=0 INT8 8b/Q7.0 (0) [1] batch=1 cat=input mpools=[8] pc=0 1 1
[D]       BUFFER: P 'Conv2D_117_mul_scale_252'/(0x71000000UL + 3343392)/960 epoch=0 FXP 16b/Q-8.23 (0) [480, 1, 1] batch=1 cat=input mpools=[8] pc=0 
[D]       BUFFER: P 'Conv2D_117_off_bias_257'/(0x71000000UL + 3324768)/1,920 epoch=0 FXP 32b/Q11.20 (0) [480, 1, 1] batch=1 cat=input mpools=[8] pc=0 
[D]       BUFFER: P 'Conv2D_121_zero_off_260'/(0x71000000UL + 3361824)/1 epoch=0 INT8 8b/Q7.0 (0) [1] batch=1 cat=input mpools=[8] pc=0 1 1
[D]       BUFFER: P 'Conv2D_121_mul_scale_261'/(0x71000000UL + 3358704)/224 epoch=0 FXP 16b/Q-13.28 (0) [7, 1, 1, 16] batch=16 cat=input mpools=[8] pc=0 
[D]       BUFFER: P 'Conv2D_121_off_bias_266'/(0x71000000UL + 3352304)/448 epoch=0 FXP 32b/Q11.20 (0) [7, 1, 1, 16] batch=16 cat=input mpools=[8] pc=0 
[D]       BUFFER: P 'Conv2D_124_mul_scale_270'/(0x71000000UL + 2616000)/18,816 epoch=0 FXP 16b/Q-11.26 (0) [28, 1, 14, 24] batch=24 cat=input mpools=[8] pc=0 
[D]       BUFFER: P 'Conv2D_124_off_bias_275'/(0x71000000UL + 2634816)/18,816 epoch=0 FXP 16b/Q4.11 (0) [28, 1, 14, 24] batch=24 cat=input mpools=[8] pc=0 
[D]       BUFFER: P 'Conv2D_128_zero_off_278'/(0x71000000UL + 3361648)/1 epoch=0 INT8 8b/Q7.0 (0) [1] batch=1 cat=input mpools=[8] pc=0 1 1
[D]       BUFFER: P 'Conv2D_128_mul_scale_279'/(0x71000000UL + 2653632)/18,816 epoch=0 FXP 16b/Q-7.22 (0) [672, 1, 14] batch=1 cat=input mpools=[8] pc=0 
[D]       BUFFER: P 'Conv2D_128_off_bias_284'/(0x71000000UL + 2672448)/18,816 epoch=0 FXP 16b/Q4.11 (0) [672, 1, 14] batch=1 cat=input mpools=[8] pc=0 
[D]       BUFFER: P 'Conv2D_132_zero_off_287'/(0x71000000UL + 3361664)/1 epoch=0 INT8 8b/Q7.0 (0) [1] batch=1 cat=input mpools=[8] pc=0 1 1
[D]       BUFFER: P 'Conv2D_132_mul_scale_288'/(0x71000000UL + 3358928)/224 epoch=0 FXP 16b/Q-13.28 (0) [7, 1, 1, 16] batch=16 cat=input mpools=[8] pc=0 
[D]       BUFFER: P 'Conv2D_132_off_bias_293'/(0x71000000UL + 3352752)/448 epoch=0 FXP 32b/Q11.20 (0) [7, 1, 1, 16] batch=16 cat=input mpools=[8] pc=0 
[D]       BUFFER: P 'Conv2D_138_mul_scale_297'/(0x71000000UL + 2691264)/18,816 epoch=0 FXP 16b/Q-10.25 (0) [28, 1, 14, 24] batch=24 cat=input mpools=[8] pc=0 
[D]       BUFFER: P 'Conv2D_138_off_bias_302'/(0x71000000UL + 2710080)/18,816 epoch=0 FXP 16b/Q4.11 (0) [28, 1, 14, 24] batch=24 cat=input mpools=[8] pc=0 
[D]       BUFFER: P 'Conv2D_142_zero_off_305'/(0x71000000UL + 3361680)/1 epoch=0 INT8 8b/Q7.0 (0) [1] batch=1 cat=input mpools=[8] pc=0 1 1
[D]       BUFFER: P 'Conv2D_142_mul_scale_306'/(0x71000000UL + 2728896)/18,816 epoch=0 FXP 16b/Q-7.22 (0) [672, 1, 14] batch=1 cat=input mpools=[8] pc=0 
[D]       BUFFER: P 'Conv2D_142_off_bias_311'/(0x71000000UL + 2747712)/18,816 epoch=0 FXP 16b/Q5.10 (0) [672, 1, 14] batch=1 cat=input mpools=[8] pc=0 
[D]       BUFFER: P 'Conv2D_146_zero_off_314'/(0x71000000UL + 3361696)/1 epoch=0 INT8 8b/Q7.0 (0) [1] batch=1 cat=input mpools=[8] pc=0 1 1
[D]       BUFFER: P 'Conv2D_146_mul_scale_315'/(0x71000000UL + 3359152)/224 epoch=0 FXP 16b/Q-13.28 (0) [7, 1, 1, 16] batch=16 cat=input mpools=[8] pc=0 
[D]       BUFFER: P 'Conv2D_146_off_bias_320'/(0x71000000UL + 3353200)/448 epoch=0 FXP 32b/Q11.20 (0) [7, 1, 1, 16] batch=16 cat=input mpools=[8] pc=0 
[D]       BUFFER: P 'Conv2D_152_mul_scale_324'/(0x71000000UL + 2766528)/18,816 epoch=0 FXP 16b/Q-10.25 (0) [28, 1, 14, 24] batch=24 cat=input mpools=[8] pc=0 
[D]       BUFFER: P 'Conv2D_152_off_bias_329'/(0x71000000UL + 2785344)/18,816 epoch=0 FXP 16b/Q4.11 (0) [28, 1, 14, 24] batch=24 cat=input mpools=[8] pc=0 
[D]       BUFFER: P 'Conv2D_156_zero_off_332'/(0x71000000UL + 3361712)/1 epoch=0 INT8 8b/Q7.0 (0) [1] batch=1 cat=input mpools=[8] pc=0 1 1
[D]       BUFFER: P 'Conv2D_156_mul_scale_333'/(0x71000000UL + 3235296)/9,408 epoch=0 FXP 16b/Q-6.21 (0) [672, 1, 7] batch=1 cat=input mpools=[8] pc=0 
[D]       BUFFER: P 'Conv2D_156_off_bias_338'/(0x71000000UL + 3244704)/9,408 epoch=0 FXP 16b/Q4.11 (0) [672, 1, 7] batch=1 cat=input mpools=[8] pc=0 
[D]       BUFFER: P 'Conv2D_160_zero_off_341'/(0x71000000UL + 3361968)/1 epoch=0 INT8 8b/Q7.0 (0) [1] batch=1 cat=input mpools=[8] pc=0 1 1
[D]       BUFFER: P 'Conv2D_160_mul_scale_342'/(0x71000000UL + 3353648)/384 epoch=0 FXP 16b/Q-12.27 (0) [8, 1, 1, 24] batch=24 cat=input mpools=[8] pc=0 
[D]       BUFFER: P 'Conv2D_160_off_bias_347'/(0x71000000UL + 3344352)/768 epoch=0 FXP 32b/Q11.20 (0) [8, 1, 1, 24] batch=24 cat=input mpools=[8] pc=0 
[D]       BUFFER: P 'Conv2D_163_mul_scale_351'/(0x71000000UL + 2873280)/16,128 epoch=0 FXP 16b/Q-11.26 (0) [48, 1, 7, 24] batch=24 cat=input mpools=[8] pc=0 
[D]       BUFFER: P 'Conv2D_163_off_bias_356'/(0x71000000UL + 2889408)/16,128 epoch=0 FXP 16b/Q4.11 (0) [48, 1, 7, 24] batch=24 cat=input mpools=[8] pc=0 
[D]       BUFFER: P 'Conv2D_167_zero_off_359'/(0x71000000UL + 3361840)/1 epoch=0 INT8 8b/Q7.0 (0) [1] batch=1 cat=input mpools=[8] pc=0 1 1
[D]       BUFFER: P 'Conv2D_167_mul_scale_360'/(0x71000000UL + 2905536)/16,128 epoch=0 FXP 16b/Q-8.23 (0) [1152, 1, 7] batch=1 cat=input mpools=[8] pc=0 
[D]       BUFFER: P 'Conv2D_167_off_bias_365'/(0x71000000UL + 2921664)/16,128 epoch=0 FXP 16b/Q4.11 (0) [1152, 1, 7] batch=1 cat=input mpools=[8] pc=0 
[D]       BUFFER: P 'Conv2D_171_zero_off_368'/(0x71000000UL + 3361856)/1 epoch=0 INT8 8b/Q7.0 (0) [1] batch=1 cat=input mpools=[8] pc=0 1 1
[D]       BUFFER: P 'Conv2D_171_mul_scale_369'/(0x71000000UL + 3354032)/384 epoch=0 FXP 16b/Q-12.27 (0) [8, 1, 1, 24] batch=24 cat=input mpools=[8] pc=0 
[D]       BUFFER: P 'Conv2D_171_off_bias_374'/(0x71000000UL + 3345120)/768 epoch=0 FXP 32b/Q11.20 (0) [8, 1, 1, 24] batch=24 cat=input mpools=[8] pc=0 
[D]       BUFFER: P 'Conv2D_177_mul_scale_378'/(0x71000000UL + 2937792)/16,128 epoch=0 FXP 16b/Q-11.26 (0) [48, 1, 7, 24] batch=24 cat=input mpools=[8] pc=0 
[D]       BUFFER: P 'Conv2D_177_off_bias_383'/(0x71000000UL + 2953920)/16,128 epoch=0 FXP 16b/Q4.11 (0) [48, 1, 7, 24] batch=24 cat=input mpools=[8] pc=0 
[D]       BUFFER: P 'Conv2D_181_zero_off_386'/(0x71000000UL + 3361872)/1 epoch=0 INT8 8b/Q7.0 (0) [1] batch=1 cat=input mpools=[8] pc=0 1 1
[D]       BUFFER: P 'Conv2D_181_mul_scale_387'/(0x71000000UL + 2970048)/16,128 epoch=0 FXP 16b/Q-7.22 (0) [1152, 1, 7] batch=1 cat=input mpools=[8] pc=0 
[D]       BUFFER: P 'Conv2D_181_off_bias_392'/(0x71000000UL + 2986176)/16,128 epoch=0 FXP 16b/Q4.11 (0) [1152, 1, 7] batch=1 cat=input mpools=[8] pc=0 
[D]       BUFFER: P 'Conv2D_185_zero_off_395'/(0x71000000UL + 3361888)/1 epoch=0 INT8 8b/Q7.0 (0) [1] batch=1 cat=input mpools=[8] pc=0 1 1
[D]       BUFFER: P 'Conv2D_185_mul_scale_396'/(0x71000000UL + 3354416)/384 epoch=0 FXP 16b/Q-12.27 (0) [8, 1, 1, 24] batch=24 cat=input mpools=[8] pc=0 
[D]       BUFFER: P 'Conv2D_185_off_bias_401'/(0x71000000UL + 3345888)/768 epoch=0 FXP 32b/Q11.20 (0) [8, 1, 1, 24] batch=24 cat=input mpools=[8] pc=0 
[D]       BUFFER: P 'Conv2D_191_mul_scale_405'/(0x71000000UL + 3002304)/16,128 epoch=0 FXP 16b/Q-11.26 (0) [48, 1, 7, 24] batch=24 cat=input mpools=[8] pc=0 
[D]       BUFFER: P 'Conv2D_191_off_bias_410'/(0x71000000UL + 3018432)/16,128 epoch=0 FXP 16b/Q4.11 (0) [48, 1, 7, 24] batch=24 cat=input mpools=[8] pc=0 
[D]       BUFFER: P 'Conv2D_195_zero_off_413'/(0x71000000UL + 3361904)/1 epoch=0 INT8 8b/Q7.0 (0) [1] batch=1 cat=input mpools=[8] pc=0 1 1
[D]       BUFFER: P 'Conv2D_195_mul_scale_414'/(0x71000000UL + 3034560)/16,128 epoch=0 FXP 16b/Q-9.24 (0) [1152, 1, 7] batch=1 cat=input mpools=[8] pc=0 
[D]       BUFFER: P 'Conv2D_195_off_bias_419'/(0x71000000UL + 3050688)/16,128 epoch=0 FXP 16b/Q4.11 (0) [1152, 1, 7] batch=1 cat=input mpools=[8] pc=0 
[D]       BUFFER: P 'Conv2D_199_zero_off_422'/(0x71000000UL + 3361920)/1 epoch=0 INT8 8b/Q7.0 (0) [1] batch=1 cat=input mpools=[8] pc=0 1 1
[D]       BUFFER: P 'Conv2D_199_mul_scale_423'/(0x71000000UL + 3354800)/384 epoch=0 FXP 16b/Q-12.27 (0) [8, 1, 1, 24] batch=24 cat=input mpools=[8] pc=0 
[D]       BUFFER: P 'Conv2D_199_off_bias_428'/(0x71000000UL + 3346656)/768 epoch=0 FXP 32b/Q11.20 (0) [8, 1, 1, 24] batch=24 cat=input mpools=[8] pc=0 
[D]       BUFFER: P 'Conv2D_205_mul_scale_432'/(0x71000000UL + 3066816)/16,128 epoch=0 FXP 16b/Q-11.26 (0) [48, 1, 7, 24] batch=24 cat=input mpools=[8] pc=0 
[D]       BUFFER: P 'Conv2D_205_off_bias_437'/(0x71000000UL + 3082944)/16,128 epoch=0 FXP 16b/Q4.11 (0) [48, 1, 7, 24] batch=24 cat=input mpools=[8] pc=0 
[D]       BUFFER: P 'Conv2D_210_zero_off_440'/(0x71000000UL + 3361936)/1 epoch=0 INT8 8b/Q7.0 (0) [1] batch=1 cat=input mpools=[8] pc=0 1 1
[D]       BUFFER: P 'Conv2D_210_mul_scale_441'/(0x71000000UL + 3099072)/16,128 epoch=0 FXP 16b/Q-6.21 (0) [144, 1, 7, 8] batch=8 cat=input mpools=[8] pc=0 
[D]       BUFFER: P 'Conv2D_210_off_bias_446'/(0x71000000UL + 3115200)/16,128 epoch=0 FXP 16b/Q6.9 (0) [144, 1, 7, 8] batch=8 cat=input mpools=[8] pc=0 
[D]       BUFFER: P 'Gemm_216_conv_4_zero_off_449'/(0x71000000UL + 3361984)/1 epoch=0 INT8 8b/Q7.0 (0) [1] batch=1 cat=input mpools=[8] pc=0 1 1
[D]       BUFFER: P 'Gemm_216_conv_4_mul_scale_450'/(0x71000000UL + 3361472)/2 epoch=0 FXP 16b/Q-13.28 (0) [1] batch=1 cat=input mpools=[8] pc=0 
[D]       BUFFER: P 'Gemm_216_conv_4_off_bias_455'/(0x71000000UL + 3361408)/2 epoch=0 FXP 16b/Q5.10 (0) [1] batch=1 cat=input mpools=[8] pc=0 
[D]       BUFFER: P 'Gemm_220_conv_10_zero_off_458'/(0x71000000UL + 3362048)/1 epoch=0 INT8 8b/Q7.0 (0) [1] batch=1 cat=input mpools=[8] pc=0 1 1
[D]       BUFFER: P 'Gemm_220_conv_10_mul_scale_459'/(0x71000000UL + 3361424)/2 epoch=0 FXP 16b/Q-11.26 (0) [1] batch=1 cat=input mpools=[8] pc=0 
[D]       BUFFER: P 'Gemm_220_conv_10_off_bias_464'/(0x71000000UL + 3361440)/2 epoch=0 FXP 16b/Q3.12 (0) [1] batch=1 cat=input mpools=[8] pc=0 
[D]       BUFFER: P 'Gemm_224_conv_16_zero_off_467'/(0x71000000UL + 3362000)/1 epoch=0 INT8 8b/Q7.0 (0) [1] batch=1 cat=input mpools=[8] pc=0 1 1
[D]       BUFFER: P 'Gemm_224_conv_16_mul_scale_468'/(0x71000000UL + 3361456)/2 epoch=0 FXP 16b/Q-9.24 (0) [1] batch=1 cat=input mpools=[8] pc=0 
[D]       BUFFER: P 'Gemm_224_conv_16_off_bias_473'/(0x71000000UL + 3358192)/252 epoch=0 FXP 32b/Q11.20 (0) [3, 1, 1, 21] batch=21 cat=input mpools=[8] pc=0 
[D]       BUFFER: P 'Gemm_227_conv_22_zero_off_476'/(0x71000000UL + 3362016)/1 epoch=0 INT8 8b/Q7.0 (0) [1] batch=1 cat=input mpools=[8] pc=0 1 1
[D]       BUFFER: P 'Gemm_227_conv_22_mul_scale_477'/(0x71000000UL + 3361392)/2 epoch=0 FXP 16b/Q-13.28 (0) [1] batch=1 cat=input mpools=[8] pc=0 
[D]       BUFFER: P 'Gemm_227_conv_22_off_bias_482'/(0x71000000UL + 3358448)/252 epoch=0 FXP 32b/Q11.20 (0) [3, 1, 1, 21] batch=21 cat=input mpools=[8] pc=0 
[D]       BUFFER: P 'Conv2D_12_weights_inflated_484'/(0x71000000UL + 3326688)/1,728 epoch=0 INT8 8b/Q7.0 (0) [24, 3, 3, 8] batch=8 cat=input mpools=[8] pc=1 24 24
[D]       BUFFER: P 'Conv2D_24_weights_inflated_486'/(0x71000000UL + 3292032)/4,608 epoch=0 INT8 8b/Q7.0 (0) [64, 3, 3, 8] batch=8 cat=input mpools=[8] pc=1 64 64
[D]       BUFFER: P 'Conv2D_36_weights_inflated_488'/(0x71000000UL + 3165888)/10,368 epoch=0 INT8 8b/Q7.0 (0) [144, 3, 3, 8] batch=8 cat=input mpools=[8] pc=1 144 144
[D]       BUFFER: P 'Conv2D_76_weights_inflated_492'/(0x71000000UL + 2804160)/17,280 epoch=0 INT8 8b/Q7.0 (0) [240, 3, 3, 8] batch=8 cat=input mpools=[8] pc=1 240 240
[D]       BUFFER: P 'Conv2D_88_weights_inflated_494'/(0x71000000UL + 2527680)/34,560 epoch=0 INT8 8b/Q7.0 (0) [480, 3, 3, 8] batch=8 cat=input mpools=[8] pc=1 480 480
[D]       BUFFER: P 'Conv2D_103_weights_inflated_496'/(0x71000000UL + 2562240)/34,560 epoch=0 INT8 8b/Q7.0 (0) [480, 3, 3, 8] batch=8 cat=input mpools=[8] pc=1 480 480
[D]       BUFFER: P 'Conv2D_210_weights_inflated_505'/(0x71000000UL + 1677312)/82,944 epoch=0 INT8 8b/Q7.0 (0) [1152, 3, 3, 8] batch=8 cat=input mpools=[8] pc=1 1152 1152
[D]       BUFFER: P 'Conv2D_50_weights_submask_0_0_0_0_144_1_3_5_506'/(0x71000000UL + 3313008)/2,160 epoch=0 INT8 8b/Q7.0 (0) [144, 1, 3, 5] batch=1 cat=input mpools=[8] pc=1 144 144
[D]       BUFFER: P 'Conv2D_50_weights_submask_0_0_3_0_144_1_2_5_507'/(0x71000000UL + 3329952)/1,440 epoch=0 INT8 8b/Q7.0 (0) [144, 1, 2, 5] batch=1 cat=input mpools=[8] pc=1 144 144
[D]       BUFFER: P 'Conv2D_61_weights_submask_0_0_0_0_240_1_3_5_508'/(0x71000000UL + 3296640)/3,600 epoch=0 INT8 8b/Q7.0 (0) [240, 1, 3, 5] batch=1 cat=input mpools=[8] pc=1 240 240
[D]       BUFFER: P 'Conv2D_61_weights_submask_0_0_3_0_240_1_2_5_509'/(0x71000000UL + 3310608)/2,400 epoch=0 INT8 8b/Q7.0 (0) [240, 1, 2, 5] batch=1 cat=input mpools=[8] pc=1 240 240
[D]       BUFFER: P 'Conv2D_117_weights_submask_0_0_0_0_480_1_3_5_510'/(0x71000000UL + 3254112)/7,200 epoch=0 INT8 8b/Q7.0 (0) [480, 1, 3, 5] batch=1 cat=input mpools=[8] pc=1 480 480
[D]       BUFFER: P 'Conv2D_117_weights_submask_0_0_3_0_480_1_2_5_511'/(0x71000000UL + 3287232)/4,800 epoch=0 INT8 8b/Q7.0 (0) [480, 1, 2, 5] batch=1 cat=input mpools=[8] pc=1 480 480
[D]       BUFFER: P 'Conv2D_128_weights_submask_0_0_0_0_672_1_3_5_512'/(0x71000000UL + 3176256)/10,080 epoch=0 INT8 8b/Q7.0 (0) [672, 1, 3, 5] batch=1 cat=input mpools=[8] pc=1 672 672
[D]       BUFFER: P 'Conv2D_128_weights_submask_0_0_3_0_672_1_2_5_513'/(0x71000000UL + 3261312)/6,720 epoch=0 INT8 8b/Q7.0 (0) [672, 1, 2, 5] batch=1 cat=input mpools=[8] pc=1 672 672
[D]       BUFFER: P 'Conv2D_142_weights_submask_0_0_0_0_672_1_3_5_514'/(0x71000000UL + 3186336)/10,080 epoch=0 INT8 8b/Q7.0 (0) [672, 1, 3, 5] batch=1 cat=input mpools=[8] pc=1 672 672
[D]       BUFFER: P 'Conv2D_142_weights_submask_0_0_3_0_672_1_2_5_515'/(0x71000000UL + 3268032)/6,720 epoch=0 INT8 8b/Q7.0 (0) [672, 1, 2, 5] batch=1 cat=input mpools=[8] pc=1 672 672
[D]       BUFFER: P 'Conv2D_156_weights_submask_0_0_0_0_672_1_3_5_516'/(0x71000000UL + 3196416)/10,080 epoch=0 INT8 8b/Q7.0 (0) [672, 1, 3, 5] batch=1 cat=input mpools=[8] pc=1 672 672
[D]       BUFFER: P 'Conv2D_156_weights_submask_0_0_3_0_672_1_2_5_517'/(0x71000000UL + 3274752)/6,720 epoch=0 INT8 8b/Q7.0 (0) [672, 1, 2, 5] batch=1 cat=input mpools=[8] pc=1 672 672
[D]       BUFFER: P 'Conv2D_167_weights_submask_0_0_0_0_1152_1_3_5_518'/(0x71000000UL + 2821440)/17,280 epoch=0 INT8 8b/Q7.0 (0) [1152, 1, 3, 5] batch=1 cat=input mpools=[8] pc=1 1152 1152
[D]       BUFFER: P 'Conv2D_167_weights_submask_0_0_3_0_1152_1_2_5_519'/(0x71000000UL + 3131328)/11,520 epoch=0 INT8 8b/Q7.0 (0) [1152, 1, 2, 5] batch=1 cat=input mpools=[8] pc=1 1152 1152
[D]       BUFFER: P 'Conv2D_181_weights_submask_0_0_0_0_1152_1_3_5_520'/(0x71000000UL + 2838720)/17,280 epoch=0 INT8 8b/Q7.0 (0) [1152, 1, 3, 5] batch=1 cat=input mpools=[8] pc=1 1152 1152
[D]       BUFFER: P 'Conv2D_181_weights_submask_0_0_3_0_1152_1_2_5_521'/(0x71000000UL + 3142848)/11,520 epoch=0 INT8 8b/Q7.0 (0) [1152, 1, 2, 5] batch=1 cat=input mpools=[8] pc=1 1152 1152
[D]       BUFFER: P 'Conv2D_195_weights_submask_0_0_0_0_1152_1_3_5_522'/(0x71000000UL + 2856000)/17,280 epoch=0 INT8 8b/Q7.0 (0) [1152, 1, 3, 5] batch=1 cat=input mpools=[8] pc=1 1152 1152
[D]       BUFFER: P 'Conv2D_195_weights_submask_0_0_3_0_1152_1_2_5_523'/(0x71000000UL + 3154368)/11,520 epoch=0 INT8 8b/Q7.0 (0) [1152, 1, 2, 5] batch=1 cat=input mpools=[8] pc=1 1152 1152
[D]       BUFFER: P 'Quantize_5_962_requantize_zero'/(0x71000000UL + 3362096)/1 epoch=0 FXP 8b/Q7.0 (0) [1, 1, 1, 1] batch=1 cat=input mpools=[8] pc=0 
[D]       BUFFER: P 'RequantizeLinear_inserted_id1020_1021_requantize_zero'/(0x71000000UL + 3362032)/1 epoch=0 FXP 8b/Q7.0 (0) [1, 1, 1, 1] batch=1 cat=input mpools=[8] pc=0 
[D]       BUFFER: P 'Sigmoid_217_activ_ROM0'/(0x71000000UL + 3362080)/1 epoch=0 FXP 8b/Q8.0 (1) [1, 1] batch=1 cat=input mpools=[8] pc=0 
[D]       BUFFER: P 'Sigmoid_217_activ_ROM1'/(0x71000000UL + 3361296)/24 epoch=0 FXP 16b/Q16.0 (1) [4, 3] batch=1 cat=input mpools=[8] pc=0 
[D]       BUFFER: P 'Sigmoid_221_activ_ROM0'/(0x71000000UL + 3362064)/1 epoch=0 FXP 8b/Q8.0 (1) [1, 1] batch=1 cat=input mpools=[8] pc=0 
[D]       BUFFER: P 'Sigmoid_221_activ_ROM1'/(0x71000000UL + 3361264)/24 epoch=0 FXP 16b/Q16.0 (1) [4, 3] batch=1 cat=input mpools=[8] pc=0 
[D]       BUFFER: A 'Dequantize_223_out_0'/(0x342e0000UL + 528)/4 epoch=69 FLOAT 32b [1, 1] batch=1 cat=output mpools=[1, 11] pc=0 None None
[D]       BUFFER: A 'Dequantize_229_out_0'/(0x342e0000UL + 256)/252 epoch=66 FLOAT 32b [1, 63] batch=1 cat=output mpools=[1, 11] pc=0 None None
[D]       BUFFER: A 'Dequantize_219_out_0'/(0x342e0000UL + 512)/4 epoch=67 FLOAT 32b [1, 1] batch=1 cat=output mpools=[1, 11] pc=0 None None
[D]       BUFFER: A 'Dequantize_226_out_0'/(0x342e0000UL + 0)/252 epoch=64 FLOAT 32b [1, 63] batch=1 cat=output mpools=[1, 11] pc=0 None None
[D]       I: BUFFER: A 'Input_0_out_0'/(0x342e0000UL + 0)/150,528 epoch=0 UINT8 8b/Q8.0 (1) [1, 224, 224, 3] batch=1 cat=input mpools=[1, 11] pc=0 [0.00392156839370728] [0]
[D]       O: BUFFER: A 'Dequantize_223_out_0'/(0x342e0000UL + 528)/4 epoch=69 FLOAT 32b [1, 1] batch=1 cat=output mpools=[1, 11] pc=0 None None
[D]       O: BUFFER: A 'Dequantize_229_out_0'/(0x342e0000UL + 256)/252 epoch=66 FLOAT 32b [1, 63] batch=1 cat=output mpools=[1, 11] pc=0 None None
[D]       O: BUFFER: A 'Dequantize_219_out_0'/(0x342e0000UL + 512)/4 epoch=67 FLOAT 32b [1, 1] batch=1 cat=output mpools=[1, 11] pc=0 None None
[D]       O: BUFFER: A 'Dequantize_226_out_0'/(0x342e0000UL + 0)/252 epoch=64 FLOAT 32b [1, 63] batch=1 cat=output mpools=[1, 11] pc=0 None None
[D]       -> Retreive the buffers mapped on different memory pools..
[D]       <- 0 buffer(s) found
[D]       -> Mempool contents
[D]          MPOOL:  7 rw/c/a/- 0x90000000(  32767.99 KB)          0 B :      0.00 KB -    0:0    0:0 'hyperRAM'/'xSPI1'
[D]          MPOOL:  8 ro/c/a/- 0x71000000( 114687.99 KB)      3.21 MB :   3283.38 KB -    0:0  212:0 'octoFlash'/'xSPI2' (with params)
[D]          MPOOL:  0 rw/-/a/- 0x34350000(    447.99 KB)          0 B :      0.00 KB -    0:0    0:0 'npuRAM6'/'AXISRAM6' part of 11
[D]          MPOOL:  1 rw/-/a/- 0x342e0000(    448.00 KB)    441.00 KB :    147.00 KB -    5:0    0:0 'npuRAM5'/'AXISRAM5' part of 11
[D]          MPOOL:  2 rw/-/a/- 0x34270000(    448.00 KB)    441.00 KB :    441.00 KB -    0:0    0:0 'npuRAM4'/'AXISRAM4' part of 11
[D]          MPOOL:  3 rw/-/a/- 0x34200000(    448.00 KB)     73.50 KB :     73.50 KB -    0:0    0:0 'npuRAM3'/'AXISRAM3' part of 11
[D]          MPOOL: 11 rw/-/a/v 0x34100000(   2815.99 KB)      2.31 MB :    147.00 KB -    5:0    0:0 'vpool'/'' uses 1 ,2 ,3 ,0 ,4
[D]          MPOOL:  4 rw/-/a/- 0x34100000(   1024.00 KB)    784.00 KB :    784.00 KB -    0:0    0:0 'cpuRAM2'/'AXISRAM2' part of 11
[D]          MPOOL:  5 rw/-/a/- 0x34064000(      0.00 KB)          0 B :      0.00 KB -    0:0    0:0 'cpuRAM1'/'AXISRAM1'
[D]          MPOOL:  6 rw/-/a/- 0x34000000(      0.00 KB)          0 B :      0.00 KB -    0:0    0:0 'flexMEM'/'AXIFLEXMEM'
[D]       <-
[D]    <- 217 buffer(s) found. ({'input': [1, 212], 'output': [4, 0], 'internal': [0, 0]})
[D]    -> Parsing the list of the epoch descriptors.. nblines=36488
[D]       -> Parsing the start/end epoch functions.. nblines=36488
[D]          -> parsing LL_ATON_Start_EpochBlock_2 (line 128 to 322)
[D]             ARITH_ACC.0.Add node='Quantize_5'
[D]             ARITH_ACC.1.Sub node='Conv2D_7_suboff_24'
[D]             STR_ENG.4.DmaIn 1:150528
[D]             STR_ENG.6.DmaOut 1:150528
[D]          <- done - FCT:LL_ATON_Start_EpochBlock_2 {'ARITH_ACC': 2, 'STR_ENG': 2}
[D]          -> parsing LL_ATON_End_EpochBlock_2 (line 324 to 348)
[D]          <- done - FCT:LL_ATON_End_EpochBlock_2 {}
[D]          -> parsing LL_ATON_Start_EpochBlock_3 (line 353 to 820)
[D]             CONV_ACC.0.Conv node='Conv2D_7'
[D]             ARITH_ACC.2.Mul node='Conv2D_7_mul_scale_28'
[D]             ARITH_ACC.3.Add node='Conv2D_7_off_bias_30'
[D]             ARITH_ACC.0.Sub node='Conv2D_12_suboff_33'
[D]             CONV_ACC.1.Conv node='Conv2D_12'
[D]             ARITH_ACC.1.Mul node='Conv2D_12_mul_scale_37'
[D]             STR_ENG.4.DmaIn 1:150528
[D]             STR_ENG.6.DmaIn 8:648
[D]             STR_ENG.3.DmaIn 8:1728
[D]             STR_ENG.5.DmaOut 11:602112
[D]          <- done - FCT:LL_ATON_Start_EpochBlock_3 {'CONV_ACC': 2, 'ARITH_ACC': 4, 'STR_ENG': 4}
[D]          -> parsing LL_ATON_End_EpochBlock_3 (line 822 to 858)
[D]          <- done - FCT:LL_ATON_End_EpochBlock_3 {}
[D]          -> parsing LL_ATON_Start_EpochBlock_4 (line 863 to 1055)
[D]             ARITH_ACC.0.Add node='Conv2D_12_off_bias_39'
[D]             ARITH_ACC.1.Sub node='Conv2D_16_suboff_42'
[D]             STR_ENG.3.DmaIn 11:602112
[D]             STR_ENG.9.DmaOut 1:301056
[D]          <- done - FCT:LL_ATON_Start_EpochBlock_4 {'ARITH_ACC': 2, 'STR_ENG': 2}
[D]          -> parsing LL_ATON_End_EpochBlock_4 (line 1057 to 1081)
[D]          <- done - FCT:LL_ATON_End_EpochBlock_4 {}
[D]          -> parsing LL_ATON_Start_EpochBlock_5 (line 1086 to 1366)
[D]             CONV_ACC.2.Conv node='Conv2D_16'
[D]             ARITH_ACC.2.Mul node='Conv2D_16_mul_scale_46'
[D]             ARITH_ACC.3.Add node='Conv2D_16_off_bias_48'
[D]             STR_ENG.9.DmaIn 1:301056
[D]             STR_ENG.0.DmaIn 8:384
[D]             STR_ENG.1.DmaOut 2:200704
[D]          <- done - FCT:LL_ATON_Start_EpochBlock_5 {'CONV_ACC': 1, 'ARITH_ACC': 2, 'STR_ENG': 3}
[D]          -> parsing LL_ATON_End_EpochBlock_5 (line 1368 to 1396)
[D]          <- done - FCT:LL_ATON_End_EpochBlock_5 {}
[D]          -> parsing LL_ATON_Start_EpochBlock_6 (line 1401 to 1730)
[D]             CONV_ACC.3.Conv node='Conv2D_19'
[D]             ARITH_ACC.0.Mul node='Conv2D_19_mul_scale_55'
[D]             ARITH_ACC.1.Add node='Conv2D_19_off_bias_57'
[D]             ARITH_ACC.2.Sub node='Conv2D_24_suboff_60'
[D]             STR_ENG.8.DmaIn 2:200704
[D]             STR_ENG.2.DmaIn 8:1024
[D]             STR_ENG.1.DmaOut 11:802816
[D]          <- done - FCT:LL_ATON_Start_EpochBlock_6 {'CONV_ACC': 1, 'ARITH_ACC': 3, 'STR_ENG': 3}
[D]          -> parsing LL_ATON_End_EpochBlock_6 (line 1732 to 1762)
[D]          <- done - FCT:LL_ATON_End_EpochBlock_6 {}
[D]          -> parsing LL_ATON_Start_EpochBlock_7 (line 1767 to 2093)
[D]             CONV_ACC.0.Conv node='Conv2D_24'
[D]             ARITH_ACC.3.Mul node='Conv2D_24_mul_scale_64'
[D]             ARITH_ACC.0.Add node='Conv2D_24_off_bias_66'
[D]             ARITH_ACC.1.Sub node='Conv2D_28_suboff_69'
[D]             STR_ENG.8.DmaIn 11:802816
[D]             STR_ENG.2.DmaIn 8:4608
[D]             STR_ENG.0.DmaOut 1:200704
[D]          <- done - FCT:LL_ATON_Start_EpochBlock_7 {'CONV_ACC': 1, 'ARITH_ACC': 3, 'STR_ENG': 3}
[D]          -> parsing LL_ATON_End_EpochBlock_7 (line 2095 to 2125)
[D]          <- done - FCT:LL_ATON_End_EpochBlock_7 {}
[D]          -> parsing LL_ATON_Start_EpochBlock_8 (line 2130 to 2411)
[D]             CONV_ACC.1.Conv node='Conv2D_28'
[D]             ARITH_ACC.2.Mul node='Conv2D_28_mul_scale_73'
[D]             ARITH_ACC.0.Add node='Conv2D_28_off_bias_75'
[D]             STR_ENG.6.DmaIn 1:200704
[D]             STR_ENG.1.DmaIn 8:1536
[D]             STR_ENG.4.DmaOut 3:75264
[D]          <- done - FCT:LL_ATON_Start_EpochBlock_8 {'CONV_ACC': 1, 'ARITH_ACC': 2, 'STR_ENG': 3}
[D]          -> parsing LL_ATON_End_EpochBlock_8 (line 2413 to 2441)
[D]          <- done - FCT:LL_ATON_End_EpochBlock_8 {}
[D]          -> parsing LL_ATON_Start_EpochBlock_9 (line 2446 to 2775)
[D]             CONV_ACC.2.Conv node='Conv2D_31'
[D]             ARITH_ACC.1.Mul node='Conv2D_31_mul_scale_82'
[D]             ARITH_ACC.3.Add node='Conv2D_31_off_bias_84'
[D]             ARITH_ACC.0.Sub node='Conv2D_36_suboff_87'
[D]             STR_ENG.1.DmaIn 3:75264
[D]             STR_ENG.2.DmaIn 8:3456
[D]             STR_ENG.7.DmaOut 2:451584
[D]          <- done - FCT:LL_ATON_Start_EpochBlock_9 {'CONV_ACC': 1, 'ARITH_ACC': 3, 'STR_ENG': 3}
[D]          -> parsing LL_ATON_End_EpochBlock_9 (line 2777 to 2807)
[D]          <- done - FCT:LL_ATON_End_EpochBlock_9 {}
[D]          -> parsing LL_ATON_Start_EpochBlock_10 (line 2812 to 3138)
[D]             CONV_ACC.3.Conv node='Conv2D_36'
[D]             ARITH_ACC.2.Mul node='Conv2D_36_mul_scale_91'
[D]             ARITH_ACC.0.Add node='Conv2D_36_off_bias_93'
[D]             ARITH_ACC.1.Sub node='Conv2D_40_suboff_96'
[D]             STR_ENG.5.DmaIn 2:451584
[D]             STR_ENG.8.DmaIn 8:10368
[D]             STR_ENG.4.DmaOut 1:451584
[D]          <- done - FCT:LL_ATON_Start_EpochBlock_10 {'CONV_ACC': 1, 'ARITH_ACC': 3, 'STR_ENG': 3}
[D]          -> parsing LL_ATON_End_EpochBlock_10 (line 3140 to 3170)
[D]          <- done - FCT:LL_ATON_End_EpochBlock_10 {}
[D]          -> parsing LL_ATON_Start_EpochBlock_11 (line 3175 to 3626)
[D]             CONV_ACC.0.Conv node='Conv2D_40'
[D]             CONV_ACC.1.Conv node='Conv2D_40_ca_pipe_1'
[D]             ARITH_ACC.3.Mul node='Conv2D_40_mul_scale_100'
[D]             ARITH_ACC.0.Add node='Conv2D_40_off_bias_102'
[D]             ARITH_ACC.1.Add node='Add_43'
[D]             STR_ENG.9.DmaIn 1:451584
[D]             STR_ENG.7.DmaIn 8:3456
[D]             STR_ENG.3.DmaIn 1:451584
[D]             STR_ENG.5.DmaIn 3:75264
[D]             STR_ENG.1.DmaOut 2:75264
[D]          <- done - FCT:LL_ATON_Start_EpochBlock_11 {'CONV_ACC': 2, 'ARITH_ACC': 3, 'STR_ENG': 5}
[D]          -> parsing LL_ATON_End_EpochBlock_11 (line 3628 to 3665)
[D]          <- done - FCT:LL_ATON_End_EpochBlock_11 {}
[D]          -> parsing LL_ATON_Start_EpochBlock_12 (line 3670 to 3999)
[D]             CONV_ACC.2.Conv node='Conv2D_46'
[D]             ARITH_ACC.2.Mul node='Conv2D_46_mul_scale_109'
[D]             ARITH_ACC.0.Add node='Conv2D_46_off_bias_111'
[D]             ARITH_ACC.1.Sub node='Conv2D_50_suboff_114'
[D]             STR_ENG.8.DmaIn 2:75264
[D]             STR_ENG.3.DmaIn 8:3456
[D]             STR_ENG.2.DmaOut 1:451584
[D]          <- done - FCT:LL_ATON_Start_EpochBlock_12 {'CONV_ACC': 1, 'ARITH_ACC': 3, 'STR_ENG': 3}
[D]          -> parsing LL_ATON_End_EpochBlock_12 (line 4001 to 4031)
[D]          <- done - FCT:LL_ATON_End_EpochBlock_12 {}
[D]          -> parsing LL_ATON_Start_EpochBlock_13 (line 4037 to 4131)
[D]             NULL.0.Identity node='Conv2D_50_subm_1_conv_identity'
[D]             STR_ENG.3.DmaIn 1:451584
[D]             STR_ENG.6.DmaOut 2:451584
[D]          <- done - FCT:LL_ATON_Start_EpochBlock_13 {'NULL': 1, 'STR_ENG': 2}
[D]          -> parsing LL_ATON_End_EpochBlock_13 (line 4133 to 4153)
[D]          <- done - FCT:LL_ATON_End_EpochBlock_13 {}
[D]          -> parsing LL_ATON_Start_EpochBlock_14 (line 4158 to 4656)
[D]             CONV_ACC.3.Conv node='Conv2D_50_subm_1'
[D]             CONV_ACC.0.Conv node='Conv2D_50_subm_0'
[D]             ARITH_ACC.3.Add node='Conv2D_50_add_0'
[D]             ARITH_ACC.0.Mul node='Conv2D_50_mul_scale_118'
[D]             ARITH_ACC.1.Add node='Conv2D_50_off_bias_120'
[D]             ARITH_ACC.2.Sub node='Conv2D_54_suboff_123'
[D]             STR_ENG.3.DmaIn 2:451584
[D]             STR_ENG.0.DmaIn 8:1440
[D]             STR_ENG.9.DmaIn 2:451584
[D]             STR_ENG.6.DmaIn 8:2160
[D]             STR_ENG.4.DmaOut 1:112896
[D]          <- done - FCT:LL_ATON_Start_EpochBlock_14 {'CONV_ACC': 2, 'ARITH_ACC': 4, 'STR_ENG': 5}
[D]          -> parsing LL_ATON_End_EpochBlock_14 (line 4658 to 4696)
[D]          <- done - FCT:LL_ATON_End_EpochBlock_14 {}
[D]          -> parsing LL_ATON_Start_EpochBlock_15 (line 4701 to 5067)
[D]             CONV_ACC.1.Conv node='Conv2D_54'
[D]             CONV_ACC.2.Conv node='Conv2D_54_ca_pipe_1'
[D]             ARITH_ACC.0.Mul node='Conv2D_54_mul_scale_127'
[D]             ARITH_ACC.1.Add node='Conv2D_54_off_bias_129'
[D]             STR_ENG.8.DmaIn 1:112896
[D]             STR_ENG.1.DmaIn 8:5760
[D]             STR_ENG.4.DmaIn 1:112896
[D]             STR_ENG.5.DmaOut 1:31360
[D]          <- done - FCT:LL_ATON_Start_EpochBlock_15 {'CONV_ACC': 2, 'ARITH_ACC': 2, 'STR_ENG': 4}
[D]          -> parsing LL_ATON_End_EpochBlock_15 (line 5069 to 5102)
[D]          <- done - FCT:LL_ATON_End_EpochBlock_15 {}
[D]          -> parsing LL_ATON_Start_EpochBlock_16 (line 5107 to 5526)
[D]             CONV_ACC.0.Conv node='Conv2D_57'
[D]             CONV_ACC.3.Conv node='Conv2D_57_ca_pipe_1'
[D]             ARITH_ACC.2.Mul node='Conv2D_57_mul_scale_136'
[D]             ARITH_ACC.3.Add node='Conv2D_57_off_bias_138'
[D]             ARITH_ACC.0.Sub node='Conv2D_61_suboff_141'
[D]             STR_ENG.1.DmaIn 1:31360
[D]             STR_ENG.5.DmaIn 8:9600
[D]             STR_ENG.0.DmaIn 1:31360
[D]             STR_ENG.8.DmaOut 1:188160
[D]          <- done - FCT:LL_ATON_Start_EpochBlock_16 {'CONV_ACC': 2, 'ARITH_ACC': 3, 'STR_ENG': 4}
[D]          -> parsing LL_ATON_End_EpochBlock_16 (line 5528 to 5563)
[D]          <- done - FCT:LL_ATON_End_EpochBlock_16 {}
[D]          -> parsing LL_ATON_Start_EpochBlock_17 (line 5569 to 5663)
[D]             NULL.0.Identity node='Conv2D_61_subm_1_conv_identity'
[D]             STR_ENG.9.DmaIn 1:188160
[D]             STR_ENG.0.DmaOut 1:188160
[D]          <- done - FCT:LL_ATON_Start_EpochBlock_17 {'NULL': 1, 'STR_ENG': 2}
[D]          -> parsing LL_ATON_End_EpochBlock_17 (line 5665 to 5685)
[D]          <- done - FCT:LL_ATON_End_EpochBlock_17 {}
[D]          -> parsing LL_ATON_Start_EpochBlock_18 (line 5690 to 6188)
[D]             CONV_ACC.1.Conv node='Conv2D_61_subm_1'
[D]             CONV_ACC.2.Conv node='Conv2D_61_subm_0'
[D]             ARITH_ACC.1.Add node='Conv2D_61_add_0'
[D]             ARITH_ACC.0.Mul node='Conv2D_61_mul_scale_145'
[D]             ARITH_ACC.2.Add node='Conv2D_61_off_bias_147'
[D]             ARITH_ACC.3.Sub node='Conv2D_65_suboff_150'
[D]             STR_ENG.9.DmaIn 1:188160
[D]             STR_ENG.3.DmaIn 8:2400
[D]             STR_ENG.0.DmaIn 1:188160
[D]             STR_ENG.7.DmaIn 8:3600
[D]             STR_ENG.4.DmaOut 1:188160
[D]          <- done - FCT:LL_ATON_Start_EpochBlock_18 {'CONV_ACC': 2, 'ARITH_ACC': 4, 'STR_ENG': 5}
[D]          -> parsing LL_ATON_End_EpochBlock_18 (line 6190 to 6228)
[D]          <- done - FCT:LL_ATON_End_EpochBlock_18 {}
[D]          -> parsing LL_ATON_Start_EpochBlock_19 (line 6233 to 6683)
[D]             CONV_ACC.0.Conv node='Conv2D_65'
[D]             CONV_ACC.3.Conv node='Conv2D_65_ca_pipe_1'
[D]             ARITH_ACC.0.Mul node='Conv2D_65_mul_scale_154'
[D]             ARITH_ACC.1.Add node='Conv2D_65_off_bias_156'
[D]             ARITH_ACC.2.Add node='Add_68'
[D]             STR_ENG.8.DmaIn 1:188160
[D]             STR_ENG.3.DmaIn 8:9600
[D]             STR_ENG.2.DmaIn 1:188160
[D]             STR_ENG.0.DmaIn 1:31360
[D]             STR_ENG.6.DmaOut 1:31360
[D]          <- done - FCT:LL_ATON_Start_EpochBlock_19 {'CONV_ACC': 2, 'ARITH_ACC': 3, 'STR_ENG': 5}
[D]          -> parsing LL_ATON_End_EpochBlock_19 (line 6685 to 6722)
[D]          <- done - FCT:LL_ATON_End_EpochBlock_19 {}
[D]          -> parsing LL_ATON_Start_EpochBlock_20 (line 6727 to 7146)
[D]             CONV_ACC.1.Conv node='Conv2D_71'
[D]             CONV_ACC.2.Conv node='Conv2D_71_ca_pipe_1'
[D]             ARITH_ACC.3.Mul node='Conv2D_71_mul_scale_163'
[D]             ARITH_ACC.0.Add node='Conv2D_71_off_bias_165'
[D]             ARITH_ACC.1.Sub node='Conv2D_76_suboff_168'
[D]             STR_ENG.5.DmaIn 1:31360
[D]             STR_ENG.0.DmaIn 8:9600
[D]             STR_ENG.6.DmaIn 1:31360
[D]             STR_ENG.2.DmaOut 1:188160
[D]          <- done - FCT:LL_ATON_Start_EpochBlock_20 {'CONV_ACC': 2, 'ARITH_ACC': 3, 'STR_ENG': 4}
[D]          -> parsing LL_ATON_End_EpochBlock_20 (line 7148 to 7183)
[D]          <- done - FCT:LL_ATON_End_EpochBlock_20 {}
[D]          -> parsing LL_ATON_Start_EpochBlock_21 (line 7188 to 7514)
[D]             CONV_ACC.0.Conv node='Conv2D_76'
[D]             ARITH_ACC.2.Mul node='Conv2D_76_mul_scale_172'
[D]             ARITH_ACC.0.Add node='Conv2D_76_off_bias_174'
[D]             ARITH_ACC.1.Sub node='Conv2D_80_suboff_177'
[D]             STR_ENG.1.DmaIn 1:188160
[D]             STR_ENG.8.DmaIn 8:17280
[D]             STR_ENG.7.DmaOut 1:47040
[D]          <- done - FCT:LL_ATON_Start_EpochBlock_21 {'CONV_ACC': 1, 'ARITH_ACC': 3, 'STR_ENG': 3}
[D]          -> parsing LL_ATON_End_EpochBlock_21 (line 7516 to 7546)
[D]          <- done - FCT:LL_ATON_End_EpochBlock_21 {}
[D]          -> parsing LL_ATON_Start_EpochBlock_22 (line 7551 to 7917)
[D]             CONV_ACC.3.Conv node='Conv2D_80'
[D]             CONV_ACC.1.Conv node='Conv2D_80_ca_pipe_1'
[D]             ARITH_ACC.3.Mul node='Conv2D_80_mul_scale_181'
[D]             ARITH_ACC.0.Add node='Conv2D_80_off_bias_183'
[D]             STR_ENG.4.DmaIn 1:47040
[D]             STR_ENG.6.DmaIn 8:19200
[D]             STR_ENG.7.DmaIn 1:47040
[D]             STR_ENG.0.DmaOut 1:15680
[D]          <- done - FCT:LL_ATON_Start_EpochBlock_22 {'CONV_ACC': 2, 'ARITH_ACC': 2, 'STR_ENG': 4}
[D]          -> parsing LL_ATON_End_EpochBlock_22 (line 7919 to 7952)
[D]          <- done - FCT:LL_ATON_End_EpochBlock_22 {}
[D]          -> parsing LL_ATON_Start_EpochBlock_23 (line 7957 to 8550)
[D]             CONV_ACC.2.Conv node='Conv2D_83'
[D]             CONV_ACC.0.Conv node='Conv2D_83_ca_pipe_1'
[D]             CONV_ACC.1.Conv node='Conv2D_83_ca_pipe_2'
[D]             CONV_ACC.3.Conv node='Conv2D_83_ca_pipe_3'
[D]             ARITH_ACC.1.Mul node='Conv2D_83_mul_scale_190'
[D]             ARITH_ACC.2.Add node='Conv2D_83_off_bias_192'
[D]             ARITH_ACC.0.Sub node='Conv2D_88_suboff_195'
[D]             STR_ENG.5.DmaIn 1:15680
[D]             STR_ENG.9.DmaIn 8:38400
[D]             STR_ENG.2.DmaIn 1:15680
[D]             STR_ENG.0.DmaIn 1:15680
[D]             STR_ENG.1.DmaIn 1:15680
[D]             STR_ENG.7.DmaOut 1:94080
[D]          <- done - FCT:LL_ATON_Start_EpochBlock_23 {'CONV_ACC': 4, 'ARITH_ACC': 3, 'STR_ENG': 6}
[D]          -> parsing LL_ATON_End_EpochBlock_23 (line 8552 to 8597)
[D]          <- done - FCT:LL_ATON_End_EpochBlock_23 {}
[D]          -> parsing LL_ATON_Start_EpochBlock_24 (line 8602 to 8928)
[D]             CONV_ACC.0.Conv node='Conv2D_88'
[D]             ARITH_ACC.3.Mul node='Conv2D_88_mul_scale_199'
[D]             ARITH_ACC.0.Add node='Conv2D_88_off_bias_201'
[D]             ARITH_ACC.1.Sub node='Conv2D_92_suboff_204'
[D]             STR_ENG.7.DmaIn 1:94080
[D]             STR_ENG.6.DmaIn 8:34560
[D]             STR_ENG.3.DmaOut 1:94080
[D]          <- done - FCT:LL_ATON_Start_EpochBlock_24 {'CONV_ACC': 1, 'ARITH_ACC': 3, 'STR_ENG': 3}
[D]          -> parsing LL_ATON_End_EpochBlock_24 (line 8930 to 8960)
[D]          <- done - FCT:LL_ATON_End_EpochBlock_24 {}
[D]          -> parsing LL_ATON_Start_EpochBlock_25 (line 8965 to 9585)
[D]             CONV_ACC.1.Conv node='Conv2D_92'
[D]             CONV_ACC.2.Conv node='Conv2D_92_ca_pipe_1'
[D]             CONV_ACC.3.Conv node='Conv2D_92_ca_pipe_2'
[D]             CONV_ACC.0.Conv node='Conv2D_92_ca_pipe_3'
[D]             ARITH_ACC.2.Mul node='Conv2D_92_mul_scale_208'
[D]             ARITH_ACC.0.Add node='Conv2D_92_off_bias_210'
[D]             ARITH_ACC.1.Add node='Add_95'
[D]             STR_ENG.7.DmaIn 1:94080
[D]             STR_ENG.3.DmaIn 8:38400
[D]             STR_ENG.2.DmaIn 1:94080
[D]             STR_ENG.4.DmaIn 1:94080
[D]             STR_ENG.5.DmaIn 1:94080
[D]             STR_ENG.9.DmaIn 1:15680
[D]             STR_ENG.8.DmaOut 1:15680
[D]          <- done - FCT:LL_ATON_Start_EpochBlock_25 {'CONV_ACC': 4, 'ARITH_ACC': 3, 'STR_ENG': 7}
[D]          -> parsing LL_ATON_End_EpochBlock_25 (line 9587 to 9634)
[D]          <- done - FCT:LL_ATON_End_EpochBlock_25 {}
[D]          -> parsing LL_ATON_Start_EpochBlock_26 (line 9639 to 10232)
[D]             CONV_ACC.0.Conv node='Conv2D_98'
[D]             CONV_ACC.1.Conv node='Conv2D_98_ca_pipe_1'
[D]             CONV_ACC.2.Conv node='Conv2D_98_ca_pipe_2'
[D]             CONV_ACC.3.Conv node='Conv2D_98_ca_pipe_3'
[D]             ARITH_ACC.3.Mul node='Conv2D_98_mul_scale_217'
[D]             ARITH_ACC.0.Add node='Conv2D_98_off_bias_219'
[D]             ARITH_ACC.1.Sub node='Conv2D_103_suboff_222'
[D]             STR_ENG.4.DmaIn 1:15680
[D]             STR_ENG.7.DmaIn 8:38400
[D]             STR_ENG.0.DmaIn 1:15680
[D]             STR_ENG.6.DmaIn 1:15680
[D]             STR_ENG.3.DmaIn 1:15680
[D]             STR_ENG.8.DmaOut 1:94080
[D]          <- done - FCT:LL_ATON_Start_EpochBlock_26 {'CONV_ACC': 4, 'ARITH_ACC': 3, 'STR_ENG': 6}
[D]          -> parsing LL_ATON_End_EpochBlock_26 (line 10234 to 10279)
[D]          <- done - FCT:LL_ATON_End_EpochBlock_26 {}
[D]          -> parsing LL_ATON_Start_EpochBlock_27 (line 10284 to 10610)
[D]             CONV_ACC.0.Conv node='Conv2D_103'
[D]             ARITH_ACC.2.Mul node='Conv2D_103_mul_scale_226'
[D]             ARITH_ACC.0.Add node='Conv2D_103_off_bias_228'
[D]             ARITH_ACC.1.Sub node='Conv2D_107_suboff_231'
[D]             STR_ENG.6.DmaIn 1:94080
[D]             STR_ENG.2.DmaIn 8:34560
[D]             STR_ENG.1.DmaOut 1:94080
[D]          <- done - FCT:LL_ATON_Start_EpochBlock_27 {'CONV_ACC': 1, 'ARITH_ACC': 3, 'STR_ENG': 3}
[D]          -> parsing LL_ATON_End_EpochBlock_27 (line 10612 to 10642)
[D]          <- done - FCT:LL_ATON_End_EpochBlock_27 {}
[D]          -> parsing LL_ATON_Start_EpochBlock_28 (line 10647 to 11267)
[D]             CONV_ACC.1.Conv node='Conv2D_107'
[D]             CONV_ACC.2.Conv node='Conv2D_107_ca_pipe_1'
[D]             CONV_ACC.3.Conv node='Conv2D_107_ca_pipe_2'
[D]             CONV_ACC.0.Conv node='Conv2D_107_ca_pipe_3'
[D]             ARITH_ACC.3.Mul node='Conv2D_107_mul_scale_235'
[D]             ARITH_ACC.0.Add node='Conv2D_107_off_bias_237'
[D]             ARITH_ACC.1.Add node='Add_110'
[D]             STR_ENG.9.DmaIn 1:94080
[D]             STR_ENG.3.DmaIn 8:38400
[D]             STR_ENG.2.DmaIn 1:94080
[D]             STR_ENG.5.DmaIn 1:94080
[D]             STR_ENG.1.DmaIn 1:94080
[D]             STR_ENG.6.DmaIn 1:15680
[D]             STR_ENG.8.DmaOut 1:15680
[D]          <- done - FCT:LL_ATON_Start_EpochBlock_28 {'CONV_ACC': 4, 'ARITH_ACC': 3, 'STR_ENG': 7}
[D]          -> parsing LL_ATON_End_EpochBlock_28 (line 11269 to 11316)
[D]          <- done - FCT:LL_ATON_End_EpochBlock_28 {}
[D]          -> parsing LL_ATON_Start_EpochBlock_29 (line 11321 to 11914)
[D]             CONV_ACC.0.Conv node='Conv2D_113'
[D]             CONV_ACC.1.Conv node='Conv2D_113_ca_pipe_1'
[D]             CONV_ACC.2.Conv node='Conv2D_113_ca_pipe_2'
[D]             CONV_ACC.3.Conv node='Conv2D_113_ca_pipe_3'
[D]             ARITH_ACC.2.Mul node='Conv2D_113_mul_scale_244'
[D]             ARITH_ACC.0.Add node='Conv2D_113_off_bias_246'
[D]             ARITH_ACC.1.Sub node='Conv2D_117_suboff_249'
[D]             STR_ENG.8.DmaIn 1:15680
[D]             STR_ENG.0.DmaIn 8:38400
[D]             STR_ENG.4.DmaIn 1:15680
[D]             STR_ENG.9.DmaIn 1:15680
[D]             STR_ENG.7.DmaIn 1:15680
[D]             STR_ENG.1.DmaOut 1:94080
[D]          <- done - FCT:LL_ATON_Start_EpochBlock_29 {'CONV_ACC': 4, 'ARITH_ACC': 3, 'STR_ENG': 6}
[D]          -> parsing LL_ATON_End_EpochBlock_29 (line 11916 to 11961)
[D]          <- done - FCT:LL_ATON_End_EpochBlock_29 {}
[D]          -> parsing LL_ATON_Start_EpochBlock_30 (line 11967 to 12061)
[D]             NULL.0.Identity node='Conv2D_117_subm_1_conv_identity'
[D]             STR_ENG.9.DmaIn 1:94080
[D]             STR_ENG.0.DmaOut 1:94080
[D]          <- done - FCT:LL_ATON_Start_EpochBlock_30 {'NULL': 1, 'STR_ENG': 2}
[D]          -> parsing LL_ATON_End_EpochBlock_30 (line 12063 to 12083)
[D]          <- done - FCT:LL_ATON_End_EpochBlock_30 {}
[D]          -> parsing LL_ATON_Start_EpochBlock_31 (line 12088 to 12586)
[D]             CONV_ACC.0.Conv node='Conv2D_117_subm_1'
[D]             CONV_ACC.1.Conv node='Conv2D_117_subm_0'
[D]             ARITH_ACC.3.Add node='Conv2D_117_add_0'
[D]             ARITH_ACC.0.Mul node='Conv2D_117_mul_scale_253'
[D]             ARITH_ACC.1.Add node='Conv2D_117_off_bias_255'
[D]             ARITH_ACC.2.Sub node='Conv2D_121_suboff_258'
[D]             STR_ENG.2.DmaIn 1:94080
[D]             STR_ENG.4.DmaIn 8:4800
[D]             STR_ENG.5.DmaIn 1:94080
[D]             STR_ENG.7.DmaIn 8:7200
[D]             STR_ENG.3.DmaOut 1:94080
[D]          <- done - FCT:LL_ATON_Start_EpochBlock_31 {'CONV_ACC': 2, 'ARITH_ACC': 4, 'STR_ENG': 5}
[D]          -> parsing LL_ATON_End_EpochBlock_31 (line 12588 to 12626)
[D]          <- done - FCT:LL_ATON_End_EpochBlock_31 {}
[D]          -> parsing LL_ATON_Start_EpochBlock_32 (line 12631 to 13165)
[D]             CONV_ACC.2.Conv node='Conv2D_121'
[D]             CONV_ACC.3.Conv node='Conv2D_121_ca_pipe_1'
[D]             CONV_ACC.0.Conv node='Conv2D_121_ca_pipe_2'
[D]             CONV_ACC.1.Conv node='Conv2D_121_ca_pipe_3'
[D]             ARITH_ACC.0.Mul node='Conv2D_121_mul_scale_262'
[D]             ARITH_ACC.1.Add node='Conv2D_121_off_bias_264'
[D]             STR_ENG.7.DmaIn 1:94080
[D]             STR_ENG.5.DmaIn 8:53760
[D]             STR_ENG.2.DmaIn 1:94080
[D]             STR_ENG.8.DmaIn 1:94080
[D]             STR_ENG.0.DmaIn 1:94080
[D]             STR_ENG.3.DmaOut 1:21952
[D]          <- done - FCT:LL_ATON_Start_EpochBlock_32 {'CONV_ACC': 4, 'ARITH_ACC': 2, 'STR_ENG': 6}
[D]          -> parsing LL_ATON_End_EpochBlock_32 (line 13167 to 13210)
[D]          <- done - FCT:LL_ATON_End_EpochBlock_32 {}
[D]          -> parsing LL_ATON_Start_EpochBlock_33 (line 13216 to 13310)
[D]             NULL.0.Identity node='Conv2D_124_conv_identity'
[D]             STR_ENG.2.DmaIn 1:21952
[D]             STR_ENG.5.DmaOut 1:21952
[D]          <- done - FCT:LL_ATON_Start_EpochBlock_33 {'NULL': 1, 'STR_ENG': 2}
[D]          -> parsing LL_ATON_End_EpochBlock_33 (line 13312 to 13332)
[D]          <- done - FCT:LL_ATON_End_EpochBlock_33 {}
[D]          -> parsing LL_ATON_Start_EpochBlock_34 (line 13337 to 14075)
[D]             CONV_ACC.0.Conv node='Conv2D_124'
[D]             CONV_ACC.1.Conv node='Conv2D_124_ca_pipe_1'
[D]             CONV_ACC.2.Conv node='Conv2D_124_ca_pipe_2'
[D]             CONV_ACC.3.Conv node='Conv2D_124_ca_pipe_3'
[D]             ARITH_ACC.2.Mul node='Conv2D_124_mul_scale_271'
[D]             ARITH_ACC.3.Add node='Conv2D_124_off_bias_273'
[D]             ARITH_ACC.0.Sub node='Conv2D_128_suboff_276'
[D]             STR_ENG.4.DmaIn 1:21952
[D]             STR_ENG.3.DmaIn 8:75264
[D]             STR_ENG.0.DmaIn 1:9408
[D]             STR_ENG.9.DmaIn 1:21952
[D]             STR_ENG.2.DmaIn 1:21952
[D]             STR_ENG.1.DmaIn 1:21952
[D]             STR_ENG.6.DmaIn 8:18816
[D]             STR_ENG.7.DmaIn 8:18816
[D]             STR_ENG.5.DmaOut 1:9408
[D]             STR_ENG.8.DmaOut 1:131712
[D]          <- done - FCT:LL_ATON_Start_EpochBlock_34 {'CONV_ACC': 4, 'ARITH_ACC': 3, 'STR_ENG': 10}
[D]          -> parsing LL_ATON_End_EpochBlock_34 (line 14077 to 14130)
[D]          <- done - FCT:LL_ATON_End_EpochBlock_34 {}
[D]          -> parsing LL_ATON_Start_EpochBlock_35 (line 14136 to 14230)
[D]             NULL.0.Identity node='Conv2D_128_subm_1_conv_identity'
[D]             STR_ENG.8.DmaIn 1:131712
[D]             STR_ENG.0.DmaOut 1:131712
[D]          <- done - FCT:LL_ATON_Start_EpochBlock_35 {'NULL': 1, 'STR_ENG': 2}
[D]          -> parsing LL_ATON_End_EpochBlock_35 (line 14232 to 14252)
[D]          <- done - FCT:LL_ATON_End_EpochBlock_35 {}
[D]          -> parsing LL_ATON_Start_EpochBlock_36 (line 14257 to 14830)
[D]             CONV_ACC.0.Conv node='Conv2D_128_subm_1'
[D]             CONV_ACC.1.Conv node='Conv2D_128_subm_0'
[D]             ARITH_ACC.1.Add node='Conv2D_128_add_0'
[D]             ARITH_ACC.0.Mul node='Conv2D_128_mul_scale_280'
[D]             ARITH_ACC.2.Add node='Conv2D_128_off_bias_282'
[D]             ARITH_ACC.3.Sub node='Conv2D_132_suboff_285'
[D]             STR_ENG.9.DmaIn 1:131712
[D]             STR_ENG.1.DmaIn 8:6720
[D]             STR_ENG.2.DmaIn 1:131712
[D]             STR_ENG.5.DmaIn 8:10080
[D]             STR_ENG.0.DmaIn 8:18816
[D]             STR_ENG.6.DmaIn 8:18816
[D]             STR_ENG.3.DmaOut 1:131712
[D]          <- done - FCT:LL_ATON_Start_EpochBlock_36 {'CONV_ACC': 2, 'ARITH_ACC': 4, 'STR_ENG': 7}
[D]          -> parsing LL_ATON_End_EpochBlock_36 (line 14832 to 14874)
[D]          <- done - FCT:LL_ATON_End_EpochBlock_36 {}
[D]          -> parsing LL_ATON_Start_EpochBlock_37 (line 14879 to 15480)
[D]             CONV_ACC.2.Conv node='Conv2D_132'
[D]             CONV_ACC.3.Conv node='Conv2D_132_ca_pipe_1'
[D]             CONV_ACC.0.Conv node='Conv2D_132_ca_pipe_2'
[D]             ARITH_ACC.0.Mul node='Conv2D_132_mul_scale_289'
[D]             ARITH_ACC.1.Add node='Conv2D_132_off_bias_291'
[D]             ARITH_ACC.2.Add node='Add_135'
[D]             STR_ENG.8.DmaIn 1:131712
[D]             STR_ENG.4.DmaIn 8:75348
[D]             STR_ENG.1.DmaIn 1:6272
[D]             STR_ENG.2.DmaIn 1:131712
[D]             STR_ENG.6.DmaIn 1:131712
[D]             STR_ENG.3.DmaIn 1:21952
[D]             STR_ENG.9.DmaOut 1:6272
[D]             STR_ENG.0.DmaOut 1:21952
[D]          <- done - FCT:LL_ATON_Start_EpochBlock_37 {'CONV_ACC': 3, 'ARITH_ACC': 3, 'STR_ENG': 8}
[D]          -> parsing LL_ATON_End_EpochBlock_37 (line 15482 to 15528)
[D]          <- done - FCT:LL_ATON_End_EpochBlock_37 {}
[D]          -> parsing LL_ATON_Start_EpochBlock_38 (line 15534 to 15628)
[D]             NULL.0.Identity node='Conv2D_138_conv_identity'
[D]             STR_ENG.9.DmaIn 1:21952
[D]             STR_ENG.0.DmaOut 1:21952
[D]          <- done - FCT:LL_ATON_Start_EpochBlock_38 {'NULL': 1, 'STR_ENG': 2}
[D]          -> parsing LL_ATON_End_EpochBlock_38 (line 15630 to 15650)
[D]          <- done - FCT:LL_ATON_End_EpochBlock_38 {}
[D]          -> parsing LL_ATON_Start_EpochBlock_39 (line 15655 to 16393)
[D]             CONV_ACC.1.Conv node='Conv2D_138'
[D]             CONV_ACC.0.Conv node='Conv2D_138_ca_pipe_1'
[D]             CONV_ACC.2.Conv node='Conv2D_138_ca_pipe_2'
[D]             CONV_ACC.3.Conv node='Conv2D_138_ca_pipe_3'
[D]             ARITH_ACC.3.Mul node='Conv2D_138_mul_scale_298'
[D]             ARITH_ACC.0.Add node='Conv2D_138_off_bias_300'
[D]             ARITH_ACC.1.Sub node='Conv2D_142_suboff_303'
[D]             STR_ENG.0.DmaIn 1:21952
[D]             STR_ENG.3.DmaIn 8:75264
[D]             STR_ENG.4.DmaIn 1:9408
[D]             STR_ENG.2.DmaIn 1:21952
[D]             STR_ENG.1.DmaIn 1:21952
[D]             STR_ENG.7.DmaIn 1:21952
[D]             STR_ENG.6.DmaIn 8:18816
[D]             STR_ENG.5.DmaIn 8:18816
[D]             STR_ENG.9.DmaOut 1:9408
[D]             STR_ENG.8.DmaOut 1:131712
[D]          <- done - FCT:LL_ATON_Start_EpochBlock_39 {'CONV_ACC': 4, 'ARITH_ACC': 3, 'STR_ENG': 10}
[D]          -> parsing LL_ATON_End_EpochBlock_39 (line 16395 to 16448)
[D]          <- done - FCT:LL_ATON_End_EpochBlock_39 {}
[D]          -> parsing LL_ATON_Start_EpochBlock_40 (line 16454 to 16548)
[D]             NULL.0.Identity node='Conv2D_142_subm_1_conv_identity'
[D]             STR_ENG.6.DmaIn 1:131712
[D]             STR_ENG.2.DmaOut 1:131712
[D]          <- done - FCT:LL_ATON_Start_EpochBlock_40 {'NULL': 1, 'STR_ENG': 2}
[D]          -> parsing LL_ATON_End_EpochBlock_40 (line 16550 to 16570)
[D]          <- done - FCT:LL_ATON_End_EpochBlock_40 {}
[D]          -> parsing LL_ATON_Start_EpochBlock_41 (line 16575 to 17148)
[D]             CONV_ACC.0.Conv node='Conv2D_142_subm_1'
[D]             CONV_ACC.1.Conv node='Conv2D_142_subm_0'
[D]             ARITH_ACC.2.Add node='Conv2D_142_add_0'
[D]             ARITH_ACC.0.Mul node='Conv2D_142_mul_scale_307'
[D]             ARITH_ACC.1.Add node='Conv2D_142_off_bias_309'
[D]             ARITH_ACC.3.Sub node='Conv2D_146_suboff_312'
[D]             STR_ENG.6.DmaIn 1:131712
[D]             STR_ENG.3.DmaIn 8:6720
[D]             STR_ENG.4.DmaIn 1:131712
[D]             STR_ENG.7.DmaIn 8:10080
[D]             STR_ENG.9.DmaIn 8:18816
[D]             STR_ENG.1.DmaIn 8:18816
[D]             STR_ENG.0.DmaOut 1:131712
[D]          <- done - FCT:LL_ATON_Start_EpochBlock_41 {'CONV_ACC': 2, 'ARITH_ACC': 4, 'STR_ENG': 7}
[D]          -> parsing LL_ATON_End_EpochBlock_41 (line 17150 to 17192)
[D]          <- done - FCT:LL_ATON_End_EpochBlock_41 {}
[D]          -> parsing LL_ATON_Start_EpochBlock_42 (line 17197 to 17798)
[D]             CONV_ACC.2.Conv node='Conv2D_146'
[D]             CONV_ACC.3.Conv node='Conv2D_146_ca_pipe_1'
[D]             CONV_ACC.0.Conv node='Conv2D_146_ca_pipe_2'
[D]             ARITH_ACC.0.Mul node='Conv2D_146_mul_scale_316'
[D]             ARITH_ACC.1.Add node='Conv2D_146_off_bias_318'
[D]             ARITH_ACC.2.Add node='Add_149'
[D]             STR_ENG.1.DmaIn 1:131712
[D]             STR_ENG.2.DmaIn 8:75348
[D]             STR_ENG.3.DmaIn 1:6272
[D]             STR_ENG.5.DmaIn 1:131712
[D]             STR_ENG.7.DmaIn 1:131712
[D]             STR_ENG.0.DmaIn 1:21952
[D]             STR_ENG.6.DmaOut 1:6272
[D]             STR_ENG.4.DmaOut 1:21952
[D]          <- done - FCT:LL_ATON_Start_EpochBlock_42 {'CONV_ACC': 3, 'ARITH_ACC': 3, 'STR_ENG': 8}
[D]          -> parsing LL_ATON_End_EpochBlock_42 (line 17800 to 17846)
[D]          <- done - FCT:LL_ATON_End_EpochBlock_42 {}
[D]          -> parsing LL_ATON_Start_EpochBlock_43 (line 17852 to 17946)
[D]             NULL.0.Identity node='Conv2D_152_conv_identity'
[D]             STR_ENG.4.DmaIn 1:21952
[D]             STR_ENG.6.DmaOut 1:21952
[D]          <- done - FCT:LL_ATON_Start_EpochBlock_43 {'NULL': 1, 'STR_ENG': 2}
[D]          -> parsing LL_ATON_End_EpochBlock_43 (line 17948 to 17968)
[D]          <- done - FCT:LL_ATON_End_EpochBlock_43 {}
[D]          -> parsing LL_ATON_Start_EpochBlock_44 (line 17973 to 18711)
[D]             CONV_ACC.1.Conv node='Conv2D_152'
[D]             CONV_ACC.0.Conv node='Conv2D_152_ca_pipe_1'
[D]             CONV_ACC.2.Conv node='Conv2D_152_ca_pipe_2'
[D]             CONV_ACC.3.Conv node='Conv2D_152_ca_pipe_3'
[D]             ARITH_ACC.3.Mul node='Conv2D_152_mul_scale_325'
[D]             ARITH_ACC.0.Add node='Conv2D_152_off_bias_327'
[D]             ARITH_ACC.1.Sub node='Conv2D_156_suboff_330'
[D]             STR_ENG.8.DmaIn 1:21952
[D]             STR_ENG.3.DmaIn 8:75264
[D]             STR_ENG.0.DmaIn 1:9408
[D]             STR_ENG.1.DmaIn 1:21952
[D]             STR_ENG.4.DmaIn 1:21952
[D]             STR_ENG.2.DmaIn 1:21952
[D]             STR_ENG.5.DmaIn 8:18816
[D]             STR_ENG.9.DmaIn 8:18816
[D]             STR_ENG.7.DmaOut 1:9408
[D]             STR_ENG.6.DmaOut 1:131712
[D]          <- done - FCT:LL_ATON_Start_EpochBlock_44 {'CONV_ACC': 4, 'ARITH_ACC': 3, 'STR_ENG': 10}
[D]          -> parsing LL_ATON_End_EpochBlock_44 (line 18713 to 18766)
[D]          <- done - FCT:LL_ATON_End_EpochBlock_44 {}
[D]          -> parsing LL_ATON_Start_EpochBlock_45 (line 18772 to 18866)
[D]             NULL.0.Identity node='Conv2D_156_subm_1_conv_identity'
[D]             STR_ENG.3.DmaIn 1:131712
[D]             STR_ENG.6.DmaOut 1:131712
[D]          <- done - FCT:LL_ATON_Start_EpochBlock_45 {'NULL': 1, 'STR_ENG': 2}
[D]          -> parsing LL_ATON_End_EpochBlock_45 (line 18868 to 18888)
[D]          <- done - FCT:LL_ATON_End_EpochBlock_45 {}
[D]          -> parsing LL_ATON_Start_EpochBlock_46 (line 18893 to 19466)
[D]             CONV_ACC.0.Conv node='Conv2D_156_subm_1'
[D]             CONV_ACC.1.Conv node='Conv2D_156_subm_0'
[D]             ARITH_ACC.2.Add node='Conv2D_156_add_0'
[D]             ARITH_ACC.0.Mul node='Conv2D_156_mul_scale_334'
[D]             ARITH_ACC.1.Add node='Conv2D_156_off_bias_336'
[D]             ARITH_ACC.3.Sub node='Conv2D_160_suboff_339'
[D]             STR_ENG.3.DmaIn 1:131712
[D]             STR_ENG.1.DmaIn 8:6720
[D]             STR_ENG.8.DmaIn 1:131712
[D]             STR_ENG.4.DmaIn 8:10080
[D]             STR_ENG.2.DmaIn 8:9408
[D]             STR_ENG.7.DmaIn 8:9408
[D]             STR_ENG.6.DmaOut 1:32928
[D]          <- done - FCT:LL_ATON_Start_EpochBlock_46 {'CONV_ACC': 2, 'ARITH_ACC': 4, 'STR_ENG': 7}
[D]          -> parsing LL_ATON_End_EpochBlock_46 (line 19468 to 19510)
[D]          <- done - FCT:LL_ATON_End_EpochBlock_46 {}
[D]          -> parsing LL_ATON_Start_EpochBlock_47 (line 19515 to 20038)
[D]             CONV_ACC.2.Conv node='Conv2D_160'
[D]             CONV_ACC.3.Conv node='Conv2D_160_ca_pipe_1'
[D]             CONV_ACC.0.Conv node='Conv2D_160_ca_pipe_2'
[D]             ARITH_ACC.0.Mul node='Conv2D_160_mul_scale_343'
[D]             ARITH_ACC.1.Add node='Conv2D_160_off_bias_345'
[D]             STR_ENG.1.DmaIn 1:32928
[D]             STR_ENG.2.DmaIn 8:129024
[D]             STR_ENG.0.DmaIn 1:2352
[D]             STR_ENG.5.DmaIn 1:32928
[D]             STR_ENG.7.DmaIn 1:32928
[D]             STR_ENG.8.DmaOut 1:2352
[D]             STR_ENG.6.DmaOut 1:9408
[D]          <- done - FCT:LL_ATON_Start_EpochBlock_47 {'CONV_ACC': 3, 'ARITH_ACC': 2, 'STR_ENG': 7}
[D]          -> parsing LL_ATON_End_EpochBlock_47 (line 20040 to 20082)
[D]          <- done - FCT:LL_ATON_End_EpochBlock_47 {}
[D]          -> parsing LL_ATON_Start_EpochBlock_48 (line 20087 to 20827)
[D]             CONV_ACC.1.Conv node='Conv2D_163'
[D]             CONV_ACC.0.Conv node='Conv2D_163_ca_pipe_1'
[D]             CONV_ACC.2.Conv node='Conv2D_163_ca_pipe_2'
[D]             CONV_ACC.3.Conv node='Conv2D_163_ca_pipe_3'
[D]             ARITH_ACC.2.Mul node='Conv2D_163_mul_scale_352'
[D]             ARITH_ACC.3.Add node='Conv2D_163_off_bias_354'
[D]             ARITH_ACC.0.Sub node='Conv2D_167_suboff_357'
[D]             STR_ENG.4.DmaIn 1:9408
[D]             STR_ENG.1.DmaIn 8:221184
[D]             STR_ENG.8.DmaIn 1:2352
[D]             STR_ENG.7.DmaIn 1:9408
[D]             STR_ENG.6.DmaIn 1:9408
[D]             STR_ENG.9.DmaIn 1:9408
[D]             STR_ENG.5.DmaIn 8:16128
[D]             STR_ENG.3.DmaIn 8:16128
[D]             STR_ENG.2.DmaOut 1:2352
[D]             STR_ENG.0.DmaOut 1:56448
[D]          <- done - FCT:LL_ATON_Start_EpochBlock_48 {'CONV_ACC': 4, 'ARITH_ACC': 3, 'STR_ENG': 10}
[D]          -> parsing LL_ATON_End_EpochBlock_48 (line 20829 to 20882)
[D]          <- done - FCT:LL_ATON_End_EpochBlock_48 {}
[D]          -> parsing LL_ATON_Start_EpochBlock_49 (line 20888 to 20982)
[D]             NULL.0.Identity node='Conv2D_167_subm_1_conv_identity'
[D]             STR_ENG.5.DmaIn 1:56448
[D]             STR_ENG.3.DmaOut 1:56448
[D]          <- done - FCT:LL_ATON_Start_EpochBlock_49 {'NULL': 1, 'STR_ENG': 2}
[D]          -> parsing LL_ATON_End_EpochBlock_49 (line 20984 to 21004)
[D]          <- done - FCT:LL_ATON_End_EpochBlock_49 {}
[D]          -> parsing LL_ATON_Start_EpochBlock_50 (line 21009 to 21582)
[D]             CONV_ACC.0.Conv node='Conv2D_167_subm_1'
[D]             CONV_ACC.1.Conv node='Conv2D_167_subm_0'
[D]             ARITH_ACC.1.Add node='Conv2D_167_add_0'
[D]             ARITH_ACC.0.Mul node='Conv2D_167_mul_scale_361'
[D]             ARITH_ACC.2.Add node='Conv2D_167_off_bias_363'
[D]             ARITH_ACC.3.Sub node='Conv2D_171_suboff_366'
[D]             STR_ENG.2.DmaIn 1:56448
[D]             STR_ENG.5.DmaIn 8:11520
[D]             STR_ENG.3.DmaIn 1:56448
[D]             STR_ENG.7.DmaIn 8:17280
[D]             STR_ENG.9.DmaIn 8:16128
[D]             STR_ENG.6.DmaIn 8:16128
[D]             STR_ENG.4.DmaOut 1:56448
[D]          <- done - FCT:LL_ATON_Start_EpochBlock_50 {'CONV_ACC': 2, 'ARITH_ACC': 4, 'STR_ENG': 7}
[D]          -> parsing LL_ATON_End_EpochBlock_50 (line 21584 to 21626)
[D]          <- done - FCT:LL_ATON_End_EpochBlock_50 {}
[D]          -> parsing LL_ATON_Start_EpochBlock_51 (line 21631 to 22238)
[D]             CONV_ACC.2.Conv node='Conv2D_171'
[D]             CONV_ACC.3.Conv node='Conv2D_171_ca_pipe_1'
[D]             CONV_ACC.0.Conv node='Conv2D_171_ca_pipe_2'
[D]             ARITH_ACC.0.Mul node='Conv2D_171_mul_scale_370'
[D]             ARITH_ACC.1.Add node='Conv2D_171_off_bias_372'
[D]             ARITH_ACC.2.Add node='Add_174'
[D]             STR_ENG.1.DmaIn 1:56448
[D]             STR_ENG.8.DmaIn 8:221184
[D]             STR_ENG.5.DmaIn 1:2352
[D]             STR_ENG.4.DmaIn 1:56448
[D]             STR_ENG.6.DmaIn 1:56448
[D]             STR_ENG.3.DmaIn 1:9408
[D]             STR_ENG.2.DmaOut 1:2352
[D]             STR_ENG.0.DmaOut 1:9408
[D]          <- done - FCT:LL_ATON_Start_EpochBlock_51 {'CONV_ACC': 3, 'ARITH_ACC': 3, 'STR_ENG': 8}
[D]          -> parsing LL_ATON_End_EpochBlock_51 (line 22240 to 22286)
[D]          <- done - FCT:LL_ATON_End_EpochBlock_51 {}
[D]          -> parsing LL_ATON_Start_EpochBlock_52 (line 22291 to 23031)
[D]             CONV_ACC.1.Conv node='Conv2D_177'
[D]             CONV_ACC.0.Conv node='Conv2D_177_ca_pipe_1'
[D]             CONV_ACC.2.Conv node='Conv2D_177_ca_pipe_2'
[D]             CONV_ACC.3.Conv node='Conv2D_177_ca_pipe_3'
[D]             ARITH_ACC.3.Mul node='Conv2D_177_mul_scale_379'
[D]             ARITH_ACC.0.Add node='Conv2D_177_off_bias_381'
[D]             ARITH_ACC.1.Sub node='Conv2D_181_suboff_384'
[D]             STR_ENG.5.DmaIn 1:9408
[D]             STR_ENG.0.DmaIn 8:221184
[D]             STR_ENG.7.DmaIn 1:2352
[D]             STR_ENG.6.DmaIn 1:9408
[D]             STR_ENG.9.DmaIn 1:9408
[D]             STR_ENG.3.DmaIn 1:9408
[D]             STR_ENG.8.DmaIn 8:16128
[D]             STR_ENG.4.DmaIn 8:16128
[D]             STR_ENG.1.DmaOut 1:2352
[D]             STR_ENG.2.DmaOut 1:56448
[D]          <- done - FCT:LL_ATON_Start_EpochBlock_52 {'CONV_ACC': 4, 'ARITH_ACC': 3, 'STR_ENG': 10}
[D]          -> parsing LL_ATON_End_EpochBlock_52 (line 23033 to 23086)
[D]          <- done - FCT:LL_ATON_End_EpochBlock_52 {}
[D]          -> parsing LL_ATON_Start_EpochBlock_53 (line 23092 to 23186)
[D]             NULL.0.Identity node='Conv2D_181_subm_1_conv_identity'
[D]             STR_ENG.6.DmaIn 1:56448
[D]             STR_ENG.4.DmaOut 1:56448
[D]          <- done - FCT:LL_ATON_Start_EpochBlock_53 {'NULL': 1, 'STR_ENG': 2}
[D]          -> parsing LL_ATON_End_EpochBlock_53 (line 23188 to 23208)
[D]          <- done - FCT:LL_ATON_End_EpochBlock_53 {}
[D]          -> parsing LL_ATON_Start_EpochBlock_54 (line 23213 to 23786)
[D]             CONV_ACC.0.Conv node='Conv2D_181_subm_1'
[D]             CONV_ACC.1.Conv node='Conv2D_181_subm_0'
[D]             ARITH_ACC.2.Add node='Conv2D_181_add_0'
[D]             ARITH_ACC.0.Mul node='Conv2D_181_mul_scale_388'
[D]             ARITH_ACC.1.Add node='Conv2D_181_off_bias_390'
[D]             ARITH_ACC.3.Sub node='Conv2D_185_suboff_393'
[D]             STR_ENG.1.DmaIn 1:56448
[D]             STR_ENG.5.DmaIn 8:11520
[D]             STR_ENG.4.DmaIn 1:56448
[D]             STR_ENG.6.DmaIn 8:17280
[D]             STR_ENG.8.DmaIn 8:16128
[D]             STR_ENG.9.DmaIn 8:16128
[D]             STR_ENG.2.DmaOut 1:56448
[D]          <- done - FCT:LL_ATON_Start_EpochBlock_54 {'CONV_ACC': 2, 'ARITH_ACC': 4, 'STR_ENG': 7}
[D]          -> parsing LL_ATON_End_EpochBlock_54 (line 23788 to 23830)
[D]          <- done - FCT:LL_ATON_End_EpochBlock_54 {}
[D]          -> parsing LL_ATON_Start_EpochBlock_55 (line 23835 to 24442)
[D]             CONV_ACC.2.Conv node='Conv2D_185'
[D]             CONV_ACC.3.Conv node='Conv2D_185_ca_pipe_1'
[D]             CONV_ACC.0.Conv node='Conv2D_185_ca_pipe_2'
[D]             ARITH_ACC.0.Mul node='Conv2D_185_mul_scale_397'
[D]             ARITH_ACC.1.Add node='Conv2D_185_off_bias_399'
[D]             ARITH_ACC.2.Add node='Add_188'
[D]             STR_ENG.5.DmaIn 1:56448
[D]             STR_ENG.6.DmaIn 8:221184
[D]             STR_ENG.8.DmaIn 1:2352
[D]             STR_ENG.2.DmaIn 1:56448
[D]             STR_ENG.1.DmaIn 1:56448
[D]             STR_ENG.3.DmaIn 1:9408
[D]             STR_ENG.4.DmaOut 1:2352
[D]             STR_ENG.0.DmaOut 1:9408
[D]          <- done - FCT:LL_ATON_Start_EpochBlock_55 {'CONV_ACC': 3, 'ARITH_ACC': 3, 'STR_ENG': 8}
[D]          -> parsing LL_ATON_End_EpochBlock_55 (line 24444 to 24490)
[D]          <- done - FCT:LL_ATON_End_EpochBlock_55 {}
[D]          -> parsing LL_ATON_Start_EpochBlock_56 (line 24495 to 25235)
[D]             CONV_ACC.1.Conv node='Conv2D_191'
[D]             CONV_ACC.0.Conv node='Conv2D_191_ca_pipe_1'
[D]             CONV_ACC.2.Conv node='Conv2D_191_ca_pipe_2'
[D]             CONV_ACC.3.Conv node='Conv2D_191_ca_pipe_3'
[D]             ARITH_ACC.3.Mul node='Conv2D_191_mul_scale_406'
[D]             ARITH_ACC.0.Add node='Conv2D_191_off_bias_408'
[D]             ARITH_ACC.1.Sub node='Conv2D_195_suboff_411'
[D]             STR_ENG.3.DmaIn 1:9408
[D]             STR_ENG.7.DmaIn 8:221184
[D]             STR_ENG.0.DmaIn 1:2352
[D]             STR_ENG.1.DmaIn 1:9408
[D]             STR_ENG.4.DmaIn 1:9408
[D]             STR_ENG.5.DmaIn 1:9408
[D]             STR_ENG.8.DmaIn 8:16128
[D]             STR_ENG.2.DmaIn 8:16128
[D]             STR_ENG.9.DmaOut 1:2352
[D]             STR_ENG.6.DmaOut 1:56448
[D]          <- done - FCT:LL_ATON_Start_EpochBlock_56 {'CONV_ACC': 4, 'ARITH_ACC': 3, 'STR_ENG': 10}
[D]          -> parsing LL_ATON_End_EpochBlock_56 (line 25237 to 25290)
[D]          <- done - FCT:LL_ATON_End_EpochBlock_56 {}
[D]          -> parsing LL_ATON_Start_EpochBlock_57 (line 25296 to 25390)
[D]             NULL.0.Identity node='Conv2D_195_subm_1_conv_identity'
[D]             STR_ENG.4.DmaIn 1:56448
[D]             STR_ENG.5.DmaOut 1:56448
[D]          <- done - FCT:LL_ATON_Start_EpochBlock_57 {'NULL': 1, 'STR_ENG': 2}
[D]          -> parsing LL_ATON_End_EpochBlock_57 (line 25392 to 25412)
[D]          <- done - FCT:LL_ATON_End_EpochBlock_57 {}
[D]          -> parsing LL_ATON_Start_EpochBlock_58 (line 25417 to 25990)
[D]             CONV_ACC.0.Conv node='Conv2D_195_subm_1'
[D]             CONV_ACC.1.Conv node='Conv2D_195_subm_0'
[D]             ARITH_ACC.2.Add node='Conv2D_195_add_0'
[D]             ARITH_ACC.0.Mul node='Conv2D_195_mul_scale_415'
[D]             ARITH_ACC.1.Add node='Conv2D_195_off_bias_417'
[D]             ARITH_ACC.3.Sub node='Conv2D_199_suboff_420'
[D]             STR_ENG.1.DmaIn 1:56448
[D]             STR_ENG.8.DmaIn 8:11520
[D]             STR_ENG.2.DmaIn 1:56448
[D]             STR_ENG.9.DmaIn 8:17280
[D]             STR_ENG.7.DmaIn 8:16128
[D]             STR_ENG.6.DmaIn 8:16128
[D]             STR_ENG.0.DmaOut 1:56448
[D]          <- done - FCT:LL_ATON_Start_EpochBlock_58 {'CONV_ACC': 2, 'ARITH_ACC': 4, 'STR_ENG': 7}
[D]          -> parsing LL_ATON_End_EpochBlock_58 (line 25992 to 26034)
[D]          <- done - FCT:LL_ATON_End_EpochBlock_58 {}
[D]          -> parsing LL_ATON_Start_EpochBlock_59 (line 26039 to 26646)
[D]             CONV_ACC.2.Conv node='Conv2D_199'
[D]             CONV_ACC.3.Conv node='Conv2D_199_ca_pipe_1'
[D]             CONV_ACC.0.Conv node='Conv2D_199_ca_pipe_2'
[D]             ARITH_ACC.0.Mul node='Conv2D_199_mul_scale_424'
[D]             ARITH_ACC.1.Add node='Conv2D_199_off_bias_426'
[D]             ARITH_ACC.2.Add node='Add_202'
[D]             STR_ENG.8.DmaIn 1:56448
[D]             STR_ENG.1.DmaIn 8:221184
[D]             STR_ENG.4.DmaIn 1:2352
[D]             STR_ENG.5.DmaIn 1:56448
[D]             STR_ENG.0.DmaIn 1:56448
[D]             STR_ENG.6.DmaIn 1:9408
[D]             STR_ENG.7.DmaOut 1:2352
[D]             STR_ENG.9.DmaOut 1:9408
[D]          <- done - FCT:LL_ATON_Start_EpochBlock_59 {'CONV_ACC': 3, 'ARITH_ACC': 3, 'STR_ENG': 8}
[D]          -> parsing LL_ATON_End_EpochBlock_59 (line 26648 to 26694)
[D]          <- done - FCT:LL_ATON_End_EpochBlock_59 {}
[D]          -> parsing LL_ATON_Start_EpochBlock_60 (line 26699 to 27439)
[D]             CONV_ACC.1.Conv node='Conv2D_205'
[D]             CONV_ACC.0.Conv node='Conv2D_205_ca_pipe_1'
[D]             CONV_ACC.2.Conv node='Conv2D_205_ca_pipe_2'
[D]             CONV_ACC.3.Conv node='Conv2D_205_ca_pipe_3'
[D]             ARITH_ACC.3.Mul node='Conv2D_205_mul_scale_433'
[D]             ARITH_ACC.0.Add node='Conv2D_205_off_bias_435'
[D]             ARITH_ACC.1.Sub node='Conv2D_210_suboff_438'
[D]             STR_ENG.9.DmaIn 1:9408
[D]             STR_ENG.4.DmaIn 8:221184
[D]             STR_ENG.5.DmaIn 1:2352
[D]             STR_ENG.6.DmaIn 1:9408
[D]             STR_ENG.2.DmaIn 1:9408
[D]             STR_ENG.7.DmaIn 1:9408
[D]             STR_ENG.8.DmaIn 8:16128
[D]             STR_ENG.0.DmaIn 8:16128
[D]             STR_ENG.1.DmaOut 1:2352
[D]             STR_ENG.3.DmaOut 1:56448
[D]          <- done - FCT:LL_ATON_Start_EpochBlock_60 {'CONV_ACC': 4, 'ARITH_ACC': 3, 'STR_ENG': 10}
[D]          -> parsing LL_ATON_End_EpochBlock_60 (line 27441 to 27494)
[D]          <- done - FCT:LL_ATON_End_EpochBlock_60 {}
[D]          -> parsing LL_ATON_Start_EpochBlock_61 (line 27499 to 27948)
[D]             CONV_ACC.0.Conv node='Conv2D_210'
[D]             ARITH_ACC.2.Mul node='Conv2D_210_mul_scale_442'
[D]             ARITH_ACC.0.Add node='Conv2D_210_off_bias_444'
[D]             POOL_ACC.0.AveragePool node='AveragePool_214'
[D]             ARITH_ACC.1.Add node='RequantizeLinear_inserted_id1020'
[D]             STR_ENG.3.DmaIn 1:56448
[D]             STR_ENG.7.DmaIn 8:82944
[D]             STR_ENG.6.DmaIn 8:16128
[D]             STR_ENG.0.DmaIn 8:16128
[D]             STR_ENG.8.DmaOut 1:1152
[D]          <- done - FCT:LL_ATON_Start_EpochBlock_61 {'CONV_ACC': 1, 'ARITH_ACC': 3, 'POOL_ACC': 1, 'STR_ENG': 5}
[D]          -> parsing LL_ATON_End_EpochBlock_61 (line 27950 to 27986)
[D]          <- done - FCT:LL_ATON_End_EpochBlock_61 {}
[D]          -> parsing LL_ATON_Start_EpochBlock_62 (line 27991 to 28482)
[D]             ARITH_ACC.3.Sub node='Gemm_216_conv_4_suboff_447'
[D]             ARITH_ACC.0.Sub node='Gemm_224_conv_16_suboff_465'
[D]             ARITH_ACC.1.Sub node='Gemm_227_conv_22_suboff_474'
[D]             ARITH_ACC.2.Sub node='Gemm_220_conv_10_suboff_456'
[D]             STR_ENG.9.DmaIn 1:1152
[D]             STR_ENG.7.DmaIn 1:1152
[D]             STR_ENG.4.DmaIn 1:1152
[D]             STR_ENG.3.DmaIn 1:1152
[D]             STR_ENG.0.DmaOut 1:1152
[D]             STR_ENG.5.DmaOut 1:1152
[D]             STR_ENG.2.DmaOut 1:1152
[D]             STR_ENG.6.DmaOut 1:1152
[D]          <- done - FCT:LL_ATON_Start_EpochBlock_62 {'ARITH_ACC': 4, 'STR_ENG': 8}
[D]          -> parsing LL_ATON_End_EpochBlock_62 (line 28484 to 28521)
[D]          <- done - FCT:LL_ATON_End_EpochBlock_62 {}
[D]          -> parsing LL_ATON_Start_EpochBlock_63 (line 28526 to 29238)
[D]             CONV_ACC.1.Conv node='Gemm_216_conv_4'
[D]             ARITH_ACC.0.Mul node='Gemm_216_conv_4_mul_scale_451'
[D]             CONV_ACC.2.Conv node='Gemm_224_conv_16'
[D]             ARITH_ACC.1.Mul node='Gemm_224_conv_16_mul_scale_469'
[D]             ARITH_ACC.2.Add node='Gemm_224_conv_16_off_bias_471'
[D]             CONV_ACC.3.Conv node='Gemm_227_conv_22'
[D]             ARITH_ACC.3.Mul node='Gemm_227_conv_22_mul_scale_478'
[D]             STR_ENG.9.DmaIn 1:1152
[D]             STR_ENG.1.DmaIn 8:1161
[D]             STR_ENG.6.DmaIn 1:1152
[D]             STR_ENG.2.DmaIn 8:72576
[D]             STR_ENG.4.DmaIn 1:1152
[D]             STR_ENG.8.DmaIn 8:72576
[D]             STR_ENG.7.DmaOut 1:2
[D]             STR_ENG.3.DmaOut 1:63
[D]             STR_ENG.0.DmaOut 1:126
[D]          <- done - FCT:LL_ATON_Start_EpochBlock_63 {'CONV_ACC': 3, 'ARITH_ACC': 4, 'STR_ENG': 9}
[D]          -> parsing LL_ATON_End_EpochBlock_63 (line 29240 to 29289)
[D]          <- done - FCT:LL_ATON_End_EpochBlock_63 {}
[D]          -> parsing LL_ATON_End_EpochBlock_64 (line 29294 to 29352)
[D]             PROCESSOR.0.DequantizeLinear node='Dequantize_226'
[D]          <- done - FCT:LL_ATON_End_EpochBlock_64 {'PROCESSOR': 1}
[D]          -> parsing LL_ATON_Start_EpochBlock_65 (line 29357 to 29823)
[D]             CONV_ACC.0.Conv node='Gemm_220_conv_10'
[D]             ARITH_ACC.0.Add node='Gemm_216_conv_4_off_bias_453'
[D]             ACTIV_ACC.0.Sigmoid node='Sigmoid_217'
[D]             ARITH_ACC.1.Add node='Gemm_227_conv_22_off_bias_480'
[D]             STR_ENG.9.DmaIn 1:1152
[D]             STR_ENG.4.DmaIn 8:1161
[D]             STR_ENG.2.DmaIn 1:2
[D]             STR_ENG.0.DmaIn 1:126
[D]             STR_ENG.1.DmaOut 1:2
[D]             STR_ENG.6.DmaOut 1:1
[D]             STR_ENG.3.DmaOut 1:63
[D]          <- done - FCT:LL_ATON_Start_EpochBlock_65 {'CONV_ACC': 1, 'ARITH_ACC': 2, 'ACTIV_ACC': 1, 'STR_ENG': 7}
[D]          -> parsing LL_ATON_End_EpochBlock_65 (line 29825 to 29862)
[D]          <- done - FCT:LL_ATON_End_EpochBlock_65 {}
[D]          -> parsing LL_ATON_End_EpochBlock_66 (line 29867 to 29925)
[D]             PROCESSOR.0.DequantizeLinear node='Dequantize_229'
[D]          <- done - FCT:LL_ATON_End_EpochBlock_66 {'PROCESSOR': 1}
[D]          -> parsing LL_ATON_End_EpochBlock_67 (line 29930 to 29988)
[D]             PROCESSOR.0.DequantizeLinear node='Dequantize_219'
[D]          <- done - FCT:LL_ATON_End_EpochBlock_67 {'PROCESSOR': 1}
[D]          -> parsing LL_ATON_Start_EpochBlock_68 (line 29993 to 30229)
[D]             ARITH_ACC.2.Mul node='Gemm_220_conv_10_mul_scale_460'
[D]             ARITH_ACC.3.Add node='Gemm_220_conv_10_off_bias_462'
[D]             ACTIV_ACC.1.Sigmoid node='Sigmoid_221'
[D]             STR_ENG.4.DmaIn 1:2
[D]             STR_ENG.7.DmaOut 1:1
[D]          <- done - FCT:LL_ATON_Start_EpochBlock_68 {'ARITH_ACC': 2, 'ACTIV_ACC': 1, 'STR_ENG': 2}
[D]          -> parsing LL_ATON_End_EpochBlock_68 (line 30231 to 30257)
[D]          <- done - FCT:LL_ATON_End_EpochBlock_68 {}
[D]          -> parsing LL_ATON_End_EpochBlock_69 (line 30262 to 30320)
[D]             PROCESSOR.0.DequantizeLinear node='Dequantize_223'
[D]          <- done - FCT:LL_ATON_End_EpochBlock_69 {'PROCESSOR': 1}
[D]       <- 132 start/end epoch functions found
[D]       EPOCH: 000 EpochBlock_2 LL_ATON_Start_EpochBlock_2/LL_ATON_End_EpochBlock_2 ['epoch_start', 'epoch_end', 'pure_hw'] [4] -> [6] EpochType.HW
[D]         ['hw.add', 'hw.sub', 'hw.dmain', 'hw.dmaout']
[D]       EPOCH: 001 EpochBlock_3 LL_ATON_Start_EpochBlock_3/LL_ATON_End_EpochBlock_3 ['epoch_start', 'epoch_end', 'pure_hw'] [3, 4, 6] -> [5] EpochType.HW
[D]         ['hw.conv', 'hw.mul', 'hw.add', 'hw.sub', 'hw.conv', 'hw.mul', 'hw.dmain', 'hw.dmain', 'hw.dmain', 'hw.dmaout']
[D]       EPOCH: 002 EpochBlock_4 LL_ATON_Start_EpochBlock_4/LL_ATON_End_EpochBlock_4 ['epoch_start', 'epoch_end', 'pure_hw'] [3] -> [9] EpochType.HW
[D]         ['hw.add', 'hw.sub', 'hw.dmain', 'hw.dmaout']
[D]       EPOCH: 003 EpochBlock_5 LL_ATON_Start_EpochBlock_5/LL_ATON_End_EpochBlock_5 ['epoch_start', 'epoch_end', 'pure_hw'] [0, 9] -> [1] EpochType.HW
[D]         ['hw.conv', 'hw.mul', 'hw.add', 'hw.dmain', 'hw.dmain', 'hw.dmaout']
[D]       EPOCH: 004 EpochBlock_6 LL_ATON_Start_EpochBlock_6/LL_ATON_End_EpochBlock_6 ['epoch_start', 'epoch_end', 'pure_hw'] [2, 8] -> [1] EpochType.HW
[D]         ['hw.conv', 'hw.mul', 'hw.add', 'hw.sub', 'hw.dmain', 'hw.dmain', 'hw.dmaout']
[D]       EPOCH: 005 EpochBlock_7 LL_ATON_Start_EpochBlock_7/LL_ATON_End_EpochBlock_7 ['epoch_start', 'epoch_end', 'pure_hw'] [2, 8] -> [0] EpochType.HW
[D]         ['hw.conv', 'hw.mul', 'hw.add', 'hw.sub', 'hw.dmain', 'hw.dmain', 'hw.dmaout']
[D]       EPOCH: 006 EpochBlock_8 LL_ATON_Start_EpochBlock_8/LL_ATON_End_EpochBlock_8 ['epoch_start', 'epoch_end', 'pure_hw'] [1, 6] -> [4] EpochType.HW
[D]         ['hw.conv', 'hw.mul', 'hw.add', 'hw.dmain', 'hw.dmain', 'hw.dmaout']
[D]       EPOCH: 007 EpochBlock_9 LL_ATON_Start_EpochBlock_9/LL_ATON_End_EpochBlock_9 ['epoch_start', 'epoch_end', 'pure_hw'] [1, 2] -> [7] EpochType.HW
[D]         ['hw.conv', 'hw.mul', 'hw.add', 'hw.sub', 'hw.dmain', 'hw.dmain', 'hw.dmaout']
[D]       EPOCH: 008 EpochBlock_10 LL_ATON_Start_EpochBlock_10/LL_ATON_End_EpochBlock_10 ['epoch_start', 'epoch_end', 'pure_hw'] [5, 8] -> [4] EpochType.HW
[D]         ['hw.conv', 'hw.mul', 'hw.add', 'hw.sub', 'hw.dmain', 'hw.dmain', 'hw.dmaout']
[D]       EPOCH: 009 EpochBlock_11 LL_ATON_Start_EpochBlock_11/LL_ATON_End_EpochBlock_11 ['epoch_start', 'epoch_end', 'pure_hw'] [3, 5, 7, 9] -> [1] EpochType.HW
[D]         ['hw.conv', 'hw.conv', 'hw.mul', 'hw.add', 'hw.add', 'hw.dmain', 'hw.dmain', 'hw.dmain', 'hw.dmain', 'hw.dmaout']
[D]       EPOCH: 010 EpochBlock_12 LL_ATON_Start_EpochBlock_12/LL_ATON_End_EpochBlock_12 ['epoch_start', 'epoch_end', 'pure_hw'] [3, 8] -> [2] EpochType.HW
[D]         ['hw.conv', 'hw.mul', 'hw.add', 'hw.sub', 'hw.dmain', 'hw.dmain', 'hw.dmaout']
[D]       EPOCH: 011 EpochBlock_13 LL_ATON_Start_EpochBlock_13/LL_ATON_End_EpochBlock_13 ['epoch_start', 'epoch_end', 'pure_hw'] [3] -> [6] EpochType.HW
[D]         ['hw.memcpy.identity', 'hw.dmain', 'hw.dmaout']
[D]       EPOCH: 012 EpochBlock_14 LL_ATON_Start_EpochBlock_14/LL_ATON_End_EpochBlock_14 ['epoch_start', 'epoch_end', 'pure_hw'] [0, 3, 6, 9] -> [4] EpochType.HW
[D]         ['hw.conv', 'hw.conv', 'hw.add', 'hw.mul', 'hw.add', 'hw.sub', 'hw.dmain', 'hw.dmain', 'hw.dmain', 'hw.dmain', 'hw.dmaout']
[D]       EPOCH: 013 EpochBlock_15 LL_ATON_Start_EpochBlock_15/LL_ATON_End_EpochBlock_15 ['epoch_start', 'epoch_end', 'pure_hw'] [1, 4, 8] -> [5] EpochType.HW
[D]         ['hw.conv', 'hw.conv', 'hw.mul', 'hw.add', 'hw.dmain', 'hw.dmain', 'hw.dmain', 'hw.dmaout']
[D]       EPOCH: 014 EpochBlock_16 LL_ATON_Start_EpochBlock_16/LL_ATON_End_EpochBlock_16 ['epoch_start', 'epoch_end', 'pure_hw'] [0, 1, 5] -> [8] EpochType.HW
[D]         ['hw.conv', 'hw.conv', 'hw.mul', 'hw.add', 'hw.sub', 'hw.dmain', 'hw.dmain', 'hw.dmain', 'hw.dmaout']
[D]       EPOCH: 015 EpochBlock_17 LL_ATON_Start_EpochBlock_17/LL_ATON_End_EpochBlock_17 ['epoch_start', 'epoch_end', 'pure_hw'] [9] -> [0] EpochType.HW
[D]         ['hw.memcpy.identity', 'hw.dmain', 'hw.dmaout']
[D]       EPOCH: 016 EpochBlock_18 LL_ATON_Start_EpochBlock_18/LL_ATON_End_EpochBlock_18 ['epoch_start', 'epoch_end', 'pure_hw'] [0, 3, 7, 9] -> [4] EpochType.HW
[D]         ['hw.conv', 'hw.conv', 'hw.add', 'hw.mul', 'hw.add', 'hw.sub', 'hw.dmain', 'hw.dmain', 'hw.dmain', 'hw.dmain', 'hw.dmaout']
[D]       EPOCH: 017 EpochBlock_19 LL_ATON_Start_EpochBlock_19/LL_ATON_End_EpochBlock_19 ['epoch_start', 'epoch_end', 'pure_hw'] [0, 2, 3, 8] -> [6] EpochType.HW
[D]         ['hw.conv', 'hw.conv', 'hw.mul', 'hw.add', 'hw.add', 'hw.dmain', 'hw.dmain', 'hw.dmain', 'hw.dmain', 'hw.dmaout']
[D]       EPOCH: 018 EpochBlock_20 LL_ATON_Start_EpochBlock_20/LL_ATON_End_EpochBlock_20 ['epoch_start', 'epoch_end', 'pure_hw'] [0, 5, 6] -> [2] EpochType.HW
[D]         ['hw.conv', 'hw.conv', 'hw.mul', 'hw.add', 'hw.sub', 'hw.dmain', 'hw.dmain', 'hw.dmain', 'hw.dmaout']
[D]       EPOCH: 019 EpochBlock_21 LL_ATON_Start_EpochBlock_21/LL_ATON_End_EpochBlock_21 ['epoch_start', 'epoch_end', 'pure_hw'] [1, 8] -> [7] EpochType.HW
[D]         ['hw.conv', 'hw.mul', 'hw.add', 'hw.sub', 'hw.dmain', 'hw.dmain', 'hw.dmaout']
[D]       EPOCH: 020 EpochBlock_22 LL_ATON_Start_EpochBlock_22/LL_ATON_End_EpochBlock_22 ['epoch_start', 'epoch_end', 'pure_hw'] [4, 6, 7] -> [0] EpochType.HW
[D]         ['hw.conv', 'hw.conv', 'hw.mul', 'hw.add', 'hw.dmain', 'hw.dmain', 'hw.dmain', 'hw.dmaout']
[D]       EPOCH: 021 EpochBlock_23 LL_ATON_Start_EpochBlock_23/LL_ATON_End_EpochBlock_23 ['epoch_start', 'epoch_end', 'pure_hw'] [0, 1, 2, 5, 9] -> [7] EpochType.HW
[D]         ['hw.conv', 'hw.conv', 'hw.conv', 'hw.conv', 'hw.mul', 'hw.add', 'hw.sub', 'hw.dmain', 'hw.dmain', 'hw.dmain', 'hw.dmain', 'hw.dmain', 'hw.dmaout']
[D]       EPOCH: 022 EpochBlock_24 LL_ATON_Start_EpochBlock_24/LL_ATON_End_EpochBlock_24 ['epoch_start', 'epoch_end', 'pure_hw'] [6, 7] -> [3] EpochType.HW
[D]         ['hw.conv', 'hw.mul', 'hw.add', 'hw.sub', 'hw.dmain', 'hw.dmain', 'hw.dmaout']
[D]       EPOCH: 023 EpochBlock_25 LL_ATON_Start_EpochBlock_25/LL_ATON_End_EpochBlock_25 ['epoch_start', 'epoch_end', 'pure_hw'] [2, 3, 4, 5, 7, 9] -> [8] EpochType.HW
[D]         ['hw.conv', 'hw.conv', 'hw.conv', 'hw.conv', 'hw.mul', 'hw.add', 'hw.add', 'hw.dmain', 'hw.dmain', 'hw.dmain', 'hw.dmain', 'hw.dmain', 'hw.dmain', 'hw.dmaout']
[D]       EPOCH: 024 EpochBlock_26 LL_ATON_Start_EpochBlock_26/LL_ATON_End_EpochBlock_26 ['epoch_start', 'epoch_end', 'pure_hw'] [0, 3, 4, 6, 7] -> [8] EpochType.HW
[D]         ['hw.conv', 'hw.conv', 'hw.conv', 'hw.conv', 'hw.mul', 'hw.add', 'hw.sub', 'hw.dmain', 'hw.dmain', 'hw.dmain', 'hw.dmain', 'hw.dmain', 'hw.dmaout']
[D]       EPOCH: 025 EpochBlock_27 LL_ATON_Start_EpochBlock_27/LL_ATON_End_EpochBlock_27 ['epoch_start', 'epoch_end', 'pure_hw'] [2, 6] -> [1] EpochType.HW
[D]         ['hw.conv', 'hw.mul', 'hw.add', 'hw.sub', 'hw.dmain', 'hw.dmain', 'hw.dmaout']
[D]       EPOCH: 026 EpochBlock_28 LL_ATON_Start_EpochBlock_28/LL_ATON_End_EpochBlock_28 ['epoch_start', 'epoch_end', 'pure_hw'] [1, 2, 3, 5, 6, 9] -> [8] EpochType.HW
[D]         ['hw.conv', 'hw.conv', 'hw.conv', 'hw.conv', 'hw.mul', 'hw.add', 'hw.add', 'hw.dmain', 'hw.dmain', 'hw.dmain', 'hw.dmain', 'hw.dmain', 'hw.dmain', 'hw.dmaout']
[D]       EPOCH: 027 EpochBlock_29 LL_ATON_Start_EpochBlock_29/LL_ATON_End_EpochBlock_29 ['epoch_start', 'epoch_end', 'pure_hw'] [0, 4, 7, 8, 9] -> [1] EpochType.HW
[D]         ['hw.conv', 'hw.conv', 'hw.conv', 'hw.conv', 'hw.mul', 'hw.add', 'hw.sub', 'hw.dmain', 'hw.dmain', 'hw.dmain', 'hw.dmain', 'hw.dmain', 'hw.dmaout']
[D]       EPOCH: 028 EpochBlock_30 LL_ATON_Start_EpochBlock_30/LL_ATON_End_EpochBlock_30 ['epoch_start', 'epoch_end', 'pure_hw'] [9] -> [0] EpochType.HW
[D]         ['hw.memcpy.identity', 'hw.dmain', 'hw.dmaout']
[D]       EPOCH: 029 EpochBlock_31 LL_ATON_Start_EpochBlock_31/LL_ATON_End_EpochBlock_31 ['epoch_start', 'epoch_end', 'pure_hw'] [2, 4, 5, 7] -> [3] EpochType.HW
[D]         ['hw.conv', 'hw.conv', 'hw.add', 'hw.mul', 'hw.add', 'hw.sub', 'hw.dmain', 'hw.dmain', 'hw.dmain', 'hw.dmain', 'hw.dmaout']
[D]       EPOCH: 030 EpochBlock_32 LL_ATON_Start_EpochBlock_32/LL_ATON_End_EpochBlock_32 ['epoch_start', 'epoch_end', 'pure_hw'] [0, 2, 5, 7, 8] -> [3] EpochType.HW
[D]         ['hw.conv', 'hw.conv', 'hw.conv', 'hw.conv', 'hw.mul', 'hw.add', 'hw.dmain', 'hw.dmain', 'hw.dmain', 'hw.dmain', 'hw.dmain', 'hw.dmaout']
[D]       EPOCH: 031 EpochBlock_33 LL_ATON_Start_EpochBlock_33/LL_ATON_End_EpochBlock_33 ['epoch_start', 'epoch_end', 'pure_hw'] [2] -> [5] EpochType.HW
[D]         ['hw.memcpy.identity', 'hw.dmain', 'hw.dmaout']
[D]       EPOCH: 032 EpochBlock_34 LL_ATON_Start_EpochBlock_34/LL_ATON_End_EpochBlock_34 ['epoch_start', 'epoch_end', 'pure_hw'] [0, 1, 2, 3, 4, 6, 7, 9] -> [5, 8] EpochType.HW
[D]         ['hw.conv', 'hw.conv', 'hw.conv', 'hw.conv', 'hw.mul', 'hw.add', 'hw.sub', 'hw.dmain', 'hw.dmain', 'hw.dmain', 'hw.dmain', 'hw.dmain', 'hw.dmain', 'hw.dmain', 'hw.dmain', 'hw.dmaout', 'hw.dmaout']
[D]       EPOCH: 033 EpochBlock_35 LL_ATON_Start_EpochBlock_35/LL_ATON_End_EpochBlock_35 ['epoch_start', 'epoch_end', 'pure_hw'] [8] -> [0] EpochType.HW
[D]         ['hw.memcpy.identity', 'hw.dmain', 'hw.dmaout']
[D]       EPOCH: 034 EpochBlock_36 LL_ATON_Start_EpochBlock_36/LL_ATON_End_EpochBlock_36 ['epoch_start', 'epoch_end', 'pure_hw'] [0, 1, 2, 5, 6, 9] -> [3] EpochType.HW
[D]         ['hw.conv', 'hw.conv', 'hw.add', 'hw.mul', 'hw.add', 'hw.sub', 'hw.dmain', 'hw.dmain', 'hw.dmain', 'hw.dmain', 'hw.dmain', 'hw.dmain', 'hw.dmaout']
[D]       EPOCH: 035 EpochBlock_37 LL_ATON_Start_EpochBlock_37/LL_ATON_End_EpochBlock_37 ['epoch_start', 'epoch_end', 'pure_hw'] [1, 2, 3, 4, 6, 8] -> [0, 9] EpochType.HW
[D]         ['hw.conv', 'hw.conv', 'hw.conv', 'hw.mul', 'hw.add', 'hw.add', 'hw.dmain', 'hw.dmain', 'hw.dmain', 'hw.dmain', 'hw.dmain', 'hw.dmain', 'hw.dmaout', 'hw.dmaout']
[D]       EPOCH: 036 EpochBlock_38 LL_ATON_Start_EpochBlock_38/LL_ATON_End_EpochBlock_38 ['epoch_start', 'epoch_end', 'pure_hw'] [9] -> [0] EpochType.HW
[D]         ['hw.memcpy.identity', 'hw.dmain', 'hw.dmaout']
[D]       EPOCH: 037 EpochBlock_39 LL_ATON_Start_EpochBlock_39/LL_ATON_End_EpochBlock_39 ['epoch_start', 'epoch_end', 'pure_hw'] [0, 1, 2, 3, 4, 5, 6, 7] -> [8, 9] EpochType.HW
[D]         ['hw.conv', 'hw.conv', 'hw.conv', 'hw.conv', 'hw.mul', 'hw.add', 'hw.sub', 'hw.dmain', 'hw.dmain', 'hw.dmain', 'hw.dmain', 'hw.dmain', 'hw.dmain', 'hw.dmain', 'hw.dmain', 'hw.dmaout', 'hw.dmaout']
[D]       EPOCH: 038 EpochBlock_40 LL_ATON_Start_EpochBlock_40/LL_ATON_End_EpochBlock_40 ['epoch_start', 'epoch_end', 'pure_hw'] [6] -> [2] EpochType.HW
[D]         ['hw.memcpy.identity', 'hw.dmain', 'hw.dmaout']
[D]       EPOCH: 039 EpochBlock_41 LL_ATON_Start_EpochBlock_41/LL_ATON_End_EpochBlock_41 ['epoch_start', 'epoch_end', 'pure_hw'] [1, 3, 4, 6, 7, 9] -> [0] EpochType.HW
[D]         ['hw.conv', 'hw.conv', 'hw.add', 'hw.mul', 'hw.add', 'hw.sub', 'hw.dmain', 'hw.dmain', 'hw.dmain', 'hw.dmain', 'hw.dmain', 'hw.dmain', 'hw.dmaout']
[D]       EPOCH: 040 EpochBlock_42 LL_ATON_Start_EpochBlock_42/LL_ATON_End_EpochBlock_42 ['epoch_start', 'epoch_end', 'pure_hw'] [0, 1, 2, 3, 5, 7] -> [4, 6] EpochType.HW
[D]         ['hw.conv', 'hw.conv', 'hw.conv', 'hw.mul', 'hw.add', 'hw.add', 'hw.dmain', 'hw.dmain', 'hw.dmain', 'hw.dmain', 'hw.dmain', 'hw.dmain', 'hw.dmaout', 'hw.dmaout']
[D]       EPOCH: 041 EpochBlock_43 LL_ATON_Start_EpochBlock_43/LL_ATON_End_EpochBlock_43 ['epoch_start', 'epoch_end', 'pure_hw'] [4] -> [6] EpochType.HW
[D]         ['hw.memcpy.identity', 'hw.dmain', 'hw.dmaout']
[D]       EPOCH: 042 EpochBlock_44 LL_ATON_Start_EpochBlock_44/LL_ATON_End_EpochBlock_44 ['epoch_start', 'epoch_end', 'pure_hw'] [0, 1, 2, 3, 4, 5, 8, 9] -> [6, 7] EpochType.HW
[D]         ['hw.conv', 'hw.conv', 'hw.conv', 'hw.conv', 'hw.mul', 'hw.add', 'hw.sub', 'hw.dmain', 'hw.dmain', 'hw.dmain', 'hw.dmain', 'hw.dmain', 'hw.dmain', 'hw.dmain', 'hw.dmain', 'hw.dmaout', 'hw.dmaout']
[D]       EPOCH: 043 EpochBlock_45 LL_ATON_Start_EpochBlock_45/LL_ATON_End_EpochBlock_45 ['epoch_start', 'epoch_end', 'pure_hw'] [3] -> [6] EpochType.HW
[D]         ['hw.memcpy.identity', 'hw.dmain', 'hw.dmaout']
[D]       EPOCH: 044 EpochBlock_46 LL_ATON_Start_EpochBlock_46/LL_ATON_End_EpochBlock_46 ['epoch_start', 'epoch_end', 'pure_hw'] [1, 2, 3, 4, 7, 8] -> [6] EpochType.HW
[D]         ['hw.conv', 'hw.conv', 'hw.add', 'hw.mul', 'hw.add', 'hw.sub', 'hw.dmain', 'hw.dmain', 'hw.dmain', 'hw.dmain', 'hw.dmain', 'hw.dmain', 'hw.dmaout']
[D]       EPOCH: 045 EpochBlock_47 LL_ATON_Start_EpochBlock_47/LL_ATON_End_EpochBlock_47 ['epoch_start', 'epoch_end', 'pure_hw'] [0, 1, 2, 5, 7] -> [6, 8] EpochType.HW
[D]         ['hw.conv', 'hw.conv', 'hw.conv', 'hw.mul', 'hw.add', 'hw.dmain', 'hw.dmain', 'hw.dmain', 'hw.dmain', 'hw.dmain', 'hw.dmaout', 'hw.dmaout']
[D]       EPOCH: 046 EpochBlock_48 LL_ATON_Start_EpochBlock_48/LL_ATON_End_EpochBlock_48 ['epoch_start', 'epoch_end', 'pure_hw'] [1, 3, 4, 5, 6, 7, 8, 9] -> [0, 2] EpochType.HW
[D]         ['hw.conv', 'hw.conv', 'hw.conv', 'hw.conv', 'hw.mul', 'hw.add', 'hw.sub', 'hw.dmain', 'hw.dmain', 'hw.dmain', 'hw.dmain', 'hw.dmain', 'hw.dmain', 'hw.dmain', 'hw.dmain', 'hw.dmaout', 'hw.dmaout']
[D]       EPOCH: 047 EpochBlock_49 LL_ATON_Start_EpochBlock_49/LL_ATON_End_EpochBlock_49 ['epoch_start', 'epoch_end', 'pure_hw'] [5] -> [3] EpochType.HW
[D]         ['hw.memcpy.identity', 'hw.dmain', 'hw.dmaout']
[D]       EPOCH: 048 EpochBlock_50 LL_ATON_Start_EpochBlock_50/LL_ATON_End_EpochBlock_50 ['epoch_start', 'epoch_end', 'pure_hw'] [2, 3, 5, 6, 7, 9] -> [4] EpochType.HW
[D]         ['hw.conv', 'hw.conv', 'hw.add', 'hw.mul', 'hw.add', 'hw.sub', 'hw.dmain', 'hw.dmain', 'hw.dmain', 'hw.dmain', 'hw.dmain', 'hw.dmain', 'hw.dmaout']
[D]       EPOCH: 049 EpochBlock_51 LL_ATON_Start_EpochBlock_51/LL_ATON_End_EpochBlock_51 ['epoch_start', 'epoch_end', 'pure_hw'] [1, 3, 4, 5, 6, 8] -> [0, 2] EpochType.HW
[D]         ['hw.conv', 'hw.conv', 'hw.conv', 'hw.mul', 'hw.add', 'hw.add', 'hw.dmain', 'hw.dmain', 'hw.dmain', 'hw.dmain', 'hw.dmain', 'hw.dmain', 'hw.dmaout', 'hw.dmaout']
[D]       EPOCH: 050 EpochBlock_52 LL_ATON_Start_EpochBlock_52/LL_ATON_End_EpochBlock_52 ['epoch_start', 'epoch_end', 'pure_hw'] [0, 3, 4, 5, 6, 7, 8, 9] -> [1, 2] EpochType.HW
[D]         ['hw.conv', 'hw.conv', 'hw.conv', 'hw.conv', 'hw.mul', 'hw.add', 'hw.sub', 'hw.dmain', 'hw.dmain', 'hw.dmain', 'hw.dmain', 'hw.dmain', 'hw.dmain', 'hw.dmain', 'hw.dmain', 'hw.dmaout', 'hw.dmaout']
[D]       EPOCH: 051 EpochBlock_53 LL_ATON_Start_EpochBlock_53/LL_ATON_End_EpochBlock_53 ['epoch_start', 'epoch_end', 'pure_hw'] [6] -> [4] EpochType.HW
[D]         ['hw.memcpy.identity', 'hw.dmain', 'hw.dmaout']
[D]       EPOCH: 052 EpochBlock_54 LL_ATON_Start_EpochBlock_54/LL_ATON_End_EpochBlock_54 ['epoch_start', 'epoch_end', 'pure_hw'] [1, 4, 5, 6, 8, 9] -> [2] EpochType.HW
[D]         ['hw.conv', 'hw.conv', 'hw.add', 'hw.mul', 'hw.add', 'hw.sub', 'hw.dmain', 'hw.dmain', 'hw.dmain', 'hw.dmain', 'hw.dmain', 'hw.dmain', 'hw.dmaout']
[D]       EPOCH: 053 EpochBlock_55 LL_ATON_Start_EpochBlock_55/LL_ATON_End_EpochBlock_55 ['epoch_start', 'epoch_end', 'pure_hw'] [1, 2, 3, 5, 6, 8] -> [0, 4] EpochType.HW
[D]         ['hw.conv', 'hw.conv', 'hw.conv', 'hw.mul', 'hw.add', 'hw.add', 'hw.dmain', 'hw.dmain', 'hw.dmain', 'hw.dmain', 'hw.dmain', 'hw.dmain', 'hw.dmaout', 'hw.dmaout']
[D]       EPOCH: 054 EpochBlock_56 LL_ATON_Start_EpochBlock_56/LL_ATON_End_EpochBlock_56 ['epoch_start', 'epoch_end', 'pure_hw'] [0, 1, 2, 3, 4, 5, 7, 8] -> [6, 9] EpochType.HW
[D]         ['hw.conv', 'hw.conv', 'hw.conv', 'hw.conv', 'hw.mul', 'hw.add', 'hw.sub', 'hw.dmain', 'hw.dmain', 'hw.dmain', 'hw.dmain', 'hw.dmain', 'hw.dmain', 'hw.dmain', 'hw.dmain', 'hw.dmaout', 'hw.dmaout']
[D]       EPOCH: 055 EpochBlock_57 LL_ATON_Start_EpochBlock_57/LL_ATON_End_EpochBlock_57 ['epoch_start', 'epoch_end', 'pure_hw'] [4] -> [5] EpochType.HW
[D]         ['hw.memcpy.identity', 'hw.dmain', 'hw.dmaout']
[D]       EPOCH: 056 EpochBlock_58 LL_ATON_Start_EpochBlock_58/LL_ATON_End_EpochBlock_58 ['epoch_start', 'epoch_end', 'pure_hw'] [1, 2, 6, 7, 8, 9] -> [0] EpochType.HW
[D]         ['hw.conv', 'hw.conv', 'hw.add', 'hw.mul', 'hw.add', 'hw.sub', 'hw.dmain', 'hw.dmain', 'hw.dmain', 'hw.dmain', 'hw.dmain', 'hw.dmain', 'hw.dmaout']
[D]       EPOCH: 057 EpochBlock_59 LL_ATON_Start_EpochBlock_59/LL_ATON_End_EpochBlock_59 ['epoch_start', 'epoch_end', 'pure_hw'] [0, 1, 4, 5, 6, 8] -> [7, 9] EpochType.HW
[D]         ['hw.conv', 'hw.conv', 'hw.conv', 'hw.mul', 'hw.add', 'hw.add', 'hw.dmain', 'hw.dmain', 'hw.dmain', 'hw.dmain', 'hw.dmain', 'hw.dmain', 'hw.dmaout', 'hw.dmaout']
[D]       EPOCH: 058 EpochBlock_60 LL_ATON_Start_EpochBlock_60/LL_ATON_End_EpochBlock_60 ['epoch_start', 'epoch_end', 'pure_hw'] [0, 2, 4, 5, 6, 7, 8, 9] -> [1, 3] EpochType.HW
[D]         ['hw.conv', 'hw.conv', 'hw.conv', 'hw.conv', 'hw.mul', 'hw.add', 'hw.sub', 'hw.dmain', 'hw.dmain', 'hw.dmain', 'hw.dmain', 'hw.dmain', 'hw.dmain', 'hw.dmain', 'hw.dmain', 'hw.dmaout', 'hw.dmaout']
[D]       EPOCH: 059 EpochBlock_61 LL_ATON_Start_EpochBlock_61/LL_ATON_End_EpochBlock_61 ['epoch_start', 'epoch_end', 'pure_hw'] [0, 3, 6, 7] -> [8] EpochType.HW
[D]         ['hw.conv', 'hw.mul', 'hw.add', 'hw.averagepool', 'hw.add', 'hw.dmain', 'hw.dmain', 'hw.dmain', 'hw.dmain', 'hw.dmaout']
[D]       EPOCH: 060 EpochBlock_62 LL_ATON_Start_EpochBlock_62/LL_ATON_End_EpochBlock_62 ['epoch_start', 'epoch_end', 'pure_hw'] [3, 4, 7, 9] -> [0, 2, 5, 6] EpochType.HW
[D]         ['hw.sub', 'hw.sub', 'hw.sub', 'hw.sub', 'hw.dmain', 'hw.dmain', 'hw.dmain', 'hw.dmain', 'hw.dmaout', 'hw.dmaout', 'hw.dmaout', 'hw.dmaout']
[D]       EPOCH: 061 EpochBlock_63 LL_ATON_Start_EpochBlock_63/LL_ATON_End_EpochBlock_63 ['epoch_start', 'epoch_end', 'pure_hw'] [1, 2, 4, 6, 8, 9] -> [0, 3, 7] EpochType.HW
[D]         ['hw.conv', 'hw.mul', 'hw.conv', 'hw.mul', 'hw.add', 'hw.conv', 'hw.mul', 'hw.dmain', 'hw.dmain', 'hw.dmain', 'hw.dmain', 'hw.dmain', 'hw.dmain', 'hw.dmaout', 'hw.dmaout', 'hw.dmaout']
[D]       EPOCH: 062 EpochBlock_64 /LL_ATON_End_EpochBlock_64 ['epoch_start', 'epoch_end', 'pure_sw'] [] -> [] EpochType.SW
[D]         ['sw.dequantizelinear']
[D]       EPOCH: 063 EpochBlock_65 LL_ATON_Start_EpochBlock_65/LL_ATON_End_EpochBlock_65 ['epoch_start', 'epoch_end', 'pure_hw'] [0, 2, 4, 9] -> [1, 3, 6] EpochType.HW
[D]         ['hw.conv', 'hw.add', 'hw.sigmoid', 'hw.add', 'hw.dmain', 'hw.dmain', 'hw.dmain', 'hw.dmain', 'hw.dmaout', 'hw.dmaout', 'hw.dmaout']
[D]       EPOCH: 064 EpochBlock_66 /LL_ATON_End_EpochBlock_66 ['epoch_start', 'epoch_end', 'pure_sw'] [] -> [] EpochType.SW
[D]         ['sw.dequantizelinear']
[D]       EPOCH: 065 EpochBlock_67 /LL_ATON_End_EpochBlock_67 ['epoch_start', 'epoch_end', 'pure_sw'] [] -> [] EpochType.SW
[D]         ['sw.dequantizelinear']
[D]       EPOCH: 066 EpochBlock_68 LL_ATON_Start_EpochBlock_68/LL_ATON_End_EpochBlock_68 ['epoch_start', 'epoch_end', 'pure_hw'] [4] -> [7] EpochType.HW
[D]         ['hw.mul', 'hw.add', 'hw.sigmoid', 'hw.dmain', 'hw.dmaout']
[D]       EPOCH: 067 EpochBlock_69 /LL_ATON_End_EpochBlock_69 ['epoch_start', 'epoch_end', 'pure_sw'] [] -> [] EpochType.SW
[D]         ['sw.dequantizelinear']
[D]    <- 68 epoch descriptors found (132)
[D]    
[D]    -> CNpuNetworkJson (v0.1), file="results/hand_landmarks_output_20250720_231053/st_ai_ws/neural_art__network/c_info.json"
[D]       JSON schema version : 2.0
[D]       
[D]       CNpuNetworkJson: 71 n_ops=837282496 cycles=9150655 m_cycles=25399333 ops/cycle ideal/min=91.5/33.0
[D]       
[D]       ┌───────────────┬───────────┬────────────┬────────────┬──────────────┬───────────────────┬─────────────────────┬───────────────┬─────────────┬───────────────────────────────────────────────────────────────────────────────────────────────────────────┐
[D]       │ name          │ mapping   │      n_ops │   n_cycles │   r/w cycles │        max cycles │   n_ops/cycle C-M-R │   r/w (Bytes) │   BW (MB/s) │ mpool:BW (MB/s) [r/w bytes]                                                                               │
[D]       ├───────────────┼───────────┼────────────┼────────────┼──────────────┼───────────────────┼─────────────────────┼───────────────┼─────────────┼───────────────────────────────────────────────────────────────────────────────────────────────────────────┤
[D]       │ EpochBlock_0  │ NODE_HW   │          0 │          0 │            0 │         0   0.00% │    0.0    0.0  0.00 │             0 │       0.000 │                                                                                                           │
[D]       │ EpochBlock_1  │ NODE_HW   │          0 │          0 │            0 │         0   0.00% │    0.0    0.0  0.00 │             0 │       0.000 │                                                                                                           │
[D]       │ EpochBlock_2  │ NODE_HW   │    150,528 │    150,528 │       47,040 │   150,528   0.59% │    1.0    1.0  1.00 │       301,056 │    1907.349 │ npuRAM5:1907.349 [150528/150528]                                                                          │
[D]       │ EpochBlock_3  │ NODE_HW   │ 60,813,312 │    451,584 │      178,896 │   451,584   1.78% │  134.7  134.7  1.00 │     1,056,072 │    2230.258 │ octoFlash:5.018 [2376/0] npuRAM5:953.674 [451584/0] cpuRAM2:1271.566 [0/602112]                           │
[D]       │ EpochBlock_4  │ NODE_HW   │    602,112 │    301,056 │      141,120 │   301,056   1.19% │    2.0    2.0  1.00 │       903,168 │    2861.023 │ npuRAM5:953.674 [0/301056] cpuRAM2:1907.349 [602112/0]                                                    │
[D]       │ EpochBlock_5  │ NODE_HW   │ 10,035,200 │    301,056 │       80,704 │   301,056   1.19% │   33.3   33.3  1.00 │       502,144 │    1590.674 │ octoFlash:1.216 [384/0] npuRAM5:953.674 [301056/0] npuRAM4:635.783 [0/200704]                             │
[D]       │ EpochBlock_6  │ NODE_HW   │ 28,098,560 │    802,816 │      382,464 │   802,816   3.16% │   35.0   35.0  1.00 │     1,606,656 │    1908.565 │ octoFlash:1.216 [1024/0] npuRAM4:953.674 [802816/0] cpuRAM2:953.674 [0/802816]                            │
[D]       │ EpochBlock_7  │ NODE_HW   │ 29,503,488 │    802,816 │      309,888 │   802,816   3.16% │   36.8   36.8  1.00 │     1,008,128 │    1197.567 │ octoFlash:5.474 [4608/0] npuRAM5:238.419 [0/200704] cpuRAM2:953.674 [802816/0]                            │
[D]       │ EpochBlock_8  │ NODE_HW   │  9,784,320 │     75,264 │       25,285 │    75,264   0.30% │  130.0  130.0  1.00 │       277,504 │    3516.269 │ octoFlash:19.463 [1536/0] npuRAM5:2543.132 [200704/0] npuRAM3:953.674 [0/75264]                           │
[D]       │ EpochBlock_9  │ NODE_HW   │ 23,030,784 │    451,584 │      161,856 │   451,584   1.78% │   51.0   51.0  1.00 │       906,624 │    1914.647 │ octoFlash:7.299 [3456/0] npuRAM4:953.674 [0/451584] npuRAM3:953.674 [451584/0]                            │
[D]       │ EpochBlock_10 │ NODE_HW   │ 66,382,848 │    451,584 │      203,328 │   451,584   1.78% │  147.0  147.0  1.00 │       913,536 │    1929.244 │ octoFlash:21.896 [10368/0] npuRAM5:953.674 [0/451584] npuRAM4:953.674 [451584/0]                          │
[D]       │ EpochBlock_11 │ NODE_HW   │ 21,901,824 │     75,264 │       53,952 │    75,264   0.30% │  291.0  291.0  1.00 │       605,568 │    7673.186 │ octoFlash:43.791 [3456/0] npuRAM5:5722.046 [451584/0] npuRAM4:953.674 [0/75264] npuRAM3:953.674 [75264/0] │
[D]       │ EpochBlock_12 │ NODE_HW   │ 23,030,784 │    451,584 │      161,856 │   451,584   1.78% │   51.0   51.0  1.00 │       906,624 │    1914.647 │ octoFlash:7.299 [3456/0] npuRAM5:953.674 [0/451584] npuRAM4:953.674 [451584/0]                            │
[D]       │ EpochBlock_13 │ NODE_HW   │          0 │          0 │      141,120 │    70,560   0.28% │    0.0    0.0  0.00 │       903,168 │   12207.031 │ npuRAM5:6103.516 [451584/0] npuRAM4:6103.516 [0/451584]                                                   │
[D]       │ EpochBlock_14 │ NODE_HW   │  6,096,384 │    451,584 │      180,360 │   451,584   1.78% │   13.5   13.5  1.00 │     1,019,664 │    2153.370 │ octoFlash:7.603 [3600/0] npuRAM5:238.419 [0/112896] npuRAM4:1907.349 [903168/0]                           │
[D]       │ EpochBlock_15 │ NODE_HW   │  9,094,400 │     37,632 │       28,180 │    40,180   0.16% │  241.7  226.3  0.94 │       262,912 │    6240.230 │ octoFlash:136.714 [5760/0] npuRAM5:6103.516 [225792/31360]                                                │
[D]       │ EpochBlock_16 │ NODE_HW   │ 15,617,280 │    188,160 │      136,000 │   188,160   0.74% │   83.0   83.0  1.00 │       511,360 │    2591.788 │ octoFlash:48.657 [9600/0] npuRAM5:2543.132 [313600/188160]                                                │
[D]       │ EpochBlock_17 │ NODE_HW   │          0 │          0 │       58,800 │    58,800   0.23% │    0.0    0.0  0.00 │       376,320 │    6103.516 │ npuRAM5:6103.516 [188160/188160]                                                                          │
[D]       │ EpochBlock_18 │ NODE_HW   │ 10,160,640 │    188,160 │      124,200 │   188,160   0.74% │   54.0   54.0  1.00 │       570,480 │    2891.433 │ octoFlash:30.411 [6000/0] npuRAM5:2861.023 [376320/188160]                                                │
[D]       │ EpochBlock_19 │ NODE_HW   │ 15,146,880 │     62,720 │       48,600 │    68,600   0.27% │  241.5  220.8  0.91 │       448,640 │    6236.974 │ octoFlash:133.459 [9600/0] npuRAM5:6103.516 [407680/31360]                                                │
[D]       │ EpochBlock_20 │ NODE_HW   │ 15,617,280 │    188,160 │      136,000 │   188,160   0.74% │   83.0   83.0  1.00 │       511,360 │    2591.788 │ octoFlash:48.657 [9600/0] npuRAM5:2543.132 [313600/188160]                                                │
[D]       │ EpochBlock_21 │ NODE_HW   │  6,914,880 │    188,160 │      140,430 │   188,160   0.74% │   36.8   36.8  1.00 │       252,480 │    1279.675 │ octoFlash:87.582 [17280/0] npuRAM5:1192.093 [188160/47040]                                                │
[D]       │ EpochBlock_22 │ NODE_HW   │  7,557,760 │     31,360 │       50,650 │   115,200   0.45% │  241.0   65.6  0.27 │       223,040 │    1846.419 │ octoFlash:158.946 [19200/0] npuRAM5:1687.474 [188160/15680]                                               │
[D]       │ EpochBlock_23 │ NODE_HW   │ 15,335,040 │     94,080 │      294,100 │   230,400   0.91% │  163.0   66.6  0.41 │       446,080 │    1846.419 │ octoFlash:158.946 [38400/0] npuRAM5:1687.474 [313600/94080]                                               │
[D]       │ EpochBlock_24 │ NODE_HW   │ 13,829,760 │     94,080 │      236,760 │   207,360   0.82% │  147.0   66.7  0.45 │       222,720 │    1024.317 │ octoFlash:158.946 [34560/0] npuRAM5:865.371 [94080/94080]                                                 │
[D]       │ EpochBlock_25 │ NODE_HW   │ 15,099,840 │     31,360 │      101,300 │   230,400   0.91% │  481.5   65.5  0.14 │       446,080 │    1846.419 │ octoFlash:158.946 [38400/0] npuRAM5:1687.474 [392000/15680]                                               │
[D]       │ EpochBlock_26 │ NODE_HW   │ 15,335,040 │     94,080 │      294,100 │   230,400   0.91% │  163.0   66.6  0.41 │       446,080 │    1846.419 │ octoFlash:158.946 [38400/0] npuRAM5:1687.474 [313600/94080]                                               │
[D]       │ EpochBlock_27 │ NODE_HW   │ 13,829,760 │     94,080 │      236,760 │   207,360   0.82% │  147.0   66.7  0.45 │       222,720 │    1024.317 │ octoFlash:158.946 [34560/0] npuRAM5:865.371 [94080/94080]                                                 │
[D]       │ EpochBlock_28 │ NODE_HW   │ 15,099,840 │     31,360 │      101,300 │   230,400   0.91% │  481.5   65.5  0.14 │       446,080 │    1846.419 │ octoFlash:158.946 [38400/0] npuRAM5:1687.474 [392000/15680]                                               │
[D]       │ EpochBlock_29 │ NODE_HW   │ 15,335,040 │     94,080 │      294,100 │   230,400   0.91% │  163.0   66.6  0.41 │       446,080 │    1846.419 │ octoFlash:158.946 [38400/0] npuRAM5:1687.474 [313600/94080]                                               │
[D]       │ EpochBlock_30 │ NODE_HW   │          0 │          0 │       29,400 │    29,400   0.12% │    0.0    0.0  0.00 │       188,160 │    6103.516 │ npuRAM5:6103.516 [94080/94080]                                                                            │
[D]       │ EpochBlock_31 │ NODE_HW   │  5,080,320 │     94,080 │      116,100 │    94,080   0.37% │   54.0   54.0  1.00 │       294,240 │    2982.665 │ octoFlash:121.642 [12000/0] npuRAM5:2861.023 [188160/94080]                                               │
[D]       │ EpochBlock_32 │ NODE_HW   │ 21,117,824 │     54,880 │      145,250 │   322,560   1.27% │  384.8   65.5  0.17 │       734,272 │    2170.934 │ octoFlash:158.946 [53760/0] npuRAM5:2011.988 [658560/21952]                                               │
[D]       │ EpochBlock_33 │ NODE_HW   │          0 │          0 │        3,430 │     6,860   0.03% │    0.0    0.0  0.00 │        43,904 │    6103.516 │ npuRAM5:6103.516 [21952/21952]                                                                            │
[D]       │ EpochBlock_34 │ NODE_HW   │ 29,898,624 │    263,424 │      681,098 │   677,376   2.67% │  113.5   44.1  0.39 │     1,451,968 │    2044.219 │ octoFlash:158.946 [112896/0] npuRAM5:1885.273 [548800/790272]                                             │
[D]       │ EpochBlock_35 │ NODE_HW   │          0 │          0 │       41,160 │    41,160   0.16% │    0.0    0.0  0.00 │       263,424 │    6103.516 │ npuRAM5:6103.516 [131712/131712]                                                                          │
[D]       │ EpochBlock_36 │ NODE_HW   │  7,112,448 │    131,712 │      275,436 │   326,592   1.29% │   54.0   21.8  0.40 │       449,568 │    1312.774 │ octoFlash:158.946 [54432/0] npuRAM5:1153.828 [263424/131712]                                              │
[D]       │ EpochBlock_37 │ NODE_HW   │ 29,569,344 │    102,443 │      220,841 │   451,584   1.78% │  288.6   65.5  0.23 │     1,238,720 │    2615.982 │ octoFlash:158.946 [75264/0] npuRAM5:2457.036 [1031744/131712]                                             │
[D]       │ EpochBlock_38 │ NODE_HW   │          0 │          0 │        3,430 │     6,860   0.03% │    0.0    0.0  0.00 │        43,904 │    6103.516 │ npuRAM5:6103.516 [21952/21952]                                                                            │
[D]       │ EpochBlock_39 │ NODE_HW   │ 29,898,624 │    263,424 │      681,098 │   677,376   2.67% │  113.5   44.1  0.39 │     1,451,968 │    2044.219 │ octoFlash:158.946 [112896/0] npuRAM5:1885.273 [548800/790272]                                             │
[D]       │ EpochBlock_40 │ NODE_HW   │          0 │          0 │       41,160 │    41,160   0.16% │    0.0    0.0  0.00 │       263,424 │    6103.516 │ npuRAM5:6103.516 [131712/131712]                                                                          │
[D]       │ EpochBlock_41 │ NODE_HW   │  7,112,448 │    131,712 │      275,436 │   326,592   1.29% │   54.0   21.8  0.40 │       449,568 │    1312.774 │ octoFlash:158.946 [54432/0] npuRAM5:1153.828 [263424/131712]                                              │
[D]       │ EpochBlock_42 │ NODE_HW   │ 29,569,344 │    102,443 │      220,841 │   451,584   1.78% │  288.6   65.5  0.23 │     1,238,720 │    2615.982 │ octoFlash:158.946 [75264/0] npuRAM5:2457.036 [1031744/131712]                                             │
[D]       │ EpochBlock_43 │ NODE_HW   │          0 │          0 │        3,430 │     6,860   0.03% │    0.0    0.0  0.00 │        43,904 │    6103.516 │ npuRAM5:6103.516 [21952/21952]                                                                            │
[D]       │ EpochBlock_44 │ NODE_HW   │ 29,898,624 │    263,424 │      681,098 │   677,376   2.67% │  113.5   44.1  0.39 │     1,451,968 │    2044.219 │ octoFlash:158.946 [112896/0] npuRAM5:1885.273 [548800/790272]                                             │
[D]       │ EpochBlock_45 │ NODE_HW   │          0 │          0 │       41,160 │    41,160   0.16% │    0.0    0.0  0.00 │       263,424 │    6103.516 │ npuRAM5:6103.516 [131712/131712]                                                                          │
[D]       │ EpochBlock_46 │ NODE_HW   │  1,778,112 │    131,712 │      203,553 │   213,696   0.84% │   13.5    8.3  0.62 │       331,968 │    1481.494 │ octoFlash:158.946 [35616/0] npuRAM5:1322.548 [263424/32928]                                               │
[D]       │ EpochBlock_47 │ NODE_HW   │ 12,663,168 │     43,008 │      279,852 │   774,144   3.05% │  294.4   16.4  0.06 │       486,528 │     599.358 │ octoFlash:158.946 [129024/0] npuRAM5:440.412 [301056/56448]                                               │
[D]       │ EpochBlock_48 │ NODE_HW   │ 21,845,376 │    221,184 │    1,473,850 │ 1,520,640   5.99% │   98.8   14.4  0.15 │       827,328 │     518.861 │ octoFlash:158.946 [253440/0] npuRAM5:359.916 [235200/338688]                                              │
[D]       │ EpochBlock_49 │ NODE_HW   │          0 │          0 │       17,640 │    17,640   0.07% │    0.0    0.0  0.00 │       112,896 │    6103.516 │ npuRAM5:6103.516 [56448/56448]                                                                            │
[D]       │ EpochBlock_50 │ NODE_HW   │  3,048,192 │     56,448 │      296,028 │   366,336   1.44% │   54.0    8.3  0.15 │       230,400 │     599.795 │ octoFlash:158.946 [61056/0] npuRAM5:440.849 [112896/56448]                                                │
[D]       │ EpochBlock_51 │ NODE_HW   │ 21,704,256 │     73,728 │      478,383 │ 1,327,104   5.22% │  294.4   16.4  0.06 │       813,888 │     584.871 │ octoFlash:158.946 [221184/0] npuRAM5:425.925 [517440/75264]                                               │
[D]       │ EpochBlock_52 │ NODE_HW   │ 21,845,376 │    221,184 │    1,473,850 │ 1,520,640   5.99% │   98.8   14.4  0.15 │       827,328 │     518.861 │ octoFlash:158.946 [253440/0] npuRAM5:359.916 [235200/338688]                                              │
[D]       │ EpochBlock_53 │ NODE_HW   │          0 │          0 │       17,640 │    17,640   0.07% │    0.0    0.0  0.00 │       112,896 │    6103.516 │ npuRAM5:6103.516 [56448/56448]                                                                            │
[D]       │ EpochBlock_54 │ NODE_HW   │  3,048,192 │     56,448 │      296,028 │   366,336   1.44% │   54.0    8.3  0.15 │       230,400 │     599.795 │ octoFlash:158.946 [61056/0] npuRAM5:440.849 [112896/56448]                                                │
[D]       │ EpochBlock_55 │ NODE_HW   │ 21,704,256 │     73,728 │      478,383 │ 1,327,104   5.22% │  294.4   16.4  0.06 │       813,888 │     584.871 │ octoFlash:158.946 [221184/0] npuRAM5:425.925 [517440/75264]                                               │
[D]       │ EpochBlock_56 │ NODE_HW   │ 21,845,376 │    221,184 │    1,473,850 │ 1,520,640   5.99% │   98.8   14.4  0.15 │       827,328 │     518.861 │ octoFlash:158.946 [253440/0] npuRAM5:359.916 [235200/338688]                                              │
[D]       │ EpochBlock_57 │ NODE_HW   │          0 │          0 │       17,640 │    17,640   0.07% │    0.0    0.0  0.00 │       112,896 │    6103.516 │ npuRAM5:6103.516 [56448/56448]                                                                            │
[D]       │ EpochBlock_58 │ NODE_HW   │  3,048,192 │     56,448 │      296,028 │   366,336   1.44% │   54.0    8.3  0.15 │       230,400 │     599.795 │ octoFlash:158.946 [61056/0] npuRAM5:440.849 [112896/56448]                                                │
[D]       │ EpochBlock_59 │ NODE_HW   │ 21,704,256 │     73,728 │      478,383 │ 1,327,104   5.22% │  294.4   16.4  0.06 │       813,888 │     584.871 │ octoFlash:158.946 [221184/0] npuRAM5:425.925 [517440/75264]                                               │
[D]       │ EpochBlock_60 │ NODE_HW   │ 21,845,376 │    221,184 │    1,473,850 │ 1,520,640   5.99% │   98.8   14.4  0.15 │       827,328 │     518.861 │ octoFlash:158.946 [253440/0] npuRAM5:359.916 [235200/338688]                                              │
[D]       │ EpochBlock_61 │ NODE_HW   │  8,241,408 │     82,944 │      603,432 │   691,200   2.72% │   99.4   11.9  0.12 │       172,800 │     238.419 │ octoFlash:158.946 [115200/0] npuRAM5:79.473 [56448/1152]                                                  │
[D]       │ EpochBlock_62 │ NODE_HW   │      4,608 │      1,152 │        1,440 │     1,440   0.01% │    4.0    3.2  0.80 │         9,216 │    6103.516 │ npuRAM5:6103.516 [4608/4608]                                                                              │
[D]       │ EpochBlock_63 │ NODE_HW   │    292,798 │     24,192 │      293,046 │   877,824   3.46% │   12.1    0.3  0.03 │       154,559 │     167.914 │ octoFlash:158.946 [146304/0] npuRAM5:8.968 [8064/191]                                                     │
[D]       │ EpochBlock_64 │ NODE_SW   │          0 │        128 │           30 │       128   0.00% │    0.0    0.0  1.00 │           320 │    2384.186 │ octoFlash:37.253 [5/0] npuRAM5:2346.933 [63/252]                                                          │
[D]       │ EpochBlock_65 │ NODE_HW   │      2,368 │        384 │        2,382 │     6,912   0.03% │    6.2    0.3  0.06 │         2,497 │     344.520 │ octoFlash:158.946 [1152/0] npuRAM5:185.575 [1280/65]                                                      │
[D]       │ EpochBlock_66 │ NODE_SW   │          0 │        128 │           30 │       128   0.00% │    0.0    0.0  1.00 │           320 │    2384.186 │ octoFlash:37.253 [5/0] npuRAM5:2346.933 [63/252]                                                          │
[D]       │ EpochBlock_67 │ NODE_SW   │          0 │          4 │           12 │        30   0.00% │    0.0    0.0  0.13 │            10 │     317.891 │ octoFlash:158.946 [5/0] npuRAM5:158.946 [1/4]                                                             │
[D]       │ EpochBlock_68 │ NODE_HW   │          2 │          1 │            0 │         1   0.00% │    2.0    2.0  1.00 │             3 │    2861.023 │ npuRAM5:2861.023 [2/1]                                                                                    │
[D]       │ EpochBlock_69 │ NODE_SW   │          0 │          4 │           12 │        30   0.00% │    0.0    0.0  0.13 │            10 │     317.891 │ octoFlash:158.946 [5/0] npuRAM5:158.946 [1/4]                                                             │
[D]       │ EpochBlock_70 │ NODE_SW   │          0 │          0 │            0 │         0   0.00% │    0.0    0.0  0.00 │             0 │       0.000 │                                                                                                           │
[D]       └───────────────┴───────────┴────────────┴────────────┴──────────────┴───────────────────┴─────────────────────┴───────────────┴─────────────┴───────────────────────────────────────────────────────────────────────────────────────────────────────────┘
[D]        Table: JSON info - mapping, memory accesses and cycles per epoch
[D]       
[D]    <- CNpuNetworkJson: 71 n_ops=837282496 cycles=9150655 m_cycles=25399333 ops/cycle ideal/min=91.5/33.0
[D] <- CNpuNetworkDesc done
 Creating AiRunner session with `serial:/dev/tty.usbmodemCDC_ACM0011` descriptor
[D] creating "AiRunner" object (v3.2)
[D] resolving('desc' parameter: 'serial:/dev/tty.usbmodemCDC_ACM0011')..
[D] creating <stm_ai_runner.pb_mgr_drv.AiPbMsg object at 0x103f5fee0> (v2.0)
[D] creating <stm_ai_runner.serial_hw_drv.SerialHwDriver object at 0x103dfd720>
[D] 'desc' parameter for 'AiPbMsg' driver: '/dev/tty.usbmodemCDC_ACM0011'
[D] connecting..
[D] baud=115200 device=/dev/tty.usbmodemCDC_ACM0011 timeout=0.1 io_hw_log=None
[D] 0: {'device': '/dev/tty.usbmodemCDC_ACM0011'}
[D] -> [sync msg]
[D]    version: 769
[D]    capability: 1
[D]    rtid: 65540
[D] <- [sync msg]
[D] CMD_SYNC v3.1
[D] connection successful
[D] -> [sys_info msg]
[D]    devid: 1158
[D]    sclock: 800000000
[D]    hclock: 400000000
[D]    cache: 83954688
[D]    com_param: 382
[D]    extra: 0
[D]    extra: 1000000000
[D]    extra: 900000000
[D]    extra: 0
[D] <- [sys_info msg]
[D] -> [model_info msg]
[D]    name: "network"
[D]    rtid: 117506052
[D]    signature: ""
[D]    compile_datetime: "Jul 20 2025 23:11:43"
[D]    runtime_version: 167837696
[D]    tool_version: 16843008
[D]    n_macc: 0
[D]    n_nodes: 68
[D]    n_inputs: 1
[D]    inputs {
[D]      name: "Input_0_out_0"
[D]      format: 263232
[D]      size: 150528
[D]      n_dims: 4
[D]      dims: 1
[D]      dims: 224
[D]      dims: 224
[D]      dims: 3
[D]      scale: 0.0039215684
[D]      zeropoint: 0
[D]      addr: 875429888
[D]      flags: 1025
[D]    }
[D]    n_outputs: 4
[D]    outputs {
[D]      name: "Dequantize_223_out_0"
[D]      format: 8523840
[D]      size: 1
[D]      n_dims: 2
[D]      dims: 1
[D]      dims: 1
[D]      scale: 0.0
[D]      zeropoint: 0
[D]      addr: 875430416
[D]      flags: 1026
[D]    }
[D]    outputs {
[D]      name: "Dequantize_229_out_0"
[D]      format: 8523840
[D]      size: 63
[D]      n_dims: 2
[D]      dims: 1
[D]      dims: 63
[D]      scale: 0.0
[D]      zeropoint: 0
[D]      addr: 875430144
[D]      flags: 1026
[D]    }
[D]    outputs {
[D]      name: "Dequantize_219_out_0"
[D]      format: 8523840
[D]      size: 1
[D]      n_dims: 2
[D]      dims: 1
[D]      dims: 1
[D]      scale: 0.0
[D]      zeropoint: 0
[D]      addr: 875430400
[D]      flags: 1026
[D]    }
[D]    outputs {
[D]      name: "Dequantize_226_out_0"
[D]      format: 8523840
[D]      size: 63
[D]      n_dims: 2
[D]      dims: 1
[D]      dims: 63
[D]      scale: 0.0
[D]      zeropoint: 0
[D]      addr: 875429888
[D]      flags: 1026
[D]    }
[D]    n_activations: 1
[D]    activations {
[D]      name: ""
[D]      format: 263232
[D]      size: 0
[D]      n_dims: 1
[D]      dims: 0
[D]      scale: 0.0
[D]      zeropoint: 0
[D]      addr: 0
[D]      flags: 8
[D]    }
[D]    n_params: 1
[D]    params {
[D]      name: ""
[D]      format: 263232
[D]      size: 0
[D]      n_dims: 1
[D]      dims: 0
[D]      scale: 0.0
[D]      zeropoint: 0
[D]      addr: 0
[D]      flags: 8
[D]    }
[D]    runtime_desc: "atonn-v1.1.1-14-ge619e860 AE536891"
[D] <- [model_info msg]
[D] RT_DECODER: ST Neural ART (LL_ATON api), id=0x7010004, compiler=GCC, act=False, params=False, macc=False
[D] DEV_DECODER: stm32 family - 0x486 - STM32N6xx @800/400MHz, ['fpu', 'core_icache', 'core_dcache', 'npu_freq=1000MHz', 'nic_freq=900MHz']
[D] discover() found="network"
 Proto-buffer driver v2.0 (msg v3.1) (Serial driver v1.0 - /dev/tty.usbmodemCDC_ACM0011:115200) ['network']
  
  Summary 'network' - ['network']
  -------------------------------------------------------------------------------------------------------------------------------------
  I[1/1] 'Input_0_out_0'          :   uint8[1,224,224,3], 150528 Bytes, QLinear(0.003921568,0,uint8), activations                      
  O[1/4] 'Dequantize_223_out_0'   :   f32[1,1], 4 Bytes, activations                                                                   
  O[2/4] 'Dequantize_229_out_0'   :   f32[1,63], 252 Bytes, activations                                                                
  O[3/4] 'Dequantize_219_out_0'   :   f32[1,1], 4 Bytes, activations                                                                   
  O[4/4] 'Dequantize_226_out_0'   :   f32[1,63], 252 Bytes, activations                                                                
  n_nodes                         :   68                                                                                               
  compile_datetime                :   Jul 20 2025 23:11:43                                                                             
  -------------------------------------------------------------------------------------------------------------------------------------
  protocol                        :   Proto-buffer driver v2.0 (msg v3.1) (Serial driver v1.0 - /dev/tty.usbmodemCDC_ACM0011:115200)   
  tools                           :   ST Neural ART (LL_ATON api) v1.1.1                                                               
  runtime lib                     :   atonn-v1.1.1-14-ge619e860 (optimized SW lib v10.1.0-ae536891 GCC)                                
  capabilities                    :   IO_ONLY, PER_LAYER, PER_LAYER_WITH_DATA                                                          
  device.desc                     :   stm32 family - 0x486 - STM32N6xx @800/400MHz                                                     
  device.attrs                    :   fpu,core_icache,core_dcache,npu_freq=1000MHz,nic_freq=900MHz                                     
  -------------------------------------------------------------------------------------------------------------------------------------
[D] creating AiRunnerProfile object
 
 -> collecting statistics (b=10, mode=Mode.DEBUG|PER_LAYER)..
[D]    -> Requested RUN mode: Mode.PERF_ONLY (param=0b1000001001, option=0x1)
[D]       SEND INPUT TENSOR #0 ((1, 224, 224, 3)/uint8) last=True..
[D]        buffer is filled with a simple value: 102
[D]       ----------------------------------------
[D]       INFERENCE DONE
[D]        name="network" counters="CPU cycles"[0, 0, 0, 18023211, 0] dur=22.529ms id=0.0 type=0x0/NONE,"epoch"
[D]       RECEIVE OUTPUT TENSOR #0 last=False..
[D]        IOTensor: Dequantize_223_out_0, O_0, , 0x342e0210 f32[1,1], 4 Bytes
[D]       RECEIVE OUTPUT TENSOR #1 last=False..
[D]        IOTensor: Dequantize_229_out_0, O_1, , 0x342e0100 f32[1,63], 252 Bytes
[D]       RECEIVE OUTPUT TENSOR #2 last=False..
[D]        IOTensor: Dequantize_219_out_0, O_2, , 0x342e0200 f32[1,1], 4 Bytes
[D]       RECEIVE OUTPUT TENSOR #3 last=True..
[D]        IOTensor: Dequantize_226_out_0, O_3, , 0x342e0000 f32[1,63], 252 Bytes
[D]    <- done (target dur=22.529ms)
[D]    -> Requested RUN mode: Mode.PERF_ONLY (param=0b1000001001, option=0x0)
[D]       SEND INPUT TENSOR #0 ((1, 224, 224, 3)/uint8) last=True..
[D]        buffer is filled with a simple value: 227
[D]       ----------------------------------------
[D]       INFERENCE DONE
[D]        name="network" counters="CPU cycles"[0, 0, 0, 18017411, 0] dur=22.522ms id=0.0 type=0x0/NONE,"epoch"
[D]       RECEIVE OUTPUT TENSOR #0 last=False..
[D]        IOTensor: Dequantize_223_out_0, O_0, , 0x342e0210 f32[1,1], 4 Bytes
[D]       RECEIVE OUTPUT TENSOR #1 last=False..
[D]        IOTensor: Dequantize_229_out_0, O_1, , 0x342e0100 f32[1,63], 252 Bytes
[D]       RECEIVE OUTPUT TENSOR #2 last=False..
[D]        IOTensor: Dequantize_219_out_0, O_2, , 0x342e0200 f32[1,1], 4 Bytes
[D]       RECEIVE OUTPUT TENSOR #3 last=True..
[D]        IOTensor: Dequantize_226_out_0, O_3, , 0x342e0000 f32[1,63], 252 Bytes
[D]    <- done (target dur=22.522ms)
[D]    -> Requested RUN mode: Mode.PERF_ONLY (param=0b1000001001, option=0x0)
[D]       SEND INPUT TENSOR #0 ((1, 224, 224, 3)/uint8) last=True..
[D]        buffer is filled with a simple value: 88
[D]       ----------------------------------------
[D]       INFERENCE DONE
[D]        name="network" counters="CPU cycles"[0, 0, 0, 18021067, 0] dur=22.526ms id=0.0 type=0x0/NONE,"epoch"
[D]       RECEIVE OUTPUT TENSOR #0 last=False..
[D]        IOTensor: Dequantize_223_out_0, O_0, , 0x342e0210 f32[1,1], 4 Bytes
[D]       RECEIVE OUTPUT TENSOR #1 last=False..
[D]        IOTensor: Dequantize_229_out_0, O_1, , 0x342e0100 f32[1,63], 252 Bytes
[D]       RECEIVE OUTPUT TENSOR #2 last=False..
[D]        IOTensor: Dequantize_219_out_0, O_2, , 0x342e0200 f32[1,1], 4 Bytes
[D]       RECEIVE OUTPUT TENSOR #3 last=True..
[D]        IOTensor: Dequantize_226_out_0, O_3, , 0x342e0000 f32[1,63], 252 Bytes
[D]    <- done (target dur=22.526ms)
[D]    -> Requested RUN mode: Mode.PERF_ONLY (param=0b1000001001, option=0x0)
[D]       SEND INPUT TENSOR #0 ((1, 224, 224, 3)/uint8) last=True..
[D]        buffer is filled with a simple value: 232
[D]       ----------------------------------------
[D]       INFERENCE DONE
[D]        name="network" counters="CPU cycles"[0, 0, 0, 18021843, 0] dur=22.527ms id=0.0 type=0x0/NONE,"epoch"
[D]       RECEIVE OUTPUT TENSOR #0 last=False..
[D]        IOTensor: Dequantize_223_out_0, O_0, , 0x342e0210 f32[1,1], 4 Bytes
[D]       RECEIVE OUTPUT TENSOR #1 last=False..
[D]        IOTensor: Dequantize_229_out_0, O_1, , 0x342e0100 f32[1,63], 252 Bytes
[D]       RECEIVE OUTPUT TENSOR #2 last=False..
[D]        IOTensor: Dequantize_219_out_0, O_2, , 0x342e0200 f32[1,1], 4 Bytes
[D]       RECEIVE OUTPUT TENSOR #3 last=True..
[D]        IOTensor: Dequantize_226_out_0, O_3, , 0x342e0000 f32[1,63], 252 Bytes
[D]    <- done (target dur=22.527ms)
[D]    -> Requested RUN mode: Mode.PERF_ONLY (param=0b1000001001, option=0x0)
[D]       SEND INPUT TENSOR #0 ((1, 224, 224, 3)/uint8) last=True..
[D]        buffer is filled with a simple value: 191
[D]       ----------------------------------------
[D]       INFERENCE DONE
[D]        name="network" counters="CPU cycles"[0, 0, 0, 18026825, 0] dur=22.534ms id=0.0 type=0x0/NONE,"epoch"
[D]       RECEIVE OUTPUT TENSOR #0 last=False..
[D]        IOTensor: Dequantize_223_out_0, O_0, , 0x342e0210 f32[1,1], 4 Bytes
[D]       RECEIVE OUTPUT TENSOR #1 last=False..
[D]        IOTensor: Dequantize_229_out_0, O_1, , 0x342e0100 f32[1,63], 252 Bytes
[D]       RECEIVE OUTPUT TENSOR #2 last=False..
[D]        IOTensor: Dequantize_219_out_0, O_2, , 0x342e0200 f32[1,1], 4 Bytes
[D]       RECEIVE OUTPUT TENSOR #3 last=True..
[D]        IOTensor: Dequantize_226_out_0, O_3, , 0x342e0000 f32[1,63], 252 Bytes
[D]    <- done (target dur=22.534ms)
[D]    -> Requested RUN mode: Mode.PERF_ONLY (param=0b1000001001, option=0x0)
[D]       SEND INPUT TENSOR #0 ((1, 224, 224, 3)/uint8) last=True..
[D]        buffer is filled with a simple value: 217
[D]       ----------------------------------------
[D]       INFERENCE DONE
[D]        name="network" counters="CPU cycles"[0, 0, 0, 18021259, 0] dur=22.527ms id=0.0 type=0x0/NONE,"epoch"
[D]       RECEIVE OUTPUT TENSOR #0 last=False..
[D]        IOTensor: Dequantize_223_out_0, O_0, , 0x342e0210 f32[1,1], 4 Bytes
[D]       RECEIVE OUTPUT TENSOR #1 last=False..
[D]        IOTensor: Dequantize_229_out_0, O_1, , 0x342e0100 f32[1,63], 252 Bytes
[D]       RECEIVE OUTPUT TENSOR #2 last=False..
[D]        IOTensor: Dequantize_219_out_0, O_2, , 0x342e0200 f32[1,1], 4 Bytes
[D]       RECEIVE OUTPUT TENSOR #3 last=True..
[D]        IOTensor: Dequantize_226_out_0, O_3, , 0x342e0000 f32[1,63], 252 Bytes
[D]    <- done (target dur=22.527ms)
[D]    -> Requested RUN mode: Mode.PERF_ONLY (param=0b1000001001, option=0x0)
[D]       SEND INPUT TENSOR #0 ((1, 224, 224, 3)/uint8) last=True..
[D]        buffer is filled with a simple value: 76
[D]       ----------------------------------------
[D]       INFERENCE DONE
[D]        name="network" counters="CPU cycles"[0, 0, 0, 18023621, 0] dur=22.530ms id=0.0 type=0x0/NONE,"epoch"
[D]       RECEIVE OUTPUT TENSOR #0 last=False..
[D]        IOTensor: Dequantize_223_out_0, O_0, , 0x342e0210 f32[1,1], 4 Bytes
[D]       RECEIVE OUTPUT TENSOR #1 last=False..
[D]        IOTensor: Dequantize_229_out_0, O_1, , 0x342e0100 f32[1,63], 252 Bytes
[D]       RECEIVE OUTPUT TENSOR #2 last=False..
[D]        IOTensor: Dequantize_219_out_0, O_2, , 0x342e0200 f32[1,1], 4 Bytes
[D]       RECEIVE OUTPUT TENSOR #3 last=True..
[D]        IOTensor: Dequantize_226_out_0, O_3, , 0x342e0000 f32[1,63], 252 Bytes
[D]    <- done (target dur=22.530ms)
[D]    -> Requested RUN mode: Mode.PERF_ONLY (param=0b1000001001, option=0x0)
[D]       SEND INPUT TENSOR #0 ((1, 224, 224, 3)/uint8) last=True..
[D]        buffer is filled with a simple value: 142
[D]       ----------------------------------------
[D]       INFERENCE DONE
[D]        name="network" counters="CPU cycles"[0, 0, 0, 18023343, 0] dur=22.529ms id=0.0 type=0x0/NONE,"epoch"
[D]       RECEIVE OUTPUT TENSOR #0 last=False..
[D]        IOTensor: Dequantize_223_out_0, O_0, , 0x342e0210 f32[1,1], 4 Bytes
[D]       RECEIVE OUTPUT TENSOR #1 last=False..
[D]        IOTensor: Dequantize_229_out_0, O_1, , 0x342e0100 f32[1,63], 252 Bytes
[D]       RECEIVE OUTPUT TENSOR #2 last=False..
[D]        IOTensor: Dequantize_219_out_0, O_2, , 0x342e0200 f32[1,1], 4 Bytes
[D]       RECEIVE OUTPUT TENSOR #3 last=True..
[D]        IOTensor: Dequantize_226_out_0, O_3, , 0x342e0000 f32[1,63], 252 Bytes
[D]    <- done (target dur=22.529ms)
[D]    -> Requested RUN mode: Mode.PERF_ONLY (param=0b1000001001, option=0x0)
[D]       SEND INPUT TENSOR #0 ((1, 224, 224, 3)/uint8) last=True..
[D]        buffer is filled with a simple value: 207
[D]       ----------------------------------------
[D]       INFERENCE DONE
[D]        name="network" counters="CPU cycles"[0, 0, 0, 18021673, 0] dur=22.527ms id=0.0 type=0x0/NONE,"epoch"
[D]       RECEIVE OUTPUT TENSOR #0 last=False..
[D]        IOTensor: Dequantize_223_out_0, O_0, , 0x342e0210 f32[1,1], 4 Bytes
[D]       RECEIVE OUTPUT TENSOR #1 last=False..
[D]        IOTensor: Dequantize_229_out_0, O_1, , 0x342e0100 f32[1,63], 252 Bytes
[D]       RECEIVE OUTPUT TENSOR #2 last=False..
[D]        IOTensor: Dequantize_219_out_0, O_2, , 0x342e0200 f32[1,1], 4 Bytes
[D]       RECEIVE OUTPUT TENSOR #3 last=True..
[D]        IOTensor: Dequantize_226_out_0, O_3, , 0x342e0000 f32[1,63], 252 Bytes
[D]    <- done (target dur=22.527ms)
[D]    -> Requested RUN mode: Mode.PERF_ONLY (param=0b1000001001, option=0x0)
[D]       SEND INPUT TENSOR #0 ((1, 224, 224, 3)/uint8) last=True..
[D]        buffer is filled with a simple value: 89
[D]       ----------------------------------------
[D]       INFERENCE DONE
[D]        name="network" counters="CPU cycles"[0, 0, 0, 18020995, 0] dur=22.526ms id=0.0 type=0x0/NONE,"epoch"
[D]       RECEIVE OUTPUT TENSOR #0 last=False..
[D]        IOTensor: Dequantize_223_out_0, O_0, , 0x342e0210 f32[1,1], 4 Bytes
[D]       RECEIVE OUTPUT TENSOR #1 last=False..
[D]        IOTensor: Dequantize_229_out_0, O_1, , 0x342e0100 f32[1,63], 252 Bytes
[D]       RECEIVE OUTPUT TENSOR #2 last=False..
[D]        IOTensor: Dequantize_219_out_0, O_2, , 0x342e0200 f32[1,1], 4 Bytes
[D]       RECEIVE OUTPUT TENSOR #3 last=True..
[D]        IOTensor: Dequantize_226_out_0, O_3, , 0x342e0000 f32[1,63], 252 Bytes
[D]    <- done (target dur=22.526ms)
    collect input streng activities and NPU cache counters
[D]    -> Requested RUN mode: Mode.DEBUG|PERF_ONLY|PER_LAYER (param=0b1100001011, option=0x3101)
[D]       SEND INPUT TENSOR #0 ((1, 224, 224, 3)/uint8) last=True..
[D]        buffer is filled with a simple value: 102
[D]       ----------------------------------------
[D]       INTERNAL OPERATOR (idx=0, name=EpochBlock_2)
[D]        name="" counters="CPU cycles"[3532, 121065, 1721] dur=0.158ms id=2.2 type=0x5000000/INTERNAL|WITHOUT_TENSOR,"epoch"
[D]       ----------------------------------------
[D]       INTERNAL OPERATOR (idx=1, name=EpochBlock_3)
[D]        name="" counters="CPU cycles"[15540, 363802, 3249] dur=0.478ms id=3.3 type=0x5000000/INTERNAL|WITHOUT_TENSOR,"epoch"
[D]       ----------------------------------------
[D]       INTERNAL OPERATOR (idx=2, name=EpochBlock_4)
[D]        name="" counters="CPU cycles"[5740, 241634, 1423] dur=0.311ms id=4.4 type=0x5000000/INTERNAL|WITHOUT_TENSOR,"epoch"
[D]       ----------------------------------------
[D]       INTERNAL OPERATOR (idx=3, name=EpochBlock_5)
[D]        name="" counters="CPU cycles"[8652, 242520, 2025] dur=0.316ms id=5.5 type=0x5000000/INTERNAL|WITHOUT_TENSOR,"epoch"
[D]       ----------------------------------------
[D]       INTERNAL OPERATOR (idx=4, name=EpochBlock_6)
[D]        name="" counters="CPU cycles"[18508, 644274, 2329] dur=0.831ms id=6.6 type=0x5000000/INTERNAL|WITHOUT_TENSOR,"epoch"
[D]       ----------------------------------------
[D]       INTERNAL OPERATOR (idx=5, name=EpochBlock_7)
[D]        name="" counters="CPU cycles"[17788, 643270, 2329] dur=0.829ms id=7.7 type=0x5000000/INTERNAL|WITHOUT_TENSOR,"epoch"
[D]       ----------------------------------------
[D]       INTERNAL OPERATOR (idx=6, name=EpochBlock_8)
[D]        name="" counters="CPU cycles"[9620, 64018, 1985] dur=0.095ms id=8.8 type=0x5000000/INTERNAL|WITHOUT_TENSOR,"epoch"
[D]       ----------------------------------------
[D]       INTERNAL OPERATOR (idx=7, name=EpochBlock_9)
[D]        name="" counters="CPU cycles"[33828, 363890, 2327] dur=0.500ms id=9.9 type=0x5000000/INTERNAL|WITHOUT_TENSOR,"epoch"
[D]       ----------------------------------------
[D]       INTERNAL OPERATOR (idx=8, name=EpochBlock_10)
[D]        name="" counters="CPU cycles"[33484, 377346, 2348] dur=0.516ms id=10.10 type=0x5000000/INTERNAL|WITHOUT_TENSOR,"epoch"
[D]       ----------------------------------------
[D]       INTERNAL OPERATOR (idx=9, name=EpochBlock_11)
[D]        name="" counters="CPU cycles"[12260, 67898, 3314] dur=0.104ms id=11.11 type=0x5000000/INTERNAL|WITHOUT_TENSOR,"epoch"
[D]       ----------------------------------------
[D]       INTERNAL OPERATOR (idx=10, name=EpochBlock_12)
[D]        name="" counters="CPU cycles"[33268, 363802, 2452] dur=0.499ms id=12.12 type=0x5000000/INTERNAL|WITHOUT_TENSOR,"epoch"
[D]       ----------------------------------------
[D]       INTERNAL OPERATOR (idx=11, name=EpochBlock_13)
[D]        name="" counters="CPU cycles"[1892, 405626, 790] dur=0.510ms id=13.13 type=0x5000000/INTERNAL|WITHOUT_TENSOR,"epoch"
[D]       ----------------------------------------
[D]       INTERNAL OPERATOR (idx=12, name=EpochBlock_14)
[D]        name="" counters="CPU cycles"[36140, 366626, 3569] dur=0.508ms id=14.14 type=0x5000000/INTERNAL|WITHOUT_TENSOR,"epoch"
[D]       ----------------------------------------
[D]       INTERNAL OPERATOR (idx=13, name=EpochBlock_15)
[D]        name="" counters="CPU cycles"[14372, 36530, 2625] dur=0.067ms id=15.15 type=0x5000000/INTERNAL|WITHOUT_TENSOR,"epoch"
[D]       ----------------------------------------
[D]       INTERNAL OPERATOR (idx=14, name=EpochBlock_16)
[D]        name="" counters="CPU cycles"[53788, 153477, 2881] dur=0.263ms id=16.16 type=0x5000000/INTERNAL|WITHOUT_TENSOR,"epoch"
[D]       ----------------------------------------
[D]       INTERNAL OPERATOR (idx=15, name=EpochBlock_17)
[D]        name="" counters="CPU cycles"[2020, 181893, 753] dur=0.231ms id=17.17 type=0x5000000/INTERNAL|WITHOUT_TENSOR,"epoch"
[D]       ----------------------------------------
[D]       INTERNAL OPERATOR (idx=16, name=EpochBlock_18)
[D]        name="" counters="CPU cycles"[54620, 194426, 3457] dur=0.316ms id=18.18 type=0x5000000/INTERNAL|WITHOUT_TENSOR,"epoch"
[D]       ----------------------------------------
[D]       INTERNAL OPERATOR (idx=17, name=EpochBlock_19)
[D]        name="" counters="CPU cycles"[15508, 60634, 3270] dur=0.099ms id=19.19 type=0x5000000/INTERNAL|WITHOUT_TENSOR,"epoch"
[D]       ----------------------------------------
[D]       INTERNAL OPERATOR (idx=18, name=EpochBlock_20)
[D]        name="" counters="CPU cycles"[53391, 153226, 2974] dur=0.262ms id=20.20 type=0x5000000/INTERNAL|WITHOUT_TENSOR,"epoch"
[D]       ----------------------------------------
[D]       INTERNAL OPERATOR (idx=19, name=EpochBlock_21)
[D]        name="" counters="CPU cycles"[51892, 152634, 2281] dur=0.259ms id=21.21 type=0x5000000/INTERNAL|WITHOUT_TENSOR,"epoch"
[D]       ----------------------------------------
[D]       INTERNAL OPERATOR (idx=20, name=EpochBlock_22)
[D]        name="" counters="CPU cycles"[22380, 45354, 2577] dur=0.088ms id=22.22 type=0x5000000/INTERNAL|WITHOUT_TENSOR,"epoch"
[D]       ----------------------------------------
[D]       INTERNAL OPERATOR (idx=21, name=EpochBlock_23)
[D]        name="" counters="CPU cycles"[102196, 81330, 4402] dur=0.235ms id=23.23 type=0x5000000/INTERNAL|WITHOUT_TENSOR,"epoch"
[D]       ----------------------------------------
[D]       INTERNAL OPERATOR (idx=22, name=EpochBlock_24)
[D]        name="" counters="CPU cycles"[98484, 89181, 2353] dur=0.238ms id=24.24 type=0x5000000/INTERNAL|WITHOUT_TENSOR,"epoch"
[D]       ----------------------------------------
[D]       INTERNAL OPERATOR (idx=23, name=EpochBlock_25)
[D]        name="" counters="CPU cycles"[26980, 87741, 4537] dur=0.149ms id=25.25 type=0x5000000/INTERNAL|WITHOUT_TENSOR,"epoch"
[D]       ----------------------------------------
[D]       INTERNAL OPERATOR (idx=24, name=EpochBlock_26)
[D]        name="" counters="CPU cycles"[102292, 81290, 4233] dur=0.235ms id=26.26 type=0x5000000/INTERNAL|WITHOUT_TENSOR,"epoch"
[D]       ----------------------------------------
[D]       INTERNAL OPERATOR (idx=25, name=EpochBlock_27)
[D]        name="" counters="CPU cycles"[98450, 89138, 2329] dur=0.237ms id=27.27 type=0x5000000/INTERNAL|WITHOUT_TENSOR,"epoch"
[D]       ----------------------------------------
[D]       INTERNAL OPERATOR (idx=26, name=EpochBlock_28)
[D]        name="" counters="CPU cycles"[26092, 87706, 4609] dur=0.148ms id=28.28 type=0x5000000/INTERNAL|WITHOUT_TENSOR,"epoch"
[D]       ----------------------------------------
[D]       INTERNAL OPERATOR (idx=27, name=EpochBlock_29)
[D]        name="" counters="CPU cycles"[102108, 80981, 4386] dur=0.234ms id=29.29 type=0x5000000/INTERNAL|WITHOUT_TENSOR,"epoch"
[D]       ----------------------------------------
[D]       INTERNAL OPERATOR (idx=28, name=EpochBlock_30)
[D]        name="" counters="CPU cycles"[1932, 97749, 790] dur=0.126ms id=30.30 type=0x5000000/INTERNAL|WITHOUT_TENSOR,"epoch"
[D]       ----------------------------------------
[D]       INTERNAL OPERATOR (idx=29, name=EpochBlock_31)
[D]        name="" counters="CPU cycles"[100978, 106474, 3662] dur=0.264ms id=31.31 type=0x5000000/INTERNAL|WITHOUT_TENSOR,"epoch"
[D]       ----------------------------------------
[D]       INTERNAL OPERATOR (idx=30, name=EpochBlock_32)
[D]        name="" counters="CPU cycles"[31524, 118115, 3929] dur=0.192ms id=32.32 type=0x5000000/INTERNAL|WITHOUT_TENSOR,"epoch"
[D]       ----------------------------------------
[D]       INTERNAL OPERATOR (idx=31, name=EpochBlock_33)
[D]        name="" counters="CPU cycles"[1924, 9509, 753] dur=0.015ms id=33.33 type=0x5000000/INTERNAL|WITHOUT_TENSOR,"epoch"
[D]       ----------------------------------------
[D]       INTERNAL OPERATOR (idx=32, name=EpochBlock_34)
[D]        name="" counters="CPU cycles"[12276, 418266, 5425] dur=0.545ms id=34.34 type=0x5000000/INTERNAL|WITHOUT_TENSOR,"epoch"
[D]       ----------------------------------------
[D]       INTERNAL OPERATOR (idx=33, name=EpochBlock_35)
[D]        name="" counters="CPU cycles"[1892, 136586, 721] dur=0.174ms id=35.35 type=0x5000000/INTERNAL|WITHOUT_TENSOR,"epoch"
[D]       ----------------------------------------
[D]       INTERNAL OPERATOR (idx=34, name=EpochBlock_36)
[D]        name="" counters="CPU cycles"[9052, 647970, 4113] dur=0.826ms id=36.36 type=0x5000000/INTERNAL|WITHOUT_TENSOR,"epoch"
[D]       ----------------------------------------
[D]       INTERNAL OPERATOR (idx=35, name=EpochBlock_37)
[D]        name="" counters="CPU cycles"[32524, 159970, 4537] dur=0.246ms id=37.37 type=0x5000000/INTERNAL|WITHOUT_TENSOR,"epoch"
[D]       ----------------------------------------
[D]       INTERNAL OPERATOR (idx=36, name=EpochBlock_38)
[D]        name="" counters="CPU cycles"[1884, 9466, 753] dur=0.015ms id=38.38 type=0x5000000/INTERNAL|WITHOUT_TENSOR,"epoch"
[D]       ----------------------------------------
[D]       INTERNAL OPERATOR (idx=37, name=EpochBlock_39)
[D]        name="" counters="CPU cycles"[12364, 427138, 5571] dur=0.556ms id=39.39 type=0x5000000/INTERNAL|WITHOUT_TENSOR,"epoch"
[D]       ----------------------------------------
[D]       INTERNAL OPERATOR (idx=38, name=EpochBlock_40)
[D]        name="" counters="CPU cycles"[1980, 136637, 753] dur=0.174ms id=40.40 type=0x5000000/INTERNAL|WITHOUT_TENSOR,"epoch"
[D]       ----------------------------------------
[D]       INTERNAL OPERATOR (idx=39, name=EpochBlock_41)
[D]        name="" counters="CPU cycles"[9124, 648786, 4177] dur=0.828ms id=41.41 type=0x5000000/INTERNAL|WITHOUT_TENSOR,"epoch"
[D]       ----------------------------------------
[D]       INTERNAL OPERATOR (idx=40, name=EpochBlock_42)
[D]        name="" counters="CPU cycles"[32985, 159746, 4489] dur=0.247ms id=42.42 type=0x5000000/INTERNAL|WITHOUT_TENSOR,"epoch"
[D]       ----------------------------------------
[D]       INTERNAL OPERATOR (idx=41, name=EpochBlock_43)
[D]        name="" counters="CPU cycles"[1924, 9466, 793] dur=0.015ms id=43.43 type=0x5000000/INTERNAL|WITHOUT_TENSOR,"epoch"
[D]       ----------------------------------------
[D]       INTERNAL OPERATOR (idx=42, name=EpochBlock_44)
[D]        name="" counters="CPU cycles"[12148, 418314, 5489] dur=0.545ms id=44.44 type=0x5000000/INTERNAL|WITHOUT_TENSOR,"epoch"
[D]       ----------------------------------------
[D]       INTERNAL OPERATOR (idx=43, name=EpochBlock_45)
[D]        name="" counters="CPU cycles"[1892, 136586, 753] dur=0.174ms id=45.45 type=0x5000000/INTERNAL|WITHOUT_TENSOR,"epoch"
[D]       ----------------------------------------
[D]       INTERNAL OPERATOR (idx=44, name=EpochBlock_46)
[D]        name="" counters="CPU cycles"[9068, 300210, 4158] dur=0.392ms id=46.46 type=0x5000000/INTERNAL|WITHOUT_TENSOR,"epoch"
[D]       ----------------------------------------
[D]       INTERNAL OPERATOR (idx=45, name=EpochBlock_47)
[D]        name="" counters="CPU cycles"[46612, 260581, 3937] dur=0.389ms id=47.47 type=0x5000000/INTERNAL|WITHOUT_TENSOR,"epoch"
[D]       ----------------------------------------
[D]       INTERNAL OPERATOR (idx=46, name=EpochBlock_48)
[D]        name="" counters="CPU cycles"[12180, 540021, 5457] dur=0.697ms id=48.48 type=0x5000000/INTERNAL|WITHOUT_TENSOR,"epoch"
[D]       ----------------------------------------
[D]       INTERNAL OPERATOR (idx=47, name=EpochBlock_49)
[D]        name="" counters="CPU cycles"[1972, 81114, 753] dur=0.105ms id=49.49 type=0x5000000/INTERNAL|WITHOUT_TENSOR,"epoch"
[D]       ----------------------------------------
[D]       INTERNAL OPERATOR (idx=48, name=EpochBlock_50)
[D]        name="" counters="CPU cycles"[9276, 502106, 4121] dur=0.644ms id=50.50 type=0x5000000/INTERNAL|WITHOUT_TENSOR,"epoch"
[D]       ----------------------------------------
[D]       INTERNAL OPERATOR (idx=49, name=EpochBlock_51)
[D]        name="" counters="CPU cycles"[48009, 445378, 4489] dur=0.622ms id=51.51 type=0x5000000/INTERNAL|WITHOUT_TENSOR,"epoch"
[D]       ----------------------------------------
[D]       INTERNAL OPERATOR (idx=50, name=EpochBlock_52)
[D]        name="" counters="CPU cycles"[12164, 533938, 5526] dur=0.690ms id=52.52 type=0x5000000/INTERNAL|WITHOUT_TENSOR,"epoch"
[D]       ----------------------------------------
[D]       INTERNAL OPERATOR (idx=51, name=EpochBlock_53)
[D]        name="" counters="CPU cycles"[1932, 81178, 721] dur=0.105ms id=53.53 type=0x5000000/INTERNAL|WITHOUT_TENSOR,"epoch"
[D]       ----------------------------------------
[D]       INTERNAL OPERATOR (idx=52, name=EpochBlock_54)
[D]        name="" counters="CPU cycles"[9004, 499722, 4113] dur=0.641ms id=54.54 type=0x5000000/INTERNAL|WITHOUT_TENSOR,"epoch"
[D]       ----------------------------------------
[D]       INTERNAL OPERATOR (idx=53, name=EpochBlock_55)
[D]        name="" counters="CPU cycles"[47953, 445322, 4505] dur=0.622ms id=55.55 type=0x5000000/INTERNAL|WITHOUT_TENSOR,"epoch"
[D]       ----------------------------------------
[D]       INTERNAL OPERATOR (idx=54, name=EpochBlock_56)
[D]        name="" counters="CPU cycles"[12233, 540058, 5457] dur=0.697ms id=56.56 type=0x5000000/INTERNAL|WITHOUT_TENSOR,"epoch"
[D]       ----------------------------------------
[D]       INTERNAL OPERATOR (idx=55, name=EpochBlock_57)
[D]        name="" counters="CPU cycles"[1860, 81122, 753] dur=0.105ms id=57.57 type=0x5000000/INTERNAL|WITHOUT_TENSOR,"epoch"
[D]       ----------------------------------------
[D]       INTERNAL OPERATOR (idx=56, name=EpochBlock_58)
[D]        name="" counters="CPU cycles"[9164, 502165, 4137] dur=0.644ms id=58.58 type=0x5000000/INTERNAL|WITHOUT_TENSOR,"epoch"
[D]       ----------------------------------------
[D]       INTERNAL OPERATOR (idx=57, name=EpochBlock_59)
[D]        name="" counters="CPU cycles"[47892, 445074, 4526] dur=0.622ms id=59.59 type=0x5000000/INTERNAL|WITHOUT_TENSOR,"epoch"
[D]       ----------------------------------------
[D]       INTERNAL OPERATOR (idx=58, name=EpochBlock_60)
[D]        name="" counters="CPU cycles"[12204, 533490, 5449] dur=0.689ms id=60.60 type=0x5000000/INTERNAL|WITHOUT_TENSOR,"epoch"
[D]       ----------------------------------------
[D]       INTERNAL OPERATOR (idx=59, name=EpochBlock_61)
[D]        name="" counters="CPU cycles"[7020, 346888, 3233] dur=0.446ms id=61.61 type=0x5000000/INTERNAL|WITHOUT_TENSOR,"epoch"
[D]       ----------------------------------------
[D]       INTERNAL OPERATOR (idx=60, name=EpochBlock_62)
[D]        name="" counters="CPU cycles"[8628, 1626, 3737] dur=0.017ms id=62.62 type=0x5000000/INTERNAL|WITHOUT_TENSOR,"epoch"
[D]       ----------------------------------------
[D]       INTERNAL OPERATOR (idx=61, name=EpochBlock_63)
[D]        name="" counters="CPU cycles"[18220, 468010, 5062] dur=0.614ms id=63.63 type=0x5000000/INTERNAL|WITHOUT_TENSOR,"epoch"
[D]       ----------------------------------------
[D]       INTERNAL OPERATOR (idx=62, name=EpochBlock_64)
[D]        name="" counters="CPU cycles"[83, 36, 4050] dur=0.005ms id=64.64 type=0x1000002/INTERNAL,"epoch (SW)"
[D]       INTERNAL TENSOR #0
[D]        IOTensor: Dequantize_226_out_0, E.64.0, , 0x342e0000 f32[1,63], 252 Bytes
[D]        last=True, data_size=0
[D]       ----------------------------------------
[D]       INTERNAL OPERATOR (idx=63, name=EpochBlock_65)
[D]        name="" counters="CPU cycles"[15748, 3226, 3582] dur=0.028ms id=65.65 type=0x5000000/INTERNAL|WITHOUT_TENSOR,"epoch"
[D]       ----------------------------------------
[D]       INTERNAL OPERATOR (idx=64, name=EpochBlock_66)
[D]        name="" counters="CPU cycles"[45, 36, 3394] dur=0.004ms id=66.66 type=0x1000002/INTERNAL,"epoch (SW)"
[D]       INTERNAL TENSOR #0
[D]        IOTensor: Dequantize_229_out_0, E.66.0, , 0x342e0100 f32[1,63], 252 Bytes
[D]        last=True, data_size=0
[D]       ----------------------------------------
[D]       INTERNAL OPERATOR (idx=65, name=EpochBlock_67)
[D]        name="" counters="CPU cycles"[45, 36, 2875] dur=0.004ms id=67.67 type=0x1000002/INTERNAL,"epoch (SW)"
[D]       INTERNAL TENSOR #0
[D]        IOTensor: Dequantize_219_out_0, E.67.0, , 0x342e0200 f32[1,1], 4 Bytes
[D]        last=True, data_size=0
[D]       ----------------------------------------
[D]       INTERNAL OPERATOR (idx=66, name=EpochBlock_68)
[D]        name="" counters="CPU cycles"[4524, 556, 1730] dur=0.009ms id=68.68 type=0x5000000/INTERNAL|WITHOUT_TENSOR,"epoch"
[D]       ----------------------------------------
[D]       INTERNAL OPERATOR (idx=67, name=EpochBlock_69)
[D]        name="" counters="CPU cycles"[45, 36, 2330] dur=0.003ms id=69.69 type=0x1000002/INTERNAL,"epoch (SW)"
[D]       INTERNAL TENSOR #0
[D]        IOTensor: Dequantize_223_out_0, E.69.0, , 0x342e0210 f32[1,1], 4 Bytes
[D]        last=True, data_size=0
[D]       ----------------------------------------
[D]       INFERENCE DONE
[D]        name="network" counters="CPU cycles"[1657109, 16094019, 212331, 17975673, 20125786] dur=22.470ms id=0.0 type=0x0/NONE,"epoch"
[D]       RECEIVE OUTPUT TENSOR #0 last=False..
[D]        IOTensor: Dequantize_223_out_0, O_0, , 0x342e0210 f32[1,1], 4 Bytes
[D]       RECEIVE OUTPUT TENSOR #1 last=False..
[D]        IOTensor: Dequantize_229_out_0, O_1, , 0x342e0100 f32[1,63], 252 Bytes
[D]       RECEIVE OUTPUT TENSOR #2 last=False..
[D]        IOTensor: Dequantize_219_out_0, O_2, , 0x342e0200 f32[1,1], 4 Bytes
[D]       RECEIVE OUTPUT TENSOR #3 last=True..
[D]        IOTensor: Dequantize_226_out_0, O_3, , 0x342e0000 f32[1,63], 252 Bytes
[D]    <- done (target dur=22.454ms)
[D]    -> Requested RUN mode: Mode.DEBUG|PERF_ONLY|PER_LAYER (param=0b1100001011, option=0x3100)
[D]       SEND INPUT TENSOR #0 ((1, 224, 224, 3)/uint8) last=True..
[D]        buffer is filled with a simple value: 227
[D]       ----------------------------------------
[D]       INTERNAL OPERATOR (idx=0, name=EpochBlock_2)
[D]        name="" counters="CPU cycles"[3518, 121061, 1651] dur=0.158ms id=2.2 type=0x5000000/INTERNAL|WITHOUT_TENSOR,"epoch"
[D]       ----------------------------------------
[D]       INTERNAL OPERATOR (idx=1, name=EpochBlock_3)
[D]        name="" counters="CPU cycles"[15396, 363802, 3249] dur=0.478ms id=3.3 type=0x5000000/INTERNAL|WITHOUT_TENSOR,"epoch"
[D]       ----------------------------------------
[D]       INTERNAL OPERATOR (idx=2, name=EpochBlock_4)
[D]        name="" counters="CPU cycles"[5668, 241634, 1385] dur=0.311ms id=4.4 type=0x5000000/INTERNAL|WITHOUT_TENSOR,"epoch"
[D]       ----------------------------------------
[D]       INTERNAL OPERATOR (idx=3, name=EpochBlock_5)
[D]        name="" counters="CPU cycles"[8708, 242563, 2025] dur=0.317ms id=5.5 type=0x5000000/INTERNAL|WITHOUT_TENSOR,"epoch"
[D]       ----------------------------------------
[D]       INTERNAL OPERATOR (idx=4, name=EpochBlock_6)
[D]        name="" counters="CPU cycles"[18556, 644274, 2329] dur=0.831ms id=6.6 type=0x5000000/INTERNAL|WITHOUT_TENSOR,"epoch"
[D]       ----------------------------------------
[D]       INTERNAL OPERATOR (idx=5, name=EpochBlock_7)
[D]        name="" counters="CPU cycles"[17868, 643270, 2329] dur=0.829ms id=7.7 type=0x5000000/INTERNAL|WITHOUT_TENSOR,"epoch"
[D]       ----------------------------------------
[D]       INTERNAL OPERATOR (idx=6, name=EpochBlock_8)
[D]        name="" counters="CPU cycles"[9540, 64100, 1985] dur=0.095ms id=8.8 type=0x5000000/INTERNAL|WITHOUT_TENSOR,"epoch"
[D]       ----------------------------------------
[D]       INTERNAL OPERATOR (idx=7, name=EpochBlock_9)
[D]        name="" counters="CPU cycles"[33820, 363890, 2327] dur=0.500ms id=9.9 type=0x5000000/INTERNAL|WITHOUT_TENSOR,"epoch"
[D]       ----------------------------------------
[D]       INTERNAL OPERATOR (idx=8, name=EpochBlock_10)
[D]        name="" counters="CPU cycles"[33492, 377346, 2310] dur=0.516ms id=10.10 type=0x5000000/INTERNAL|WITHOUT_TENSOR,"epoch"
[D]       ----------------------------------------
[D]       INTERNAL OPERATOR (idx=9, name=EpochBlock_11)
[D]        name="" counters="CPU cycles"[12212, 67898, 3354] dur=0.104ms id=11.11 type=0x5000000/INTERNAL|WITHOUT_TENSOR,"epoch"
[D]       ----------------------------------------
[D]       INTERNAL OPERATOR (idx=10, name=EpochBlock_12)
[D]        name="" counters="CPU cycles"[33356, 363802, 2404] dur=0.499ms id=12.12 type=0x5000000/INTERNAL|WITHOUT_TENSOR,"epoch"
[D]       ----------------------------------------
[D]       INTERNAL OPERATOR (idx=11, name=EpochBlock_13)
[D]        name="" counters="CPU cycles"[1932, 405618, 753] dur=0.510ms id=13.13 type=0x5000000/INTERNAL|WITHOUT_TENSOR,"epoch"
[D]       ----------------------------------------
[D]       INTERNAL OPERATOR (idx=12, name=EpochBlock_14)
[D]        name="" counters="CPU cycles"[36172, 366650, 3606] dur=0.508ms id=14.14 type=0x5000000/INTERNAL|WITHOUT_TENSOR,"epoch"
[D]       ----------------------------------------
[D]       INTERNAL OPERATOR (idx=13, name=EpochBlock_15)
[D]        name="" counters="CPU cycles"[14308, 36530, 2577] dur=0.067ms id=15.15 type=0x5000000/INTERNAL|WITHOUT_TENSOR,"epoch"
[D]       ----------------------------------------
[D]       INTERNAL OPERATOR (idx=14, name=EpochBlock_16)
[D]        name="" counters="CPU cycles"[53468, 153437, 2950] dur=0.262ms id=16.16 type=0x5000000/INTERNAL|WITHOUT_TENSOR,"epoch"
[D]       ----------------------------------------
[D]       INTERNAL OPERATOR (idx=15, name=EpochBlock_17)
[D]        name="" counters="CPU cycles"[1940, 181842, 753] dur=0.231ms id=17.17 type=0x5000000/INTERNAL|WITHOUT_TENSOR,"epoch"
[D]       ----------------------------------------
[D]       INTERNAL OPERATOR (idx=16, name=EpochBlock_18)
[D]        name="" counters="CPU cycles"[54764, 194397, 3505] dur=0.316ms id=18.18 type=0x5000000/INTERNAL|WITHOUT_TENSOR,"epoch"
[D]       ----------------------------------------
[D]       INTERNAL OPERATOR (idx=17, name=EpochBlock_19)
[D]        name="" counters="CPU cycles"[15700, 60634, 3233] dur=0.099ms id=19.19 type=0x5000000/INTERNAL|WITHOUT_TENSOR,"epoch"
[D]       ----------------------------------------
[D]       INTERNAL OPERATOR (idx=18, name=EpochBlock_20)
[D]        name="" counters="CPU cycles"[53716, 153301, 3012] dur=0.263ms id=20.20 type=0x5000000/INTERNAL|WITHOUT_TENSOR,"epoch"
[D]       ----------------------------------------
[D]       INTERNAL OPERATOR (idx=19, name=EpochBlock_21)
[D]        name="" counters="CPU cycles"[51852, 152642, 2241] dur=0.258ms id=21.21 type=0x5000000/INTERNAL|WITHOUT_TENSOR,"epoch"
[D]       ----------------------------------------
[D]       INTERNAL OPERATOR (idx=20, name=EpochBlock_22)
[D]        name="" counters="CPU cycles"[22292, 45394, 2609] dur=0.088ms id=22.22 type=0x5000000/INTERNAL|WITHOUT_TENSOR,"epoch"
[D]       ----------------------------------------
[D]       INTERNAL OPERATOR (idx=21, name=EpochBlock_23)
[D]        name="" counters="CPU cycles"[102114, 81290, 4308] dur=0.235ms id=23.23 type=0x5000000/INTERNAL|WITHOUT_TENSOR,"epoch"
[D]       ----------------------------------------
[D]       INTERNAL OPERATOR (idx=22, name=EpochBlock_24)
[D]        name="" counters="CPU cycles"[97932, 89178, 2289] dur=0.237ms id=24.24 type=0x5000000/INTERNAL|WITHOUT_TENSOR,"epoch"
[D]       ----------------------------------------
[D]       INTERNAL OPERATOR (idx=23, name=EpochBlock_25)
[D]        name="" counters="CPU cycles"[26844, 87658, 4537] dur=0.149ms id=25.25 type=0x5000000/INTERNAL|WITHOUT_TENSOR,"epoch"
[D]       ----------------------------------------
[D]       INTERNAL OPERATOR (idx=24, name=EpochBlock_26)
[D]        name="" counters="CPU cycles"[102553, 81253, 4270] dur=0.235ms id=26.26 type=0x5000000/INTERNAL|WITHOUT_TENSOR,"epoch"
[D]       ----------------------------------------
[D]       INTERNAL OPERATOR (idx=25, name=EpochBlock_27)
[D]        name="" counters="CPU cycles"[98412, 89138, 2403] dur=0.237ms id=27.27 type=0x5000000/INTERNAL|WITHOUT_TENSOR,"epoch"
[D]       ----------------------------------------
[D]       INTERNAL OPERATOR (idx=26, name=EpochBlock_28)
[D]        name="" counters="CPU cycles"[27060, 87706, 4614] dur=0.149ms id=28.28 type=0x5000000/INTERNAL|WITHOUT_TENSOR,"epoch"
[D]       ----------------------------------------
[D]       INTERNAL OPERATOR (idx=27, name=EpochBlock_29)
[D]        name="" counters="CPU cycles"[102340, 80978, 4418] dur=0.235ms id=29.29 type=0x5000000/INTERNAL|WITHOUT_TENSOR,"epoch"
[D]       ----------------------------------------
[D]       INTERNAL OPERATOR (idx=28, name=EpochBlock_30)
[D]        name="" counters="CPU cycles"[1932, 97757, 790] dur=0.126ms id=30.30 type=0x5000000/INTERNAL|WITHOUT_TENSOR,"epoch"
[D]       ----------------------------------------
[D]       INTERNAL OPERATOR (idx=29, name=EpochBlock_31)
[D]        name="" counters="CPU cycles"[101156, 106437, 3626] dur=0.264ms id=31.31 type=0x5000000/INTERNAL|WITHOUT_TENSOR,"epoch"
[D]       ----------------------------------------
[D]       INTERNAL OPERATOR (idx=30, name=EpochBlock_32)
[D]        name="" counters="CPU cycles"[31436, 118165, 3929] dur=0.192ms id=32.32 type=0x5000000/INTERNAL|WITHOUT_TENSOR,"epoch"
[D]       ----------------------------------------
[D]       INTERNAL OPERATOR (idx=31, name=EpochBlock_33)
[D]        name="" counters="CPU cycles"[1884, 9461, 753] dur=0.015ms id=33.33 type=0x5000000/INTERNAL|WITHOUT_TENSOR,"epoch"
[D]       ----------------------------------------
[D]       INTERNAL OPERATOR (idx=32, name=EpochBlock_34)
[D]        name="" counters="CPU cycles"[12356, 418189, 5449] dur=0.545ms id=34.34 type=0x5000000/INTERNAL|WITHOUT_TENSOR,"epoch"
[D]       ----------------------------------------
[D]       INTERNAL OPERATOR (idx=33, name=EpochBlock_35)
[D]        name="" counters="CPU cycles"[1852, 136586, 721] dur=0.174ms id=35.35 type=0x5000000/INTERNAL|WITHOUT_TENSOR,"epoch"
[D]       ----------------------------------------
[D]       INTERNAL OPERATOR (idx=34, name=EpochBlock_36)
[D]        name="" counters="CPU cycles"[9012, 648130, 4113] dur=0.827ms id=36.36 type=0x5000000/INTERNAL|WITHOUT_TENSOR,"epoch"
[D]       ----------------------------------------
[D]       INTERNAL OPERATOR (idx=35, name=EpochBlock_37)
[D]        name="" counters="CPU cycles"[32532, 159954, 4529] dur=0.246ms id=37.37 type=0x5000000/INTERNAL|WITHOUT_TENSOR,"epoch"
[D]       ----------------------------------------
[D]       INTERNAL OPERATOR (idx=36, name=EpochBlock_38)
[D]        name="" counters="CPU cycles"[1892, 9466, 790] dur=0.015ms id=38.38 type=0x5000000/INTERNAL|WITHOUT_TENSOR,"epoch"
[D]       ----------------------------------------
[D]       INTERNAL OPERATOR (idx=37, name=EpochBlock_39)
[D]        name="" counters="CPU cycles"[12434, 426978, 5558] dur=0.556ms id=39.39 type=0x5000000/INTERNAL|WITHOUT_TENSOR,"epoch"
[D]       ----------------------------------------
[D]       INTERNAL OPERATOR (idx=38, name=EpochBlock_40)
[D]        name="" counters="CPU cycles"[1948, 136594, 830] dur=0.174ms id=40.40 type=0x5000000/INTERNAL|WITHOUT_TENSOR,"epoch"
[D]       ----------------------------------------
[D]       INTERNAL OPERATOR (idx=39, name=EpochBlock_41)
[D]        name="" counters="CPU cycles"[9044, 648565, 4217] dur=0.827ms id=41.41 type=0x5000000/INTERNAL|WITHOUT_TENSOR,"epoch"
[D]       ----------------------------------------
[D]       INTERNAL OPERATOR (idx=40, name=EpochBlock_42)
[D]        name="" counters="CPU cycles"[32788, 159786, 4489] dur=0.246ms id=42.42 type=0x5000000/INTERNAL|WITHOUT_TENSOR,"epoch"
[D]       ----------------------------------------
[D]       INTERNAL OPERATOR (idx=41, name=EpochBlock_43)
[D]        name="" counters="CPU cycles"[1884, 9466, 793] dur=0.015ms id=43.43 type=0x5000000/INTERNAL|WITHOUT_TENSOR,"epoch"
[D]       ----------------------------------------
[D]       INTERNAL OPERATOR (idx=42, name=EpochBlock_44)
[D]        name="" counters="CPU cycles"[12148, 418378, 5425] dur=0.545ms id=44.44 type=0x5000000/INTERNAL|WITHOUT_TENSOR,"epoch"
[D]       ----------------------------------------
[D]       INTERNAL OPERATOR (idx=43, name=EpochBlock_45)
[D]        name="" counters="CPU cycles"[1892, 136586, 753] dur=0.174ms id=45.45 type=0x5000000/INTERNAL|WITHOUT_TENSOR,"epoch"
[D]       ----------------------------------------
[D]       INTERNAL OPERATOR (idx=44, name=EpochBlock_46)
[D]        name="" counters="CPU cycles"[9092, 300130, 4275] dur=0.392ms id=46.46 type=0x5000000/INTERNAL|WITHOUT_TENSOR,"epoch"
[D]       ----------------------------------------
[D]       INTERNAL OPERATOR (idx=45, name=EpochBlock_47)
[D]        name="" counters="CPU cycles"[46556, 260618, 4001] dur=0.389ms id=47.47 type=0x5000000/INTERNAL|WITHOUT_TENSOR,"epoch"
[D]       ----------------------------------------
[D]       INTERNAL OPERATOR (idx=46, name=EpochBlock_48)
[D]        name="" counters="CPU cycles"[12372, 541125, 5457] dur=0.699ms id=48.48 type=0x5000000/INTERNAL|WITHOUT_TENSOR,"epoch"
[D]       ----------------------------------------
[D]       INTERNAL OPERATOR (idx=47, name=EpochBlock_49)
[D]        name="" counters="CPU cycles"[1972, 81122, 793] dur=0.105ms id=49.49 type=0x5000000/INTERNAL|WITHOUT_TENSOR,"epoch"
[D]       ----------------------------------------
[D]       INTERNAL OPERATOR (idx=48, name=EpochBlock_50)
[D]        name="" counters="CPU cycles"[9356, 502274, 4065] dur=0.645ms id=50.50 type=0x5000000/INTERNAL|WITHOUT_TENSOR,"epoch"
[D]       ----------------------------------------
[D]       INTERNAL OPERATOR (idx=49, name=EpochBlock_51)
[D]        name="" counters="CPU cycles"[47972, 445418, 4489] dur=0.622ms id=51.51 type=0x5000000/INTERNAL|WITHOUT_TENSOR,"epoch"
[D]       ----------------------------------------
[D]       INTERNAL OPERATOR (idx=50, name=EpochBlock_52)
[D]        name="" counters="CPU cycles"[12252, 533947, 5462] dur=0.690ms id=52.52 type=0x5000000/INTERNAL|WITHOUT_TENSOR,"epoch"
[D]       ----------------------------------------
[D]       INTERNAL OPERATOR (idx=51, name=EpochBlock_53)
[D]        name="" counters="CPU cycles"[1932, 81130, 721] dur=0.105ms id=53.53 type=0x5000000/INTERNAL|WITHOUT_TENSOR,"epoch"
[D]       ----------------------------------------
[D]       INTERNAL OPERATOR (idx=52, name=EpochBlock_54)
[D]        name="" counters="CPU cycles"[9052, 499906, 4113] dur=0.641ms id=54.54 type=0x5000000/INTERNAL|WITHOUT_TENSOR,"epoch"
[D]       ----------------------------------------
[D]       INTERNAL OPERATOR (idx=53, name=EpochBlock_55)
[D]        name="" counters="CPU cycles"[47926, 445330, 4505] dur=0.622ms id=55.55 type=0x5000000/INTERNAL|WITHOUT_TENSOR,"epoch"
[D]       ----------------------------------------
[D]       INTERNAL OPERATOR (idx=54, name=EpochBlock_56)
[D]        name="" counters="CPU cycles"[12268, 540090, 5457] dur=0.697ms id=56.56 type=0x5000000/INTERNAL|WITHOUT_TENSOR,"epoch"
[D]       ----------------------------------------
[D]       INTERNAL OPERATOR (idx=55, name=EpochBlock_57)
[D]        name="" counters="CPU cycles"[1820, 81130, 753] dur=0.105ms id=57.57 type=0x5000000/INTERNAL|WITHOUT_TENSOR,"epoch"
[D]       ----------------------------------------
[D]       INTERNAL OPERATOR (idx=56, name=EpochBlock_58)
[D]        name="" counters="CPU cycles"[9234, 502173, 4137] dur=0.644ms id=58.58 type=0x5000000/INTERNAL|WITHOUT_TENSOR,"epoch"
[D]       ----------------------------------------
[D]       INTERNAL OPERATOR (idx=57, name=EpochBlock_59)
[D]        name="" counters="CPU cycles"[47796, 445117, 4559] dur=0.622ms id=59.59 type=0x5000000/INTERNAL|WITHOUT_TENSOR,"epoch"
[D]       ----------------------------------------
[D]       INTERNAL OPERATOR (idx=58, name=EpochBlock_60)
[D]        name="" counters="CPU cycles"[12212, 533554, 5547] dur=0.689ms id=60.60 type=0x5000000/INTERNAL|WITHOUT_TENSOR,"epoch"
[D]       ----------------------------------------
[D]       INTERNAL OPERATOR (idx=59, name=EpochBlock_61)
[D]        name="" counters="CPU cycles"[7034, 346885, 3246] dur=0.446ms id=61.61 type=0x5000000/INTERNAL|WITHOUT_TENSOR,"epoch"
[D]       ----------------------------------------
[D]       INTERNAL OPERATOR (idx=60, name=EpochBlock_62)
[D]        name="" counters="CPU cycles"[8572, 1666, 3737] dur=0.017ms id=62.62 type=0x5000000/INTERNAL|WITHOUT_TENSOR,"epoch"
[D]       ----------------------------------------
[D]       INTERNAL OPERATOR (idx=61, name=EpochBlock_63)
[D]        name="" counters="CPU cycles"[18540, 467962, 5025] dur=0.614ms id=63.63 type=0x5000000/INTERNAL|WITHOUT_TENSOR,"epoch"
[D]       ----------------------------------------
[D]       INTERNAL OPERATOR (idx=62, name=EpochBlock_64)
[D]        name="" counters="CPU cycles"[83, 36, 4111] dur=0.005ms id=64.64 type=0x1000002/INTERNAL,"epoch (SW)"
[D]       INTERNAL TENSOR #0
[D]        IOTensor: Dequantize_226_out_0, E.64.0, , 0x342e0000 f32[1,63], 252 Bytes
[D]        last=True, data_size=0
[D]       ----------------------------------------
[D]       INTERNAL OPERATOR (idx=63, name=EpochBlock_65)
[D]        name="" counters="CPU cycles"[16220, 3226, 3545] dur=0.029ms id=65.65 type=0x5000000/INTERNAL|WITHOUT_TENSOR,"epoch"
[D]       ----------------------------------------
[D]       INTERNAL OPERATOR (idx=64, name=EpochBlock_66)
[D]        name="" counters="CPU cycles"[45, 36, 3384] dur=0.004ms id=66.66 type=0x1000002/INTERNAL,"epoch (SW)"
[D]       INTERNAL TENSOR #0
[D]        IOTensor: Dequantize_229_out_0, E.66.0, , 0x342e0100 f32[1,63], 252 Bytes
[D]        last=True, data_size=0
[D]       ----------------------------------------
[D]       INTERNAL OPERATOR (idx=65, name=EpochBlock_67)
[D]        name="" counters="CPU cycles"[45, 36, 2901] dur=0.004ms id=67.67 type=0x1000002/INTERNAL,"epoch (SW)"
[D]       INTERNAL TENSOR #0
[D]        IOTensor: Dequantize_219_out_0, E.67.0, , 0x342e0200 f32[1,1], 4 Bytes
[D]        last=True, data_size=0
[D]       ----------------------------------------
[D]       INTERNAL OPERATOR (idx=66, name=EpochBlock_68)
[D]        name="" counters="CPU cycles"[4556, 554, 1706] dur=0.009ms id=68.68 type=0x5000000/INTERNAL|WITHOUT_TENSOR,"epoch"
[D]       ----------------------------------------
[D]       INTERNAL OPERATOR (idx=67, name=EpochBlock_69)
[D]        name="" counters="CPU cycles"[45, 36, 2322] dur=0.003ms id=69.69 type=0x1000002/INTERNAL,"epoch (SW)"
[D]       INTERNAL TENSOR #0
[D]        IOTensor: Dequantize_223_out_0, E.69.0, , 0x342e0210 f32[1,1], 4 Bytes
[D]        last=True, data_size=0
[D]       ----------------------------------------
[D]       INFERENCE DONE
[D]        name="network" counters="CPU cycles"[1658675, 16095285, 212502, 17978806, 20127525] dur=22.474ms id=0.0 type=0x0/NONE,"epoch"
[D]       RECEIVE OUTPUT TENSOR #0 last=False..
[D]        IOTensor: Dequantize_223_out_0, O_0, , 0x342e0210 f32[1,1], 4 Bytes
[D]       RECEIVE OUTPUT TENSOR #1 last=False..
[D]        IOTensor: Dequantize_229_out_0, O_1, , 0x342e0100 f32[1,63], 252 Bytes
[D]       RECEIVE OUTPUT TENSOR #2 last=False..
[D]        IOTensor: Dequantize_219_out_0, O_2, , 0x342e0200 f32[1,1], 4 Bytes
[D]       RECEIVE OUTPUT TENSOR #3 last=True..
[D]        IOTensor: Dequantize_226_out_0, O_3, , 0x342e0000 f32[1,63], 252 Bytes
[D]    <- done (target dur=22.458ms)
[D]    -> Requested RUN mode: Mode.DEBUG|PERF_ONLY|PER_LAYER (param=0b1100001011, option=0x3100)
[D]       SEND INPUT TENSOR #0 ((1, 224, 224, 3)/uint8) last=True..
[D]        buffer is filled with a simple value: 88
[D]       ----------------------------------------
[D]       INTERNAL OPERATOR (idx=0, name=EpochBlock_2)
[D]        name="" counters="CPU cycles"[3524, 121072, 1689] dur=0.158ms id=2.2 type=0x5000000/INTERNAL|WITHOUT_TENSOR,"epoch"
[D]       ----------------------------------------
[D]       INTERNAL OPERATOR (idx=1, name=EpochBlock_3)
[D]        name="" counters="CPU cycles"[15444, 363842, 3249] dur=0.478ms id=3.3 type=0x5000000/INTERNAL|WITHOUT_TENSOR,"epoch"
[D]       ----------------------------------------
[D]       INTERNAL OPERATOR (idx=2, name=EpochBlock_4)
[D]        name="" counters="CPU cycles"[5668, 241634, 1399] dur=0.311ms id=4.4 type=0x5000000/INTERNAL|WITHOUT_TENSOR,"epoch"
[D]       ----------------------------------------
[D]       INTERNAL OPERATOR (idx=3, name=EpochBlock_5)
[D]        name="" counters="CPU cycles"[8580, 242482, 2025] dur=0.316ms id=5.5 type=0x5000000/INTERNAL|WITHOUT_TENSOR,"epoch"
[D]       ----------------------------------------
[D]       INTERNAL OPERATOR (idx=4, name=EpochBlock_6)
[D]        name="" counters="CPU cycles"[18468, 644274, 2329] dur=0.831ms id=6.6 type=0x5000000/INTERNAL|WITHOUT_TENSOR,"epoch"
[D]       ----------------------------------------
[D]       INTERNAL OPERATOR (idx=5, name=EpochBlock_7)
[D]        name="" counters="CPU cycles"[17828, 643270, 2366] dur=0.829ms id=7.7 type=0x5000000/INTERNAL|WITHOUT_TENSOR,"epoch"
[D]       ----------------------------------------
[D]       INTERNAL OPERATOR (idx=6, name=EpochBlock_8)
[D]        name="" counters="CPU cycles"[9580, 64054, 1985] dur=0.095ms id=8.8 type=0x5000000/INTERNAL|WITHOUT_TENSOR,"epoch"
[D]       ----------------------------------------
[D]       INTERNAL OPERATOR (idx=7, name=EpochBlock_9)
[D]        name="" counters="CPU cycles"[33772, 363890, 2289] dur=0.500ms id=9.9 type=0x5000000/INTERNAL|WITHOUT_TENSOR,"epoch"
[D]       ----------------------------------------
[D]       INTERNAL OPERATOR (idx=8, name=EpochBlock_10)
[D]        name="" counters="CPU cycles"[33516, 377346, 2350] dur=0.517ms id=10.10 type=0x5000000/INTERNAL|WITHOUT_TENSOR,"epoch"
[D]       ----------------------------------------
[D]       INTERNAL OPERATOR (idx=9, name=EpochBlock_11)
[D]        name="" counters="CPU cycles"[12220, 67898, 3354] dur=0.104ms id=11.11 type=0x5000000/INTERNAL|WITHOUT_TENSOR,"epoch"
[D]       ----------------------------------------
[D]       INTERNAL OPERATOR (idx=10, name=EpochBlock_12)
[D]        name="" counters="CPU cycles"[33284, 363762, 2466] dur=0.499ms id=12.12 type=0x5000000/INTERNAL|WITHOUT_TENSOR,"epoch"
[D]       ----------------------------------------
[D]       INTERNAL OPERATOR (idx=11, name=EpochBlock_13)
[D]        name="" counters="CPU cycles"[1972, 405626, 793] dur=0.510ms id=13.13 type=0x5000000/INTERNAL|WITHOUT_TENSOR,"epoch"
[D]       ----------------------------------------
[D]       INTERNAL OPERATOR (idx=12, name=EpochBlock_14)
[D]        name="" counters="CPU cycles"[36140, 366626, 3606] dur=0.508ms id=14.14 type=0x5000000/INTERNAL|WITHOUT_TENSOR,"epoch"
[D]       ----------------------------------------
[D]       INTERNAL OPERATOR (idx=13, name=EpochBlock_15)
[D]        name="" counters="CPU cycles"[14308, 36573, 2577] dur=0.067ms id=15.15 type=0x5000000/INTERNAL|WITHOUT_TENSOR,"epoch"
[D]       ----------------------------------------
[D]       INTERNAL OPERATOR (idx=14, name=EpochBlock_16)
[D]        name="" counters="CPU cycles"[53932, 153440, 2918] dur=0.263ms id=16.16 type=0x5000000/INTERNAL|WITHOUT_TENSOR,"epoch"
[D]       ----------------------------------------
[D]       INTERNAL OPERATOR (idx=15, name=EpochBlock_17)
[D]        name="" counters="CPU cycles"[1980, 181834, 753] dur=0.231ms id=17.17 type=0x5000000/INTERNAL|WITHOUT_TENSOR,"epoch"
[D]       ----------------------------------------
[D]       INTERNAL OPERATOR (idx=16, name=EpochBlock_18)
[D]        name="" counters="CPU cycles"[54556, 194410, 3494] dur=0.316ms id=18.18 type=0x5000000/INTERNAL|WITHOUT_TENSOR,"epoch"
[D]       ----------------------------------------
[D]       INTERNAL OPERATOR (idx=17, name=EpochBlock_19)
[D]        name="" counters="CPU cycles"[15468, 60634, 3270] dur=0.099ms id=19.19 type=0x5000000/INTERNAL|WITHOUT_TENSOR,"epoch"
[D]       ----------------------------------------
[D]       INTERNAL OPERATOR (idx=18, name=EpochBlock_20)
[D]        name="" counters="CPU cycles"[54052, 153301, 3012] dur=0.263ms id=20.20 type=0x5000000/INTERNAL|WITHOUT_TENSOR,"epoch"
[D]       ----------------------------------------
[D]       INTERNAL OPERATOR (idx=19, name=EpochBlock_21)
[D]        name="" counters="CPU cycles"[51820, 152634, 2273] dur=0.258ms id=21.21 type=0x5000000/INTERNAL|WITHOUT_TENSOR,"epoch"
[D]       ----------------------------------------
[D]       INTERNAL OPERATOR (idx=20, name=EpochBlock_22)
[D]        name="" counters="CPU cycles"[22516, 45394, 2625] dur=0.088ms id=22.22 type=0x5000000/INTERNAL|WITHOUT_TENSOR,"epoch"
[D]       ----------------------------------------
[D]       INTERNAL OPERATOR (idx=21, name=EpochBlock_23)
[D]        name="" counters="CPU cycles"[102210, 81290, 4270] dur=0.235ms id=23.23 type=0x5000000/INTERNAL|WITHOUT_TENSOR,"epoch"
[D]       ----------------------------------------
[D]       INTERNAL OPERATOR (idx=22, name=EpochBlock_24)
[D]        name="" counters="CPU cycles"[98116, 89218, 2350] dur=0.237ms id=24.24 type=0x5000000/INTERNAL|WITHOUT_TENSOR,"epoch"
[D]       ----------------------------------------
[D]       INTERNAL OPERATOR (idx=23, name=EpochBlock_25)
[D]        name="" counters="CPU cycles"[26140, 87698, 4537] dur=0.148ms id=25.25 type=0x5000000/INTERNAL|WITHOUT_TENSOR,"epoch"
[D]       ----------------------------------------
[D]       INTERNAL OPERATOR (idx=24, name=EpochBlock_26)
[D]        name="" counters="CPU cycles"[102545, 81253, 4329] dur=0.235ms id=26.26 type=0x5000000/INTERNAL|WITHOUT_TENSOR,"epoch"
[D]       ----------------------------------------
[D]       INTERNAL OPERATOR (idx=25, name=EpochBlock_27)
[D]        name="" counters="CPU cycles"[98450, 89098, 2366] dur=0.237ms id=27.27 type=0x5000000/INTERNAL|WITHOUT_TENSOR,"epoch"
[D]       ----------------------------------------
[D]       INTERNAL OPERATOR (idx=26, name=EpochBlock_28)
[D]        name="" counters="CPU cycles"[26316, 87706, 4646] dur=0.148ms id=28.28 type=0x5000000/INTERNAL|WITHOUT_TENSOR,"epoch"
[D]       ----------------------------------------
[D]       INTERNAL OPERATOR (idx=27, name=EpochBlock_29)
[D]        name="" counters="CPU cycles"[102084, 80978, 4347] dur=0.234ms id=29.29 type=0x5000000/INTERNAL|WITHOUT_TENSOR,"epoch"
[D]       ----------------------------------------
[D]       INTERNAL OPERATOR (idx=28, name=EpochBlock_30)
[D]        name="" counters="CPU cycles"[1932, 97698, 793] dur=0.126ms id=30.30 type=0x5000000/INTERNAL|WITHOUT_TENSOR,"epoch"
[D]       ----------------------------------------
[D]       INTERNAL OPERATOR (idx=29, name=EpochBlock_31)
[D]        name="" counters="CPU cycles"[101036, 106554, 3518] dur=0.264ms id=31.31 type=0x5000000/INTERNAL|WITHOUT_TENSOR,"epoch"
[D]       ----------------------------------------
[D]       INTERNAL OPERATOR (idx=30, name=EpochBlock_32)
[D]        name="" counters="CPU cycles"[31924, 118047, 3929] dur=0.192ms id=32.32 type=0x5000000/INTERNAL|WITHOUT_TENSOR,"epoch"
[D]       ----------------------------------------
[D]       INTERNAL OPERATOR (idx=31, name=EpochBlock_33)
[D]        name="" counters="CPU cycles"[1884, 9466, 753] dur=0.015ms id=33.33 type=0x5000000/INTERNAL|WITHOUT_TENSOR,"epoch"
[D]       ----------------------------------------
[D]       INTERNAL OPERATOR (idx=32, name=EpochBlock_34)
[D]        name="" counters="CPU cycles"[12196, 418274, 5449] dur=0.545ms id=34.34 type=0x5000000/INTERNAL|WITHOUT_TENSOR,"epoch"
[D]       ----------------------------------------
[D]       INTERNAL OPERATOR (idx=33, name=EpochBlock_35)
[D]        name="" counters="CPU cycles"[1852, 136586, 721] dur=0.174ms id=35.35 type=0x5000000/INTERNAL|WITHOUT_TENSOR,"epoch"
[D]       ----------------------------------------
[D]       INTERNAL OPERATOR (idx=34, name=EpochBlock_36)
[D]        name="" counters="CPU cycles"[9052, 648050, 4113] dur=0.827ms id=36.36 type=0x5000000/INTERNAL|WITHOUT_TENSOR,"epoch"
[D]       ----------------------------------------
[D]       INTERNAL OPERATOR (idx=35, name=EpochBlock_37)
[D]        name="" counters="CPU cycles"[32948, 159970, 4529] dur=0.247ms id=37.37 type=0x5000000/INTERNAL|WITHOUT_TENSOR,"epoch"
[D]       ----------------------------------------
[D]       INTERNAL OPERATOR (idx=36, name=EpochBlock_38)
[D]        name="" counters="CPU cycles"[1884, 9466, 790] dur=0.015ms id=38.38 type=0x5000000/INTERNAL|WITHOUT_TENSOR,"epoch"
[D]       ----------------------------------------
[D]       INTERNAL OPERATOR (idx=37, name=EpochBlock_39)
[D]        name="" counters="CPU cycles"[12396, 427122, 5535] dur=0.556ms id=39.39 type=0x5000000/INTERNAL|WITHOUT_TENSOR,"epoch"
[D]       ----------------------------------------
[D]       INTERNAL OPERATOR (idx=38, name=EpochBlock_40)
[D]        name="" counters="CPU cycles"[1980, 136594, 793] dur=0.174ms id=40.40 type=0x5000000/INTERNAL|WITHOUT_TENSOR,"epoch"
[D]       ----------------------------------------
[D]       INTERNAL OPERATOR (idx=39, name=EpochBlock_41)
[D]        name="" counters="CPU cycles"[9124, 648722, 4217] dur=0.828ms id=41.41 type=0x5000000/INTERNAL|WITHOUT_TENSOR,"epoch"
[D]       ----------------------------------------
[D]       INTERNAL OPERATOR (idx=40, name=EpochBlock_42)
[D]        name="" counters="CPU cycles"[33036, 159794, 4433] dur=0.247ms id=42.42 type=0x5000000/INTERNAL|WITHOUT_TENSOR,"epoch"
[D]       ----------------------------------------
[D]       INTERNAL OPERATOR (idx=41, name=EpochBlock_43)
[D]        name="" counters="CPU cycles"[1924, 9466, 793] dur=0.015ms id=43.43 type=0x5000000/INTERNAL|WITHOUT_TENSOR,"epoch"
[D]       ----------------------------------------
[D]       INTERNAL OPERATOR (idx=42, name=EpochBlock_44)
[D]        name="" counters="CPU cycles"[12188, 418250, 5425] dur=0.545ms id=44.44 type=0x5000000/INTERNAL|WITHOUT_TENSOR,"epoch"
[D]       ----------------------------------------
[D]       INTERNAL OPERATOR (idx=43, name=EpochBlock_45)
[D]        name="" counters="CPU cycles"[1892, 136594, 753] dur=0.174ms id=45.45 type=0x5000000/INTERNAL|WITHOUT_TENSOR,"epoch"
[D]       ----------------------------------------
[D]       INTERNAL OPERATOR (idx=44, name=EpochBlock_46)
[D]        name="" counters="CPU cycles"[9068, 300186, 4263] dur=0.392ms id=46.46 type=0x5000000/INTERNAL|WITHOUT_TENSOR,"epoch"
[D]       ----------------------------------------
[D]       INTERNAL OPERATOR (idx=45, name=EpochBlock_47)
[D]        name="" counters="CPU cycles"[46570, 260533, 3974] dur=0.389ms id=47.47 type=0x5000000/INTERNAL|WITHOUT_TENSOR,"epoch"
[D]       ----------------------------------------
[D]       INTERNAL OPERATOR (idx=46, name=EpochBlock_48)
[D]        name="" counters="CPU cycles"[12276, 542373, 5494] dur=0.700ms id=48.48 type=0x5000000/INTERNAL|WITHOUT_TENSOR,"epoch"
[D]       ----------------------------------------
[D]       INTERNAL OPERATOR (idx=47, name=EpochBlock_49)
[D]        name="" counters="CPU cycles"[1980, 81130, 753] dur=0.105ms id=49.49 type=0x5000000/INTERNAL|WITHOUT_TENSOR,"epoch"
[D]       ----------------------------------------
[D]       INTERNAL OPERATOR (idx=48, name=EpochBlock_50)
[D]        name="" counters="CPU cycles"[9284, 502066, 4065] dur=0.644ms id=50.50 type=0x5000000/INTERNAL|WITHOUT_TENSOR,"epoch"
[D]       ----------------------------------------
[D]       INTERNAL OPERATOR (idx=49, name=EpochBlock_51)
[D]        name="" counters="CPU cycles"[48076, 445418, 4433] dur=0.622ms id=51.51 type=0x5000000/INTERNAL|WITHOUT_TENSOR,"epoch"
[D]       ----------------------------------------
[D]       INTERNAL OPERATOR (idx=50, name=EpochBlock_52)
[D]        name="" counters="CPU cycles"[12204, 533930, 5489] dur=0.690ms id=52.52 type=0x5000000/INTERNAL|WITHOUT_TENSOR,"epoch"
[D]       ----------------------------------------
[D]       INTERNAL OPERATOR (idx=51, name=EpochBlock_53)
[D]        name="" counters="CPU cycles"[1980, 81170, 721] dur=0.105ms id=53.53 type=0x5000000/INTERNAL|WITHOUT_TENSOR,"epoch"
[D]       ----------------------------------------
[D]       INTERNAL OPERATOR (idx=52, name=EpochBlock_54)
[D]        name="" counters="CPU cycles"[9052, 499690, 4150] dur=0.641ms id=54.54 type=0x5000000/INTERNAL|WITHOUT_TENSOR,"epoch"
[D]       ----------------------------------------
[D]       INTERNAL OPERATOR (idx=53, name=EpochBlock_55)
[D]        name="" counters="CPU cycles"[47878, 445255, 4505] dur=0.622ms id=55.55 type=0x5000000/INTERNAL|WITHOUT_TENSOR,"epoch"
[D]       ----------------------------------------
[D]       INTERNAL OPERATOR (idx=54, name=EpochBlock_56)
[D]        name="" counters="CPU cycles"[12449, 539738, 5457] dur=0.697ms id=56.56 type=0x5000000/INTERNAL|WITHOUT_TENSOR,"epoch"
[D]       ----------------------------------------
[D]       INTERNAL OPERATOR (idx=55, name=EpochBlock_57)
[D]        name="" counters="CPU cycles"[1900, 81154, 753] dur=0.105ms id=57.57 type=0x5000000/INTERNAL|WITHOUT_TENSOR,"epoch"
[D]       ----------------------------------------
[D]       INTERNAL OPERATOR (idx=56, name=EpochBlock_58)
[D]        name="" counters="CPU cycles"[9172, 502189, 4137] dur=0.644ms id=58.58 type=0x5000000/INTERNAL|WITHOUT_TENSOR,"epoch"
[D]       ----------------------------------------
[D]       INTERNAL OPERATOR (idx=57, name=EpochBlock_59)
[D]        name="" counters="CPU cycles"[47756, 445074, 4636] dur=0.622ms id=59.59 type=0x5000000/INTERNAL|WITHOUT_TENSOR,"epoch"
[D]       ----------------------------------------
[D]       INTERNAL OPERATOR (idx=58, name=EpochBlock_60)
[D]        name="" counters="CPU cycles"[12228, 533506, 5486] dur=0.689ms id=60.60 type=0x5000000/INTERNAL|WITHOUT_TENSOR,"epoch"
[D]       ----------------------------------------
[D]       INTERNAL OPERATOR (idx=59, name=EpochBlock_61)
[D]        name="" counters="CPU cycles"[6994, 346882, 3233] dur=0.446ms id=61.61 type=0x5000000/INTERNAL|WITHOUT_TENSOR,"epoch"
[D]       ----------------------------------------
[D]       INTERNAL OPERATOR (idx=60, name=EpochBlock_62)
[D]        name="" counters="CPU cycles"[8689, 1586, 3737] dur=0.018ms id=62.62 type=0x5000000/INTERNAL|WITHOUT_TENSOR,"epoch"
[D]       ----------------------------------------
[D]       INTERNAL OPERATOR (idx=61, name=EpochBlock_63)
[D]        name="" counters="CPU cycles"[18452, 468058, 5081] dur=0.614ms id=63.63 type=0x5000000/INTERNAL|WITHOUT_TENSOR,"epoch"
[D]       ----------------------------------------
[D]       INTERNAL OPERATOR (idx=62, name=EpochBlock_64)
[D]        name="" counters="CPU cycles"[45, 36, 3901] dur=0.005ms id=64.64 type=0x1000002/INTERNAL,"epoch (SW)"
[D]       INTERNAL TENSOR #0
[D]        IOTensor: Dequantize_226_out_0, E.64.0, , 0x342e0000 f32[1,63], 252 Bytes
[D]        last=True, data_size=0
[D]       ----------------------------------------
[D]       INTERNAL OPERATOR (idx=63, name=EpochBlock_65)
[D]        name="" counters="CPU cycles"[16228, 3266, 3542] dur=0.029ms id=65.65 type=0x5000000/INTERNAL|WITHOUT_TENSOR,"epoch"
[D]       ----------------------------------------
[D]       INTERNAL OPERATOR (idx=64, name=EpochBlock_66)
[D]        name="" counters="CPU cycles"[45, 36, 3320] dur=0.004ms id=66.66 type=0x1000002/INTERNAL,"epoch (SW)"
[D]       INTERNAL TENSOR #0
[D]        IOTensor: Dequantize_229_out_0, E.66.0, , 0x342e0100 f32[1,63], 252 Bytes
[D]        last=True, data_size=0
[D]       ----------------------------------------
[D]       INTERNAL OPERATOR (idx=65, name=EpochBlock_67)
[D]        name="" counters="CPU cycles"[45, 36, 2828] dur=0.004ms id=67.67 type=0x1000002/INTERNAL,"epoch (SW)"
[D]       INTERNAL TENSOR #0
[D]        IOTensor: Dequantize_219_out_0, E.67.0, , 0x342e0200 f32[1,1], 4 Bytes
[D]        last=True, data_size=0
[D]       ----------------------------------------
[D]       INTERNAL OPERATOR (idx=66, name=EpochBlock_68)
[D]        name="" counters="CPU cycles"[4524, 554, 1714] dur=0.008ms id=68.68 type=0x5000000/INTERNAL|WITHOUT_TENSOR,"epoch"
[D]       ----------------------------------------
[D]       INTERNAL OPERATOR (idx=67, name=EpochBlock_69)
[D]        name="" counters="CPU cycles"[45, 36, 2264] dur=0.003ms id=69.69 type=0x1000002/INTERNAL,"epoch (SW)"
[D]       INTERNAL TENSOR #0
[D]        IOTensor: Dequantize_223_out_0, E.69.0, , 0x342e0210 f32[1,1], 4 Bytes
[D]        last=True, data_size=0
[D]       ----------------------------------------
[D]       INFERENCE DONE
[D]        name="network" counters="CPU cycles"[1658677, 16095792, 212147, 17979256, 20128065] dur=22.474ms id=0.0 type=0x0/NONE,"epoch"
[D]       RECEIVE OUTPUT TENSOR #0 last=False..
[D]        IOTensor: Dequantize_223_out_0, O_0, , 0x342e0210 f32[1,1], 4 Bytes
[D]       RECEIVE OUTPUT TENSOR #1 last=False..
[D]        IOTensor: Dequantize_229_out_0, O_1, , 0x342e0100 f32[1,63], 252 Bytes
[D]       RECEIVE OUTPUT TENSOR #2 last=False..
[D]        IOTensor: Dequantize_219_out_0, O_2, , 0x342e0200 f32[1,1], 4 Bytes
[D]       RECEIVE OUTPUT TENSOR #3 last=True..
[D]        IOTensor: Dequantize_226_out_0, O_3, , 0x342e0000 f32[1,63], 252 Bytes
[D]    <- done (target dur=22.458ms)
[D]    -> Requested RUN mode: Mode.DEBUG|PERF_ONLY|PER_LAYER (param=0b1100001011, option=0x3100)
[D]       SEND INPUT TENSOR #0 ((1, 224, 224, 3)/uint8) last=True..
[D]        buffer is filled with a simple value: 232
[D]       ----------------------------------------
[D]       INTERNAL OPERATOR (idx=0, name=EpochBlock_2)
[D]        name="" counters="CPU cycles"[3514, 121109, 1565] dur=0.158ms id=2.2 type=0x5000000/INTERNAL|WITHOUT_TENSOR,"epoch"
[D]       ----------------------------------------
[D]       INTERNAL OPERATOR (idx=1, name=EpochBlock_3)
[D]        name="" counters="CPU cycles"[15444, 363878, 3297] dur=0.478ms id=3.3 type=0x5000000/INTERNAL|WITHOUT_TENSOR,"epoch"
[D]       ----------------------------------------
[D]       INTERNAL OPERATOR (idx=2, name=EpochBlock_4)
[D]        name="" counters="CPU cycles"[5652, 241634, 1423] dur=0.311ms id=4.4 type=0x5000000/INTERNAL|WITHOUT_TENSOR,"epoch"
[D]       ----------------------------------------
[D]       INTERNAL OPERATOR (idx=3, name=EpochBlock_5)
[D]        name="" counters="CPU cycles"[8732, 242482, 2049] dur=0.317ms id=5.5 type=0x5000000/INTERNAL|WITHOUT_TENSOR,"epoch"
[D]       ----------------------------------------
[D]       INTERNAL OPERATOR (idx=4, name=EpochBlock_6)
[D]        name="" counters="CPU cycles"[18468, 644317, 2329] dur=0.831ms id=6.6 type=0x5000000/INTERNAL|WITHOUT_TENSOR,"epoch"
[D]       ----------------------------------------
[D]       INTERNAL OPERATOR (idx=5, name=EpochBlock_7)
[D]        name="" counters="CPU cycles"[17828, 643262, 2329] dur=0.829ms id=7.7 type=0x5000000/INTERNAL|WITHOUT_TENSOR,"epoch"
[D]       ----------------------------------------
[D]       INTERNAL OPERATOR (idx=6, name=EpochBlock_8)
[D]        name="" counters="CPU cycles"[9620, 64100, 1985] dur=0.095ms id=8.8 type=0x5000000/INTERNAL|WITHOUT_TENSOR,"epoch"
[D]       ----------------------------------------
[D]       INTERNAL OPERATOR (idx=7, name=EpochBlock_9)
[D]        name="" counters="CPU cycles"[33708, 363928, 2289] dur=0.500ms id=9.9 type=0x5000000/INTERNAL|WITHOUT_TENSOR,"epoch"
[D]       ----------------------------------------
[D]       INTERNAL OPERATOR (idx=8, name=EpochBlock_10)
[D]        name="" counters="CPU cycles"[33372, 377346, 2313] dur=0.516ms id=10.10 type=0x5000000/INTERNAL|WITHOUT_TENSOR,"epoch"
[D]       ----------------------------------------
[D]       INTERNAL OPERATOR (idx=9, name=EpochBlock_11)
[D]        name="" counters="CPU cycles"[12332, 67898, 3314] dur=0.104ms id=11.11 type=0x5000000/INTERNAL|WITHOUT_TENSOR,"epoch"
[D]       ----------------------------------------
[D]       INTERNAL OPERATOR (idx=10, name=EpochBlock_12)
[D]        name="" counters="CPU cycles"[33444, 363802, 2404] dur=0.500ms id=12.12 type=0x5000000/INTERNAL|WITHOUT_TENSOR,"epoch"
[D]       ----------------------------------------
[D]       INTERNAL OPERATOR (idx=11, name=EpochBlock_13)
[D]        name="" counters="CPU cycles"[1892, 405618, 830] dur=0.510ms id=13.13 type=0x5000000/INTERNAL|WITHOUT_TENSOR,"epoch"
[D]       ----------------------------------------
[D]       INTERNAL OPERATOR (idx=12, name=EpochBlock_14)
[D]        name="" counters="CPU cycles"[36586, 366578, 3644] dur=0.509ms id=14.14 type=0x5000000/INTERNAL|WITHOUT_TENSOR,"epoch"
[D]       ----------------------------------------
[D]       INTERNAL OPERATOR (idx=13, name=EpochBlock_15)
[D]        name="" counters="CPU cycles"[14676, 36611, 2577] dur=0.067ms id=15.15 type=0x5000000/INTERNAL|WITHOUT_TENSOR,"epoch"
[D]       ----------------------------------------
[D]       INTERNAL OPERATOR (idx=14, name=EpochBlock_16)
[D]        name="" counters="CPU cycles"[53404, 153434, 2966] dur=0.262ms id=16.16 type=0x5000000/INTERNAL|WITHOUT_TENSOR,"epoch"
[D]       ----------------------------------------
[D]       INTERNAL OPERATOR (idx=15, name=EpochBlock_17)
[D]        name="" counters="CPU cycles"[1940, 181842, 753] dur=0.231ms id=17.17 type=0x5000000/INTERNAL|WITHOUT_TENSOR,"epoch"
[D]       ----------------------------------------
[D]       INTERNAL OPERATOR (idx=16, name=EpochBlock_18)
[D]        name="" counters="CPU cycles"[54940, 194437, 3494] dur=0.316ms id=18.18 type=0x5000000/INTERNAL|WITHOUT_TENSOR,"epoch"
[D]       ----------------------------------------
[D]       INTERNAL OPERATOR (idx=17, name=EpochBlock_19)
[D]        name="" counters="CPU cycles"[15820, 60715, 3233] dur=0.100ms id=19.19 type=0x5000000/INTERNAL|WITHOUT_TENSOR,"epoch"
[D]       ----------------------------------------
[D]       INTERNAL OPERATOR (idx=18, name=EpochBlock_20)
[D]        name="" counters="CPU cycles"[53519, 153266, 2974] dur=0.262ms id=20.20 type=0x5000000/INTERNAL|WITHOUT_TENSOR,"epoch"
[D]       ----------------------------------------
[D]       INTERNAL OPERATOR (idx=19, name=EpochBlock_21)
[D]        name="" counters="CPU cycles"[52324, 152677, 2273] dur=0.259ms id=21.21 type=0x5000000/INTERNAL|WITHOUT_TENSOR,"epoch"
[D]       ----------------------------------------
[D]       INTERNAL OPERATOR (idx=20, name=EpochBlock_22)
[D]        name="" counters="CPU cycles"[22756, 45394, 2625] dur=0.088ms id=22.22 type=0x5000000/INTERNAL|WITHOUT_TENSOR,"epoch"
[D]       ----------------------------------------
[D]       INTERNAL OPERATOR (idx=21, name=EpochBlock_23)
[D]        name="" counters="CPU cycles"[102146, 81290, 4308] dur=0.235ms id=23.23 type=0x5000000/INTERNAL|WITHOUT_TENSOR,"epoch"
[D]       ----------------------------------------
[D]       INTERNAL OPERATOR (idx=22, name=EpochBlock_24)
[D]        name="" counters="CPU cycles"[97908, 89176, 2382] dur=0.237ms id=24.24 type=0x5000000/INTERNAL|WITHOUT_TENSOR,"epoch"
[D]       ----------------------------------------
[D]       INTERNAL OPERATOR (idx=23, name=EpochBlock_25)
[D]        name="" counters="CPU cycles"[26700, 87701, 4574] dur=0.149ms id=25.25 type=0x5000000/INTERNAL|WITHOUT_TENSOR,"epoch"
[D]       ----------------------------------------
[D]       INTERNAL OPERATOR (idx=24, name=EpochBlock_26)
[D]        name="" counters="CPU cycles"[102404, 81370, 4270] dur=0.235ms id=26.26 type=0x5000000/INTERNAL|WITHOUT_TENSOR,"epoch"
[D]       ----------------------------------------
[D]       INTERNAL OPERATOR (idx=25, name=EpochBlock_27)
[D]        name="" counters="CPU cycles"[98202, 89098, 2440] dur=0.237ms id=27.27 type=0x5000000/INTERNAL|WITHOUT_TENSOR,"epoch"
[D]       ----------------------------------------
[D]       INTERNAL OPERATOR (idx=26, name=EpochBlock_28)
[D]        name="" counters="CPU cycles"[26748, 87706, 4577] dur=0.149ms id=28.28 type=0x5000000/INTERNAL|WITHOUT_TENSOR,"epoch"
[D]       ----------------------------------------
[D]       INTERNAL OPERATOR (idx=27, name=EpochBlock_29)
[D]        name="" counters="CPU cycles"[102404, 81016, 4286] dur=0.235ms id=29.29 type=0x5000000/INTERNAL|WITHOUT_TENSOR,"epoch"
[D]       ----------------------------------------
[D]       INTERNAL OPERATOR (idx=28, name=EpochBlock_30)
[D]        name="" counters="CPU cycles"[1932, 97741, 753] dur=0.126ms id=30.30 type=0x5000000/INTERNAL|WITHOUT_TENSOR,"epoch"
[D]       ----------------------------------------
[D]       INTERNAL OPERATOR (idx=29, name=EpochBlock_31)
[D]        name="" counters="CPU cycles"[100786, 106437, 3550] dur=0.263ms id=31.31 type=0x5000000/INTERNAL|WITHOUT_TENSOR,"epoch"
[D]       ----------------------------------------
[D]       INTERNAL OPERATOR (idx=30, name=EpochBlock_32)
[D]        name="" counters="CPU cycles"[31900, 118085, 3993] dur=0.192ms id=32.32 type=0x5000000/INTERNAL|WITHOUT_TENSOR,"epoch"
[D]       ----------------------------------------
[D]       INTERNAL OPERATOR (idx=31, name=EpochBlock_33)
[D]        name="" counters="CPU cycles"[1924, 9466, 753] dur=0.015ms id=33.33 type=0x5000000/INTERNAL|WITHOUT_TENSOR,"epoch"
[D]       ----------------------------------------
[D]       INTERNAL OPERATOR (idx=32, name=EpochBlock_34)
[D]        name="" counters="CPU cycles"[12220, 418186, 5393] dur=0.545ms id=34.34 type=0x5000000/INTERNAL|WITHOUT_TENSOR,"epoch"
[D]       ----------------------------------------
[D]       INTERNAL OPERATOR (idx=33, name=EpochBlock_35)
[D]        name="" counters="CPU cycles"[1892, 136594, 721] dur=0.174ms id=35.35 type=0x5000000/INTERNAL|WITHOUT_TENSOR,"epoch"
[D]       ----------------------------------------
[D]       INTERNAL OPERATOR (idx=34, name=EpochBlock_36)
[D]        name="" counters="CPU cycles"[9004, 648058, 4113] dur=0.826ms id=36.36 type=0x5000000/INTERNAL|WITHOUT_TENSOR,"epoch"
[D]       ----------------------------------------
[D]       INTERNAL OPERATOR (idx=35, name=EpochBlock_37)
[D]        name="" counters="CPU cycles"[32996, 159922, 4505] dur=0.247ms id=37.37 type=0x5000000/INTERNAL|WITHOUT_TENSOR,"epoch"
[D]       ----------------------------------------
[D]       INTERNAL OPERATOR (idx=36, name=EpochBlock_38)
[D]        name="" counters="CPU cycles"[1852, 9466, 753] dur=0.015ms id=38.38 type=0x5000000/INTERNAL|WITHOUT_TENSOR,"epoch"
[D]       ----------------------------------------
[D]       INTERNAL OPERATOR (idx=37, name=EpochBlock_39)
[D]        name="" counters="CPU cycles"[12356, 426746, 5572] dur=0.556ms id=39.39 type=0x5000000/INTERNAL|WITHOUT_TENSOR,"epoch"
[D]       ----------------------------------------
[D]       INTERNAL OPERATOR (idx=38, name=EpochBlock_40)
[D]        name="" counters="CPU cycles"[1900, 136637, 830] dur=0.174ms id=40.40 type=0x5000000/INTERNAL|WITHOUT_TENSOR,"epoch"
[D]       ----------------------------------------
[D]       INTERNAL OPERATOR (idx=39, name=EpochBlock_41)
[D]        name="" counters="CPU cycles"[9044, 648458, 4137] dur=0.827ms id=41.41 type=0x5000000/INTERNAL|WITHOUT_TENSOR,"epoch"
[D]       ----------------------------------------
[D]       INTERNAL OPERATOR (idx=40, name=EpochBlock_42)
[D]        name="" counters="CPU cycles"[32404, 159786, 4433] dur=0.246ms id=42.42 type=0x5000000/INTERNAL|WITHOUT_TENSOR,"epoch"
[D]       ----------------------------------------
[D]       INTERNAL OPERATOR (idx=41, name=EpochBlock_43)
[D]        name="" counters="CPU cycles"[1884, 9466, 793] dur=0.015ms id=43.43 type=0x5000000/INTERNAL|WITHOUT_TENSOR,"epoch"
[D]       ----------------------------------------
[D]       INTERNAL OPERATOR (idx=42, name=EpochBlock_44)
[D]        name="" counters="CPU cycles"[12228, 418210, 5489] dur=0.545ms id=44.44 type=0x5000000/INTERNAL|WITHOUT_TENSOR,"epoch"
[D]       ----------------------------------------
[D]       INTERNAL OPERATOR (idx=43, name=EpochBlock_45)
[D]        name="" counters="CPU cycles"[1892, 136602, 761] dur=0.174ms id=45.45 type=0x5000000/INTERNAL|WITHOUT_TENSOR,"epoch"
[D]       ----------------------------------------
[D]       INTERNAL OPERATOR (idx=44, name=EpochBlock_46)
[D]        name="" counters="CPU cycles"[9132, 300146, 4300] dur=0.392ms id=46.46 type=0x5000000/INTERNAL|WITHOUT_TENSOR,"epoch"
[D]       ----------------------------------------
[D]       INTERNAL OPERATOR (idx=45, name=EpochBlock_47)
[D]        name="" counters="CPU cycles"[46572, 260602, 3998] dur=0.389ms id=47.47 type=0x5000000/INTERNAL|WITHOUT_TENSOR,"epoch"
[D]       ----------------------------------------
[D]       INTERNAL OPERATOR (idx=46, name=EpochBlock_48)
[D]        name="" counters="CPU cycles"[12204, 540496, 5494] dur=0.698ms id=48.48 type=0x5000000/INTERNAL|WITHOUT_TENSOR,"epoch"
[D]       ----------------------------------------
[D]       INTERNAL OPERATOR (idx=47, name=EpochBlock_49)
[D]        name="" counters="CPU cycles"[1972, 81130, 793] dur=0.105ms id=49.49 type=0x5000000/INTERNAL|WITHOUT_TENSOR,"epoch"
[D]       ----------------------------------------
[D]       INTERNAL OPERATOR (idx=48, name=EpochBlock_50)
[D]        name="" counters="CPU cycles"[9252, 501970, 4065] dur=0.644ms id=50.50 type=0x5000000/INTERNAL|WITHOUT_TENSOR,"epoch"
[D]       ----------------------------------------
[D]       INTERNAL OPERATOR (idx=49, name=EpochBlock_51)
[D]        name="" counters="CPU cycles"[48105, 445378, 4433] dur=0.622ms id=51.51 type=0x5000000/INTERNAL|WITHOUT_TENSOR,"epoch"
[D]       ----------------------------------------
[D]       INTERNAL OPERATOR (idx=50, name=EpochBlock_52)
[D]        name="" counters="CPU cycles"[12132, 534298, 5430] dur=0.690ms id=52.52 type=0x5000000/INTERNAL|WITHOUT_TENSOR,"epoch"
[D]       ----------------------------------------
[D]       INTERNAL OPERATOR (idx=51, name=EpochBlock_53)
[D]        name="" counters="CPU cycles"[1972, 81122, 721] dur=0.105ms id=53.53 type=0x5000000/INTERNAL|WITHOUT_TENSOR,"epoch"
[D]       ----------------------------------------
[D]       INTERNAL OPERATOR (idx=52, name=EpochBlock_54)
[D]        name="" counters="CPU cycles"[9004, 499890, 4113] dur=0.641ms id=54.54 type=0x5000000/INTERNAL|WITHOUT_TENSOR,"epoch"
[D]       ----------------------------------------
[D]       INTERNAL OPERATOR (idx=53, name=EpochBlock_55)
[D]        name="" counters="CPU cycles"[47915, 445245, 4505] dur=0.622ms id=55.55 type=0x5000000/INTERNAL|WITHOUT_TENSOR,"epoch"
[D]       ----------------------------------------
[D]       INTERNAL OPERATOR (idx=54, name=EpochBlock_56)
[D]        name="" counters="CPU cycles"[12348, 539762, 5457] dur=0.697ms id=56.56 type=0x5000000/INTERNAL|WITHOUT_TENSOR,"epoch"
[D]       ----------------------------------------
[D]       INTERNAL OPERATOR (idx=55, name=EpochBlock_57)
[D]        name="" counters="CPU cycles"[1820, 81106, 753] dur=0.105ms id=57.57 type=0x5000000/INTERNAL|WITHOUT_TENSOR,"epoch"
[D]       ----------------------------------------
[D]       INTERNAL OPERATOR (idx=56, name=EpochBlock_58)
[D]        name="" counters="CPU cycles"[9116, 502008, 4137] dur=0.644ms id=58.58 type=0x5000000/INTERNAL|WITHOUT_TENSOR,"epoch"
[D]       ----------------------------------------
[D]       INTERNAL OPERATOR (idx=57, name=EpochBlock_59)
[D]        name="" counters="CPU cycles"[48332, 445074, 4433] dur=0.622ms id=59.59 type=0x5000000/INTERNAL|WITHOUT_TENSOR,"epoch"
[D]       ----------------------------------------
[D]       INTERNAL OPERATOR (idx=58, name=EpochBlock_60)
[D]        name="" counters="CPU cycles"[12108, 533530, 5449] dur=0.689ms id=60.60 type=0x5000000/INTERNAL|WITHOUT_TENSOR,"epoch"
[D]       ----------------------------------------
[D]       INTERNAL OPERATOR (idx=59, name=EpochBlock_61)
[D]        name="" counters="CPU cycles"[6972, 346922, 3233] dur=0.446ms id=61.61 type=0x5000000/INTERNAL|WITHOUT_TENSOR,"epoch"
[D]       ----------------------------------------
[D]       INTERNAL OPERATOR (idx=60, name=EpochBlock_62)
[D]        name="" counters="CPU cycles"[8609, 1586, 3737] dur=0.017ms id=62.62 type=0x5000000/INTERNAL|WITHOUT_TENSOR,"epoch"
[D]       ----------------------------------------
[D]       INTERNAL OPERATOR (idx=61, name=EpochBlock_63)
[D]        name="" counters="CPU cycles"[18372, 468018, 5081] dur=0.614ms id=63.63 type=0x5000000/INTERNAL|WITHOUT_TENSOR,"epoch"
[D]       ----------------------------------------
[D]       INTERNAL OPERATOR (idx=62, name=EpochBlock_64)
[D]        name="" counters="CPU cycles"[45, 76, 4015] dur=0.005ms id=64.64 type=0x1000002/INTERNAL,"epoch (SW)"
[D]       INTERNAL TENSOR #0
[D]        IOTensor: Dequantize_226_out_0, E.64.0, , 0x342e0000 f32[1,63], 252 Bytes
[D]        last=True, data_size=0
[D]       ----------------------------------------
[D]       INTERNAL OPERATOR (idx=63, name=EpochBlock_65)
[D]        name="" counters="CPU cycles"[16156, 3266, 3545] dur=0.029ms id=65.65 type=0x5000000/INTERNAL|WITHOUT_TENSOR,"epoch"
[D]       ----------------------------------------
[D]       INTERNAL OPERATOR (idx=64, name=EpochBlock_66)
[D]        name="" counters="CPU cycles"[45, 36, 3396] dur=0.004ms id=66.66 type=0x1000002/INTERNAL,"epoch (SW)"
[D]       INTERNAL TENSOR #0
[D]        IOTensor: Dequantize_229_out_0, E.66.0, , 0x342e0100 f32[1,63], 252 Bytes
[D]        last=True, data_size=0
[D]       ----------------------------------------
[D]       INTERNAL OPERATOR (idx=65, name=EpochBlock_67)
[D]        name="" counters="CPU cycles"[45, 36, 2830] dur=0.004ms id=67.67 type=0x1000002/INTERNAL,"epoch (SW)"
[D]       INTERNAL TENSOR #0
[D]        IOTensor: Dequantize_219_out_0, E.67.0, , 0x342e0200 f32[1,1], 4 Bytes
[D]        last=True, data_size=0
[D]       ----------------------------------------
[D]       INTERNAL OPERATOR (idx=66, name=EpochBlock_68)
[D]        name="" counters="CPU cycles"[4564, 599, 1730] dur=0.009ms id=68.68 type=0x5000000/INTERNAL|WITHOUT_TENSOR,"epoch"
[D]       ----------------------------------------
[D]       INTERNAL OPERATOR (idx=67, name=EpochBlock_69)
[D]        name="" counters="CPU cycles"[45, 36, 2292] dur=0.003ms id=69.69 type=0x1000002/INTERNAL,"epoch (SW)"
[D]       INTERNAL TENSOR #0
[D]        IOTensor: Dequantize_223_out_0, E.69.0, , 0x342e0210 f32[1,1], 4 Bytes
[D]        last=True, data_size=0
[D]       ----------------------------------------
[D]       INFERENCE DONE
[D]        name="network" counters="CPU cycles"[1659534, 16093877, 211992, 17978064, 20125477] dur=22.473ms id=0.0 type=0x0/NONE,"epoch"
[D]       RECEIVE OUTPUT TENSOR #0 last=False..
[D]        IOTensor: Dequantize_223_out_0, O_0, , 0x342e0210 f32[1,1], 4 Bytes
[D]       RECEIVE OUTPUT TENSOR #1 last=False..
[D]        IOTensor: Dequantize_229_out_0, O_1, , 0x342e0100 f32[1,63], 252 Bytes
[D]       RECEIVE OUTPUT TENSOR #2 last=False..
[D]        IOTensor: Dequantize_219_out_0, O_2, , 0x342e0200 f32[1,1], 4 Bytes
[D]       RECEIVE OUTPUT TENSOR #3 last=True..
[D]        IOTensor: Dequantize_226_out_0, O_3, , 0x342e0000 f32[1,63], 252 Bytes
[D]    <- done (target dur=22.457ms)
[D]    -> Requested RUN mode: Mode.DEBUG|PERF_ONLY|PER_LAYER (param=0b1100001011, option=0x3100)
[D]       SEND INPUT TENSOR #0 ((1, 224, 224, 3)/uint8) last=True..
[D]        buffer is filled with a simple value: 191
[D]       ----------------------------------------
[D]       INTERNAL OPERATOR (idx=0, name=EpochBlock_2)
[D]        name="" counters="CPU cycles"[3518, 121101, 1641] dur=0.158ms id=2.2 type=0x5000000/INTERNAL|WITHOUT_TENSOR,"epoch"
[D]       ----------------------------------------
[D]       INTERNAL OPERATOR (idx=1, name=EpochBlock_3)
[D]        name="" counters="CPU cycles"[15348, 363802, 3209] dur=0.478ms id=3.3 type=0x5000000/INTERNAL|WITHOUT_TENSOR,"epoch"
[D]       ----------------------------------------
[D]       INTERNAL OPERATOR (idx=2, name=EpochBlock_4)
[D]        name="" counters="CPU cycles"[5756, 241634, 1439] dur=0.311ms id=4.4 type=0x5000000/INTERNAL|WITHOUT_TENSOR,"epoch"
[D]       ----------------------------------------
[D]       INTERNAL OPERATOR (idx=3, name=EpochBlock_5)
[D]        name="" counters="CPU cycles"[8676, 242482, 2025] dur=0.316ms id=5.5 type=0x5000000/INTERNAL|WITHOUT_TENSOR,"epoch"
[D]       ----------------------------------------
[D]       INTERNAL OPERATOR (idx=4, name=EpochBlock_6)
[D]        name="" counters="CPU cycles"[18540, 644317, 2329] dur=0.831ms id=6.6 type=0x5000000/INTERNAL|WITHOUT_TENSOR,"epoch"
[D]       ----------------------------------------
[D]       INTERNAL OPERATOR (idx=5, name=EpochBlock_7)
[D]        name="" counters="CPU cycles"[17828, 643270, 2329] dur=0.829ms id=7.7 type=0x5000000/INTERNAL|WITHOUT_TENSOR,"epoch"
[D]       ----------------------------------------
[D]       INTERNAL OPERATOR (idx=6, name=EpochBlock_8)
[D]        name="" counters="CPU cycles"[9572, 64054, 2022] dur=0.095ms id=8.8 type=0x5000000/INTERNAL|WITHOUT_TENSOR,"epoch"
[D]       ----------------------------------------
[D]       INTERNAL OPERATOR (idx=7, name=EpochBlock_9)
[D]        name="" counters="CPU cycles"[33804, 363926, 2327] dur=0.500ms id=9.9 type=0x5000000/INTERNAL|WITHOUT_TENSOR,"epoch"
[D]       ----------------------------------------
[D]       INTERNAL OPERATOR (idx=8, name=EpochBlock_10)
[D]        name="" counters="CPU cycles"[33484, 377346, 2348] dur=0.516ms id=10.10 type=0x5000000/INTERNAL|WITHOUT_TENSOR,"epoch"
[D]       ----------------------------------------
[D]       INTERNAL OPERATOR (idx=9, name=EpochBlock_11)
[D]        name="" counters="CPU cycles"[12220, 67898, 3314] dur=0.104ms id=11.11 type=0x5000000/INTERNAL|WITHOUT_TENSOR,"epoch"
[D]       ----------------------------------------
[D]       INTERNAL OPERATOR (idx=10, name=EpochBlock_12)
[D]        name="" counters="CPU cycles"[33308, 363762, 2442] dur=0.499ms id=12.12 type=0x5000000/INTERNAL|WITHOUT_TENSOR,"epoch"
[D]       ----------------------------------------
[D]       INTERNAL OPERATOR (idx=11, name=EpochBlock_13)
[D]        name="" counters="CPU cycles"[1892, 405626, 793] dur=0.510ms id=13.13 type=0x5000000/INTERNAL|WITHOUT_TENSOR,"epoch"
[D]       ----------------------------------------
[D]       INTERNAL OPERATOR (idx=12, name=EpochBlock_14)
[D]        name="" counters="CPU cycles"[36610, 366594, 3606] dur=0.509ms id=14.14 type=0x5000000/INTERNAL|WITHOUT_TENSOR,"epoch"
[D]       ----------------------------------------
[D]       INTERNAL OPERATOR (idx=13, name=EpochBlock_15)
[D]        name="" counters="CPU cycles"[14436, 36493, 2625] dur=0.067ms id=15.15 type=0x5000000/INTERNAL|WITHOUT_TENSOR,"epoch"
[D]       ----------------------------------------
[D]       INTERNAL OPERATOR (idx=14, name=EpochBlock_16)
[D]        name="" counters="CPU cycles"[53676, 153477, 2929] dur=0.263ms id=16.16 type=0x5000000/INTERNAL|WITHOUT_TENSOR,"epoch"
[D]       ----------------------------------------
[D]       INTERNAL OPERATOR (idx=15, name=EpochBlock_17)
[D]        name="" counters="CPU cycles"[1940, 181885, 753] dur=0.231ms id=17.17 type=0x5000000/INTERNAL|WITHOUT_TENSOR,"epoch"
[D]       ----------------------------------------
[D]       INTERNAL OPERATOR (idx=16, name=EpochBlock_18)
[D]        name="" counters="CPU cycles"[54740, 194378, 3457] dur=0.316ms id=18.18 type=0x5000000/INTERNAL|WITHOUT_TENSOR,"epoch"
[D]       ----------------------------------------
[D]       INTERNAL OPERATOR (idx=17, name=EpochBlock_19)
[D]        name="" counters="CPU cycles"[15996, 60597, 3233] dur=0.100ms id=19.19 type=0x5000000/INTERNAL|WITHOUT_TENSOR,"epoch"
[D]       ----------------------------------------
[D]       INTERNAL OPERATOR (idx=18, name=EpochBlock_20)
[D]        name="" counters="CPU cycles"[53612, 153301, 2975] dur=0.262ms id=20.20 type=0x5000000/INTERNAL|WITHOUT_TENSOR,"epoch"
[D]       ----------------------------------------
[D]       INTERNAL OPERATOR (idx=19, name=EpochBlock_21)
[D]        name="" counters="CPU cycles"[51892, 152674, 2241] dur=0.259ms id=21.21 type=0x5000000/INTERNAL|WITHOUT_TENSOR,"epoch"
[D]       ----------------------------------------
[D]       INTERNAL OPERATOR (idx=20, name=EpochBlock_22)
[D]        name="" counters="CPU cycles"[22404, 45394, 2609] dur=0.088ms id=22.22 type=0x5000000/INTERNAL|WITHOUT_TENSOR,"epoch"
[D]       ----------------------------------------
[D]       INTERNAL OPERATOR (idx=21, name=EpochBlock_23)
[D]        name="" counters="CPU cycles"[102410, 81290, 4326] dur=0.235ms id=23.23 type=0x5000000/INTERNAL|WITHOUT_TENSOR,"epoch"
[D]       ----------------------------------------
[D]       INTERNAL OPERATOR (idx=22, name=EpochBlock_24)
[D]        name="" counters="CPU cycles"[98340, 89138, 2289] dur=0.237ms id=24.24 type=0x5000000/INTERNAL|WITHOUT_TENSOR,"epoch"
[D]       ----------------------------------------
[D]       INTERNAL OPERATOR (idx=23, name=EpochBlock_25)
[D]        name="" counters="CPU cycles"[26212, 87621, 4574] dur=0.148ms id=25.25 type=0x5000000/INTERNAL|WITHOUT_TENSOR,"epoch"
[D]       ----------------------------------------
[D]       INTERNAL OPERATOR (idx=24, name=EpochBlock_26)
[D]        name="" counters="CPU cycles"[102369, 81255, 4270] dur=0.235ms id=26.26 type=0x5000000/INTERNAL|WITHOUT_TENSOR,"epoch"
[D]       ----------------------------------------
[D]       INTERNAL OPERATOR (idx=25, name=EpochBlock_27)
[D]        name="" counters="CPU cycles"[98322, 89098, 2366] dur=0.237ms id=27.27 type=0x5000000/INTERNAL|WITHOUT_TENSOR,"epoch"
[D]       ----------------------------------------
[D]       INTERNAL OPERATOR (idx=26, name=EpochBlock_28)
[D]        name="" counters="CPU cycles"[26180, 87746, 4614] dur=0.148ms id=28.28 type=0x5000000/INTERNAL|WITHOUT_TENSOR,"epoch"
[D]       ----------------------------------------
[D]       INTERNAL OPERATOR (idx=27, name=EpochBlock_29)
[D]        name="" counters="CPU cycles"[101972, 81021, 4286] dur=0.234ms id=29.29 type=0x5000000/INTERNAL|WITHOUT_TENSOR,"epoch"
[D]       ----------------------------------------
[D]       INTERNAL OPERATOR (idx=28, name=EpochBlock_30)
[D]        name="" counters="CPU cycles"[1932, 97698, 753] dur=0.125ms id=30.30 type=0x5000000/INTERNAL|WITHOUT_TENSOR,"epoch"
[D]       ----------------------------------------
[D]       INTERNAL OPERATOR (idx=29, name=EpochBlock_31)
[D]        name="" counters="CPU cycles"[101170, 106434, 3532] dur=0.264ms id=31.31 type=0x5000000/INTERNAL|WITHOUT_TENSOR,"epoch"
[D]       ----------------------------------------
[D]       INTERNAL OPERATOR (idx=30, name=EpochBlock_32)
[D]        name="" counters="CPU cycles"[31572, 118083, 3929] dur=0.192ms id=32.32 type=0x5000000/INTERNAL|WITHOUT_TENSOR,"epoch"
[D]       ----------------------------------------
[D]       INTERNAL OPERATOR (idx=31, name=EpochBlock_33)
[D]        name="" counters="CPU cycles"[1884, 9466, 753] dur=0.015ms id=33.33 type=0x5000000/INTERNAL|WITHOUT_TENSOR,"epoch"
[D]       ----------------------------------------
[D]       INTERNAL OPERATOR (idx=32, name=EpochBlock_34)
[D]        name="" counters="CPU cycles"[12180, 418234, 5393] dur=0.545ms id=34.34 type=0x5000000/INTERNAL|WITHOUT_TENSOR,"epoch"
[D]       ----------------------------------------
[D]       INTERNAL OPERATOR (idx=33, name=EpochBlock_35)
[D]        name="" counters="CPU cycles"[1892, 136578, 721] dur=0.174ms id=35.35 type=0x5000000/INTERNAL|WITHOUT_TENSOR,"epoch"
[D]       ----------------------------------------
[D]       INTERNAL OPERATOR (idx=34, name=EpochBlock_36)
[D]        name="" counters="CPU cycles"[9012, 648106, 4113] dur=0.827ms id=36.36 type=0x5000000/INTERNAL|WITHOUT_TENSOR,"epoch"
[D]       ----------------------------------------
[D]       INTERNAL OPERATOR (idx=35, name=EpochBlock_37)
[D]        name="" counters="CPU cycles"[32484, 159930, 4505] dur=0.246ms id=37.37 type=0x5000000/INTERNAL|WITHOUT_TENSOR,"epoch"
[D]       ----------------------------------------
[D]       INTERNAL OPERATOR (idx=36, name=EpochBlock_38)
[D]        name="" counters="CPU cycles"[1924, 9466, 790] dur=0.015ms id=38.38 type=0x5000000/INTERNAL|WITHOUT_TENSOR,"epoch"
[D]       ----------------------------------------
[D]       INTERNAL OPERATOR (idx=37, name=EpochBlock_39)
[D]        name="" counters="CPU cycles"[12434, 426642, 5535] dur=0.556ms id=39.39 type=0x5000000/INTERNAL|WITHOUT_TENSOR,"epoch"
[D]       ----------------------------------------
[D]       INTERNAL OPERATOR (idx=38, name=EpochBlock_40)
[D]        name="" counters="CPU cycles"[1908, 136578, 793] dur=0.174ms id=40.40 type=0x5000000/INTERNAL|WITHOUT_TENSOR,"epoch"
[D]       ----------------------------------------
[D]       INTERNAL OPERATOR (idx=39, name=EpochBlock_41)
[D]        name="" counters="CPU cycles"[9044, 648685, 4177] dur=0.827ms id=41.41 type=0x5000000/INTERNAL|WITHOUT_TENSOR,"epoch"
[D]       ----------------------------------------
[D]       INTERNAL OPERATOR (idx=40, name=EpochBlock_42)
[D]        name="" counters="CPU cycles"[32905, 159746, 4489] dur=0.246ms id=42.42 type=0x5000000/INTERNAL|WITHOUT_TENSOR,"epoch"
[D]       ----------------------------------------
[D]       INTERNAL OPERATOR (idx=41, name=EpochBlock_43)
[D]        name="" counters="CPU cycles"[1884, 9466, 753] dur=0.015ms id=43.43 type=0x5000000/INTERNAL|WITHOUT_TENSOR,"epoch"
[D]       ----------------------------------------
[D]       INTERNAL OPERATOR (idx=42, name=EpochBlock_44)
[D]        name="" counters="CPU cycles"[12188, 418218, 5489] dur=0.545ms id=44.44 type=0x5000000/INTERNAL|WITHOUT_TENSOR,"epoch"
[D]       ----------------------------------------
[D]       INTERNAL OPERATOR (idx=43, name=EpochBlock_45)
[D]        name="" counters="CPU cycles"[1892, 136586, 753] dur=0.174ms id=45.45 type=0x5000000/INTERNAL|WITHOUT_TENSOR,"epoch"
[D]       ----------------------------------------
[D]       INTERNAL OPERATOR (idx=44, name=EpochBlock_46)
[D]        name="" counters="CPU cycles"[9036, 300106, 4202] dur=0.392ms id=46.46 type=0x5000000/INTERNAL|WITHOUT_TENSOR,"epoch"
[D]       ----------------------------------------
[D]       INTERNAL OPERATOR (idx=45, name=EpochBlock_47)
[D]        name="" counters="CPU cycles"[46748, 260610, 3961] dur=0.389ms id=47.47 type=0x5000000/INTERNAL|WITHOUT_TENSOR,"epoch"
[D]       ----------------------------------------
[D]       INTERNAL OPERATOR (idx=46, name=EpochBlock_48)
[D]        name="" counters="CPU cycles"[12196, 542762, 5457] dur=0.701ms id=48.48 type=0x5000000/INTERNAL|WITHOUT_TENSOR,"epoch"
[D]       ----------------------------------------
[D]       INTERNAL OPERATOR (idx=47, name=EpochBlock_49)
[D]        name="" counters="CPU cycles"[1900, 81170, 753] dur=0.105ms id=49.49 type=0x5000000/INTERNAL|WITHOUT_TENSOR,"epoch"
[D]       ----------------------------------------
[D]       INTERNAL OPERATOR (idx=48, name=EpochBlock_50)
[D]        name="" counters="CPU cycles"[9276, 502066, 4065] dur=0.644ms id=50.50 type=0x5000000/INTERNAL|WITHOUT_TENSOR,"epoch"
[D]       ----------------------------------------
[D]       INTERNAL OPERATOR (idx=49, name=EpochBlock_51)
[D]        name="" counters="CPU cycles"[48076, 445418, 4433] dur=0.622ms id=51.51 type=0x5000000/INTERNAL|WITHOUT_TENSOR,"epoch"
[D]       ----------------------------------------
[D]       INTERNAL OPERATOR (idx=50, name=EpochBlock_52)
[D]        name="" counters="CPU cycles"[12252, 533845, 5463] dur=0.689ms id=52.52 type=0x5000000/INTERNAL|WITHOUT_TENSOR,"epoch"
[D]       ----------------------------------------
[D]       INTERNAL OPERATOR (idx=51, name=EpochBlock_53)
[D]        name="" counters="CPU cycles"[1932, 81170, 721] dur=0.105ms id=53.53 type=0x5000000/INTERNAL|WITHOUT_TENSOR,"epoch"
[D]       ----------------------------------------
[D]       INTERNAL OPERATOR (idx=52, name=EpochBlock_54)
[D]        name="" counters="CPU cycles"[9044, 499770, 4246] dur=0.641ms id=54.54 type=0x5000000/INTERNAL|WITHOUT_TENSOR,"epoch"
[D]       ----------------------------------------
[D]       INTERNAL OPERATOR (idx=53, name=EpochBlock_55)
[D]        name="" counters="CPU cycles"[47932, 445282, 4505] dur=0.622ms id=55.55 type=0x5000000/INTERNAL|WITHOUT_TENSOR,"epoch"
[D]       ----------------------------------------
[D]       INTERNAL OPERATOR (idx=54, name=EpochBlock_56)
[D]        name="" counters="CPU cycles"[12300, 539770, 5457] dur=0.697ms id=56.56 type=0x5000000/INTERNAL|WITHOUT_TENSOR,"epoch"
[D]       ----------------------------------------
[D]       INTERNAL OPERATOR (idx=55, name=EpochBlock_57)
[D]        name="" counters="CPU cycles"[1860, 81122, 753] dur=0.105ms id=57.57 type=0x5000000/INTERNAL|WITHOUT_TENSOR,"epoch"
[D]       ----------------------------------------
[D]       INTERNAL OPERATOR (idx=56, name=EpochBlock_58)
[D]        name="" counters="CPU cycles"[9124, 502282, 4137] dur=0.644ms id=58.58 type=0x5000000/INTERNAL|WITHOUT_TENSOR,"epoch"
[D]       ----------------------------------------
[D]       INTERNAL OPERATOR (idx=57, name=EpochBlock_59)
[D]        name="" counters="CPU cycles"[47972, 445074, 4526] dur=0.622ms id=59.59 type=0x5000000/INTERNAL|WITHOUT_TENSOR,"epoch"
[D]       ----------------------------------------
[D]       INTERNAL OPERATOR (idx=58, name=EpochBlock_60)
[D]        name="" counters="CPU cycles"[12180, 533522, 5486] dur=0.689ms id=60.60 type=0x5000000/INTERNAL|WITHOUT_TENSOR,"epoch"
[D]       ----------------------------------------
[D]       INTERNAL OPERATOR (idx=59, name=EpochBlock_61)
[D]        name="" counters="CPU cycles"[7068, 346925, 3233] dur=0.447ms id=61.61 type=0x5000000/INTERNAL|WITHOUT_TENSOR,"epoch"
[D]       ----------------------------------------
[D]       INTERNAL OPERATOR (idx=60, name=EpochBlock_62)
[D]        name="" counters="CPU cycles"[8625, 1586, 3737] dur=0.017ms id=62.62 type=0x5000000/INTERNAL|WITHOUT_TENSOR,"epoch"
[D]       ----------------------------------------
[D]       INTERNAL OPERATOR (idx=61, name=EpochBlock_63)
[D]        name="" counters="CPU cycles"[18516, 468090, 5081] dur=0.615ms id=63.63 type=0x5000000/INTERNAL|WITHOUT_TENSOR,"epoch"
[D]       ----------------------------------------
[D]       INTERNAL OPERATOR (idx=62, name=EpochBlock_64)
[D]        name="" counters="CPU cycles"[45, 36, 4034] dur=0.005ms id=64.64 type=0x1000002/INTERNAL,"epoch (SW)"
[D]       INTERNAL TENSOR #0
[D]        IOTensor: Dequantize_226_out_0, E.64.0, , 0x342e0000 f32[1,63], 252 Bytes
[D]        last=True, data_size=0
[D]       ----------------------------------------
[D]       INTERNAL OPERATOR (idx=63, name=EpochBlock_65)
[D]        name="" counters="CPU cycles"[15828, 3266, 3545] dur=0.028ms id=65.65 type=0x5000000/INTERNAL|WITHOUT_TENSOR,"epoch"
[D]       ----------------------------------------
[D]       INTERNAL OPERATOR (idx=64, name=EpochBlock_66)
[D]        name="" counters="CPU cycles"[45, 36, 3426] dur=0.004ms id=66.66 type=0x1000002/INTERNAL,"epoch (SW)"
[D]       INTERNAL TENSOR #0
[D]        IOTensor: Dequantize_229_out_0, E.66.0, , 0x342e0100 f32[1,63], 252 Bytes
[D]        last=True, data_size=0
[D]       ----------------------------------------
[D]       INTERNAL OPERATOR (idx=65, name=EpochBlock_67)
[D]        name="" counters="CPU cycles"[45, 36, 2826] dur=0.004ms id=67.67 type=0x1000002/INTERNAL,"epoch (SW)"
[D]       INTERNAL TENSOR #0
[D]        IOTensor: Dequantize_219_out_0, E.67.0, , 0x342e0200 f32[1,1], 4 Bytes
[D]        last=True, data_size=0
[D]       ----------------------------------------
[D]       INTERNAL OPERATOR (idx=66, name=EpochBlock_68)
[D]        name="" counters="CPU cycles"[4532, 599, 1682] dur=0.009ms id=68.68 type=0x5000000/INTERNAL|WITHOUT_TENSOR,"epoch"
[D]       ----------------------------------------
[D]       INTERNAL OPERATOR (idx=67, name=EpochBlock_69)
[D]        name="" counters="CPU cycles"[45, 36, 2330] dur=0.003ms id=69.69 type=0x1000002/INTERNAL,"epoch (SW)"
[D]       INTERNAL TENSOR #0
[D]        IOTensor: Dequantize_223_out_0, E.69.0, , 0x342e0210 f32[1,1], 4 Bytes
[D]        last=True, data_size=0
[D]       ----------------------------------------
[D]       INFERENCE DONE
[D]        name="network" counters="CPU cycles"[1657939, 16095675, 211908, 17977956, 20127911] dur=22.472ms id=0.0 type=0x0/NONE,"epoch"
[D]       RECEIVE OUTPUT TENSOR #0 last=False..
[D]        IOTensor: Dequantize_223_out_0, O_0, , 0x342e0210 f32[1,1], 4 Bytes
[D]       RECEIVE OUTPUT TENSOR #1 last=False..
[D]        IOTensor: Dequantize_229_out_0, O_1, , 0x342e0100 f32[1,63], 252 Bytes
[D]       RECEIVE OUTPUT TENSOR #2 last=False..
[D]        IOTensor: Dequantize_219_out_0, O_2, , 0x342e0200 f32[1,1], 4 Bytes
[D]       RECEIVE OUTPUT TENSOR #3 last=True..
[D]        IOTensor: Dequantize_226_out_0, O_3, , 0x342e0000 f32[1,63], 252 Bytes
[D]    <- done (target dur=22.457ms)
[D]    -> Requested RUN mode: Mode.DEBUG|PERF_ONLY|PER_LAYER (param=0b1100001011, option=0x3100)
[D]       SEND INPUT TENSOR #0 ((1, 224, 224, 3)/uint8) last=True..
[D]        buffer is filled with a simple value: 217
[D]       ----------------------------------------
[D]       INTERNAL OPERATOR (idx=0, name=EpochBlock_2)
[D]        name="" counters="CPU cycles"[3518, 121026, 1641] dur=0.158ms id=2.2 type=0x5000000/INTERNAL|WITHOUT_TENSOR,"epoch"
[D]       ----------------------------------------
[D]       INTERNAL OPERATOR (idx=1, name=EpochBlock_3)
[D]        name="" counters="CPU cycles"[15444, 363842, 3209] dur=0.478ms id=3.3 type=0x5000000/INTERNAL|WITHOUT_TENSOR,"epoch"
[D]       ----------------------------------------
[D]       INTERNAL OPERATOR (idx=2, name=EpochBlock_4)
[D]        name="" counters="CPU cycles"[5732, 241634, 1399] dur=0.311ms id=4.4 type=0x5000000/INTERNAL|WITHOUT_TENSOR,"epoch"
[D]       ----------------------------------------
[D]       INTERNAL OPERATOR (idx=3, name=EpochBlock_5)
[D]        name="" counters="CPU cycles"[8556, 242482, 2025] dur=0.316ms id=5.5 type=0x5000000/INTERNAL|WITHOUT_TENSOR,"epoch"
[D]       ----------------------------------------
[D]       INTERNAL OPERATOR (idx=4, name=EpochBlock_6)
[D]        name="" counters="CPU cycles"[18468, 644274, 2329] dur=0.831ms id=6.6 type=0x5000000/INTERNAL|WITHOUT_TENSOR,"epoch"
[D]       ----------------------------------------
[D]       INTERNAL OPERATOR (idx=5, name=EpochBlock_7)
[D]        name="" counters="CPU cycles"[17868, 643262, 2310] dur=0.829ms id=7.7 type=0x5000000/INTERNAL|WITHOUT_TENSOR,"epoch"
[D]       ----------------------------------------
[D]       INTERNAL OPERATOR (idx=6, name=EpochBlock_8)
[D]        name="" counters="CPU cycles"[9676, 64056, 2022] dur=0.095ms id=8.8 type=0x5000000/INTERNAL|WITHOUT_TENSOR,"epoch"
[D]       ----------------------------------------
[D]       INTERNAL OPERATOR (idx=7, name=EpochBlock_9)
[D]        name="" counters="CPU cycles"[33828, 363928, 2327] dur=0.500ms id=9.9 type=0x5000000/INTERNAL|WITHOUT_TENSOR,"epoch"
[D]       ----------------------------------------
[D]       INTERNAL OPERATOR (idx=8, name=EpochBlock_10)
[D]        name="" counters="CPU cycles"[33452, 377346, 2310] dur=0.516ms id=10.10 type=0x5000000/INTERNAL|WITHOUT_TENSOR,"epoch"
[D]       ----------------------------------------
[D]       INTERNAL OPERATOR (idx=9, name=EpochBlock_11)
[D]        name="" counters="CPU cycles"[12252, 67898, 3321] dur=0.104ms id=11.11 type=0x5000000/INTERNAL|WITHOUT_TENSOR,"epoch"
[D]       ----------------------------------------
[D]       INTERNAL OPERATOR (idx=10, name=EpochBlock_12)
[D]        name="" counters="CPU cycles"[33444, 363802, 2390] dur=0.500ms id=12.12 type=0x5000000/INTERNAL|WITHOUT_TENSOR,"epoch"
[D]       ----------------------------------------
[D]       INTERNAL OPERATOR (idx=11, name=EpochBlock_13)
[D]        name="" counters="CPU cycles"[1892, 405618, 793] dur=0.510ms id=13.13 type=0x5000000/INTERNAL|WITHOUT_TENSOR,"epoch"
[D]       ----------------------------------------
[D]       INTERNAL OPERATOR (idx=12, name=EpochBlock_14)
[D]        name="" counters="CPU cycles"[36148, 366618, 3606] dur=0.508ms id=14.14 type=0x5000000/INTERNAL|WITHOUT_TENSOR,"epoch"
[D]       ----------------------------------------
[D]       INTERNAL OPERATOR (idx=13, name=EpochBlock_15)
[D]        name="" counters="CPU cycles"[14364, 36531, 2577] dur=0.067ms id=15.15 type=0x5000000/INTERNAL|WITHOUT_TENSOR,"epoch"
[D]       ----------------------------------------
[D]       INTERNAL OPERATOR (idx=14, name=EpochBlock_16)
[D]        name="" counters="CPU cycles"[53468, 153555, 2929] dur=0.262ms id=16.16 type=0x5000000/INTERNAL|WITHOUT_TENSOR,"epoch"
[D]       ----------------------------------------
[D]       INTERNAL OPERATOR (idx=15, name=EpochBlock_17)
[D]        name="" counters="CPU cycles"[1940, 181850, 753] dur=0.231ms id=17.17 type=0x5000000/INTERNAL|WITHOUT_TENSOR,"epoch"
[D]       ----------------------------------------
[D]       INTERNAL OPERATOR (idx=16, name=EpochBlock_18)
[D]        name="" counters="CPU cycles"[54988, 194418, 3505] dur=0.316ms id=18.18 type=0x5000000/INTERNAL|WITHOUT_TENSOR,"epoch"
[D]       ----------------------------------------
[D]       INTERNAL OPERATOR (idx=17, name=EpochBlock_19)
[D]        name="" counters="CPU cycles"[15924, 60634, 3270] dur=0.100ms id=19.19 type=0x5000000/INTERNAL|WITHOUT_TENSOR,"epoch"
[D]       ----------------------------------------
[D]       INTERNAL OPERATOR (idx=18, name=EpochBlock_20)
[D]        name="" counters="CPU cycles"[53391, 153226, 2974] dur=0.262ms id=20.20 type=0x5000000/INTERNAL|WITHOUT_TENSOR,"epoch"
[D]       ----------------------------------------
[D]       INTERNAL OPERATOR (idx=19, name=EpochBlock_21)
[D]        name="" counters="CPU cycles"[51964, 152642, 2281] dur=0.259ms id=21.21 type=0x5000000/INTERNAL|WITHOUT_TENSOR,"epoch"
[D]       ----------------------------------------
[D]       INTERNAL OPERATOR (idx=20, name=EpochBlock_22)
[D]        name="" counters="CPU cycles"[22500, 45394, 2625] dur=0.088ms id=22.22 type=0x5000000/INTERNAL|WITHOUT_TENSOR,"epoch"
[D]       ----------------------------------------
[D]       INTERNAL OPERATOR (idx=21, name=EpochBlock_23)
[D]        name="" counters="CPU cycles"[102314, 81290, 4344] dur=0.235ms id=23.23 type=0x5000000/INTERNAL|WITHOUT_TENSOR,"epoch"
[D]       ----------------------------------------
[D]       INTERNAL OPERATOR (idx=22, name=EpochBlock_24)
[D]        name="" counters="CPU cycles"[97986, 89219, 2289] dur=0.237ms id=24.24 type=0x5000000/INTERNAL|WITHOUT_TENSOR,"epoch"
[D]       ----------------------------------------
[D]       INTERNAL OPERATOR (idx=23, name=EpochBlock_25)
[D]        name="" counters="CPU cycles"[26380, 87698, 4537] dur=0.148ms id=25.25 type=0x5000000/INTERNAL|WITHOUT_TENSOR,"epoch"
[D]       ----------------------------------------
[D]       INTERNAL OPERATOR (idx=24, name=EpochBlock_26)
[D]        name="" counters="CPU cycles"[102329, 81330, 4273] dur=0.235ms id=26.26 type=0x5000000/INTERNAL|WITHOUT_TENSOR,"epoch"
[D]       ----------------------------------------
[D]       INTERNAL OPERATOR (idx=25, name=EpochBlock_27)
[D]        name="" counters="CPU cycles"[98004, 89138, 2390] dur=0.237ms id=27.27 type=0x5000000/INTERNAL|WITHOUT_TENSOR,"epoch"
[D]       ----------------------------------------
[D]       INTERNAL OPERATOR (idx=26, name=EpochBlock_28)
[D]        name="" counters="CPU cycles"[26580, 87706, 4646] dur=0.149ms id=28.28 type=0x5000000/INTERNAL|WITHOUT_TENSOR,"epoch"
[D]       ----------------------------------------
[D]       INTERNAL OPERATOR (idx=27, name=EpochBlock_29)
[D]        name="" counters="CPU cycles"[102372, 80978, 4356] dur=0.235ms id=29.29 type=0x5000000/INTERNAL|WITHOUT_TENSOR,"epoch"
[D]       ----------------------------------------
[D]       INTERNAL OPERATOR (idx=28, name=EpochBlock_30)
[D]        name="" counters="CPU cycles"[1932, 97706, 753] dur=0.125ms id=30.30 type=0x5000000/INTERNAL|WITHOUT_TENSOR,"epoch"
[D]       ----------------------------------------
[D]       INTERNAL OPERATOR (idx=29, name=EpochBlock_31)
[D]        name="" counters="CPU cycles"[101202, 106434, 3494] dur=0.264ms id=31.31 type=0x5000000/INTERNAL|WITHOUT_TENSOR,"epoch"
[D]       ----------------------------------------
[D]       INTERNAL OPERATOR (idx=30, name=EpochBlock_32)
[D]        name="" counters="CPU cycles"[31396, 118045, 3929] dur=0.192ms id=32.32 type=0x5000000/INTERNAL|WITHOUT_TENSOR,"epoch"
[D]       ----------------------------------------
[D]       INTERNAL OPERATOR (idx=31, name=EpochBlock_33)
[D]        name="" counters="CPU cycles"[1884, 9538, 753] dur=0.015ms id=33.33 type=0x5000000/INTERNAL|WITHOUT_TENSOR,"epoch"
[D]       ----------------------------------------
[D]       INTERNAL OPERATOR (idx=32, name=EpochBlock_34)
[D]        name="" counters="CPU cycles"[12292, 418226, 5393] dur=0.545ms id=34.34 type=0x5000000/INTERNAL|WITHOUT_TENSOR,"epoch"
[D]       ----------------------------------------
[D]       INTERNAL OPERATOR (idx=33, name=EpochBlock_35)
[D]        name="" counters="CPU cycles"[1924, 136594, 721] dur=0.174ms id=35.35 type=0x5000000/INTERNAL|WITHOUT_TENSOR,"epoch"
[D]       ----------------------------------------
[D]       INTERNAL OPERATOR (idx=34, name=EpochBlock_36)
[D]        name="" counters="CPU cycles"[9012, 647882, 4113] dur=0.826ms id=36.36 type=0x5000000/INTERNAL|WITHOUT_TENSOR,"epoch"
[D]       ----------------------------------------
[D]       INTERNAL OPERATOR (idx=35, name=EpochBlock_37)
[D]        name="" counters="CPU cycles"[32580, 159962, 4537] dur=0.246ms id=37.37 type=0x5000000/INTERNAL|WITHOUT_TENSOR,"epoch"
[D]       ----------------------------------------
[D]       INTERNAL OPERATOR (idx=36, name=EpochBlock_38)
[D]        name="" counters="CPU cycles"[1844, 9466, 790] dur=0.015ms id=38.38 type=0x5000000/INTERNAL|WITHOUT_TENSOR,"epoch"
[D]       ----------------------------------------
[D]       INTERNAL OPERATOR (idx=37, name=EpochBlock_39)
[D]        name="" counters="CPU cycles"[12396, 426978, 5532] dur=0.556ms id=39.39 type=0x5000000/INTERNAL|WITHOUT_TENSOR,"epoch"
[D]       ----------------------------------------
[D]       INTERNAL OPERATOR (idx=38, name=EpochBlock_40)
[D]        name="" counters="CPU cycles"[1980, 136645, 753] dur=0.174ms id=40.40 type=0x5000000/INTERNAL|WITHOUT_TENSOR,"epoch"
[D]       ----------------------------------------
[D]       INTERNAL OPERATOR (idx=39, name=EpochBlock_41)
[D]        name="" counters="CPU cycles"[9044, 648517, 4177] dur=0.827ms id=41.41 type=0x5000000/INTERNAL|WITHOUT_TENSOR,"epoch"
[D]       ----------------------------------------
[D]       INTERNAL OPERATOR (idx=40, name=EpochBlock_42)
[D]        name="" counters="CPU cycles"[32332, 159786, 4489] dur=0.246ms id=42.42 type=0x5000000/INTERNAL|WITHOUT_TENSOR,"epoch"
[D]       ----------------------------------------
[D]       INTERNAL OPERATOR (idx=41, name=EpochBlock_43)
[D]        name="" counters="CPU cycles"[1924, 9466, 793] dur=0.015ms id=43.43 type=0x5000000/INTERNAL|WITHOUT_TENSOR,"epoch"
[D]       ----------------------------------------
[D]       INTERNAL OPERATOR (idx=42, name=EpochBlock_44)
[D]        name="" counters="CPU cycles"[12188, 418322, 5489] dur=0.545ms id=44.44 type=0x5000000/INTERNAL|WITHOUT_TENSOR,"epoch"
[D]       ----------------------------------------
[D]       INTERNAL OPERATOR (idx=43, name=EpochBlock_45)
[D]        name="" counters="CPU cycles"[1892, 136586, 753] dur=0.174ms id=45.45 type=0x5000000/INTERNAL|WITHOUT_TENSOR,"epoch"
[D]       ----------------------------------------
[D]       INTERNAL OPERATOR (idx=44, name=EpochBlock_46)
[D]        name="" counters="CPU cycles"[9068, 300194, 4158] dur=0.392ms id=46.46 type=0x5000000/INTERNAL|WITHOUT_TENSOR,"epoch"
[D]       ----------------------------------------
[D]       INTERNAL OPERATOR (idx=45, name=EpochBlock_47)
[D]        name="" counters="CPU cycles"[46588, 260610, 3961] dur=0.389ms id=47.47 type=0x5000000/INTERNAL|WITHOUT_TENSOR,"epoch"
[D]       ----------------------------------------
[D]       INTERNAL OPERATOR (idx=46, name=EpochBlock_48)
[D]        name="" counters="CPU cycles"[12228, 542141, 5457] dur=0.700ms id=48.48 type=0x5000000/INTERNAL|WITHOUT_TENSOR,"epoch"
[D]       ----------------------------------------
[D]       INTERNAL OPERATOR (idx=47, name=EpochBlock_49)
[D]        name="" counters="CPU cycles"[1940, 81138, 793] dur=0.105ms id=49.49 type=0x5000000/INTERNAL|WITHOUT_TENSOR,"epoch"
[D]       ----------------------------------------
[D]       INTERNAL OPERATOR (idx=48, name=EpochBlock_50)
[D]        name="" counters="CPU cycles"[9276, 501890, 4065] dur=0.644ms id=50.50 type=0x5000000/INTERNAL|WITHOUT_TENSOR,"epoch"
[D]       ----------------------------------------
[D]       INTERNAL OPERATOR (idx=49, name=EpochBlock_51)
[D]        name="" counters="CPU cycles"[47788, 445418, 4433] dur=0.622ms id=51.51 type=0x5000000/INTERNAL|WITHOUT_TENSOR,"epoch"
[D]       ----------------------------------------
[D]       INTERNAL OPERATOR (idx=50, name=EpochBlock_52)
[D]        name="" counters="CPU cycles"[12292, 533901, 5555] dur=0.690ms id=52.52 type=0x5000000/INTERNAL|WITHOUT_TENSOR,"epoch"
[D]       ----------------------------------------
[D]       INTERNAL OPERATOR (idx=51, name=EpochBlock_53)
[D]        name="" counters="CPU cycles"[1932, 81130, 721] dur=0.105ms id=53.53 type=0x5000000/INTERNAL|WITHOUT_TENSOR,"epoch"
[D]       ----------------------------------------
[D]       INTERNAL OPERATOR (idx=52, name=EpochBlock_54)
[D]        name="" counters="CPU cycles"[9052, 499850, 4150] dur=0.641ms id=54.54 type=0x5000000/INTERNAL|WITHOUT_TENSOR,"epoch"
[D]       ----------------------------------------
[D]       INTERNAL OPERATOR (idx=53, name=EpochBlock_55)
[D]        name="" counters="CPU cycles"[47927, 445365, 4505] dur=0.622ms id=55.55 type=0x5000000/INTERNAL|WITHOUT_TENSOR,"epoch"
[D]       ----------------------------------------
[D]       INTERNAL OPERATOR (idx=54, name=EpochBlock_56)
[D]        name="" counters="CPU cycles"[12356, 540714, 5457] dur=0.698ms id=56.56 type=0x5000000/INTERNAL|WITHOUT_TENSOR,"epoch"
[D]       ----------------------------------------
[D]       INTERNAL OPERATOR (idx=55, name=EpochBlock_57)
[D]        name="" counters="CPU cycles"[1860, 81122, 753] dur=0.105ms id=57.57 type=0x5000000/INTERNAL|WITHOUT_TENSOR,"epoch"
[D]       ----------------------------------------
[D]       INTERNAL OPERATOR (idx=56, name=EpochBlock_58)
[D]        name="" counters="CPU cycles"[9164, 502221, 4137] dur=0.644ms id=58.58 type=0x5000000/INTERNAL|WITHOUT_TENSOR,"epoch"
[D]       ----------------------------------------
[D]       INTERNAL OPERATOR (idx=57, name=EpochBlock_59)
[D]        name="" counters="CPU cycles"[47772, 445074, 4433] dur=0.622ms id=59.59 type=0x5000000/INTERNAL|WITHOUT_TENSOR,"epoch"
[D]       ----------------------------------------
[D]       INTERNAL OPERATOR (idx=58, name=EpochBlock_60)
[D]        name="" counters="CPU cycles"[12276, 533546, 5524] dur=0.689ms id=60.60 type=0x5000000/INTERNAL|WITHOUT_TENSOR,"epoch"
[D]       ----------------------------------------
[D]       INTERNAL OPERATOR (idx=59, name=EpochBlock_61)
[D]        name="" counters="CPU cycles"[6908, 346962, 3233] dur=0.446ms id=61.61 type=0x5000000/INTERNAL|WITHOUT_TENSOR,"epoch"
[D]       ----------------------------------------
[D]       INTERNAL OPERATOR (idx=60, name=EpochBlock_62)
[D]        name="" counters="CPU cycles"[8585, 1589, 3737] dur=0.017ms id=62.62 type=0x5000000/INTERNAL|WITHOUT_TENSOR,"epoch"
[D]       ----------------------------------------
[D]       INTERNAL OPERATOR (idx=61, name=EpochBlock_63)
[D]        name="" counters="CPU cycles"[18481, 467986, 5081] dur=0.614ms id=63.63 type=0x5000000/INTERNAL|WITHOUT_TENSOR,"epoch"
[D]       ----------------------------------------
[D]       INTERNAL OPERATOR (idx=62, name=EpochBlock_64)
[D]        name="" counters="CPU cycles"[83, 76, 4091] dur=0.005ms id=64.64 type=0x1000002/INTERNAL,"epoch (SW)"
[D]       INTERNAL TENSOR #0
[D]        IOTensor: Dequantize_226_out_0, E.64.0, , 0x342e0000 f32[1,63], 252 Bytes
[D]        last=True, data_size=0
[D]       ----------------------------------------
[D]       INTERNAL OPERATOR (idx=63, name=EpochBlock_65)
[D]        name="" counters="CPU cycles"[15817, 3226, 3574] dur=0.028ms id=65.65 type=0x5000000/INTERNAL|WITHOUT_TENSOR,"epoch"
[D]       ----------------------------------------
[D]       INTERNAL OPERATOR (idx=64, name=EpochBlock_66)
[D]        name="" counters="CPU cycles"[45, 36, 3360] dur=0.004ms id=66.66 type=0x1000002/INTERNAL,"epoch (SW)"
[D]       INTERNAL TENSOR #0
[D]        IOTensor: Dequantize_229_out_0, E.66.0, , 0x342e0100 f32[1,63], 252 Bytes
[D]        last=True, data_size=0
[D]       ----------------------------------------
[D]       INTERNAL OPERATOR (idx=65, name=EpochBlock_67)
[D]        name="" counters="CPU cycles"[45, 36, 2864] dur=0.004ms id=67.67 type=0x1000002/INTERNAL,"epoch (SW)"
[D]       INTERNAL TENSOR #0
[D]        IOTensor: Dequantize_219_out_0, E.67.0, , 0x342e0200 f32[1,1], 4 Bytes
[D]        last=True, data_size=0
[D]       ----------------------------------------
[D]       INTERNAL OPERATOR (idx=66, name=EpochBlock_68)
[D]        name="" counters="CPU cycles"[4564, 597, 1681] dur=0.009ms id=68.68 type=0x5000000/INTERNAL|WITHOUT_TENSOR,"epoch"
[D]       ----------------------------------------
[D]       INTERNAL OPERATOR (idx=67, name=EpochBlock_69)
[D]        name="" counters="CPU cycles"[45, 36, 2340] dur=0.003ms id=69.69 type=0x1000002/INTERNAL,"epoch (SW)"
[D]       INTERNAL TENSOR #0
[D]        IOTensor: Dequantize_223_out_0, E.69.0, , 0x342e0210 f32[1,1], 4 Bytes
[D]        last=True, data_size=0
[D]       ----------------------------------------
[D]       INFERENCE DONE
[D]        name="network" counters="CPU cycles"[1656696, 16096406, 211963, 17977504, 20128768] dur=22.472ms id=0.0 type=0x0/NONE,"epoch"
[D]       RECEIVE OUTPUT TENSOR #0 last=False..
[D]        IOTensor: Dequantize_223_out_0, O_0, , 0x342e0210 f32[1,1], 4 Bytes
[D]       RECEIVE OUTPUT TENSOR #1 last=False..
[D]        IOTensor: Dequantize_229_out_0, O_1, , 0x342e0100 f32[1,63], 252 Bytes
[D]       RECEIVE OUTPUT TENSOR #2 last=False..
[D]        IOTensor: Dequantize_219_out_0, O_2, , 0x342e0200 f32[1,1], 4 Bytes
[D]       RECEIVE OUTPUT TENSOR #3 last=True..
[D]        IOTensor: Dequantize_226_out_0, O_3, , 0x342e0000 f32[1,63], 252 Bytes
[D]    <- done (target dur=22.456ms)
[D]    -> Requested RUN mode: Mode.DEBUG|PERF_ONLY|PER_LAYER (param=0b1100001011, option=0x3100)
[D]       SEND INPUT TENSOR #0 ((1, 224, 224, 3)/uint8) last=True..
[D]        buffer is filled with a simple value: 76
[D]       ----------------------------------------
[D]       INTERNAL OPERATOR (idx=0, name=EpochBlock_2)
[D]        name="" counters="CPU cycles"[3524, 121074, 1601] dur=0.158ms id=2.2 type=0x5000000/INTERNAL|WITHOUT_TENSOR,"epoch"
[D]       ----------------------------------------
[D]       INTERNAL OPERATOR (idx=1, name=EpochBlock_3)
[D]        name="" counters="CPU cycles"[15324, 363802, 3217] dur=0.478ms id=3.3 type=0x5000000/INTERNAL|WITHOUT_TENSOR,"epoch"
[D]       ----------------------------------------
[D]       INTERNAL OPERATOR (idx=2, name=EpochBlock_4)
[D]        name="" counters="CPU cycles"[5668, 241634, 1401] dur=0.311ms id=4.4 type=0x5000000/INTERNAL|WITHOUT_TENSOR,"epoch"
[D]       ----------------------------------------
[D]       INTERNAL OPERATOR (idx=3, name=EpochBlock_5)
[D]        name="" counters="CPU cycles"[8620, 242482, 2025] dur=0.316ms id=5.5 type=0x5000000/INTERNAL|WITHOUT_TENSOR,"epoch"
[D]       ----------------------------------------
[D]       INTERNAL OPERATOR (idx=4, name=EpochBlock_6)
[D]        name="" counters="CPU cycles"[18468, 644317, 2329] dur=0.831ms id=6.6 type=0x5000000/INTERNAL|WITHOUT_TENSOR,"epoch"
[D]       ----------------------------------------
[D]       INTERNAL OPERATOR (idx=5, name=EpochBlock_7)
[D]        name="" counters="CPU cycles"[17916, 643270, 2329] dur=0.829ms id=7.7 type=0x5000000/INTERNAL|WITHOUT_TENSOR,"epoch"
[D]       ----------------------------------------
[D]       INTERNAL OPERATOR (idx=6, name=EpochBlock_8)
[D]        name="" counters="CPU cycles"[9580, 64056, 2022] dur=0.095ms id=8.8 type=0x5000000/INTERNAL|WITHOUT_TENSOR,"epoch"
[D]       ----------------------------------------
[D]       INTERNAL OPERATOR (idx=7, name=EpochBlock_9)
[D]        name="" counters="CPU cycles"[33836, 363890, 2327] dur=0.500ms id=9.9 type=0x5000000/INTERNAL|WITHOUT_TENSOR,"epoch"
[D]       ----------------------------------------
[D]       INTERNAL OPERATOR (idx=8, name=EpochBlock_10)
[D]        name="" counters="CPU cycles"[33492, 377346, 2310] dur=0.516ms id=10.10 type=0x5000000/INTERNAL|WITHOUT_TENSOR,"epoch"
[D]       ----------------------------------------
[D]       INTERNAL OPERATOR (idx=9, name=EpochBlock_11)
[D]        name="" counters="CPU cycles"[12180, 67898, 3314] dur=0.104ms id=11.11 type=0x5000000/INTERNAL|WITHOUT_TENSOR,"epoch"
[D]       ----------------------------------------
[D]       INTERNAL OPERATOR (idx=10, name=EpochBlock_12)
[D]        name="" counters="CPU cycles"[33348, 363802, 2466] dur=0.500ms id=12.12 type=0x5000000/INTERNAL|WITHOUT_TENSOR,"epoch"
[D]       ----------------------------------------
[D]       INTERNAL OPERATOR (idx=11, name=EpochBlock_13)
[D]        name="" counters="CPU cycles"[1892, 405618, 793] dur=0.510ms id=13.13 type=0x5000000/INTERNAL|WITHOUT_TENSOR,"epoch"
[D]       ----------------------------------------
[D]       INTERNAL OPERATOR (idx=12, name=EpochBlock_14)
[D]        name="" counters="CPU cycles"[36188, 366610, 3606] dur=0.508ms id=14.14 type=0x5000000/INTERNAL|WITHOUT_TENSOR,"epoch"
[D]       ----------------------------------------
[D]       INTERNAL OPERATOR (idx=13, name=EpochBlock_15)
[D]        name="" counters="CPU cycles"[14348, 36530, 2625] dur=0.067ms id=15.15 type=0x5000000/INTERNAL|WITHOUT_TENSOR,"epoch"
[D]       ----------------------------------------
[D]       INTERNAL OPERATOR (idx=14, name=EpochBlock_16)
[D]        name="" counters="CPU cycles"[53716, 153440, 2918] dur=0.263ms id=16.16 type=0x5000000/INTERNAL|WITHOUT_TENSOR,"epoch"
[D]       ----------------------------------------
[D]       INTERNAL OPERATOR (idx=15, name=EpochBlock_17)
[D]        name="" counters="CPU cycles"[1980, 181890, 753] dur=0.231ms id=17.17 type=0x5000000/INTERNAL|WITHOUT_TENSOR,"epoch"
[D]       ----------------------------------------
[D]       INTERNAL OPERATOR (idx=16, name=EpochBlock_18)
[D]        name="" counters="CPU cycles"[54764, 194351, 3457] dur=0.316ms id=18.18 type=0x5000000/INTERNAL|WITHOUT_TENSOR,"epoch"
[D]       ----------------------------------------
[D]       INTERNAL OPERATOR (idx=17, name=EpochBlock_19)
[D]        name="" counters="CPU cycles"[15548, 60715, 3233] dur=0.099ms id=19.19 type=0x5000000/INTERNAL|WITHOUT_TENSOR,"epoch"
[D]       ----------------------------------------
[D]       INTERNAL OPERATOR (idx=18, name=EpochBlock_20)
[D]        name="" counters="CPU cycles"[53561, 153299, 2974] dur=0.262ms id=20.20 type=0x5000000/INTERNAL|WITHOUT_TENSOR,"epoch"
[D]       ----------------------------------------
[D]       INTERNAL OPERATOR (idx=19, name=EpochBlock_21)
[D]        name="" counters="CPU cycles"[51852, 152642, 2241] dur=0.258ms id=21.21 type=0x5000000/INTERNAL|WITHOUT_TENSOR,"epoch"
[D]       ----------------------------------------
[D]       INTERNAL OPERATOR (idx=20, name=EpochBlock_22)
[D]        name="" counters="CPU cycles"[22628, 45394, 2625] dur=0.088ms id=22.22 type=0x5000000/INTERNAL|WITHOUT_TENSOR,"epoch"
[D]       ----------------------------------------
[D]       INTERNAL OPERATOR (idx=21, name=EpochBlock_23)
[D]        name="" counters="CPU cycles"[102258, 81290, 4378] dur=0.235ms id=23.23 type=0x5000000/INTERNAL|WITHOUT_TENSOR,"epoch"
[D]       ----------------------------------------
[D]       INTERNAL OPERATOR (idx=22, name=EpochBlock_24)
[D]        name="" counters="CPU cycles"[98108, 89138, 2358] dur=0.237ms id=24.24 type=0x5000000/INTERNAL|WITHOUT_TENSOR,"epoch"
[D]       ----------------------------------------
[D]       INTERNAL OPERATOR (idx=23, name=EpochBlock_25)
[D]        name="" counters="CPU cycles"[26372, 87701, 4537] dur=0.148ms id=25.25 type=0x5000000/INTERNAL|WITHOUT_TENSOR,"epoch"
[D]       ----------------------------------------
[D]       INTERNAL OPERATOR (idx=24, name=EpochBlock_26)
[D]        name="" counters="CPU cycles"[102665, 81221, 4310] dur=0.235ms id=26.26 type=0x5000000/INTERNAL|WITHOUT_TENSOR,"epoch"
[D]       ----------------------------------------
[D]       INTERNAL OPERATOR (idx=25, name=EpochBlock_27)
[D]        name="" counters="CPU cycles"[98140, 89138, 2404] dur=0.237ms id=27.27 type=0x5000000/INTERNAL|WITHOUT_TENSOR,"epoch"
[D]       ----------------------------------------
[D]       INTERNAL OPERATOR (idx=26, name=EpochBlock_28)
[D]        name="" counters="CPU cycles"[26852, 87698, 4577] dur=0.149ms id=28.28 type=0x5000000/INTERNAL|WITHOUT_TENSOR,"epoch"
[D]       ----------------------------------------
[D]       INTERNAL OPERATOR (idx=27, name=EpochBlock_29)
[D]        name="" counters="CPU cycles"[102060, 80938, 4324] dur=0.234ms id=29.29 type=0x5000000/INTERNAL|WITHOUT_TENSOR,"epoch"
[D]       ----------------------------------------
[D]       INTERNAL OPERATOR (idx=28, name=EpochBlock_30)
[D]        name="" counters="CPU cycles"[1932, 97714, 790] dur=0.126ms id=30.30 type=0x5000000/INTERNAL|WITHOUT_TENSOR,"epoch"
[D]       ----------------------------------------
[D]       INTERNAL OPERATOR (idx=29, name=EpochBlock_31)
[D]        name="" counters="CPU cycles"[101146, 106397, 3551] dur=0.264ms id=31.31 type=0x5000000/INTERNAL|WITHOUT_TENSOR,"epoch"
[D]       ----------------------------------------
[D]       INTERNAL OPERATOR (idx=30, name=EpochBlock_32)
[D]        name="" counters="CPU cycles"[31940, 118045, 3929] dur=0.192ms id=32.32 type=0x5000000/INTERNAL|WITHOUT_TENSOR,"epoch"
[D]       ----------------------------------------
[D]       INTERNAL OPERATOR (idx=31, name=EpochBlock_33)
[D]        name="" counters="CPU cycles"[1884, 9466, 753] dur=0.015ms id=33.33 type=0x5000000/INTERNAL|WITHOUT_TENSOR,"epoch"
[D]       ----------------------------------------
[D]       INTERNAL OPERATOR (idx=32, name=EpochBlock_34)
[D]        name="" counters="CPU cycles"[12252, 418290, 5393] dur=0.545ms id=34.34 type=0x5000000/INTERNAL|WITHOUT_TENSOR,"epoch"
[D]       ----------------------------------------
[D]       INTERNAL OPERATOR (idx=33, name=EpochBlock_35)
[D]        name="" counters="CPU cycles"[1892, 136586, 721] dur=0.174ms id=35.35 type=0x5000000/INTERNAL|WITHOUT_TENSOR,"epoch"
[D]       ----------------------------------------
[D]       INTERNAL OPERATOR (idx=34, name=EpochBlock_36)
[D]        name="" counters="CPU cycles"[9004, 648170, 4113] dur=0.827ms id=36.36 type=0x5000000/INTERNAL|WITHOUT_TENSOR,"epoch"
[D]       ----------------------------------------
[D]       INTERNAL OPERATOR (idx=35, name=EpochBlock_37)
[D]        name="" counters="CPU cycles"[32580, 159970, 4537] dur=0.246ms id=37.37 type=0x5000000/INTERNAL|WITHOUT_TENSOR,"epoch"
[D]       ----------------------------------------
[D]       INTERNAL OPERATOR (idx=36, name=EpochBlock_38)
[D]        name="" counters="CPU cycles"[1844, 9466, 753] dur=0.015ms id=38.38 type=0x5000000/INTERNAL|WITHOUT_TENSOR,"epoch"
[D]       ----------------------------------------
[D]       INTERNAL OPERATOR (idx=37, name=EpochBlock_39)
[D]        name="" counters="CPU cycles"[12434, 426978, 5572] dur=0.556ms id=39.39 type=0x5000000/INTERNAL|WITHOUT_TENSOR,"epoch"
[D]       ----------------------------------------
[D]       INTERNAL OPERATOR (idx=38, name=EpochBlock_40)
[D]        name="" counters="CPU cycles"[1900, 136629, 830] dur=0.174ms id=40.40 type=0x5000000/INTERNAL|WITHOUT_TENSOR,"epoch"
[D]       ----------------------------------------
[D]       INTERNAL OPERATOR (idx=39, name=EpochBlock_41)
[D]        name="" counters="CPU cycles"[9044, 648418, 4177] dur=0.827ms id=41.41 type=0x5000000/INTERNAL|WITHOUT_TENSOR,"epoch"
[D]       ----------------------------------------
[D]       INTERNAL OPERATOR (idx=40, name=EpochBlock_42)
[D]        name="" counters="CPU cycles"[32412, 159786, 4433] dur=0.246ms id=42.42 type=0x5000000/INTERNAL|WITHOUT_TENSOR,"epoch"
[D]       ----------------------------------------
[D]       INTERNAL OPERATOR (idx=41, name=EpochBlock_43)
[D]        name="" counters="CPU cycles"[1884, 9466, 753] dur=0.015ms id=43.43 type=0x5000000/INTERNAL|WITHOUT_TENSOR,"epoch"
[D]       ----------------------------------------
[D]       INTERNAL OPERATOR (idx=42, name=EpochBlock_44)
[D]        name="" counters="CPU cycles"[12188, 418362, 5457] dur=0.545ms id=44.44 type=0x5000000/INTERNAL|WITHOUT_TENSOR,"epoch"
[D]       ----------------------------------------
[D]       INTERNAL OPERATOR (idx=43, name=EpochBlock_45)
[D]        name="" counters="CPU cycles"[1892, 136594, 753] dur=0.174ms id=45.45 type=0x5000000/INTERNAL|WITHOUT_TENSOR,"epoch"
[D]       ----------------------------------------
[D]       INTERNAL OPERATOR (idx=44, name=EpochBlock_46)
[D]        name="" counters="CPU cycles"[9068, 300226, 4195] dur=0.392ms id=46.46 type=0x5000000/INTERNAL|WITHOUT_TENSOR,"epoch"
[D]       ----------------------------------------
[D]       INTERNAL OPERATOR (idx=45, name=EpochBlock_47)
[D]        name="" counters="CPU cycles"[46588, 260573, 3974] dur=0.389ms id=47.47 type=0x5000000/INTERNAL|WITHOUT_TENSOR,"epoch"
[D]       ----------------------------------------
[D]       INTERNAL OPERATOR (idx=46, name=EpochBlock_48)
[D]        name="" counters="CPU cycles"[12164, 544549, 5494] dur=0.703ms id=48.48 type=0x5000000/INTERNAL|WITHOUT_TENSOR,"epoch"
[D]       ----------------------------------------
[D]       INTERNAL OPERATOR (idx=47, name=EpochBlock_49)
[D]        name="" counters="CPU cycles"[1940, 81114, 753] dur=0.105ms id=49.49 type=0x5000000/INTERNAL|WITHOUT_TENSOR,"epoch"
[D]       ----------------------------------------
[D]       INTERNAL OPERATOR (idx=48, name=EpochBlock_50)
[D]        name="" counters="CPU cycles"[9308, 502098, 4065] dur=0.644ms id=50.50 type=0x5000000/INTERNAL|WITHOUT_TENSOR,"epoch"
[D]       ----------------------------------------
[D]       INTERNAL OPERATOR (idx=49, name=EpochBlock_51)
[D]        name="" counters="CPU cycles"[47836, 445418, 4433] dur=0.622ms id=51.51 type=0x5000000/INTERNAL|WITHOUT_TENSOR,"epoch"
[D]       ----------------------------------------
[D]       INTERNAL OPERATOR (idx=50, name=EpochBlock_52)
[D]        name="" counters="CPU cycles"[12212, 534107, 5393] dur=0.690ms id=52.52 type=0x5000000/INTERNAL|WITHOUT_TENSOR,"epoch"
[D]       ----------------------------------------
[D]       INTERNAL OPERATOR (idx=51, name=EpochBlock_53)
[D]        name="" counters="CPU cycles"[1932, 81138, 721] dur=0.105ms id=53.53 type=0x5000000/INTERNAL|WITHOUT_TENSOR,"epoch"
[D]       ----------------------------------------
[D]       INTERNAL OPERATOR (idx=52, name=EpochBlock_54)
[D]        name="" counters="CPU cycles"[9052, 499850, 4113] dur=0.641ms id=54.54 type=0x5000000/INTERNAL|WITHOUT_TENSOR,"epoch"
[D]       ----------------------------------------
[D]       INTERNAL OPERATOR (idx=53, name=EpochBlock_55)
[D]        name="" counters="CPU cycles"[47889, 445328, 4505] dur=0.622ms id=55.55 type=0x5000000/INTERNAL|WITHOUT_TENSOR,"epoch"
[D]       ----------------------------------------
[D]       INTERNAL OPERATOR (idx=54, name=EpochBlock_56)
[D]        name="" counters="CPU cycles"[12284, 539770, 5457] dur=0.697ms id=56.56 type=0x5000000/INTERNAL|WITHOUT_TENSOR,"epoch"
[D]       ----------------------------------------
[D]       INTERNAL OPERATOR (idx=55, name=EpochBlock_57)
[D]        name="" counters="CPU cycles"[1860, 81130, 753] dur=0.105ms id=57.57 type=0x5000000/INTERNAL|WITHOUT_TENSOR,"epoch"
[D]       ----------------------------------------
[D]       INTERNAL OPERATOR (idx=56, name=EpochBlock_58)
[D]        name="" counters="CPU cycles"[9228, 502274, 4137] dur=0.645ms id=58.58 type=0x5000000/INTERNAL|WITHOUT_TENSOR,"epoch"
[D]       ----------------------------------------
[D]       INTERNAL OPERATOR (idx=57, name=EpochBlock_59)
[D]        name="" counters="CPU cycles"[47828, 445074, 4596] dur=0.622ms id=59.59 type=0x5000000/INTERNAL|WITHOUT_TENSOR,"epoch"
[D]       ----------------------------------------
[D]       INTERNAL OPERATOR (idx=58, name=EpochBlock_60)
[D]        name="" counters="CPU cycles"[12220, 533514, 5449] dur=0.689ms id=60.60 type=0x5000000/INTERNAL|WITHOUT_TENSOR,"epoch"
[D]       ----------------------------------------
[D]       INTERNAL OPERATOR (idx=59, name=EpochBlock_61)
[D]        name="" counters="CPU cycles"[7004, 346965, 3233] dur=0.447ms id=61.61 type=0x5000000/INTERNAL|WITHOUT_TENSOR,"epoch"
[D]       ----------------------------------------
[D]       INTERNAL OPERATOR (idx=60, name=EpochBlock_62)
[D]        name="" counters="CPU cycles"[8668, 1626, 3737] dur=0.018ms id=62.62 type=0x5000000/INTERNAL|WITHOUT_TENSOR,"epoch"
[D]       ----------------------------------------
[D]       INTERNAL OPERATOR (idx=61, name=EpochBlock_63)
[D]        name="" counters="CPU cycles"[18212, 468138, 5025] dur=0.614ms id=63.63 type=0x5000000/INTERNAL|WITHOUT_TENSOR,"epoch"
[D]       ----------------------------------------
[D]       INTERNAL OPERATOR (idx=62, name=EpochBlock_64)
[D]        name="" counters="CPU cycles"[83, 36, 4004] dur=0.005ms id=64.64 type=0x1000002/INTERNAL,"epoch (SW)"
[D]       INTERNAL TENSOR #0
[D]        IOTensor: Dequantize_226_out_0, E.64.0, , 0x342e0000 f32[1,63], 252 Bytes
[D]        last=True, data_size=0
[D]       ----------------------------------------
[D]       INTERNAL OPERATOR (idx=63, name=EpochBlock_65)
[D]        name="" counters="CPU cycles"[16289, 3186, 3545] dur=0.029ms id=65.65 type=0x5000000/INTERNAL|WITHOUT_TENSOR,"epoch"
[D]       ----------------------------------------
[D]       INTERNAL OPERATOR (idx=64, name=EpochBlock_66)
[D]        name="" counters="CPU cycles"[45, 36, 3394] dur=0.004ms id=66.66 type=0x1000002/INTERNAL,"epoch (SW)"
[D]       INTERNAL TENSOR #0
[D]        IOTensor: Dequantize_229_out_0, E.66.0, , 0x342e0100 f32[1,63], 252 Bytes
[D]        last=True, data_size=0
[D]       ----------------------------------------
[D]       INTERNAL OPERATOR (idx=65, name=EpochBlock_67)
[D]        name="" counters="CPU cycles"[45, 36, 2836] dur=0.004ms id=67.67 type=0x1000002/INTERNAL,"epoch (SW)"
[D]       INTERNAL TENSOR #0
[D]        IOTensor: Dequantize_219_out_0, E.67.0, , 0x342e0200 f32[1,1], 4 Bytes
[D]        last=True, data_size=0
[D]       ----------------------------------------
[D]       INTERNAL OPERATOR (idx=66, name=EpochBlock_68)
[D]        name="" counters="CPU cycles"[4572, 599, 1705] dur=0.009ms id=68.68 type=0x5000000/INTERNAL|WITHOUT_TENSOR,"epoch"
[D]       ----------------------------------------
[D]       INTERNAL OPERATOR (idx=67, name=EpochBlock_69)
[D]        name="" counters="CPU cycles"[45, 36, 2294] dur=0.003ms id=69.69 type=0x1000002/INTERNAL,"epoch (SW)"
[D]       INTERNAL TENSOR #0
[D]        IOTensor: Dequantize_223_out_0, E.69.0, , 0x342e0210 f32[1,1], 4 Bytes
[D]        last=True, data_size=0
[D]       ----------------------------------------
[D]       INFERENCE DONE
[D]        name="network" counters="CPU cycles"[1657488, 16098342, 211780, 17980225, 20131443] dur=22.475ms id=0.0 type=0x0/NONE,"epoch"
[D]       RECEIVE OUTPUT TENSOR #0 last=False..
[D]        IOTensor: Dequantize_223_out_0, O_0, , 0x342e0210 f32[1,1], 4 Bytes
[D]       RECEIVE OUTPUT TENSOR #1 last=False..
[D]        IOTensor: Dequantize_229_out_0, O_1, , 0x342e0100 f32[1,63], 252 Bytes
[D]       RECEIVE OUTPUT TENSOR #2 last=False..
[D]        IOTensor: Dequantize_219_out_0, O_2, , 0x342e0200 f32[1,1], 4 Bytes
[D]       RECEIVE OUTPUT TENSOR #3 last=True..
[D]        IOTensor: Dequantize_226_out_0, O_3, , 0x342e0000 f32[1,63], 252 Bytes
[D]    <- done (target dur=22.460ms)
[D]    -> Requested RUN mode: Mode.DEBUG|PERF_ONLY|PER_LAYER (param=0b1100001011, option=0x3100)
[D]       SEND INPUT TENSOR #0 ((1, 224, 224, 3)/uint8) last=True..
[D]        buffer is filled with a simple value: 142
[D]       ----------------------------------------
[D]       INTERNAL OPERATOR (idx=0, name=EpochBlock_2)
[D]        name="" counters="CPU cycles"[3516, 121116, 1601] dur=0.158ms id=2.2 type=0x5000000/INTERNAL|WITHOUT_TENSOR,"epoch"
[D]       ----------------------------------------
[D]       INTERNAL OPERATOR (idx=1, name=EpochBlock_3)
[D]        name="" counters="CPU cycles"[15396, 363802, 3209] dur=0.478ms id=3.3 type=0x5000000/INTERNAL|WITHOUT_TENSOR,"epoch"
[D]       ----------------------------------------
[D]       INTERNAL OPERATOR (idx=2, name=EpochBlock_4)
[D]        name="" counters="CPU cycles"[5716, 241634, 1439] dur=0.311ms id=4.4 type=0x5000000/INTERNAL|WITHOUT_TENSOR,"epoch"
[D]       ----------------------------------------
[D]       INTERNAL OPERATOR (idx=3, name=EpochBlock_5)
[D]        name="" counters="CPU cycles"[8516, 242482, 2025] dur=0.316ms id=5.5 type=0x5000000/INTERNAL|WITHOUT_TENSOR,"epoch"
[D]       ----------------------------------------
[D]       INTERNAL OPERATOR (idx=4, name=EpochBlock_6)
[D]        name="" counters="CPU cycles"[18388, 644317, 2329] dur=0.831ms id=6.6 type=0x5000000/INTERNAL|WITHOUT_TENSOR,"epoch"
[D]       ----------------------------------------
[D]       INTERNAL OPERATOR (idx=5, name=EpochBlock_7)
[D]        name="" counters="CPU cycles"[17940, 643234, 2273] dur=0.829ms id=7.7 type=0x5000000/INTERNAL|WITHOUT_TENSOR,"epoch"
[D]       ----------------------------------------
[D]       INTERNAL OPERATOR (idx=6, name=EpochBlock_8)
[D]        name="" counters="CPU cycles"[9668, 64056, 1985] dur=0.095ms id=8.8 type=0x5000000/INTERNAL|WITHOUT_TENSOR,"epoch"
[D]       ----------------------------------------
[D]       INTERNAL OPERATOR (idx=7, name=EpochBlock_9)
[D]        name="" counters="CPU cycles"[33820, 363928, 2327] dur=0.500ms id=9.9 type=0x5000000/INTERNAL|WITHOUT_TENSOR,"epoch"
[D]       ----------------------------------------
[D]       INTERNAL OPERATOR (idx=8, name=EpochBlock_10)
[D]        name="" counters="CPU cycles"[33516, 377346, 2310] dur=0.516ms id=10.10 type=0x5000000/INTERNAL|WITHOUT_TENSOR,"epoch"
[D]       ----------------------------------------
[D]       INTERNAL OPERATOR (idx=9, name=EpochBlock_11)
[D]        name="" counters="CPU cycles"[12140, 67898, 3354] dur=0.104ms id=11.11 type=0x5000000/INTERNAL|WITHOUT_TENSOR,"epoch"
[D]       ----------------------------------------
[D]       INTERNAL OPERATOR (idx=10, name=EpochBlock_12)
[D]        name="" counters="CPU cycles"[33292, 363802, 2428] dur=0.499ms id=12.12 type=0x5000000/INTERNAL|WITHOUT_TENSOR,"epoch"
[D]       ----------------------------------------
[D]       INTERNAL OPERATOR (idx=11, name=EpochBlock_13)
[D]        name="" counters="CPU cycles"[1892, 405618, 830] dur=0.510ms id=13.13 type=0x5000000/INTERNAL|WITHOUT_TENSOR,"epoch"
[D]       ----------------------------------------
[D]       INTERNAL OPERATOR (idx=12, name=EpochBlock_14)
[D]        name="" counters="CPU cycles"[36370, 366586, 3606] dur=0.508ms id=14.14 type=0x5000000/INTERNAL|WITHOUT_TENSOR,"epoch"
[D]       ----------------------------------------
[D]       INTERNAL OPERATOR (idx=13, name=EpochBlock_15)
[D]        name="" counters="CPU cycles"[14316, 36530, 2577] dur=0.067ms id=15.15 type=0x5000000/INTERNAL|WITHOUT_TENSOR,"epoch"
[D]       ----------------------------------------
[D]       INTERNAL OPERATOR (idx=14, name=EpochBlock_16)
[D]        name="" counters="CPU cycles"[53868, 153435, 2881] dur=0.263ms id=16.16 type=0x5000000/INTERNAL|WITHOUT_TENSOR,"epoch"
[D]       ----------------------------------------
[D]       INTERNAL OPERATOR (idx=15, name=EpochBlock_17)
[D]        name="" counters="CPU cycles"[1980, 181842, 753] dur=0.231ms id=17.17 type=0x5000000/INTERNAL|WITHOUT_TENSOR,"epoch"
[D]       ----------------------------------------
[D]       INTERNAL OPERATOR (idx=16, name=EpochBlock_18)
[D]        name="" counters="CPU cycles"[54748, 194381, 3457] dur=0.316ms id=18.18 type=0x5000000/INTERNAL|WITHOUT_TENSOR,"epoch"
[D]       ----------------------------------------
[D]       INTERNAL OPERATOR (idx=17, name=EpochBlock_19)
[D]        name="" counters="CPU cycles"[15724, 60672, 3270] dur=0.100ms id=19.19 type=0x5000000/INTERNAL|WITHOUT_TENSOR,"epoch"
[D]       ----------------------------------------
[D]       INTERNAL OPERATOR (idx=18, name=EpochBlock_20)
[D]        name="" counters="CPU cycles"[53554, 153258, 2974] dur=0.262ms id=20.20 type=0x5000000/INTERNAL|WITHOUT_TENSOR,"epoch"
[D]       ----------------------------------------
[D]       INTERNAL OPERATOR (idx=19, name=EpochBlock_21)
[D]        name="" counters="CPU cycles"[51820, 152645, 2281] dur=0.258ms id=21.21 type=0x5000000/INTERNAL|WITHOUT_TENSOR,"epoch"
[D]       ----------------------------------------
[D]       INTERNAL OPERATOR (idx=20, name=EpochBlock_22)
[D]        name="" counters="CPU cycles"[22716, 45394, 2625] dur=0.088ms id=22.22 type=0x5000000/INTERNAL|WITHOUT_TENSOR,"epoch"
[D]       ----------------------------------------
[D]       INTERNAL OPERATOR (idx=21, name=EpochBlock_23)
[D]        name="" counters="CPU cycles"[102458, 81290, 4364] dur=0.235ms id=23.23 type=0x5000000/INTERNAL|WITHOUT_TENSOR,"epoch"
[D]       ----------------------------------------
[D]       INTERNAL OPERATOR (idx=22, name=EpochBlock_24)
[D]        name="" counters="CPU cycles"[97962, 89168, 2345] dur=0.237ms id=24.24 type=0x5000000/INTERNAL|WITHOUT_TENSOR,"epoch"
[D]       ----------------------------------------
[D]       INTERNAL OPERATOR (idx=23, name=EpochBlock_25)
[D]        name="" counters="CPU cycles"[26148, 87698, 4561] dur=0.148ms id=25.25 type=0x5000000/INTERNAL|WITHOUT_TENSOR,"epoch"
[D]       ----------------------------------------
[D]       INTERNAL OPERATOR (idx=24, name=EpochBlock_26)
[D]        name="" counters="CPU cycles"[102865, 81298, 4273] dur=0.236ms id=26.26 type=0x5000000/INTERNAL|WITHOUT_TENSOR,"epoch"
[D]       ----------------------------------------
[D]       INTERNAL OPERATOR (idx=25, name=EpochBlock_27)
[D]        name="" counters="CPU cycles"[98364, 89138, 2366] dur=0.237ms id=27.27 type=0x5000000/INTERNAL|WITHOUT_TENSOR,"epoch"
[D]       ----------------------------------------
[D]       INTERNAL OPERATOR (idx=26, name=EpochBlock_28)
[D]        name="" counters="CPU cycles"[26612, 87706, 4577] dur=0.149ms id=28.28 type=0x5000000/INTERNAL|WITHOUT_TENSOR,"epoch"
[D]       ----------------------------------------
[D]       INTERNAL OPERATOR (idx=27, name=EpochBlock_29)
[D]        name="" counters="CPU cycles"[102068, 80938, 4249] dur=0.234ms id=29.29 type=0x5000000/INTERNAL|WITHOUT_TENSOR,"epoch"
[D]       ----------------------------------------
[D]       INTERNAL OPERATOR (idx=28, name=EpochBlock_30)
[D]        name="" counters="CPU cycles"[1972, 97706, 753] dur=0.126ms id=30.30 type=0x5000000/INTERNAL|WITHOUT_TENSOR,"epoch"
[D]       ----------------------------------------
[D]       INTERNAL OPERATOR (idx=29, name=EpochBlock_31)
[D]        name="" counters="CPU cycles"[101090, 106434, 3494] dur=0.264ms id=31.31 type=0x5000000/INTERNAL|WITHOUT_TENSOR,"epoch"
[D]       ----------------------------------------
[D]       INTERNAL OPERATOR (idx=30, name=EpochBlock_32)
[D]        name="" counters="CPU cycles"[31564, 118045, 3929] dur=0.192ms id=32.32 type=0x5000000/INTERNAL|WITHOUT_TENSOR,"epoch"
[D]       ----------------------------------------
[D]       INTERNAL OPERATOR (idx=31, name=EpochBlock_33)
[D]        name="" counters="CPU cycles"[1844, 9466, 753] dur=0.015ms id=33.33 type=0x5000000/INTERNAL|WITHOUT_TENSOR,"epoch"
[D]       ----------------------------------------
[D]       INTERNAL OPERATOR (idx=32, name=EpochBlock_34)
[D]        name="" counters="CPU cycles"[12220, 418242, 5449] dur=0.545ms id=34.34 type=0x5000000/INTERNAL|WITHOUT_TENSOR,"epoch"
[D]       ----------------------------------------
[D]       INTERNAL OPERATOR (idx=33, name=EpochBlock_35)
[D]        name="" counters="CPU cycles"[1852, 136586, 721] dur=0.174ms id=35.35 type=0x5000000/INTERNAL|WITHOUT_TENSOR,"epoch"
[D]       ----------------------------------------
[D]       INTERNAL OPERATOR (idx=34, name=EpochBlock_36)
[D]        name="" counters="CPU cycles"[9004, 647850, 4113] dur=0.826ms id=36.36 type=0x5000000/INTERNAL|WITHOUT_TENSOR,"epoch"
[D]       ----------------------------------------
[D]       INTERNAL OPERATOR (idx=35, name=EpochBlock_37)
[D]        name="" counters="CPU cycles"[32788, 159962, 4537] dur=0.247ms id=37.37 type=0x5000000/INTERNAL|WITHOUT_TENSOR,"epoch"
[D]       ----------------------------------------
[D]       INTERNAL OPERATOR (idx=36, name=EpochBlock_38)
[D]        name="" counters="CPU cycles"[1884, 9466, 753] dur=0.015ms id=38.38 type=0x5000000/INTERNAL|WITHOUT_TENSOR,"epoch"
[D]       ----------------------------------------
[D]       INTERNAL OPERATOR (idx=37, name=EpochBlock_39)
[D]        name="" counters="CPU cycles"[12364, 427010, 5534] dur=0.556ms id=39.39 type=0x5000000/INTERNAL|WITHOUT_TENSOR,"epoch"
[D]       ----------------------------------------
[D]       INTERNAL OPERATOR (idx=38, name=EpochBlock_40)
[D]        name="" counters="CPU cycles"[1860, 136586, 753] dur=0.174ms id=40.40 type=0x5000000/INTERNAL|WITHOUT_TENSOR,"epoch"
[D]       ----------------------------------------
[D]       INTERNAL OPERATOR (idx=39, name=EpochBlock_41)
[D]        name="" counters="CPU cycles"[9084, 648290, 4217] dur=0.827ms id=41.41 type=0x5000000/INTERNAL|WITHOUT_TENSOR,"epoch"
[D]       ----------------------------------------
[D]       INTERNAL OPERATOR (idx=40, name=EpochBlock_42)
[D]        name="" counters="CPU cycles"[32356, 159786, 4489] dur=0.246ms id=42.42 type=0x5000000/INTERNAL|WITHOUT_TENSOR,"epoch"
[D]       ----------------------------------------
[D]       INTERNAL OPERATOR (idx=41, name=EpochBlock_43)
[D]        name="" counters="CPU cycles"[1924, 9466, 793] dur=0.015ms id=43.43 type=0x5000000/INTERNAL|WITHOUT_TENSOR,"epoch"
[D]       ----------------------------------------
[D]       INTERNAL OPERATOR (idx=42, name=EpochBlock_44)
[D]        name="" counters="CPU cycles"[12148, 418306, 5457] dur=0.545ms id=44.44 type=0x5000000/INTERNAL|WITHOUT_TENSOR,"epoch"
[D]       ----------------------------------------
[D]       INTERNAL OPERATOR (idx=43, name=EpochBlock_45)
[D]        name="" counters="CPU cycles"[1892, 136594, 753] dur=0.174ms id=45.45 type=0x5000000/INTERNAL|WITHOUT_TENSOR,"epoch"
[D]       ----------------------------------------
[D]       INTERNAL OPERATOR (idx=44, name=EpochBlock_46)
[D]        name="" counters="CPU cycles"[9068, 300194, 4262] dur=0.392ms id=46.46 type=0x5000000/INTERNAL|WITHOUT_TENSOR,"epoch"
[D]       ----------------------------------------
[D]       INTERNAL OPERATOR (idx=45, name=EpochBlock_47)
[D]        name="" counters="CPU cycles"[46508, 260602, 3937] dur=0.389ms id=47.47 type=0x5000000/INTERNAL|WITHOUT_TENSOR,"epoch"
[D]       ----------------------------------------
[D]       INTERNAL OPERATOR (idx=46, name=EpochBlock_48)
[D]        name="" counters="CPU cycles"[12196, 541024, 5494] dur=0.698ms id=48.48 type=0x5000000/INTERNAL|WITHOUT_TENSOR,"epoch"
[D]       ----------------------------------------
[D]       INTERNAL OPERATOR (idx=47, name=EpochBlock_49)
[D]        name="" counters="CPU cycles"[2009, 81090, 793] dur=0.105ms id=49.49 type=0x5000000/INTERNAL|WITHOUT_TENSOR,"epoch"
[D]       ----------------------------------------
[D]       INTERNAL OPERATOR (idx=48, name=EpochBlock_50)
[D]        name="" counters="CPU cycles"[9284, 501778, 4121] dur=0.644ms id=50.50 type=0x5000000/INTERNAL|WITHOUT_TENSOR,"epoch"
[D]       ----------------------------------------
[D]       INTERNAL OPERATOR (idx=49, name=EpochBlock_51)
[D]        name="" counters="CPU cycles"[48100, 445418, 4489] dur=0.623ms id=51.51 type=0x5000000/INTERNAL|WITHOUT_TENSOR,"epoch"
[D]       ----------------------------------------
[D]       INTERNAL OPERATOR (idx=50, name=EpochBlock_52)
[D]        name="" counters="CPU cycles"[12244, 534037, 5563] dur=0.690ms id=52.52 type=0x5000000/INTERNAL|WITHOUT_TENSOR,"epoch"
[D]       ----------------------------------------
[D]       INTERNAL OPERATOR (idx=51, name=EpochBlock_53)
[D]        name="" counters="CPU cycles"[1932, 81130, 721] dur=0.105ms id=53.53 type=0x5000000/INTERNAL|WITHOUT_TENSOR,"epoch"
[D]       ----------------------------------------
[D]       INTERNAL OPERATOR (idx=52, name=EpochBlock_54)
[D]        name="" counters="CPU cycles"[9060, 499890, 4113] dur=0.641ms id=54.54 type=0x5000000/INTERNAL|WITHOUT_TENSOR,"epoch"
[D]       ----------------------------------------
[D]       INTERNAL OPERATOR (idx=53, name=EpochBlock_55)
[D]        name="" counters="CPU cycles"[47961, 445274, 4505] dur=0.622ms id=55.55 type=0x5000000/INTERNAL|WITHOUT_TENSOR,"epoch"
[D]       ----------------------------------------
[D]       INTERNAL OPERATOR (idx=54, name=EpochBlock_56)
[D]        name="" counters="CPU cycles"[12300, 540418, 5457] dur=0.698ms id=56.56 type=0x5000000/INTERNAL|WITHOUT_TENSOR,"epoch"
[D]       ----------------------------------------
[D]       INTERNAL OPERATOR (idx=55, name=EpochBlock_57)
[D]        name="" counters="CPU cycles"[1860, 81130, 753] dur=0.105ms id=57.57 type=0x5000000/INTERNAL|WITHOUT_TENSOR,"epoch"
[D]       ----------------------------------------
[D]       INTERNAL OPERATOR (idx=56, name=EpochBlock_58)
[D]        name="" counters="CPU cycles"[9124, 501890, 4137] dur=0.644ms id=58.58 type=0x5000000/INTERNAL|WITHOUT_TENSOR,"epoch"
[D]       ----------------------------------------
[D]       INTERNAL OPERATOR (idx=57, name=EpochBlock_59)
[D]        name="" counters="CPU cycles"[48340, 445074, 4567] dur=0.622ms id=59.59 type=0x5000000/INTERNAL|WITHOUT_TENSOR,"epoch"
[D]       ----------------------------------------
[D]       INTERNAL OPERATOR (idx=58, name=EpochBlock_60)
[D]        name="" counters="CPU cycles"[12084, 533546, 5449] dur=0.689ms id=60.60 type=0x5000000/INTERNAL|WITHOUT_TENSOR,"epoch"
[D]       ----------------------------------------
[D]       INTERNAL OPERATOR (idx=59, name=EpochBlock_61)
[D]        name="" counters="CPU cycles"[6988, 346922, 3233] dur=0.446ms id=61.61 type=0x5000000/INTERNAL|WITHOUT_TENSOR,"epoch"
[D]       ----------------------------------------
[D]       INTERNAL OPERATOR (idx=60, name=EpochBlock_62)
[D]        name="" counters="CPU cycles"[8617, 1541, 3737] dur=0.017ms id=62.62 type=0x5000000/INTERNAL|WITHOUT_TENSOR,"epoch"
[D]       ----------------------------------------
[D]       INTERNAL OPERATOR (idx=61, name=EpochBlock_63)
[D]        name="" counters="CPU cycles"[18404, 468002, 5062] dur=0.614ms id=63.63 type=0x5000000/INTERNAL|WITHOUT_TENSOR,"epoch"
[D]       ----------------------------------------
[D]       INTERNAL OPERATOR (idx=62, name=EpochBlock_64)
[D]        name="" counters="CPU cycles"[45, 36, 4006] dur=0.005ms id=64.64 type=0x1000002/INTERNAL,"epoch (SW)"
[D]       INTERNAL TENSOR #0
[D]        IOTensor: Dequantize_226_out_0, E.64.0, , 0x342e0000 f32[1,63], 252 Bytes
[D]        last=True, data_size=0
[D]       ----------------------------------------
[D]       INTERNAL OPERATOR (idx=63, name=EpochBlock_65)
[D]        name="" counters="CPU cycles"[16236, 3266, 3545] dur=0.029ms id=65.65 type=0x5000000/INTERNAL|WITHOUT_TENSOR,"epoch"
[D]       ----------------------------------------
[D]       INTERNAL OPERATOR (idx=64, name=EpochBlock_66)
[D]        name="" counters="CPU cycles"[45, 36, 3508] dur=0.004ms id=66.66 type=0x1000002/INTERNAL,"epoch (SW)"
[D]       INTERNAL TENSOR #0
[D]        IOTensor: Dequantize_229_out_0, E.66.0, , 0x342e0100 f32[1,63], 252 Bytes
[D]        last=True, data_size=0
[D]       ----------------------------------------
[D]       INTERNAL OPERATOR (idx=65, name=EpochBlock_67)
[D]        name="" counters="CPU cycles"[45, 36, 2868] dur=0.004ms id=67.67 type=0x1000002/INTERNAL,"epoch (SW)"
[D]       INTERNAL TENSOR #0
[D]        IOTensor: Dequantize_219_out_0, E.67.0, , 0x342e0200 f32[1,1], 4 Bytes
[D]        last=True, data_size=0
[D]       ----------------------------------------
[D]       INTERNAL OPERATOR (idx=66, name=EpochBlock_68)
[D]        name="" counters="CPU cycles"[4564, 599, 1737] dur=0.009ms id=68.68 type=0x5000000/INTERNAL|WITHOUT_TENSOR,"epoch"
[D]       ----------------------------------------
[D]       INTERNAL OPERATOR (idx=67, name=EpochBlock_69)
[D]        name="" counters="CPU cycles"[45, 36, 2320] dur=0.003ms id=69.69 type=0x1000002/INTERNAL,"epoch (SW)"
[D]       INTERNAL TENSOR #0
[D]        IOTensor: Dequantize_223_out_0, E.69.0, , 0x342e0210 f32[1,1], 4 Bytes
[D]        last=True, data_size=0
[D]       ----------------------------------------
[D]       INFERENCE DONE
[D]        name="network" counters="CPU cycles"[1658278, 16093976, 212144, 17976761, 20125725] dur=22.471ms id=0.0 type=0x0/NONE,"epoch"
[D]       RECEIVE OUTPUT TENSOR #0 last=False..
[D]        IOTensor: Dequantize_223_out_0, O_0, , 0x342e0210 f32[1,1], 4 Bytes
[D]       RECEIVE OUTPUT TENSOR #1 last=False..
[D]        IOTensor: Dequantize_229_out_0, O_1, , 0x342e0100 f32[1,63], 252 Bytes
[D]       RECEIVE OUTPUT TENSOR #2 last=False..
[D]        IOTensor: Dequantize_219_out_0, O_2, , 0x342e0200 f32[1,1], 4 Bytes
[D]       RECEIVE OUTPUT TENSOR #3 last=True..
[D]        IOTensor: Dequantize_226_out_0, O_3, , 0x342e0000 f32[1,63], 252 Bytes
[D]    <- done (target dur=22.455ms)
[D]    -> Requested RUN mode: Mode.DEBUG|PERF_ONLY|PER_LAYER (param=0b1100001011, option=0x3100)
[D]       SEND INPUT TENSOR #0 ((1, 224, 224, 3)/uint8) last=True..
[D]        buffer is filled with a simple value: 207
[D]       ----------------------------------------
[D]       INTERNAL OPERATOR (idx=0, name=EpochBlock_2)
[D]        name="" counters="CPU cycles"[3516, 121149, 1603] dur=0.158ms id=2.2 type=0x5000000/INTERNAL|WITHOUT_TENSOR,"epoch"
[D]       ----------------------------------------
[D]       INTERNAL OPERATOR (idx=1, name=EpochBlock_3)
[D]        name="" counters="CPU cycles"[15348, 363802, 3289] dur=0.478ms id=3.3 type=0x5000000/INTERNAL|WITHOUT_TENSOR,"epoch"
[D]       ----------------------------------------
[D]       INTERNAL OPERATOR (idx=2, name=EpochBlock_4)
[D]        name="" counters="CPU cycles"[5668, 241634, 1463] dur=0.311ms id=4.4 type=0x5000000/INTERNAL|WITHOUT_TENSOR,"epoch"
[D]       ----------------------------------------
[D]       INTERNAL OPERATOR (idx=3, name=EpochBlock_5)
[D]        name="" counters="CPU cycles"[8572, 242482, 2025] dur=0.316ms id=5.5 type=0x5000000/INTERNAL|WITHOUT_TENSOR,"epoch"
[D]       ----------------------------------------
[D]       INTERNAL OPERATOR (idx=4, name=EpochBlock_6)
[D]        name="" counters="CPU cycles"[18420, 644274, 2329] dur=0.831ms id=6.6 type=0x5000000/INTERNAL|WITHOUT_TENSOR,"epoch"
[D]       ----------------------------------------
[D]       INTERNAL OPERATOR (idx=5, name=EpochBlock_7)
[D]        name="" counters="CPU cycles"[17900, 643234, 2273] dur=0.829ms id=7.7 type=0x5000000/INTERNAL|WITHOUT_TENSOR,"epoch"
[D]       ----------------------------------------
[D]       INTERNAL OPERATOR (idx=6, name=EpochBlock_8)
[D]        name="" counters="CPU cycles"[9668, 64056, 2022] dur=0.095ms id=8.8 type=0x5000000/INTERNAL|WITHOUT_TENSOR,"epoch"
[D]       ----------------------------------------
[D]       INTERNAL OPERATOR (idx=7, name=EpochBlock_9)
[D]        name="" counters="CPU cycles"[33836, 363890, 2327] dur=0.500ms id=9.9 type=0x5000000/INTERNAL|WITHOUT_TENSOR,"epoch"
[D]       ----------------------------------------
[D]       INTERNAL OPERATOR (idx=8, name=EpochBlock_10)
[D]        name="" counters="CPU cycles"[33460, 377346, 2348] dur=0.516ms id=10.10 type=0x5000000/INTERNAL|WITHOUT_TENSOR,"epoch"
[D]       ----------------------------------------
[D]       INTERNAL OPERATOR (idx=9, name=EpochBlock_11)
[D]        name="" counters="CPU cycles"[12108, 67898, 3314] dur=0.104ms id=11.11 type=0x5000000/INTERNAL|WITHOUT_TENSOR,"epoch"
[D]       ----------------------------------------
[D]       INTERNAL OPERATOR (idx=10, name=EpochBlock_12)
[D]        name="" counters="CPU cycles"[33308, 363802, 2468] dur=0.499ms id=12.12 type=0x5000000/INTERNAL|WITHOUT_TENSOR,"epoch"
[D]       ----------------------------------------
[D]       INTERNAL OPERATOR (idx=11, name=EpochBlock_13)
[D]        name="" counters="CPU cycles"[1892, 405618, 793] dur=0.510ms id=13.13 type=0x5000000/INTERNAL|WITHOUT_TENSOR,"epoch"
[D]       ----------------------------------------
[D]       INTERNAL OPERATOR (idx=12, name=EpochBlock_14)
[D]        name="" counters="CPU cycles"[36178, 366602, 3606] dur=0.508ms id=14.14 type=0x5000000/INTERNAL|WITHOUT_TENSOR,"epoch"
[D]       ----------------------------------------
[D]       INTERNAL OPERATOR (idx=13, name=EpochBlock_15)
[D]        name="" counters="CPU cycles"[14668, 36493, 2577] dur=0.067ms id=15.15 type=0x5000000/INTERNAL|WITHOUT_TENSOR,"epoch"
[D]       ----------------------------------------
[D]       INTERNAL OPERATOR (idx=14, name=EpochBlock_16)
[D]        name="" counters="CPU cycles"[53828, 153512, 2881] dur=0.263ms id=16.16 type=0x5000000/INTERNAL|WITHOUT_TENSOR,"epoch"
[D]       ----------------------------------------
[D]       INTERNAL OPERATOR (idx=15, name=EpochBlock_17)
[D]        name="" counters="CPU cycles"[1980, 181842, 753] dur=0.231ms id=17.17 type=0x5000000/INTERNAL|WITHOUT_TENSOR,"epoch"
[D]       ----------------------------------------
[D]       INTERNAL OPERATOR (idx=16, name=EpochBlock_18)
[D]        name="" counters="CPU cycles"[54756, 194450, 3505] dur=0.316ms id=18.18 type=0x5000000/INTERNAL|WITHOUT_TENSOR,"epoch"
[D]       ----------------------------------------
[D]       INTERNAL OPERATOR (idx=17, name=EpochBlock_19)
[D]        name="" counters="CPU cycles"[15820, 60672, 3270] dur=0.100ms id=19.19 type=0x5000000/INTERNAL|WITHOUT_TENSOR,"epoch"
[D]       ----------------------------------------
[D]       INTERNAL OPERATOR (idx=18, name=EpochBlock_20)
[D]        name="" counters="CPU cycles"[53508, 153296, 2974] dur=0.262ms id=20.20 type=0x5000000/INTERNAL|WITHOUT_TENSOR,"epoch"
[D]       ----------------------------------------
[D]       INTERNAL OPERATOR (idx=19, name=EpochBlock_21)
[D]        name="" counters="CPU cycles"[51860, 152674, 2273] dur=0.259ms id=21.21 type=0x5000000/INTERNAL|WITHOUT_TENSOR,"epoch"
[D]       ----------------------------------------
[D]       INTERNAL OPERATOR (idx=20, name=EpochBlock_22)
[D]        name="" counters="CPU cycles"[22644, 45392, 2601] dur=0.088ms id=22.22 type=0x5000000/INTERNAL|WITHOUT_TENSOR,"epoch"
[D]       ----------------------------------------
[D]       INTERNAL OPERATOR (idx=21, name=EpochBlock_23)
[D]        name="" counters="CPU cycles"[102530, 81290, 4270] dur=0.235ms id=23.23 type=0x5000000/INTERNAL|WITHOUT_TENSOR,"epoch"
[D]       ----------------------------------------
[D]       INTERNAL OPERATOR (idx=22, name=EpochBlock_24)
[D]        name="" counters="CPU cycles"[97978, 89138, 2358] dur=0.237ms id=24.24 type=0x5000000/INTERNAL|WITHOUT_TENSOR,"epoch"
[D]       ----------------------------------------
[D]       INTERNAL OPERATOR (idx=23, name=EpochBlock_25)
[D]        name="" counters="CPU cycles"[26532, 87698, 4537] dur=0.148ms id=25.25 type=0x5000000/INTERNAL|WITHOUT_TENSOR,"epoch"
[D]       ----------------------------------------
[D]       INTERNAL OPERATOR (idx=24, name=EpochBlock_26)
[D]        name="" counters="CPU cycles"[102345, 81290, 4310] dur=0.235ms id=26.26 type=0x5000000/INTERNAL|WITHOUT_TENSOR,"epoch"
[D]       ----------------------------------------
[D]       INTERNAL OPERATOR (idx=25, name=EpochBlock_27)
[D]        name="" counters="CPU cycles"[98396, 89138, 2440] dur=0.237ms id=27.27 type=0x5000000/INTERNAL|WITHOUT_TENSOR,"epoch"
[D]       ----------------------------------------
[D]       INTERNAL OPERATOR (idx=26, name=EpochBlock_28)
[D]        name="" counters="CPU cycles"[26644, 87706, 4577] dur=0.149ms id=28.28 type=0x5000000/INTERNAL|WITHOUT_TENSOR,"epoch"
[D]       ----------------------------------------
[D]       INTERNAL OPERATOR (idx=27, name=EpochBlock_29)
[D]        name="" counters="CPU cycles"[102116, 81059, 4287] dur=0.234ms id=29.29 type=0x5000000/INTERNAL|WITHOUT_TENSOR,"epoch"
[D]       ----------------------------------------
[D]       INTERNAL OPERATOR (idx=28, name=EpochBlock_30)
[D]        name="" counters="CPU cycles"[1940, 97706, 793] dur=0.126ms id=30.30 type=0x5000000/INTERNAL|WITHOUT_TENSOR,"epoch"
[D]       ----------------------------------------
[D]       INTERNAL OPERATOR (idx=29, name=EpochBlock_31)
[D]        name="" counters="CPU cycles"[100980, 106474, 3494] dur=0.264ms id=31.31 type=0x5000000/INTERNAL|WITHOUT_TENSOR,"epoch"
[D]       ----------------------------------------
[D]       INTERNAL OPERATOR (idx=30, name=EpochBlock_32)
[D]        name="" counters="CPU cycles"[31564, 118085, 3929] dur=0.192ms id=32.32 type=0x5000000/INTERNAL|WITHOUT_TENSOR,"epoch"
[D]       ----------------------------------------
[D]       INTERNAL OPERATOR (idx=31, name=EpochBlock_33)
[D]        name="" counters="CPU cycles"[1844, 9469, 753] dur=0.015ms id=33.33 type=0x5000000/INTERNAL|WITHOUT_TENSOR,"epoch"
[D]       ----------------------------------------
[D]       INTERNAL OPERATOR (idx=32, name=EpochBlock_34)
[D]        name="" counters="CPU cycles"[12313, 418218, 5473] dur=0.545ms id=34.34 type=0x5000000/INTERNAL|WITHOUT_TENSOR,"epoch"
[D]       ----------------------------------------
[D]       INTERNAL OPERATOR (idx=33, name=EpochBlock_35)
[D]        name="" counters="CPU cycles"[1852, 136594, 721] dur=0.174ms id=35.35 type=0x5000000/INTERNAL|WITHOUT_TENSOR,"epoch"
[D]       ----------------------------------------
[D]       INTERNAL OPERATOR (idx=34, name=EpochBlock_36)
[D]        name="" counters="CPU cycles"[9044, 648162, 4113] dur=0.827ms id=36.36 type=0x5000000/INTERNAL|WITHOUT_TENSOR,"epoch"
[D]       ----------------------------------------
[D]       INTERNAL OPERATOR (idx=35, name=EpochBlock_37)
[D]        name="" counters="CPU cycles"[32628, 159922, 4529] dur=0.246ms id=37.37 type=0x5000000/INTERNAL|WITHOUT_TENSOR,"epoch"
[D]       ----------------------------------------
[D]       INTERNAL OPERATOR (idx=36, name=EpochBlock_38)
[D]        name="" counters="CPU cycles"[1884, 9466, 790] dur=0.015ms id=38.38 type=0x5000000/INTERNAL|WITHOUT_TENSOR,"epoch"
[D]       ----------------------------------------
[D]       INTERNAL OPERATOR (idx=37, name=EpochBlock_39)
[D]        name="" counters="CPU cycles"[12396, 427050, 5481] dur=0.556ms id=39.39 type=0x5000000/INTERNAL|WITHOUT_TENSOR,"epoch"
[D]       ----------------------------------------
[D]       INTERNAL OPERATOR (idx=38, name=EpochBlock_40)
[D]        name="" counters="CPU cycles"[1948, 136594, 793] dur=0.174ms id=40.40 type=0x5000000/INTERNAL|WITHOUT_TENSOR,"epoch"
[D]       ----------------------------------------
[D]       INTERNAL OPERATOR (idx=39, name=EpochBlock_41)
[D]        name="" counters="CPU cycles"[9124, 648754, 4137] dur=0.828ms id=41.41 type=0x5000000/INTERNAL|WITHOUT_TENSOR,"epoch"
[D]       ----------------------------------------
[D]       INTERNAL OPERATOR (idx=40, name=EpochBlock_42)
[D]        name="" counters="CPU cycles"[32481, 159754, 4489] dur=0.246ms id=42.42 type=0x5000000/INTERNAL|WITHOUT_TENSOR,"epoch"
[D]       ----------------------------------------
[D]       INTERNAL OPERATOR (idx=41, name=EpochBlock_43)
[D]        name="" counters="CPU cycles"[1924, 9466, 793] dur=0.015ms id=43.43 type=0x5000000/INTERNAL|WITHOUT_TENSOR,"epoch"
[D]       ----------------------------------------
[D]       INTERNAL OPERATOR (idx=42, name=EpochBlock_44)
[D]        name="" counters="CPU cycles"[12148, 418346, 5425] dur=0.545ms id=44.44 type=0x5000000/INTERNAL|WITHOUT_TENSOR,"epoch"
[D]       ----------------------------------------
[D]       INTERNAL OPERATOR (idx=43, name=EpochBlock_45)
[D]        name="" counters="CPU cycles"[1892, 136602, 753] dur=0.174ms id=45.45 type=0x5000000/INTERNAL|WITHOUT_TENSOR,"epoch"
[D]       ----------------------------------------
[D]       INTERNAL OPERATOR (idx=44, name=EpochBlock_46)
[D]        name="" counters="CPU cycles"[9068, 300242, 4274] dur=0.392ms id=46.46 type=0x5000000/INTERNAL|WITHOUT_TENSOR,"epoch"
[D]       ----------------------------------------
[D]       INTERNAL OPERATOR (idx=45, name=EpochBlock_47)
[D]        name="" counters="CPU cycles"[46610, 260562, 3974] dur=0.389ms id=47.47 type=0x5000000/INTERNAL|WITHOUT_TENSOR,"epoch"
[D]       ----------------------------------------
[D]       INTERNAL OPERATOR (idx=46, name=EpochBlock_48)
[D]        name="" counters="CPU cycles"[12220, 539842, 5494] dur=0.697ms id=48.48 type=0x5000000/INTERNAL|WITHOUT_TENSOR,"epoch"
[D]       ----------------------------------------
[D]       INTERNAL OPERATOR (idx=47, name=EpochBlock_49)
[D]        name="" counters="CPU cycles"[1932, 81122, 753] dur=0.105ms id=49.49 type=0x5000000/INTERNAL|WITHOUT_TENSOR,"epoch"
[D]       ----------------------------------------
[D]       INTERNAL OPERATOR (idx=48, name=EpochBlock_50)
[D]        name="" counters="CPU cycles"[9276, 501930, 4121] dur=0.644ms id=50.50 type=0x5000000/INTERNAL|WITHOUT_TENSOR,"epoch"
[D]       ----------------------------------------
[D]       INTERNAL OPERATOR (idx=49, name=EpochBlock_51)
[D]        name="" counters="CPU cycles"[47692, 445418, 4433] dur=0.622ms id=51.51 type=0x5000000/INTERNAL|WITHOUT_TENSOR,"epoch"
[D]       ----------------------------------------
[D]       INTERNAL OPERATOR (idx=50, name=EpochBlock_52)
[D]        name="" counters="CPU cycles"[12148, 534029, 5491] dur=0.690ms id=52.52 type=0x5000000/INTERNAL|WITHOUT_TENSOR,"epoch"
[D]       ----------------------------------------
[D]       INTERNAL OPERATOR (idx=51, name=EpochBlock_53)
[D]        name="" counters="CPU cycles"[1964, 81170, 721] dur=0.105ms id=53.53 type=0x5000000/INTERNAL|WITHOUT_TENSOR,"epoch"
[D]       ----------------------------------------
[D]       INTERNAL OPERATOR (idx=52, name=EpochBlock_54)
[D]        name="" counters="CPU cycles"[9052, 499754, 4113] dur=0.641ms id=54.54 type=0x5000000/INTERNAL|WITHOUT_TENSOR,"epoch"
[D]       ----------------------------------------
[D]       INTERNAL OPERATOR (idx=53, name=EpochBlock_55)
[D]        name="" counters="CPU cycles"[48001, 445213, 4505] dur=0.622ms id=55.55 type=0x5000000/INTERNAL|WITHOUT_TENSOR,"epoch"
[D]       ----------------------------------------
[D]       INTERNAL OPERATOR (idx=54, name=EpochBlock_56)
[D]        name="" counters="CPU cycles"[12292, 540442, 5457] dur=0.698ms id=56.56 type=0x5000000/INTERNAL|WITHOUT_TENSOR,"epoch"
[D]       ----------------------------------------
[D]       INTERNAL OPERATOR (idx=55, name=EpochBlock_57)
[D]        name="" counters="CPU cycles"[1860, 81130, 753] dur=0.105ms id=57.57 type=0x5000000/INTERNAL|WITHOUT_TENSOR,"epoch"
[D]       ----------------------------------------
[D]       INTERNAL OPERATOR (idx=56, name=EpochBlock_58)
[D]        name="" counters="CPU cycles"[9236, 502282, 4137] dur=0.645ms id=58.58 type=0x5000000/INTERNAL|WITHOUT_TENSOR,"epoch"
[D]       ----------------------------------------
[D]       INTERNAL OPERATOR (idx=57, name=EpochBlock_59)
[D]        name="" counters="CPU cycles"[48292, 445074, 4602] dur=0.622ms id=59.59 type=0x5000000/INTERNAL|WITHOUT_TENSOR,"epoch"
[D]       ----------------------------------------
[D]       INTERNAL OPERATOR (idx=58, name=EpochBlock_60)
[D]        name="" counters="CPU cycles"[12212, 533522, 5524] dur=0.689ms id=60.60 type=0x5000000/INTERNAL|WITHOUT_TENSOR,"epoch"
[D]       ----------------------------------------
[D]       INTERNAL OPERATOR (idx=59, name=EpochBlock_61)
[D]        name="" counters="CPU cycles"[7106, 346882, 3209] dur=0.446ms id=61.61 type=0x5000000/INTERNAL|WITHOUT_TENSOR,"epoch"
[D]       ----------------------------------------
[D]       INTERNAL OPERATOR (idx=60, name=EpochBlock_62)
[D]        name="" counters="CPU cycles"[8644, 1626, 3737] dur=0.018ms id=62.62 type=0x5000000/INTERNAL|WITHOUT_TENSOR,"epoch"
[D]       ----------------------------------------
[D]       INTERNAL OPERATOR (idx=61, name=EpochBlock_63)
[D]        name="" counters="CPU cycles"[18417, 468050, 5081] dur=0.614ms id=63.63 type=0x5000000/INTERNAL|WITHOUT_TENSOR,"epoch"
[D]       ----------------------------------------
[D]       INTERNAL OPERATOR (idx=62, name=EpochBlock_64)
[D]        name="" counters="CPU cycles"[45, 76, 4050] dur=0.005ms id=64.64 type=0x1000002/INTERNAL,"epoch (SW)"
[D]       INTERNAL TENSOR #0
[D]        IOTensor: Dequantize_226_out_0, E.64.0, , 0x342e0000 f32[1,63], 252 Bytes
[D]        last=True, data_size=0
[D]       ----------------------------------------
[D]       INTERNAL OPERATOR (idx=63, name=EpochBlock_65)
[D]        name="" counters="CPU cycles"[16356, 3306, 3546] dur=0.029ms id=65.65 type=0x5000000/INTERNAL|WITHOUT_TENSOR,"epoch"
[D]       ----------------------------------------
[D]       INTERNAL OPERATOR (idx=64, name=EpochBlock_66)
[D]        name="" counters="CPU cycles"[45, 36, 3346] dur=0.004ms id=66.66 type=0x1000002/INTERNAL,"epoch (SW)"
[D]       INTERNAL TENSOR #0
[D]        IOTensor: Dequantize_229_out_0, E.66.0, , 0x342e0100 f32[1,63], 252 Bytes
[D]        last=True, data_size=0
[D]       ----------------------------------------
[D]       INTERNAL OPERATOR (idx=65, name=EpochBlock_67)
[D]        name="" counters="CPU cycles"[45, 36, 2826] dur=0.004ms id=67.67 type=0x1000002/INTERNAL,"epoch (SW)"
[D]       INTERNAL TENSOR #0
[D]        IOTensor: Dequantize_219_out_0, E.67.0, , 0x342e0200 f32[1,1], 4 Bytes
[D]        last=True, data_size=0
[D]       ----------------------------------------
[D]       INTERNAL OPERATOR (idx=66, name=EpochBlock_68)
[D]        name="" counters="CPU cycles"[4540, 639, 1738] dur=0.009ms id=68.68 type=0x5000000/INTERNAL|WITHOUT_TENSOR,"epoch"
[D]       ----------------------------------------
[D]       INTERNAL OPERATOR (idx=67, name=EpochBlock_69)
[D]        name="" counters="CPU cycles"[45, 36, 2332] dur=0.003ms id=69.69 type=0x1000002/INTERNAL,"epoch (SW)"
[D]       INTERNAL TENSOR #0
[D]        IOTensor: Dequantize_223_out_0, E.69.0, , 0x342e0210 f32[1,1], 4 Bytes
[D]        last=True, data_size=0
[D]       ----------------------------------------
[D]       INFERENCE DONE
[D]        name="network" counters="CPU cycles"[1658539, 16094518, 212156, 17977886, 20126317] dur=22.472ms id=0.0 type=0x0/NONE,"epoch"
[D]       RECEIVE OUTPUT TENSOR #0 last=False..
[D]        IOTensor: Dequantize_223_out_0, O_0, , 0x342e0210 f32[1,1], 4 Bytes
[D]       RECEIVE OUTPUT TENSOR #1 last=False..
[D]        IOTensor: Dequantize_229_out_0, O_1, , 0x342e0100 f32[1,63], 252 Bytes
[D]       RECEIVE OUTPUT TENSOR #2 last=False..
[D]        IOTensor: Dequantize_219_out_0, O_2, , 0x342e0200 f32[1,1], 4 Bytes
[D]       RECEIVE OUTPUT TENSOR #3 last=True..
[D]        IOTensor: Dequantize_226_out_0, O_3, , 0x342e0000 f32[1,63], 252 Bytes
[D]    <- done (target dur=22.457ms)
[D]    -> Requested RUN mode: Mode.DEBUG|PERF_ONLY|PER_LAYER (param=0b1100001011, option=0x3100)
[D]       SEND INPUT TENSOR #0 ((1, 224, 224, 3)/uint8) last=True..
[D]        buffer is filled with a simple value: 89
[D]       ----------------------------------------
[D]       INTERNAL OPERATOR (idx=0, name=EpochBlock_2)
[D]        name="" counters="CPU cycles"[3524, 121107, 1563] dur=0.158ms id=2.2 type=0x5000000/INTERNAL|WITHOUT_TENSOR,"epoch"
[D]       ----------------------------------------
[D]       INTERNAL OPERATOR (idx=1, name=EpochBlock_3)
[D]        name="" counters="CPU cycles"[15396, 363838, 3289] dur=0.478ms id=3.3 type=0x5000000/INTERNAL|WITHOUT_TENSOR,"epoch"
[D]       ----------------------------------------
[D]       INTERNAL OPERATOR (idx=2, name=EpochBlock_4)
[D]        name="" counters="CPU cycles"[5676, 241634, 1385] dur=0.311ms id=4.4 type=0x5000000/INTERNAL|WITHOUT_TENSOR,"epoch"
[D]       ----------------------------------------
[D]       INTERNAL OPERATOR (idx=3, name=EpochBlock_5)
[D]        name="" counters="CPU cycles"[8740, 242525, 2025] dur=0.317ms id=5.5 type=0x5000000/INTERNAL|WITHOUT_TENSOR,"epoch"
[D]       ----------------------------------------
[D]       INTERNAL OPERATOR (idx=4, name=EpochBlock_6)
[D]        name="" counters="CPU cycles"[18356, 644274, 2329] dur=0.831ms id=6.6 type=0x5000000/INTERNAL|WITHOUT_TENSOR,"epoch"
[D]       ----------------------------------------
[D]       INTERNAL OPERATOR (idx=5, name=EpochBlock_7)
[D]        name="" counters="CPU cycles"[17900, 643270, 2329] dur=0.829ms id=7.7 type=0x5000000/INTERNAL|WITHOUT_TENSOR,"epoch"
[D]       ----------------------------------------
[D]       INTERNAL OPERATOR (idx=6, name=EpochBlock_8)
[D]        name="" counters="CPU cycles"[9540, 64056, 1985] dur=0.094ms id=8.8 type=0x5000000/INTERNAL|WITHOUT_TENSOR,"epoch"
[D]       ----------------------------------------
[D]       INTERNAL OPERATOR (idx=7, name=EpochBlock_9)
[D]        name="" counters="CPU cycles"[33820, 363928, 2327] dur=0.500ms id=9.9 type=0x5000000/INTERNAL|WITHOUT_TENSOR,"epoch"
[D]       ----------------------------------------
[D]       INTERNAL OPERATOR (idx=8, name=EpochBlock_10)
[D]        name="" counters="CPU cycles"[33476, 377346, 2310] dur=0.516ms id=10.10 type=0x5000000/INTERNAL|WITHOUT_TENSOR,"epoch"
[D]       ----------------------------------------
[D]       INTERNAL OPERATOR (idx=9, name=EpochBlock_11)
[D]        name="" counters="CPU cycles"[12220, 67898, 3321] dur=0.104ms id=11.11 type=0x5000000/INTERNAL|WITHOUT_TENSOR,"epoch"
[D]       ----------------------------------------
[D]       INTERNAL OPERATOR (idx=10, name=EpochBlock_12)
[D]        name="" counters="CPU cycles"[33292, 363802, 2428] dur=0.499ms id=12.12 type=0x5000000/INTERNAL|WITHOUT_TENSOR,"epoch"
[D]       ----------------------------------------
[D]       INTERNAL OPERATOR (idx=11, name=EpochBlock_13)
[D]        name="" counters="CPU cycles"[1892, 405618, 793] dur=0.510ms id=13.13 type=0x5000000/INTERNAL|WITHOUT_TENSOR,"epoch"
[D]       ----------------------------------------
[D]       INTERNAL OPERATOR (idx=12, name=EpochBlock_14)
[D]        name="" counters="CPU cycles"[36372, 366650, 3644] dur=0.508ms id=14.14 type=0x5000000/INTERNAL|WITHOUT_TENSOR,"epoch"
[D]       ----------------------------------------
[D]       INTERNAL OPERATOR (idx=13, name=EpochBlock_15)
[D]        name="" counters="CPU cycles"[14748, 36531, 2662] dur=0.067ms id=15.15 type=0x5000000/INTERNAL|WITHOUT_TENSOR,"epoch"
[D]       ----------------------------------------
[D]       INTERNAL OPERATOR (idx=14, name=EpochBlock_16)
[D]        name="" counters="CPU cycles"[53572, 153474, 2956] dur=0.263ms id=16.16 type=0x5000000/INTERNAL|WITHOUT_TENSOR,"epoch"
[D]       ----------------------------------------
[D]       INTERNAL OPERATOR (idx=15, name=EpochBlock_17)
[D]        name="" counters="CPU cycles"[2020, 181858, 753] dur=0.231ms id=17.17 type=0x5000000/INTERNAL|WITHOUT_TENSOR,"epoch"
[D]       ----------------------------------------
[D]       INTERNAL OPERATOR (idx=16, name=EpochBlock_18)
[D]        name="" counters="CPU cycles"[54620, 194311, 3494] dur=0.316ms id=18.18 type=0x5000000/INTERNAL|WITHOUT_TENSOR,"epoch"
[D]       ----------------------------------------
[D]       INTERNAL OPERATOR (idx=17, name=EpochBlock_19)
[D]        name="" counters="CPU cycles"[15748, 60597, 3233] dur=0.099ms id=19.19 type=0x5000000/INTERNAL|WITHOUT_TENSOR,"epoch"
[D]       ----------------------------------------
[D]       INTERNAL OPERATOR (idx=18, name=EpochBlock_20)
[D]        name="" counters="CPU cycles"[53788, 153301, 2974] dur=0.263ms id=20.20 type=0x5000000/INTERNAL|WITHOUT_TENSOR,"epoch"
[D]       ----------------------------------------
[D]       INTERNAL OPERATOR (idx=19, name=EpochBlock_21)
[D]        name="" counters="CPU cycles"[51844, 152642, 2241] dur=0.258ms id=21.21 type=0x5000000/INTERNAL|WITHOUT_TENSOR,"epoch"
[D]       ----------------------------------------
[D]       INTERNAL OPERATOR (idx=20, name=EpochBlock_22)
[D]        name="" counters="CPU cycles"[22236, 45354, 2577] dur=0.088ms id=22.22 type=0x5000000/INTERNAL|WITHOUT_TENSOR,"epoch"
[D]       ----------------------------------------
[D]       INTERNAL OPERATOR (idx=21, name=EpochBlock_23)
[D]        name="" counters="CPU cycles"[102266, 81290, 4346] dur=0.235ms id=23.23 type=0x5000000/INTERNAL|WITHOUT_TENSOR,"epoch"
[D]       ----------------------------------------
[D]       INTERNAL OPERATOR (idx=22, name=EpochBlock_24)
[D]        name="" counters="CPU cycles"[98260, 89176, 2326] dur=0.237ms id=24.24 type=0x5000000/INTERNAL|WITHOUT_TENSOR,"epoch"
[D]       ----------------------------------------
[D]       INTERNAL OPERATOR (idx=23, name=EpochBlock_25)
[D]        name="" counters="CPU cycles"[26412, 87738, 4537] dur=0.148ms id=25.25 type=0x5000000/INTERNAL|WITHOUT_TENSOR,"epoch"
[D]       ----------------------------------------
[D]       INTERNAL OPERATOR (idx=24, name=EpochBlock_26)
[D]        name="" counters="CPU cycles"[102353, 81290, 4310] dur=0.235ms id=26.26 type=0x5000000/INTERNAL|WITHOUT_TENSOR,"epoch"
[D]       ----------------------------------------
[D]       INTERNAL OPERATOR (idx=25, name=EpochBlock_27)
[D]        name="" counters="CPU cycles"[98394, 89098, 2353] dur=0.237ms id=27.27 type=0x5000000/INTERNAL|WITHOUT_TENSOR,"epoch"
[D]       ----------------------------------------
[D]       INTERNAL OPERATOR (idx=26, name=EpochBlock_28)
[D]        name="" counters="CPU cycles"[26532, 87746, 4577] dur=0.149ms id=28.28 type=0x5000000/INTERNAL|WITHOUT_TENSOR,"epoch"
[D]       ----------------------------------------
[D]       INTERNAL OPERATOR (idx=27, name=EpochBlock_29)
[D]        name="" counters="CPU cycles"[101996, 80978, 4305] dur=0.234ms id=29.29 type=0x5000000/INTERNAL|WITHOUT_TENSOR,"epoch"
[D]       ----------------------------------------
[D]       INTERNAL OPERATOR (idx=28, name=EpochBlock_30)
[D]        name="" counters="CPU cycles"[1972, 97749, 753] dur=0.126ms id=30.30 type=0x5000000/INTERNAL|WITHOUT_TENSOR,"epoch"
[D]       ----------------------------------------
[D]       INTERNAL OPERATOR (idx=29, name=EpochBlock_31)
[D]        name="" counters="CPU cycles"[101202, 106434, 3624] dur=0.264ms id=31.31 type=0x5000000/INTERNAL|WITHOUT_TENSOR,"epoch"
[D]       ----------------------------------------
[D]       INTERNAL OPERATOR (idx=30, name=EpochBlock_32)
[D]        name="" counters="CPU cycles"[31636, 118077, 3929] dur=0.192ms id=32.32 type=0x5000000/INTERNAL|WITHOUT_TENSOR,"epoch"
[D]       ----------------------------------------
[D]       INTERNAL OPERATOR (idx=31, name=EpochBlock_33)
[D]        name="" counters="CPU cycles"[1924, 9461, 753] dur=0.015ms id=33.33 type=0x5000000/INTERNAL|WITHOUT_TENSOR,"epoch"
[D]       ----------------------------------------
[D]       INTERNAL OPERATOR (idx=32, name=EpochBlock_34)
[D]        name="" counters="CPU cycles"[12276, 418266, 5449] dur=0.545ms id=34.34 type=0x5000000/INTERNAL|WITHOUT_TENSOR,"epoch"
[D]       ----------------------------------------
[D]       INTERNAL OPERATOR (idx=33, name=EpochBlock_35)
[D]        name="" counters="CPU cycles"[1852, 136594, 721] dur=0.174ms id=35.35 type=0x5000000/INTERNAL|WITHOUT_TENSOR,"epoch"
[D]       ----------------------------------------
[D]       INTERNAL OPERATOR (idx=34, name=EpochBlock_36)
[D]        name="" counters="CPU cycles"[9004, 648202, 4113] dur=0.827ms id=36.36 type=0x5000000/INTERNAL|WITHOUT_TENSOR,"epoch"
[D]       ----------------------------------------
[D]       INTERNAL OPERATOR (idx=35, name=EpochBlock_37)
[D]        name="" counters="CPU cycles"[32620, 159970, 4529] dur=0.246ms id=37.37 type=0x5000000/INTERNAL|WITHOUT_TENSOR,"epoch"
[D]       ----------------------------------------
[D]       INTERNAL OPERATOR (idx=36, name=EpochBlock_38)
[D]        name="" counters="CPU cycles"[1932, 9466, 753] dur=0.015ms id=38.38 type=0x5000000/INTERNAL|WITHOUT_TENSOR,"epoch"
[D]       ----------------------------------------
[D]       INTERNAL OPERATOR (idx=37, name=EpochBlock_39)
[D]        name="" counters="CPU cycles"[12396, 427074, 5534] dur=0.556ms id=39.39 type=0x5000000/INTERNAL|WITHOUT_TENSOR,"epoch"
[D]       ----------------------------------------
[D]       INTERNAL OPERATOR (idx=38, name=EpochBlock_40)
[D]        name="" counters="CPU cycles"[1908, 136586, 793] dur=0.174ms id=40.40 type=0x5000000/INTERNAL|WITHOUT_TENSOR,"epoch"
[D]       ----------------------------------------
[D]       INTERNAL OPERATOR (idx=39, name=EpochBlock_41)
[D]        name="" counters="CPU cycles"[9124, 648357, 4217] dur=0.827ms id=41.41 type=0x5000000/INTERNAL|WITHOUT_TENSOR,"epoch"
[D]       ----------------------------------------
[D]       INTERNAL OPERATOR (idx=40, name=EpochBlock_42)
[D]        name="" counters="CPU cycles"[32433, 159754, 4489] dur=0.246ms id=42.42 type=0x5000000/INTERNAL|WITHOUT_TENSOR,"epoch"
[D]       ----------------------------------------
[D]       INTERNAL OPERATOR (idx=41, name=EpochBlock_43)
[D]        name="" counters="CPU cycles"[1884, 9466, 793] dur=0.015ms id=43.43 type=0x5000000/INTERNAL|WITHOUT_TENSOR,"epoch"
[D]       ----------------------------------------
[D]       INTERNAL OPERATOR (idx=42, name=EpochBlock_44)
[D]        name="" counters="CPU cycles"[12188, 418426, 5457] dur=0.545ms id=44.44 type=0x5000000/INTERNAL|WITHOUT_TENSOR,"epoch"
[D]       ----------------------------------------
[D]       INTERNAL OPERATOR (idx=43, name=EpochBlock_45)
[D]        name="" counters="CPU cycles"[1892, 136586, 753] dur=0.174ms id=45.45 type=0x5000000/INTERNAL|WITHOUT_TENSOR,"epoch"
[D]       ----------------------------------------
[D]       INTERNAL OPERATOR (idx=44, name=EpochBlock_46)
[D]        name="" counters="CPU cycles"[9076, 300258, 4239] dur=0.392ms id=46.46 type=0x5000000/INTERNAL|WITHOUT_TENSOR,"epoch"
[D]       ----------------------------------------
[D]       INTERNAL OPERATOR (idx=45, name=EpochBlock_47)
[D]        name="" counters="CPU cycles"[47108, 260618, 3961] dur=0.390ms id=47.47 type=0x5000000/INTERNAL|WITHOUT_TENSOR,"epoch"
[D]       ----------------------------------------
[D]       INTERNAL OPERATOR (idx=46, name=EpochBlock_48)
[D]        name="" counters="CPU cycles"[12324, 536981, 5457] dur=0.693ms id=48.48 type=0x5000000/INTERNAL|WITHOUT_TENSOR,"epoch"
[D]       ----------------------------------------
[D]       INTERNAL OPERATOR (idx=47, name=EpochBlock_49)
[D]        name="" counters="CPU cycles"[1900, 81130, 753] dur=0.105ms id=49.49 type=0x5000000/INTERNAL|WITHOUT_TENSOR,"epoch"
[D]       ----------------------------------------
[D]       INTERNAL OPERATOR (idx=48, name=EpochBlock_50)
[D]        name="" counters="CPU cycles"[9340, 501914, 4065] dur=0.644ms id=50.50 type=0x5000000/INTERNAL|WITHOUT_TENSOR,"epoch"
[D]       ----------------------------------------
[D]       INTERNAL OPERATOR (idx=49, name=EpochBlock_51)
[D]        name="" counters="CPU cycles"[48092, 445418, 4489] dur=0.622ms id=51.51 type=0x5000000/INTERNAL|WITHOUT_TENSOR,"epoch"
[D]       ----------------------------------------
[D]       INTERNAL OPERATOR (idx=50, name=EpochBlock_52)
[D]        name="" counters="CPU cycles"[12148, 533890, 5524] dur=0.689ms id=52.52 type=0x5000000/INTERNAL|WITHOUT_TENSOR,"epoch"
[D]       ----------------------------------------
[D]       INTERNAL OPERATOR (idx=51, name=EpochBlock_53)
[D]        name="" counters="CPU cycles"[1892, 81154, 721] dur=0.105ms id=53.53 type=0x5000000/INTERNAL|WITHOUT_TENSOR,"epoch"
[D]       ----------------------------------------
[D]       INTERNAL OPERATOR (idx=52, name=EpochBlock_54)
[D]        name="" counters="CPU cycles"[9004, 499882, 4113] dur=0.641ms id=54.54 type=0x5000000/INTERNAL|WITHOUT_TENSOR,"epoch"
[D]       ----------------------------------------
[D]       INTERNAL OPERATOR (idx=53, name=EpochBlock_55)
[D]        name="" counters="CPU cycles"[47961, 445314, 4505] dur=0.622ms id=55.55 type=0x5000000/INTERNAL|WITHOUT_TENSOR,"epoch"
[D]       ----------------------------------------
[D]       INTERNAL OPERATOR (idx=54, name=EpochBlock_56)
[D]        name="" counters="CPU cycles"[12300, 540722, 5457] dur=0.698ms id=56.56 type=0x5000000/INTERNAL|WITHOUT_TENSOR,"epoch"
[D]       ----------------------------------------
[D]       INTERNAL OPERATOR (idx=55, name=EpochBlock_57)
[D]        name="" counters="CPU cycles"[1860, 81122, 753] dur=0.105ms id=57.57 type=0x5000000/INTERNAL|WITHOUT_TENSOR,"epoch"
[D]       ----------------------------------------
[D]       INTERNAL OPERATOR (idx=56, name=EpochBlock_58)
[D]        name="" counters="CPU cycles"[9084, 502138, 4137] dur=0.644ms id=58.58 type=0x5000000/INTERNAL|WITHOUT_TENSOR,"epoch"
[D]       ----------------------------------------
[D]       INTERNAL OPERATOR (idx=57, name=EpochBlock_59)
[D]        name="" counters="CPU cycles"[47812, 445034, 4564] dur=0.622ms id=59.59 type=0x5000000/INTERNAL|WITHOUT_TENSOR,"epoch"
[D]       ----------------------------------------
[D]       INTERNAL OPERATOR (idx=58, name=EpochBlock_60)
[D]        name="" counters="CPU cycles"[12060, 533474, 5523] dur=0.689ms id=60.60 type=0x5000000/INTERNAL|WITHOUT_TENSOR,"epoch"
[D]       ----------------------------------------
[D]       INTERNAL OPERATOR (idx=59, name=EpochBlock_61)
[D]        name="" counters="CPU cycles"[7100, 346965, 3209] dur=0.447ms id=61.61 type=0x5000000/INTERNAL|WITHOUT_TENSOR,"epoch"
[D]       ----------------------------------------
[D]       INTERNAL OPERATOR (idx=60, name=EpochBlock_62)
[D]        name="" counters="CPU cycles"[8700, 1626, 3737] dur=0.018ms id=62.62 type=0x5000000/INTERNAL|WITHOUT_TENSOR,"epoch"
[D]       ----------------------------------------
[D]       INTERNAL OPERATOR (idx=61, name=EpochBlock_63)
[D]        name="" counters="CPU cycles"[18332, 467954, 5062] dur=0.614ms id=63.63 type=0x5000000/INTERNAL|WITHOUT_TENSOR,"epoch"
[D]       ----------------------------------------
[D]       INTERNAL OPERATOR (idx=62, name=EpochBlock_64)
[D]        name="" counters="CPU cycles"[45, 36, 3988] dur=0.005ms id=64.64 type=0x1000002/INTERNAL,"epoch (SW)"
[D]       INTERNAL TENSOR #0
[D]        IOTensor: Dequantize_226_out_0, E.64.0, , 0x342e0000 f32[1,63], 252 Bytes
[D]        last=True, data_size=0
[D]       ----------------------------------------
[D]       INTERNAL OPERATOR (idx=63, name=EpochBlock_65)
[D]        name="" counters="CPU cycles"[15796, 3306, 3537] dur=0.028ms id=65.65 type=0x5000000/INTERNAL|WITHOUT_TENSOR,"epoch"
[D]       ----------------------------------------
[D]       INTERNAL OPERATOR (idx=64, name=EpochBlock_66)
[D]        name="" counters="CPU cycles"[45, 36, 3354] dur=0.004ms id=66.66 type=0x1000002/INTERNAL,"epoch (SW)"
[D]       INTERNAL TENSOR #0
[D]        IOTensor: Dequantize_229_out_0, E.66.0, , 0x342e0100 f32[1,63], 252 Bytes
[D]        last=True, data_size=0
[D]       ----------------------------------------
[D]       INTERNAL OPERATOR (idx=65, name=EpochBlock_67)
[D]        name="" counters="CPU cycles"[45, 36, 2832] dur=0.004ms id=67.67 type=0x1000002/INTERNAL,"epoch (SW)"
[D]       INTERNAL TENSOR #0
[D]        IOTensor: Dequantize_219_out_0, E.67.0, , 0x342e0200 f32[1,1], 4 Bytes
[D]        last=True, data_size=0
[D]       ----------------------------------------
[D]       INTERNAL OPERATOR (idx=66, name=EpochBlock_68)
[D]        name="" counters="CPU cycles"[4532, 556, 1681] dur=0.008ms id=68.68 type=0x5000000/INTERNAL|WITHOUT_TENSOR,"epoch"
[D]       ----------------------------------------
[D]       INTERNAL OPERATOR (idx=67, name=EpochBlock_69)
[D]        name="" counters="CPU cycles"[45, 36, 2294] dur=0.003ms id=69.69 type=0x1000002/INTERNAL,"epoch (SW)"
[D]       INTERNAL TENSOR #0
[D]        IOTensor: Dequantize_223_out_0, E.69.0, , 0x342e0210 f32[1,1], 4 Bytes
[D]        last=True, data_size=0
[D]       ----------------------------------------
[D]       INFERENCE DONE
[D]        name="network" counters="CPU cycles"[1657837, 16091398, 211987, 17973601, 20122502] dur=22.467ms id=0.0 type=0x0/NONE,"epoch"
[D]       RECEIVE OUTPUT TENSOR #0 last=False..
[D]        IOTensor: Dequantize_223_out_0, O_0, , 0x342e0210 f32[1,1], 4 Bytes
[D]       RECEIVE OUTPUT TENSOR #1 last=False..
[D]        IOTensor: Dequantize_229_out_0, O_1, , 0x342e0100 f32[1,63], 252 Bytes
[D]       RECEIVE OUTPUT TENSOR #2 last=False..
[D]        IOTensor: Dequantize_219_out_0, O_2, , 0x342e0200 f32[1,1], 4 Bytes
[D]       RECEIVE OUTPUT TENSOR #3 last=True..
[D]        IOTensor: Dequantize_226_out_0, O_3, , 0x342e0000 f32[1,63], 252 Bytes
[D]    <- done (target dur=22.452ms)
    collect output streng activities and NPU cache counters
[D]    -> Requested RUN mode: Mode.DEBUG|PERF_ONLY|PER_LAYER (param=0b1100001011, option=0x5101)
[D]       SEND INPUT TENSOR #0 ((1, 224, 224, 3)/uint8) last=True..
[D]        buffer is filled with a simple value: 102
[D]       ----------------------------------------
[D]       INTERNAL OPERATOR (idx=0, name=EpochBlock_2)
[D]        name="" counters="CPU cycles"[3474, 121019, 1643] dur=0.158ms id=2.2 type=0x5000000/INTERNAL|WITHOUT_TENSOR,"epoch"
[D]       ----------------------------------------
[D]       INTERNAL OPERATOR (idx=1, name=EpochBlock_3)
[D]        name="" counters="CPU cycles"[15314, 363802, 3287] dur=0.478ms id=3.3 type=0x5000000/INTERNAL|WITHOUT_TENSOR,"epoch"
[D]       ----------------------------------------
[D]       INTERNAL OPERATOR (idx=2, name=EpochBlock_4)
[D]        name="" counters="CPU cycles"[5698, 241634, 1401] dur=0.311ms id=4.4 type=0x5000000/INTERNAL|WITHOUT_TENSOR,"epoch"
[D]       ----------------------------------------
[D]       INTERNAL OPERATOR (idx=3, name=EpochBlock_5)
[D]        name="" counters="CPU cycles"[8578, 242482, 1985] dur=0.316ms id=5.5 type=0x5000000/INTERNAL|WITHOUT_TENSOR,"epoch"
[D]       ----------------------------------------
[D]       INTERNAL OPERATOR (idx=4, name=EpochBlock_6)
[D]        name="" counters="CPU cycles"[18434, 644274, 2329] dur=0.831ms id=6.6 type=0x5000000/INTERNAL|WITHOUT_TENSOR,"epoch"
[D]       ----------------------------------------
[D]       INTERNAL OPERATOR (idx=5, name=EpochBlock_7)
[D]        name="" counters="CPU cycles"[17938, 643270, 2273] dur=0.829ms id=7.7 type=0x5000000/INTERNAL|WITHOUT_TENSOR,"epoch"
[D]       ----------------------------------------
[D]       INTERNAL OPERATOR (idx=6, name=EpochBlock_8)
[D]        name="" counters="CPU cycles"[9666, 64056, 2022] dur=0.095ms id=8.8 type=0x5000000/INTERNAL|WITHOUT_TENSOR,"epoch"
[D]       ----------------------------------------
[D]       INTERNAL OPERATOR (idx=7, name=EpochBlock_9)
[D]        name="" counters="CPU cycles"[33858, 363890, 2327] dur=0.500ms id=9.9 type=0x5000000/INTERNAL|WITHOUT_TENSOR,"epoch"
[D]       ----------------------------------------
[D]       INTERNAL OPERATOR (idx=8, name=EpochBlock_10)
[D]        name="" counters="CPU cycles"[33490, 377346, 2310] dur=0.516ms id=10.10 type=0x5000000/INTERNAL|WITHOUT_TENSOR,"epoch"
[D]       ----------------------------------------
[D]       INTERNAL OPERATOR (idx=9, name=EpochBlock_11)
[D]        name="" counters="CPU cycles"[12130, 67898, 3314] dur=0.104ms id=11.11 type=0x5000000/INTERNAL|WITHOUT_TENSOR,"epoch"
[D]       ----------------------------------------
[D]       INTERNAL OPERATOR (idx=10, name=EpochBlock_12)
[D]        name="" counters="CPU cycles"[33402, 363802, 2506] dur=0.500ms id=12.12 type=0x5000000/INTERNAL|WITHOUT_TENSOR,"epoch"
[D]       ----------------------------------------
[D]       INTERNAL OPERATOR (idx=11, name=EpochBlock_13)
[D]        name="" counters="CPU cycles"[1898, 405626, 830] dur=0.510ms id=13.13 type=0x5000000/INTERNAL|WITHOUT_TENSOR,"epoch"
[D]       ----------------------------------------
[D]       INTERNAL OPERATOR (idx=12, name=EpochBlock_14)
[D]        name="" counters="CPU cycles"[36570, 366626, 3644] dur=0.509ms id=14.14 type=0x5000000/INTERNAL|WITHOUT_TENSOR,"epoch"
[D]       ----------------------------------------
[D]       INTERNAL OPERATOR (idx=13, name=EpochBlock_15)
[D]        name="" counters="CPU cycles"[14738, 36568, 2614] dur=0.067ms id=15.15 type=0x5000000/INTERNAL|WITHOUT_TENSOR,"epoch"
[D]       ----------------------------------------
[D]       INTERNAL OPERATOR (idx=14, name=EpochBlock_16)
[D]        name="" counters="CPU cycles"[53786, 153514, 2918] dur=0.263ms id=16.16 type=0x5000000/INTERNAL|WITHOUT_TENSOR,"epoch"
[D]       ----------------------------------------
[D]       INTERNAL OPERATOR (idx=15, name=EpochBlock_17)
[D]        name="" counters="CPU cycles"[2018, 181850, 753] dur=0.231ms id=17.17 type=0x5000000/INTERNAL|WITHOUT_TENSOR,"epoch"
[D]       ----------------------------------------
[D]       INTERNAL OPERATOR (idx=16, name=EpochBlock_18)
[D]        name="" counters="CPU cycles"[54442, 194418, 3457] dur=0.315ms id=18.18 type=0x5000000/INTERNAL|WITHOUT_TENSOR,"epoch"
[D]       ----------------------------------------
[D]       INTERNAL OPERATOR (idx=17, name=EpochBlock_19)
[D]        name="" counters="CPU cycles"[15778, 60677, 3233] dur=0.100ms id=19.19 type=0x5000000/INTERNAL|WITHOUT_TENSOR,"epoch"
[D]       ----------------------------------------
[D]       INTERNAL OPERATOR (idx=18, name=EpochBlock_20)
[D]        name="" counters="CPU cycles"[53557, 153229, 2974] dur=0.262ms id=20.20 type=0x5000000/INTERNAL|WITHOUT_TENSOR,"epoch"
[D]       ----------------------------------------
[D]       INTERNAL OPERATOR (idx=19, name=EpochBlock_21)
[D]        name="" counters="CPU cycles"[51954, 152642, 2241] dur=0.259ms id=21.21 type=0x5000000/INTERNAL|WITHOUT_TENSOR,"epoch"
[D]       ----------------------------------------
[D]       INTERNAL OPERATOR (idx=20, name=EpochBlock_22)
[D]        name="" counters="CPU cycles"[22322, 45394, 2577] dur=0.088ms id=22.22 type=0x5000000/INTERNAL|WITHOUT_TENSOR,"epoch"
[D]       ----------------------------------------
[D]       INTERNAL OPERATOR (idx=21, name=EpochBlock_23)
[D]        name="" counters="CPU cycles"[102168, 81258, 4271] dur=0.235ms id=23.23 type=0x5000000/INTERNAL|WITHOUT_TENSOR,"epoch"
[D]       ----------------------------------------
[D]       INTERNAL OPERATOR (idx=22, name=EpochBlock_24)
[D]        name="" counters="CPU cycles"[97858, 89259, 2321] dur=0.237ms id=24.24 type=0x5000000/INTERNAL|WITHOUT_TENSOR,"epoch"
[D]       ----------------------------------------
[D]       INTERNAL OPERATOR (idx=23, name=EpochBlock_25)
[D]        name="" counters="CPU cycles"[26218, 87661, 4537] dur=0.148ms id=25.25 type=0x5000000/INTERNAL|WITHOUT_TENSOR,"epoch"
[D]       ----------------------------------------
[D]       INTERNAL OPERATOR (idx=24, name=EpochBlock_26)
[D]        name="" counters="CPU cycles"[102370, 81295, 4273] dur=0.235ms id=26.26 type=0x5000000/INTERNAL|WITHOUT_TENSOR,"epoch"
[D]       ----------------------------------------
[D]       INTERNAL OPERATOR (idx=25, name=EpochBlock_27)
[D]        name="" counters="CPU cycles"[97962, 89138, 2390] dur=0.237ms id=27.27 type=0x5000000/INTERNAL|WITHOUT_TENSOR,"epoch"
[D]       ----------------------------------------
[D]       INTERNAL OPERATOR (idx=26, name=EpochBlock_28)
[D]        name="" counters="CPU cycles"[26250, 87706, 4609] dur=0.148ms id=28.28 type=0x5000000/INTERNAL|WITHOUT_TENSOR,"epoch"
[D]       ----------------------------------------
[D]       INTERNAL OPERATOR (idx=27, name=EpochBlock_29)
[D]        name="" counters="CPU cycles"[102426, 81019, 4249] dur=0.235ms id=29.29 type=0x5000000/INTERNAL|WITHOUT_TENSOR,"epoch"
[D]       ----------------------------------------
[D]       INTERNAL OPERATOR (idx=28, name=EpochBlock_30)
[D]        name="" counters="CPU cycles"[1946, 97698, 753] dur=0.125ms id=30.30 type=0x5000000/INTERNAL|WITHOUT_TENSOR,"epoch"
[D]       ----------------------------------------
[D]       INTERNAL OPERATOR (idx=29, name=EpochBlock_31)
[D]        name="" counters="CPU cycles"[100914, 106474, 3513] dur=0.264ms id=31.31 type=0x5000000/INTERNAL|WITHOUT_TENSOR,"epoch"
[D]       ----------------------------------------
[D]       INTERNAL OPERATOR (idx=30, name=EpochBlock_32)
[D]        name="" counters="CPU cycles"[31554, 118045, 3929] dur=0.192ms id=32.32 type=0x5000000/INTERNAL|WITHOUT_TENSOR,"epoch"
[D]       ----------------------------------------
[D]       INTERNAL OPERATOR (idx=31, name=EpochBlock_33)
[D]        name="" counters="CPU cycles"[1882, 9498, 753] dur=0.015ms id=33.33 type=0x5000000/INTERNAL|WITHOUT_TENSOR,"epoch"
[D]       ----------------------------------------
[D]       INTERNAL OPERATOR (idx=32, name=EpochBlock_34)
[D]        name="" counters="CPU cycles"[12266, 418242, 5393] dur=0.545ms id=34.34 type=0x5000000/INTERNAL|WITHOUT_TENSOR,"epoch"
[D]       ----------------------------------------
[D]       INTERNAL OPERATOR (idx=33, name=EpochBlock_35)
[D]        name="" counters="CPU cycles"[1938, 136602, 721] dur=0.174ms id=35.35 type=0x5000000/INTERNAL|WITHOUT_TENSOR,"epoch"
[D]       ----------------------------------------
[D]       INTERNAL OPERATOR (idx=34, name=EpochBlock_36)
[D]        name="" counters="CPU cycles"[9002, 648234, 4113] dur=0.827ms id=36.36 type=0x5000000/INTERNAL|WITHOUT_TENSOR,"epoch"
[D]       ----------------------------------------
[D]       INTERNAL OPERATOR (idx=35, name=EpochBlock_37)
[D]        name="" counters="CPU cycles"[32538, 159962, 4561] dur=0.246ms id=37.37 type=0x5000000/INTERNAL|WITHOUT_TENSOR,"epoch"
[D]       ----------------------------------------
[D]       INTERNAL OPERATOR (idx=36, name=EpochBlock_38)
[D]        name="" counters="CPU cycles"[1850, 9466, 753] dur=0.015ms id=38.38 type=0x5000000/INTERNAL|WITHOUT_TENSOR,"epoch"
[D]       ----------------------------------------
[D]       INTERNAL OPERATOR (idx=37, name=EpochBlock_39)
[D]        name="" counters="CPU cycles"[12362, 426994, 5534] dur=0.556ms id=39.39 type=0x5000000/INTERNAL|WITHOUT_TENSOR,"epoch"
[D]       ----------------------------------------
[D]       INTERNAL OPERATOR (idx=38, name=EpochBlock_40)
[D]        name="" counters="CPU cycles"[1906, 136594, 793] dur=0.174ms id=40.40 type=0x5000000/INTERNAL|WITHOUT_TENSOR,"epoch"
[D]       ----------------------------------------
[D]       INTERNAL OPERATOR (idx=39, name=EpochBlock_41)
[D]        name="" counters="CPU cycles"[9042, 648666, 4217] dur=0.827ms id=41.41 type=0x5000000/INTERNAL|WITHOUT_TENSOR,"epoch"
[D]       ----------------------------------------
[D]       INTERNAL OPERATOR (idx=40, name=EpochBlock_42)
[D]        name="" counters="CPU cycles"[32410, 159786, 4433] dur=0.246ms id=42.42 type=0x5000000/INTERNAL|WITHOUT_TENSOR,"epoch"
[D]       ----------------------------------------
[D]       INTERNAL OPERATOR (idx=41, name=EpochBlock_43)
[D]        name="" counters="CPU cycles"[1882, 9466, 793] dur=0.015ms id=43.43 type=0x5000000/INTERNAL|WITHOUT_TENSOR,"epoch"
[D]       ----------------------------------------
[D]       INTERNAL OPERATOR (idx=42, name=EpochBlock_44)
[D]        name="" counters="CPU cycles"[12146, 418202, 5489] dur=0.545ms id=44.44 type=0x5000000/INTERNAL|WITHOUT_TENSOR,"epoch"
[D]       ----------------------------------------
[D]       INTERNAL OPERATOR (idx=43, name=EpochBlock_45)
[D]        name="" counters="CPU cycles"[1890, 136594, 753] dur=0.174ms id=45.45 type=0x5000000/INTERNAL|WITHOUT_TENSOR,"epoch"
[D]       ----------------------------------------
[D]       INTERNAL OPERATOR (idx=44, name=EpochBlock_46)
[D]        name="" counters="CPU cycles"[9058, 300170, 4300] dur=0.392ms id=46.46 type=0x5000000/INTERNAL|WITHOUT_TENSOR,"epoch"
[D]       ----------------------------------------
[D]       INTERNAL OPERATOR (idx=45, name=EpochBlock_47)
[D]        name="" counters="CPU cycles"[46530, 260610, 3974] dur=0.389ms id=47.47 type=0x5000000/INTERNAL|WITHOUT_TENSOR,"epoch"
[D]       ----------------------------------------
[D]       INTERNAL OPERATOR (idx=46, name=EpochBlock_48)
[D]        name="" counters="CPU cycles"[12274, 538290, 5494] dur=0.695ms id=48.48 type=0x5000000/INTERNAL|WITHOUT_TENSOR,"epoch"
[D]       ----------------------------------------
[D]       INTERNAL OPERATOR (idx=47, name=EpochBlock_49)
[D]        name="" counters="CPU cycles"[1938, 81122, 753] dur=0.105ms id=49.49 type=0x5000000/INTERNAL|WITHOUT_TENSOR,"epoch"
[D]       ----------------------------------------
[D]       INTERNAL OPERATOR (idx=48, name=EpochBlock_50)
[D]        name="" counters="CPU cycles"[9266, 501994, 4121] dur=0.644ms id=50.50 type=0x5000000/INTERNAL|WITHOUT_TENSOR,"epoch"
[D]       ----------------------------------------
[D]       INTERNAL OPERATOR (idx=49, name=EpochBlock_51)
[D]        name="" counters="CPU cycles"[48130, 445418, 4433] dur=0.622ms id=51.51 type=0x5000000/INTERNAL|WITHOUT_TENSOR,"epoch"
[D]       ----------------------------------------
[D]       INTERNAL OPERATOR (idx=50, name=EpochBlock_52)
[D]        name="" counters="CPU cycles"[12210, 533853, 5524] dur=0.689ms id=52.52 type=0x5000000/INTERNAL|WITHOUT_TENSOR,"epoch"
[D]       ----------------------------------------
[D]       INTERNAL OPERATOR (idx=51, name=EpochBlock_53)
[D]        name="" counters="CPU cycles"[1890, 81162, 721] dur=0.105ms id=53.53 type=0x5000000/INTERNAL|WITHOUT_TENSOR,"epoch"
[D]       ----------------------------------------
[D]       INTERNAL OPERATOR (idx=52, name=EpochBlock_54)
[D]        name="" counters="CPU cycles"[8962, 499842, 4113] dur=0.641ms id=54.54 type=0x5000000/INTERNAL|WITHOUT_TENSOR,"epoch"
[D]       ----------------------------------------
[D]       INTERNAL OPERATOR (idx=53, name=EpochBlock_55)
[D]        name="" counters="CPU cycles"[47927, 445253, 4505] dur=0.622ms id=55.55 type=0x5000000/INTERNAL|WITHOUT_TENSOR,"epoch"
[D]       ----------------------------------------
[D]       INTERNAL OPERATOR (idx=54, name=EpochBlock_56)
[D]        name="" counters="CPU cycles"[12407, 540050, 5457] dur=0.697ms id=56.56 type=0x5000000/INTERNAL|WITHOUT_TENSOR,"epoch"
[D]       ----------------------------------------
[D]       INTERNAL OPERATOR (idx=55, name=EpochBlock_57)
[D]        name="" counters="CPU cycles"[1858, 81114, 753] dur=0.105ms id=57.57 type=0x5000000/INTERNAL|WITHOUT_TENSOR,"epoch"
[D]       ----------------------------------------
[D]       INTERNAL OPERATOR (idx=56, name=EpochBlock_58)
[D]        name="" counters="CPU cycles"[9240, 502130, 4137] dur=0.644ms id=58.58 type=0x5000000/INTERNAL|WITHOUT_TENSOR,"epoch"
[D]       ----------------------------------------
[D]       INTERNAL OPERATOR (idx=57, name=EpochBlock_59)
[D]        name="" counters="CPU cycles"[47850, 445074, 4489] dur=0.622ms id=59.59 type=0x5000000/INTERNAL|WITHOUT_TENSOR,"epoch"
[D]       ----------------------------------------
[D]       INTERNAL OPERATOR (idx=58, name=EpochBlock_60)
[D]        name="" counters="CPU cycles"[12130, 533562, 5393] dur=0.689ms id=60.60 type=0x5000000/INTERNAL|WITHOUT_TENSOR,"epoch"
[D]       ----------------------------------------
[D]       INTERNAL OPERATOR (idx=59, name=EpochBlock_61)
[D]        name="" counters="CPU cycles"[7002, 346922, 3233] dur=0.446ms id=61.61 type=0x5000000/INTERNAL|WITHOUT_TENSOR,"epoch"
[D]       ----------------------------------------
[D]       INTERNAL OPERATOR (idx=60, name=EpochBlock_62)
[D]        name="" counters="CPU cycles"[8610, 1626, 3737] dur=0.017ms id=62.62 type=0x5000000/INTERNAL|WITHOUT_TENSOR,"epoch"
[D]       ----------------------------------------
[D]       INTERNAL OPERATOR (idx=61, name=EpochBlock_63)
[D]        name="" counters="CPU cycles"[18407, 468058, 5118] dur=0.614ms id=63.63 type=0x5000000/INTERNAL|WITHOUT_TENSOR,"epoch"
[D]       ----------------------------------------
[D]       INTERNAL OPERATOR (idx=62, name=EpochBlock_64)
[D]        name="" counters="CPU cycles"[45, 76, 3992] dur=0.005ms id=64.64 type=0x1000002/INTERNAL,"epoch (SW)"
[D]       INTERNAL TENSOR #0
[D]        IOTensor: Dequantize_226_out_0, E.64.0, , 0x342e0000 f32[1,63], 252 Bytes
[D]        last=True, data_size=0
[D]       ----------------------------------------
[D]       INTERNAL OPERATOR (idx=63, name=EpochBlock_65)
[D]        name="" counters="CPU cycles"[15826, 3226, 3506] dur=0.028ms id=65.65 type=0x5000000/INTERNAL|WITHOUT_TENSOR,"epoch"
[D]       ----------------------------------------
[D]       INTERNAL OPERATOR (idx=64, name=EpochBlock_66)
[D]        name="" counters="CPU cycles"[45, 76, 3358] dur=0.004ms id=66.66 type=0x1000002/INTERNAL,"epoch (SW)"
[D]       INTERNAL TENSOR #0
[D]        IOTensor: Dequantize_229_out_0, E.66.0, , 0x342e0100 f32[1,63], 252 Bytes
[D]        last=True, data_size=0
[D]       ----------------------------------------
[D]       INTERNAL OPERATOR (idx=65, name=EpochBlock_67)
[D]        name="" counters="CPU cycles"[45, 36, 2868] dur=0.004ms id=67.67 type=0x1000002/INTERNAL,"epoch (SW)"
[D]       INTERNAL TENSOR #0
[D]        IOTensor: Dequantize_219_out_0, E.67.0, , 0x342e0200 f32[1,1], 4 Bytes
[D]        last=True, data_size=0
[D]       ----------------------------------------
[D]       INTERNAL OPERATOR (idx=66, name=EpochBlock_68)
[D]        name="" counters="CPU cycles"[4538, 597, 1681] dur=0.009ms id=68.68 type=0x5000000/INTERNAL|WITHOUT_TENSOR,"epoch"
[D]       ----------------------------------------
[D]       INTERNAL OPERATOR (idx=67, name=EpochBlock_69)
[D]        name="" counters="CPU cycles"[45, 36, 2332] dur=0.003ms id=69.69 type=0x1000002/INTERNAL,"epoch (SW)"
[D]       INTERNAL TENSOR #0
[D]        IOTensor: Dequantize_223_out_0, E.69.0, , 0x342e0210 f32[1,1], 4 Bytes
[D]        last=True, data_size=0
[D]       ----------------------------------------
[D]       INFERENCE DONE
[D]        name="network" counters="CPU cycles"[1656058, 16092173, 211781, 17972716, 20123445] dur=22.466ms id=0.0 type=0x0/NONE,"epoch"
[D]       RECEIVE OUTPUT TENSOR #0 last=False..
[D]        IOTensor: Dequantize_223_out_0, O_0, , 0x342e0210 f32[1,1], 4 Bytes
[D]       RECEIVE OUTPUT TENSOR #1 last=False..
[D]        IOTensor: Dequantize_229_out_0, O_1, , 0x342e0100 f32[1,63], 252 Bytes
[D]       RECEIVE OUTPUT TENSOR #2 last=False..
[D]        IOTensor: Dequantize_219_out_0, O_2, , 0x342e0200 f32[1,1], 4 Bytes
[D]       RECEIVE OUTPUT TENSOR #3 last=True..
[D]        IOTensor: Dequantize_226_out_0, O_3, , 0x342e0000 f32[1,63], 252 Bytes
[D]    <- done (target dur=22.450ms)
[D]    -> Requested RUN mode: Mode.DEBUG|PERF_ONLY|PER_LAYER (param=0b1100001011, option=0x5100)
[D]       SEND INPUT TENSOR #0 ((1, 224, 224, 3)/uint8) last=True..
[D]        buffer is filled with a simple value: 227
[D]       ----------------------------------------
[D]       INTERNAL OPERATOR (idx=0, name=EpochBlock_2)
[D]        name="" counters="CPU cycles"[3478, 121066, 1603] dur=0.158ms id=2.2 type=0x5000000/INTERNAL|WITHOUT_TENSOR,"epoch"
[D]       ----------------------------------------
[D]       INTERNAL OPERATOR (idx=1, name=EpochBlock_3)
[D]        name="" counters="CPU cycles"[15394, 363802, 3257] dur=0.478ms id=3.3 type=0x5000000/INTERNAL|WITHOUT_TENSOR,"epoch"
[D]       ----------------------------------------
[D]       INTERNAL OPERATOR (idx=2, name=EpochBlock_4)
[D]        name="" counters="CPU cycles"[5618, 241634, 1361] dur=0.311ms id=4.4 type=0x5000000/INTERNAL|WITHOUT_TENSOR,"epoch"
[D]       ----------------------------------------
[D]       INTERNAL OPERATOR (idx=3, name=EpochBlock_5)
[D]        name="" counters="CPU cycles"[8666, 242525, 2025] dur=0.317ms id=5.5 type=0x5000000/INTERNAL|WITHOUT_TENSOR,"epoch"
[D]       ----------------------------------------
[D]       INTERNAL OPERATOR (idx=4, name=EpochBlock_6)
[D]        name="" counters="CPU cycles"[18434, 644274, 2329] dur=0.831ms id=6.6 type=0x5000000/INTERNAL|WITHOUT_TENSOR,"epoch"
[D]       ----------------------------------------
[D]       INTERNAL OPERATOR (idx=5, name=EpochBlock_7)
[D]        name="" counters="CPU cycles"[17938, 643234, 2329] dur=0.829ms id=7.7 type=0x5000000/INTERNAL|WITHOUT_TENSOR,"epoch"
[D]       ----------------------------------------
[D]       INTERNAL OPERATOR (idx=6, name=EpochBlock_8)
[D]        name="" counters="CPU cycles"[9610, 64018, 1985] dur=0.095ms id=8.8 type=0x5000000/INTERNAL|WITHOUT_TENSOR,"epoch"
[D]       ----------------------------------------
[D]       INTERNAL OPERATOR (idx=7, name=EpochBlock_9)
[D]        name="" counters="CPU cycles"[33738, 363890, 2327] dur=0.500ms id=9.9 type=0x5000000/INTERNAL|WITHOUT_TENSOR,"epoch"
[D]       ----------------------------------------
[D]       INTERNAL OPERATOR (idx=8, name=EpochBlock_10)
[D]        name="" counters="CPU cycles"[33482, 377346, 2348] dur=0.516ms id=10.10 type=0x5000000/INTERNAL|WITHOUT_TENSOR,"epoch"
[D]       ----------------------------------------
[D]       INTERNAL OPERATOR (idx=9, name=EpochBlock_11)
[D]        name="" counters="CPU cycles"[12298, 67898, 3321] dur=0.104ms id=11.11 type=0x5000000/INTERNAL|WITHOUT_TENSOR,"epoch"
[D]       ----------------------------------------
[D]       INTERNAL OPERATOR (idx=10, name=EpochBlock_12)
[D]        name="" counters="CPU cycles"[33474, 363802, 2386] dur=0.500ms id=12.12 type=0x5000000/INTERNAL|WITHOUT_TENSOR,"epoch"
[D]       ----------------------------------------
[D]       INTERNAL OPERATOR (idx=11, name=EpochBlock_13)
[D]        name="" counters="CPU cycles"[1898, 405618, 830] dur=0.510ms id=13.13 type=0x5000000/INTERNAL|WITHOUT_TENSOR,"epoch"
[D]       ----------------------------------------
[D]       INTERNAL OPERATOR (idx=12, name=EpochBlock_14)
[D]        name="" counters="CPU cycles"[36130, 366610, 3569] dur=0.508ms id=14.14 type=0x5000000/INTERNAL|WITHOUT_TENSOR,"epoch"
[D]       ----------------------------------------
[D]       INTERNAL OPERATOR (idx=13, name=EpochBlock_15)
[D]        name="" counters="CPU cycles"[14522, 36530, 2614] dur=0.067ms id=15.15 type=0x5000000/INTERNAL|WITHOUT_TENSOR,"epoch"
[D]       ----------------------------------------
[D]       INTERNAL OPERATOR (idx=14, name=EpochBlock_16)
[D]        name="" counters="CPU cycles"[53642, 153474, 2966] dur=0.263ms id=16.16 type=0x5000000/INTERNAL|WITHOUT_TENSOR,"epoch"
[D]       ----------------------------------------
[D]       INTERNAL OPERATOR (idx=15, name=EpochBlock_17)
[D]        name="" counters="CPU cycles"[1978, 181890, 753] dur=0.231ms id=17.17 type=0x5000000/INTERNAL|WITHOUT_TENSOR,"epoch"
[D]       ----------------------------------------
[D]       INTERNAL OPERATOR (idx=16, name=EpochBlock_18)
[D]        name="" counters="CPU cycles"[54442, 194426, 3494] dur=0.315ms id=18.18 type=0x5000000/INTERNAL|WITHOUT_TENSOR,"epoch"
[D]       ----------------------------------------
[D]       INTERNAL OPERATOR (idx=17, name=EpochBlock_19)
[D]        name="" counters="CPU cycles"[15490, 60677, 3233] dur=0.099ms id=19.19 type=0x5000000/INTERNAL|WITHOUT_TENSOR,"epoch"
[D]       ----------------------------------------
[D]       INTERNAL OPERATOR (idx=18, name=EpochBlock_20)
[D]        name="" counters="CPU cycles"[53551, 153218, 2974] dur=0.262ms id=20.20 type=0x5000000/INTERNAL|WITHOUT_TENSOR,"epoch"
[D]       ----------------------------------------
[D]       INTERNAL OPERATOR (idx=19, name=EpochBlock_21)
[D]        name="" counters="CPU cycles"[51890, 152682, 2273] dur=0.259ms id=21.21 type=0x5000000/INTERNAL|WITHOUT_TENSOR,"epoch"
[D]       ----------------------------------------
[D]       INTERNAL OPERATOR (idx=20, name=EpochBlock_22)
[D]        name="" counters="CPU cycles"[22434, 45394, 2625] dur=0.088ms id=22.22 type=0x5000000/INTERNAL|WITHOUT_TENSOR,"epoch"
[D]       ----------------------------------------
[D]       INTERNAL OPERATOR (idx=21, name=EpochBlock_23)
[D]        name="" counters="CPU cycles"[102202, 81290, 4370] dur=0.235ms id=23.23 type=0x5000000/INTERNAL|WITHOUT_TENSOR,"epoch"
[D]       ----------------------------------------
[D]       INTERNAL OPERATOR (idx=22, name=EpochBlock_24)
[D]        name="" counters="CPU cycles"[98274, 89178, 2345] dur=0.237ms id=24.24 type=0x5000000/INTERNAL|WITHOUT_TENSOR,"epoch"
[D]       ----------------------------------------
[D]       INTERNAL OPERATOR (idx=23, name=EpochBlock_25)
[D]        name="" counters="CPU cycles"[26626, 87738, 4537] dur=0.149ms id=25.25 type=0x5000000/INTERNAL|WITHOUT_TENSOR,"epoch"
[D]       ----------------------------------------
[D]       INTERNAL OPERATOR (idx=24, name=EpochBlock_26)
[D]        name="" counters="CPU cycles"[102442, 81293, 4310] dur=0.235ms id=26.26 type=0x5000000/INTERNAL|WITHOUT_TENSOR,"epoch"
[D]       ----------------------------------------
[D]       INTERNAL OPERATOR (idx=25, name=EpochBlock_27)
[D]        name="" counters="CPU cycles"[98226, 89138, 2404] dur=0.237ms id=27.27 type=0x5000000/INTERNAL|WITHOUT_TENSOR,"epoch"
[D]       ----------------------------------------
[D]       INTERNAL OPERATOR (idx=26, name=EpochBlock_28)
[D]        name="" counters="CPU cycles"[26570, 87746, 4577] dur=0.149ms id=28.28 type=0x5000000/INTERNAL|WITHOUT_TENSOR,"epoch"
[D]       ----------------------------------------
[D]       INTERNAL OPERATOR (idx=27, name=EpochBlock_29)
[D]        name="" counters="CPU cycles"[102082, 80978, 4356] dur=0.234ms id=29.29 type=0x5000000/INTERNAL|WITHOUT_TENSOR,"epoch"
[D]       ----------------------------------------
[D]       INTERNAL OPERATOR (idx=28, name=EpochBlock_30)
[D]        name="" counters="CPU cycles"[1938, 97698, 753] dur=0.125ms id=30.30 type=0x5000000/INTERNAL|WITHOUT_TENSOR,"epoch"
[D]       ----------------------------------------
[D]       INTERNAL OPERATOR (idx=29, name=EpochBlock_31)
[D]        name="" counters="CPU cycles"[101224, 106474, 3531] dur=0.264ms id=31.31 type=0x5000000/INTERNAL|WITHOUT_TENSOR,"epoch"
[D]       ----------------------------------------
[D]       INTERNAL OPERATOR (idx=30, name=EpochBlock_32)
[D]        name="" counters="CPU cycles"[31658, 118126, 3929] dur=0.192ms id=32.32 type=0x5000000/INTERNAL|WITHOUT_TENSOR,"epoch"
[D]       ----------------------------------------
[D]       INTERNAL OPERATOR (idx=31, name=EpochBlock_33)
[D]        name="" counters="CPU cycles"[1882, 9581, 753] dur=0.015ms id=33.33 type=0x5000000/INTERNAL|WITHOUT_TENSOR,"epoch"
[D]       ----------------------------------------
[D]       INTERNAL OPERATOR (idx=32, name=EpochBlock_34)
[D]        name="" counters="CPU cycles"[12146, 418266, 5393] dur=0.545ms id=34.34 type=0x5000000/INTERNAL|WITHOUT_TENSOR,"epoch"
[D]       ----------------------------------------
[D]       INTERNAL OPERATOR (idx=33, name=EpochBlock_35)
[D]        name="" counters="CPU cycles"[1898, 136594, 721] dur=0.174ms id=35.35 type=0x5000000/INTERNAL|WITHOUT_TENSOR,"epoch"
[D]       ----------------------------------------
[D]       INTERNAL OPERATOR (idx=34, name=EpochBlock_36)
[D]        name="" counters="CPU cycles"[9050, 648122, 4113] dur=0.827ms id=36.36 type=0x5000000/INTERNAL|WITHOUT_TENSOR,"epoch"
[D]       ----------------------------------------
[D]       INTERNAL OPERATOR (idx=35, name=EpochBlock_37)
[D]        name="" counters="CPU cycles"[32498, 159962, 4505] dur=0.246ms id=37.37 type=0x5000000/INTERNAL|WITHOUT_TENSOR,"epoch"
[D]       ----------------------------------------
[D]       INTERNAL OPERATOR (idx=36, name=EpochBlock_38)
[D]        name="" counters="CPU cycles"[1962, 9466, 790] dur=0.015ms id=38.38 type=0x5000000/INTERNAL|WITHOUT_TENSOR,"epoch"
[D]       ----------------------------------------
[D]       INTERNAL OPERATOR (idx=37, name=EpochBlock_39)
[D]        name="" counters="CPU cycles"[12400, 426626, 5532] dur=0.556ms id=39.39 type=0x5000000/INTERNAL|WITHOUT_TENSOR,"epoch"
[D]       ----------------------------------------
[D]       INTERNAL OPERATOR (idx=38, name=EpochBlock_40)
[D]        name="" counters="CPU cycles"[1906, 136594, 793] dur=0.174ms id=40.40 type=0x5000000/INTERNAL|WITHOUT_TENSOR,"epoch"
[D]       ----------------------------------------
[D]       INTERNAL OPERATOR (idx=39, name=EpochBlock_41)
[D]        name="" counters="CPU cycles"[9122, 648669, 4137] dur=0.827ms id=41.41 type=0x5000000/INTERNAL|WITHOUT_TENSOR,"epoch"
[D]       ----------------------------------------
[D]       INTERNAL OPERATOR (idx=40, name=EpochBlock_42)
[D]        name="" counters="CPU cycles"[32847, 159746, 4433] dur=0.246ms id=42.42 type=0x5000000/INTERNAL|WITHOUT_TENSOR,"epoch"
[D]       ----------------------------------------
[D]       INTERNAL OPERATOR (idx=41, name=EpochBlock_43)
[D]        name="" counters="CPU cycles"[1922, 9466, 793] dur=0.015ms id=43.43 type=0x5000000/INTERNAL|WITHOUT_TENSOR,"epoch"
[D]       ----------------------------------------
[D]       INTERNAL OPERATOR (idx=42, name=EpochBlock_44)
[D]        name="" counters="CPU cycles"[12170, 418402, 5425] dur=0.545ms id=44.44 type=0x5000000/INTERNAL|WITHOUT_TENSOR,"epoch"
[D]       ----------------------------------------
[D]       INTERNAL OPERATOR (idx=43, name=EpochBlock_45)
[D]        name="" counters="CPU cycles"[1890, 136602, 753] dur=0.174ms id=45.45 type=0x5000000/INTERNAL|WITHOUT_TENSOR,"epoch"
[D]       ----------------------------------------
[D]       INTERNAL OPERATOR (idx=44, name=EpochBlock_46)
[D]        name="" counters="CPU cycles"[9074, 300138, 4158] dur=0.392ms id=46.46 type=0x5000000/INTERNAL|WITHOUT_TENSOR,"epoch"
[D]       ----------------------------------------
[D]       INTERNAL OPERATOR (idx=45, name=EpochBlock_47)
[D]        name="" counters="CPU cycles"[46847, 260525, 3937] dur=0.389ms id=47.47 type=0x5000000/INTERNAL|WITHOUT_TENSOR,"epoch"
[D]       ----------------------------------------
[D]       INTERNAL OPERATOR (idx=46, name=EpochBlock_48)
[D]        name="" counters="CPU cycles"[12250, 542824, 5457] dur=0.701ms id=48.48 type=0x5000000/INTERNAL|WITHOUT_TENSOR,"epoch"
[D]       ----------------------------------------
[D]       INTERNAL OPERATOR (idx=47, name=EpochBlock_49)
[D]        name="" counters="CPU cycles"[1938, 81157, 793] dur=0.105ms id=49.49 type=0x5000000/INTERNAL|WITHOUT_TENSOR,"epoch"
[D]       ----------------------------------------
[D]       INTERNAL OPERATOR (idx=48, name=EpochBlock_50)
[D]        name="" counters="CPU cycles"[9274, 502026, 4121] dur=0.644ms id=50.50 type=0x5000000/INTERNAL|WITHOUT_TENSOR,"epoch"
[D]       ----------------------------------------
[D]       INTERNAL OPERATOR (idx=49, name=EpochBlock_51)
[D]        name="" counters="CPU cycles"[47903, 445378, 4433] dur=0.622ms id=51.51 type=0x5000000/INTERNAL|WITHOUT_TENSOR,"epoch"
[D]       ----------------------------------------
[D]       INTERNAL OPERATOR (idx=50, name=EpochBlock_52)
[D]        name="" counters="CPU cycles"[12202, 534092, 5486] dur=0.690ms id=52.52 type=0x5000000/INTERNAL|WITHOUT_TENSOR,"epoch"
[D]       ----------------------------------------
[D]       INTERNAL OPERATOR (idx=51, name=EpochBlock_53)
[D]        name="" counters="CPU cycles"[1890, 81122, 721] dur=0.105ms id=53.53 type=0x5000000/INTERNAL|WITHOUT_TENSOR,"epoch"
[D]       ----------------------------------------
[D]       INTERNAL OPERATOR (idx=52, name=EpochBlock_54)
[D]        name="" counters="CPU cycles"[9002, 499626, 4113] dur=0.641ms id=54.54 type=0x5000000/INTERNAL|WITHOUT_TENSOR,"epoch"
[D]       ----------------------------------------
[D]       INTERNAL OPERATOR (idx=53, name=EpochBlock_55)
[D]        name="" counters="CPU cycles"[47890, 445328, 4505] dur=0.622ms id=55.55 type=0x5000000/INTERNAL|WITHOUT_TENSOR,"epoch"
[D]       ----------------------------------------
[D]       INTERNAL OPERATOR (idx=54, name=EpochBlock_56)
[D]        name="" counters="CPU cycles"[12327, 540066, 5457] dur=0.697ms id=56.56 type=0x5000000/INTERNAL|WITHOUT_TENSOR,"epoch"
[D]       ----------------------------------------
[D]       INTERNAL OPERATOR (idx=55, name=EpochBlock_57)
[D]        name="" counters="CPU cycles"[1858, 81122, 753] dur=0.105ms id=57.57 type=0x5000000/INTERNAL|WITHOUT_TENSOR,"epoch"
[D]       ----------------------------------------
[D]       INTERNAL OPERATOR (idx=56, name=EpochBlock_58)
[D]        name="" counters="CPU cycles"[9114, 501922, 4137] dur=0.644ms id=58.58 type=0x5000000/INTERNAL|WITHOUT_TENSOR,"epoch"
[D]       ----------------------------------------
[D]       INTERNAL OPERATOR (idx=57, name=EpochBlock_59)
[D]        name="" counters="CPU cycles"[48194, 445074, 4470] dur=0.622ms id=59.59 type=0x5000000/INTERNAL|WITHOUT_TENSOR,"epoch"
[D]       ----------------------------------------
[D]       INTERNAL OPERATOR (idx=58, name=EpochBlock_60)
[D]        name="" counters="CPU cycles"[12106, 533506, 5449] dur=0.689ms id=60.60 type=0x5000000/INTERNAL|WITHOUT_TENSOR,"epoch"
[D]       ----------------------------------------
[D]       INTERNAL OPERATOR (idx=59, name=EpochBlock_61)
[D]        name="" counters="CPU cycles"[6970, 346962, 3233] dur=0.446ms id=61.61 type=0x5000000/INTERNAL|WITHOUT_TENSOR,"epoch"
[D]       ----------------------------------------
[D]       INTERNAL OPERATOR (idx=60, name=EpochBlock_62)
[D]        name="" counters="CPU cycles"[8642, 1630, 3737] dur=0.018ms id=62.62 type=0x5000000/INTERNAL|WITHOUT_TENSOR,"epoch"
[D]       ----------------------------------------
[D]       INTERNAL OPERATOR (idx=61, name=EpochBlock_63)
[D]        name="" counters="CPU cycles"[18250, 468010, 5025] dur=0.614ms id=63.63 type=0x5000000/INTERNAL|WITHOUT_TENSOR,"epoch"
[D]       ----------------------------------------
[D]       INTERNAL OPERATOR (idx=62, name=EpochBlock_64)
[D]        name="" counters="CPU cycles"[45, 76, 3970] dur=0.005ms id=64.64 type=0x1000002/INTERNAL,"epoch (SW)"
[D]       INTERNAL TENSOR #0
[D]        IOTensor: Dequantize_226_out_0, E.64.0, , 0x342e0000 f32[1,63], 252 Bytes
[D]        last=True, data_size=0
[D]       ----------------------------------------
[D]       INTERNAL OPERATOR (idx=63, name=EpochBlock_65)
[D]        name="" counters="CPU cycles"[15794, 3226, 3545] dur=0.028ms id=65.65 type=0x5000000/INTERNAL|WITHOUT_TENSOR,"epoch"
[D]       ----------------------------------------
[D]       INTERNAL OPERATOR (idx=64, name=EpochBlock_66)
[D]        name="" counters="CPU cycles"[45, 36, 3434] dur=0.004ms id=66.66 type=0x1000002/INTERNAL,"epoch (SW)"
[D]       INTERNAL TENSOR #0
[D]        IOTensor: Dequantize_229_out_0, E.66.0, , 0x342e0100 f32[1,63], 252 Bytes
[D]        last=True, data_size=0
[D]       ----------------------------------------
[D]       INTERNAL OPERATOR (idx=65, name=EpochBlock_67)
[D]        name="" counters="CPU cycles"[45, 36, 2802] dur=0.004ms id=67.67 type=0x1000002/INTERNAL,"epoch (SW)"
[D]       INTERNAL TENSOR #0
[D]        IOTensor: Dequantize_219_out_0, E.67.0, , 0x342e0200 f32[1,1], 4 Bytes
[D]        last=True, data_size=0
[D]       ----------------------------------------
[D]       INTERNAL OPERATOR (idx=66, name=EpochBlock_68)
[D]        name="" counters="CPU cycles"[4538, 556, 1681] dur=0.008ms id=68.68 type=0x5000000/INTERNAL|WITHOUT_TENSOR,"epoch"
[D]       ----------------------------------------
[D]       INTERNAL OPERATOR (idx=67, name=EpochBlock_69)
[D]        name="" counters="CPU cycles"[45, 36, 2294] dur=0.003ms id=69.69 type=0x1000002/INTERNAL,"epoch (SW)"
[D]       INTERNAL TENSOR #0
[D]        IOTensor: Dequantize_223_out_0, E.69.0, , 0x342e0210 f32[1,1], 4 Bytes
[D]        last=True, data_size=0
[D]       ----------------------------------------
[D]       INFERENCE DONE
[D]        name="network" counters="CPU cycles"[1657285, 16096237, 211566, 17977652, 20128632] dur=22.472ms id=0.0 type=0x0/NONE,"epoch"
[D]       RECEIVE OUTPUT TENSOR #0 last=False..
[D]        IOTensor: Dequantize_223_out_0, O_0, , 0x342e0210 f32[1,1], 4 Bytes
[D]       RECEIVE OUTPUT TENSOR #1 last=False..
[D]        IOTensor: Dequantize_229_out_0, O_1, , 0x342e0100 f32[1,63], 252 Bytes
[D]       RECEIVE OUTPUT TENSOR #2 last=False..
[D]        IOTensor: Dequantize_219_out_0, O_2, , 0x342e0200 f32[1,1], 4 Bytes
[D]       RECEIVE OUTPUT TENSOR #3 last=True..
[D]        IOTensor: Dequantize_226_out_0, O_3, , 0x342e0000 f32[1,63], 252 Bytes
[D]    <- done (target dur=22.456ms)
[D]    -> Requested RUN mode: Mode.DEBUG|PERF_ONLY|PER_LAYER (param=0b1100001011, option=0x5100)
[D]       SEND INPUT TENSOR #0 ((1, 224, 224, 3)/uint8) last=True..
[D]        buffer is filled with a simple value: 88
[D]       ----------------------------------------
[D]       INTERNAL OPERATOR (idx=0, name=EpochBlock_2)
[D]        name="" counters="CPU cycles"[3514, 121107, 1603] dur=0.158ms id=2.2 type=0x5000000/INTERNAL|WITHOUT_TENSOR,"epoch"
[D]       ----------------------------------------
[D]       INTERNAL OPERATOR (idx=1, name=EpochBlock_3)
[D]        name="" counters="CPU cycles"[15394, 363878, 3287] dur=0.478ms id=3.3 type=0x5000000/INTERNAL|WITHOUT_TENSOR,"epoch"
[D]       ----------------------------------------
[D]       INTERNAL OPERATOR (idx=2, name=EpochBlock_4)
[D]        name="" counters="CPU cycles"[5666, 241634, 1399] dur=0.311ms id=4.4 type=0x5000000/INTERNAL|WITHOUT_TENSOR,"epoch"
[D]       ----------------------------------------
[D]       INTERNAL OPERATOR (idx=3, name=EpochBlock_5)
[D]        name="" counters="CPU cycles"[8578, 242563, 2025] dur=0.316ms id=5.5 type=0x5000000/INTERNAL|WITHOUT_TENSOR,"epoch"
[D]       ----------------------------------------
[D]       INTERNAL OPERATOR (idx=4, name=EpochBlock_6)
[D]        name="" counters="CPU cycles"[18426, 644274, 2329] dur=0.831ms id=6.6 type=0x5000000/INTERNAL|WITHOUT_TENSOR,"epoch"
[D]       ----------------------------------------
[D]       INTERNAL OPERATOR (idx=5, name=EpochBlock_7)
[D]        name="" counters="CPU cycles"[17898, 643270, 2273] dur=0.829ms id=7.7 type=0x5000000/INTERNAL|WITHOUT_TENSOR,"epoch"
[D]       ----------------------------------------
[D]       INTERNAL OPERATOR (idx=6, name=EpochBlock_8)
[D]        name="" counters="CPU cycles"[9586, 64054, 1985] dur=0.095ms id=8.8 type=0x5000000/INTERNAL|WITHOUT_TENSOR,"epoch"
[D]       ----------------------------------------
[D]       INTERNAL OPERATOR (idx=7, name=EpochBlock_9)
[D]        name="" counters="CPU cycles"[33810, 363926, 2289] dur=0.500ms id=9.9 type=0x5000000/INTERNAL|WITHOUT_TENSOR,"epoch"
[D]       ----------------------------------------
[D]       INTERNAL OPERATOR (idx=8, name=EpochBlock_10)
[D]        name="" counters="CPU cycles"[33474, 377346, 2388] dur=0.517ms id=10.10 type=0x5000000/INTERNAL|WITHOUT_TENSOR,"epoch"
[D]       ----------------------------------------
[D]       INTERNAL OPERATOR (idx=9, name=EpochBlock_11)
[D]        name="" counters="CPU cycles"[12138, 67898, 3314] dur=0.104ms id=11.11 type=0x5000000/INTERNAL|WITHOUT_TENSOR,"epoch"
[D]       ----------------------------------------
[D]       INTERNAL OPERATOR (idx=10, name=EpochBlock_12)
[D]        name="" counters="CPU cycles"[33266, 363762, 2504] dur=0.499ms id=12.12 type=0x5000000/INTERNAL|WITHOUT_TENSOR,"epoch"
[D]       ----------------------------------------
[D]       INTERNAL OPERATOR (idx=11, name=EpochBlock_13)
[D]        name="" counters="CPU cycles"[1898, 405626, 793] dur=0.510ms id=13.13 type=0x5000000/INTERNAL|WITHOUT_TENSOR,"epoch"
[D]       ----------------------------------------
[D]       INTERNAL OPERATOR (idx=12, name=EpochBlock_14)
[D]        name="" counters="CPU cycles"[36568, 366610, 3606] dur=0.508ms id=14.14 type=0x5000000/INTERNAL|WITHOUT_TENSOR,"epoch"
[D]       ----------------------------------------
[D]       INTERNAL OPERATOR (idx=13, name=EpochBlock_15)
[D]        name="" counters="CPU cycles"[14706, 36493, 2625] dur=0.067ms id=15.15 type=0x5000000/INTERNAL|WITHOUT_TENSOR,"epoch"
[D]       ----------------------------------------
[D]       INTERNAL OPERATOR (idx=14, name=EpochBlock_16)
[D]        name="" counters="CPU cycles"[53754, 153474, 2929] dur=0.263ms id=16.16 type=0x5000000/INTERNAL|WITHOUT_TENSOR,"epoch"
[D]       ----------------------------------------
[D]       INTERNAL OPERATOR (idx=15, name=EpochBlock_17)
[D]        name="" counters="CPU cycles"[1946, 181834, 753] dur=0.231ms id=17.17 type=0x5000000/INTERNAL|WITHOUT_TENSOR,"epoch"
[D]       ----------------------------------------
[D]       INTERNAL OPERATOR (idx=16, name=EpochBlock_18)
[D]        name="" counters="CPU cycles"[54770, 194389, 3457] dur=0.316ms id=18.18 type=0x5000000/INTERNAL|WITHOUT_TENSOR,"epoch"
[D]       ----------------------------------------
[D]       INTERNAL OPERATOR (idx=17, name=EpochBlock_19)
[D]        name="" counters="CPU cycles"[15938, 60634, 3233] dur=0.100ms id=19.19 type=0x5000000/INTERNAL|WITHOUT_TENSOR,"epoch"
[D]       ----------------------------------------
[D]       INTERNAL OPERATOR (idx=18, name=EpochBlock_20)
[D]        name="" counters="CPU cycles"[53906, 153338, 2974] dur=0.263ms id=20.20 type=0x5000000/INTERNAL|WITHOUT_TENSOR,"epoch"
[D]       ----------------------------------------
[D]       INTERNAL OPERATOR (idx=19, name=EpochBlock_21)
[D]        name="" counters="CPU cycles"[51970, 152634, 2273] dur=0.259ms id=21.21 type=0x5000000/INTERNAL|WITHOUT_TENSOR,"epoch"
[D]       ----------------------------------------
[D]       INTERNAL OPERATOR (idx=20, name=EpochBlock_22)
[D]        name="" counters="CPU cycles"[22338, 45394, 2609] dur=0.088ms id=22.22 type=0x5000000/INTERNAL|WITHOUT_TENSOR,"epoch"
[D]       ----------------------------------------
[D]       INTERNAL OPERATOR (idx=21, name=EpochBlock_23)
[D]        name="" counters="CPU cycles"[102464, 81290, 4406] dur=0.235ms id=23.23 type=0x5000000/INTERNAL|WITHOUT_TENSOR,"epoch"
[D]       ----------------------------------------
[D]       INTERNAL OPERATOR (idx=22, name=EpochBlock_24)
[D]        name="" counters="CPU cycles"[98504, 89098, 2313] dur=0.237ms id=24.24 type=0x5000000/INTERNAL|WITHOUT_TENSOR,"epoch"
[D]       ----------------------------------------
[D]       INTERNAL OPERATOR (idx=23, name=EpochBlock_25)
[D]        name="" counters="CPU cycles"[26322, 87741, 4537] dur=0.148ms id=25.25 type=0x5000000/INTERNAL|WITHOUT_TENSOR,"epoch"
[D]       ----------------------------------------
[D]       INTERNAL OPERATOR (idx=24, name=EpochBlock_26)
[D]        name="" counters="CPU cycles"[102487, 81290, 4297] dur=0.235ms id=26.26 type=0x5000000/INTERNAL|WITHOUT_TENSOR,"epoch"
[D]       ----------------------------------------
[D]       INTERNAL OPERATOR (idx=25, name=EpochBlock_27)
[D]        name="" counters="CPU cycles"[98050, 89138, 2404] dur=0.237ms id=27.27 type=0x5000000/INTERNAL|WITHOUT_TENSOR,"epoch"
[D]       ----------------------------------------
[D]       INTERNAL OPERATOR (idx=26, name=EpochBlock_28)
[D]        name="" counters="CPU cycles"[26570, 87706, 4646] dur=0.149ms id=28.28 type=0x5000000/INTERNAL|WITHOUT_TENSOR,"epoch"
[D]       ----------------------------------------
[D]       INTERNAL OPERATOR (idx=27, name=EpochBlock_29)
[D]        name="" counters="CPU cycles"[102002, 81016, 4249] dur=0.234ms id=29.29 type=0x5000000/INTERNAL|WITHOUT_TENSOR,"epoch"
[D]       ----------------------------------------
[D]       INTERNAL OPERATOR (idx=28, name=EpochBlock_30)
[D]        name="" counters="CPU cycles"[1938, 97706, 790] dur=0.126ms id=30.30 type=0x5000000/INTERNAL|WITHOUT_TENSOR,"epoch"
[D]       ----------------------------------------
[D]       INTERNAL OPERATOR (idx=29, name=EpochBlock_31)
[D]        name="" counters="CPU cycles"[101146, 106437, 3588] dur=0.264ms id=31.31 type=0x5000000/INTERNAL|WITHOUT_TENSOR,"epoch"
[D]       ----------------------------------------
[D]       INTERNAL OPERATOR (idx=30, name=EpochBlock_32)
[D]        name="" counters="CPU cycles"[31562, 118088, 3966] dur=0.192ms id=32.32 type=0x5000000/INTERNAL|WITHOUT_TENSOR,"epoch"
[D]       ----------------------------------------
[D]       INTERNAL OPERATOR (idx=31, name=EpochBlock_33)
[D]        name="" counters="CPU cycles"[1922, 9498, 790] dur=0.015ms id=33.33 type=0x5000000/INTERNAL|WITHOUT_TENSOR,"epoch"
[D]       ----------------------------------------
[D]       INTERNAL OPERATOR (idx=32, name=EpochBlock_34)
[D]        name="" counters="CPU cycles"[12210, 418138, 5430] dur=0.545ms id=34.34 type=0x5000000/INTERNAL|WITHOUT_TENSOR,"epoch"
[D]       ----------------------------------------
[D]       INTERNAL OPERATOR (idx=33, name=EpochBlock_35)
[D]        name="" counters="CPU cycles"[1898, 136586, 721] dur=0.174ms id=35.35 type=0x5000000/INTERNAL|WITHOUT_TENSOR,"epoch"
[D]       ----------------------------------------
[D]       INTERNAL OPERATOR (idx=34, name=EpochBlock_36)
[D]        name="" counters="CPU cycles"[9010, 648082, 4113] dur=0.827ms id=36.36 type=0x5000000/INTERNAL|WITHOUT_TENSOR,"epoch"
[D]       ----------------------------------------
[D]       INTERNAL OPERATOR (idx=35, name=EpochBlock_37)
[D]        name="" counters="CPU cycles"[32458, 159922, 4505] dur=0.246ms id=37.37 type=0x5000000/INTERNAL|WITHOUT_TENSOR,"epoch"
[D]       ----------------------------------------
[D]       INTERNAL OPERATOR (idx=36, name=EpochBlock_38)
[D]        name="" counters="CPU cycles"[1962, 9466, 753] dur=0.015ms id=38.38 type=0x5000000/INTERNAL|WITHOUT_TENSOR,"epoch"
[D]       ----------------------------------------
[D]       INTERNAL OPERATOR (idx=37, name=EpochBlock_39)
[D]        name="" counters="CPU cycles"[12394, 427034, 5497] dur=0.556ms id=39.39 type=0x5000000/INTERNAL|WITHOUT_TENSOR,"epoch"
[D]       ----------------------------------------
[D]       INTERNAL OPERATOR (idx=38, name=EpochBlock_40)
[D]        name="" counters="CPU cycles"[1906, 136586, 793] dur=0.174ms id=40.40 type=0x5000000/INTERNAL|WITHOUT_TENSOR,"epoch"
[D]       ----------------------------------------
[D]       INTERNAL OPERATOR (idx=39, name=EpochBlock_41)
[D]        name="" counters="CPU cycles"[9122, 648781, 4177] dur=0.828ms id=41.41 type=0x5000000/INTERNAL|WITHOUT_TENSOR,"epoch"
[D]       ----------------------------------------
[D]       INTERNAL OPERATOR (idx=40, name=EpochBlock_42)
[D]        name="" counters="CPU cycles"[32354, 159786, 4489] dur=0.246ms id=42.42 type=0x5000000/INTERNAL|WITHOUT_TENSOR,"epoch"
[D]       ----------------------------------------
[D]       INTERNAL OPERATOR (idx=41, name=EpochBlock_43)
[D]        name="" counters="CPU cycles"[1882, 9466, 793] dur=0.015ms id=43.43 type=0x5000000/INTERNAL|WITHOUT_TENSOR,"epoch"
[D]       ----------------------------------------
[D]       INTERNAL OPERATOR (idx=42, name=EpochBlock_44)
[D]        name="" counters="CPU cycles"[12106, 418378, 5425] dur=0.545ms id=44.44 type=0x5000000/INTERNAL|WITHOUT_TENSOR,"epoch"
[D]       ----------------------------------------
[D]       INTERNAL OPERATOR (idx=43, name=EpochBlock_45)
[D]        name="" counters="CPU cycles"[1890, 136594, 753] dur=0.174ms id=45.45 type=0x5000000/INTERNAL|WITHOUT_TENSOR,"epoch"
[D]       ----------------------------------------
[D]       INTERNAL OPERATOR (idx=44, name=EpochBlock_46)
[D]        name="" counters="CPU cycles"[9066, 300010, 4198] dur=0.392ms id=46.46 type=0x5000000/INTERNAL|WITHOUT_TENSOR,"epoch"
[D]       ----------------------------------------
[D]       INTERNAL OPERATOR (idx=45, name=EpochBlock_47)
[D]        name="" counters="CPU cycles"[46570, 260565, 3937] dur=0.389ms id=47.47 type=0x5000000/INTERNAL|WITHOUT_TENSOR,"epoch"
[D]       ----------------------------------------
[D]       INTERNAL OPERATOR (idx=46, name=EpochBlock_48)
[D]        name="" counters="CPU cycles"[12306, 539450, 5494] dur=0.697ms id=48.48 type=0x5000000/INTERNAL|WITHOUT_TENSOR,"epoch"
[D]       ----------------------------------------
[D]       INTERNAL OPERATOR (idx=47, name=EpochBlock_49)
[D]        name="" counters="CPU cycles"[1938, 81178, 753] dur=0.105ms id=49.49 type=0x5000000/INTERNAL|WITHOUT_TENSOR,"epoch"
[D]       ----------------------------------------
[D]       INTERNAL OPERATOR (idx=48, name=EpochBlock_50)
[D]        name="" counters="CPU cycles"[9226, 502050, 4065] dur=0.644ms id=50.50 type=0x5000000/INTERNAL|WITHOUT_TENSOR,"epoch"
[D]       ----------------------------------------
[D]       INTERNAL OPERATOR (idx=49, name=EpochBlock_51)
[D]        name="" counters="CPU cycles"[48122, 445418, 4433] dur=0.622ms id=51.51 type=0x5000000/INTERNAL|WITHOUT_TENSOR,"epoch"
[D]       ----------------------------------------
[D]       INTERNAL OPERATOR (idx=50, name=EpochBlock_52)
[D]        name="" counters="CPU cycles"[12258, 533844, 5481] dur=0.689ms id=52.52 type=0x5000000/INTERNAL|WITHOUT_TENSOR,"epoch"
[D]       ----------------------------------------
[D]       INTERNAL OPERATOR (idx=51, name=EpochBlock_53)
[D]        name="" counters="CPU cycles"[1890, 81122, 721] dur=0.105ms id=53.53 type=0x5000000/INTERNAL|WITHOUT_TENSOR,"epoch"
[D]       ----------------------------------------
[D]       INTERNAL OPERATOR (idx=52, name=EpochBlock_54)
[D]        name="" counters="CPU cycles"[9050, 499714, 4113] dur=0.641ms id=54.54 type=0x5000000/INTERNAL|WITHOUT_TENSOR,"epoch"
[D]       ----------------------------------------
[D]       INTERNAL OPERATOR (idx=53, name=EpochBlock_55)
[D]        name="" counters="CPU cycles"[47818, 445293, 4505] dur=0.622ms id=55.55 type=0x5000000/INTERNAL|WITHOUT_TENSOR,"epoch"
[D]       ----------------------------------------
[D]       INTERNAL OPERATOR (idx=54, name=EpochBlock_56)
[D]        name="" counters="CPU cycles"[12242, 539770, 5457] dur=0.697ms id=56.56 type=0x5000000/INTERNAL|WITHOUT_TENSOR,"epoch"
[D]       ----------------------------------------
[D]       INTERNAL OPERATOR (idx=55, name=EpochBlock_57)
[D]        name="" counters="CPU cycles"[1898, 81138, 753] dur=0.105ms id=57.57 type=0x5000000/INTERNAL|WITHOUT_TENSOR,"epoch"
[D]       ----------------------------------------
[D]       INTERNAL OPERATOR (idx=56, name=EpochBlock_58)
[D]        name="" counters="CPU cycles"[9242, 502314, 4137] dur=0.645ms id=58.58 type=0x5000000/INTERNAL|WITHOUT_TENSOR,"epoch"
[D]       ----------------------------------------
[D]       INTERNAL OPERATOR (idx=57, name=EpochBlock_59)
[D]        name="" counters="CPU cycles"[47754, 445074, 4489] dur=0.622ms id=59.59 type=0x5000000/INTERNAL|WITHOUT_TENSOR,"epoch"
[D]       ----------------------------------------
[D]       INTERNAL OPERATOR (idx=58, name=EpochBlock_60)
[D]        name="" counters="CPU cycles"[12162, 533490, 5486] dur=0.689ms id=60.60 type=0x5000000/INTERNAL|WITHOUT_TENSOR,"epoch"
[D]       ----------------------------------------
[D]       INTERNAL OPERATOR (idx=59, name=EpochBlock_61)
[D]        name="" counters="CPU cycles"[6962, 346922, 3233] dur=0.446ms id=61.61 type=0x5000000/INTERNAL|WITHOUT_TENSOR,"epoch"
[D]       ----------------------------------------
[D]       INTERNAL OPERATOR (idx=60, name=EpochBlock_62)
[D]        name="" counters="CPU cycles"[8663, 1586, 3737] dur=0.017ms id=62.62 type=0x5000000/INTERNAL|WITHOUT_TENSOR,"epoch"
[D]       ----------------------------------------
[D]       INTERNAL OPERATOR (idx=61, name=EpochBlock_63)
[D]        name="" counters="CPU cycles"[18402, 468026, 5025] dur=0.614ms id=63.63 type=0x5000000/INTERNAL|WITHOUT_TENSOR,"epoch"
[D]       ----------------------------------------
[D]       INTERNAL OPERATOR (idx=62, name=EpochBlock_64)
[D]        name="" counters="CPU cycles"[45, 76, 3813] dur=0.005ms id=64.64 type=0x1000002/INTERNAL,"epoch (SW)"
[D]       INTERNAL TENSOR #0
[D]        IOTensor: Dequantize_226_out_0, E.64.0, , 0x342e0000 f32[1,63], 252 Bytes
[D]        last=True, data_size=0
[D]       ----------------------------------------
[D]       INTERNAL OPERATOR (idx=63, name=EpochBlock_65)
[D]        name="" counters="CPU cycles"[16218, 3306, 3582] dur=0.029ms id=65.65 type=0x5000000/INTERNAL|WITHOUT_TENSOR,"epoch"
[D]       ----------------------------------------
[D]       INTERNAL OPERATOR (idx=64, name=EpochBlock_66)
[D]        name="" counters="CPU cycles"[45, 36, 3280] dur=0.004ms id=66.66 type=0x1000002/INTERNAL,"epoch (SW)"
[D]       INTERNAL TENSOR #0
[D]        IOTensor: Dequantize_229_out_0, E.66.0, , 0x342e0100 f32[1,63], 252 Bytes
[D]        last=True, data_size=0
[D]       ----------------------------------------
[D]       INTERNAL OPERATOR (idx=65, name=EpochBlock_67)
[D]        name="" counters="CPU cycles"[45, 36, 2876] dur=0.004ms id=67.67 type=0x1000002/INTERNAL,"epoch (SW)"
[D]       INTERNAL TENSOR #0
[D]        IOTensor: Dequantize_219_out_0, E.67.0, , 0x342e0200 f32[1,1], 4 Bytes
[D]        last=True, data_size=0
[D]       ----------------------------------------
[D]       INTERNAL OPERATOR (idx=66, name=EpochBlock_68)
[D]        name="" counters="CPU cycles"[4602, 639, 1706] dur=0.009ms id=68.68 type=0x5000000/INTERNAL|WITHOUT_TENSOR,"epoch"
[D]       ----------------------------------------
[D]       INTERNAL OPERATOR (idx=67, name=EpochBlock_69)
[D]        name="" counters="CPU cycles"[45, 36, 2330] dur=0.003ms id=69.69 type=0x1000002/INTERNAL,"epoch (SW)"
[D]       INTERNAL TENSOR #0
[D]        IOTensor: Dequantize_223_out_0, E.69.0, , 0x342e0210 f32[1,1], 4 Bytes
[D]        last=True, data_size=0
[D]       ----------------------------------------
[D]       INFERENCE DONE
[D]        name="network" counters="CPU cycles"[1658272, 16093058, 211687, 17975521, 20124687] dur=22.469ms id=0.0 type=0x0/NONE,"epoch"
[D]       RECEIVE OUTPUT TENSOR #0 last=False..
[D]        IOTensor: Dequantize_223_out_0, O_0, , 0x342e0210 f32[1,1], 4 Bytes
[D]       RECEIVE OUTPUT TENSOR #1 last=False..
[D]        IOTensor: Dequantize_229_out_0, O_1, , 0x342e0100 f32[1,63], 252 Bytes
[D]       RECEIVE OUTPUT TENSOR #2 last=False..
[D]        IOTensor: Dequantize_219_out_0, O_2, , 0x342e0200 f32[1,1], 4 Bytes
[D]       RECEIVE OUTPUT TENSOR #3 last=True..
[D]        IOTensor: Dequantize_226_out_0, O_3, , 0x342e0000 f32[1,63], 252 Bytes
[D]    <- done (target dur=22.454ms)
[D]    -> Requested RUN mode: Mode.DEBUG|PERF_ONLY|PER_LAYER (param=0b1100001011, option=0x5100)
[D]       SEND INPUT TENSOR #0 ((1, 224, 224, 3)/uint8) last=True..
[D]        buffer is filled with a simple value: 232
[D]       ----------------------------------------
[D]       INTERNAL OPERATOR (idx=0, name=EpochBlock_2)
[D]        name="" counters="CPU cycles"[3522, 121019, 1681] dur=0.158ms id=2.2 type=0x5000000/INTERNAL|WITHOUT_TENSOR,"epoch"
[D]       ----------------------------------------
[D]       INTERNAL OPERATOR (idx=1, name=EpochBlock_3)
[D]        name="" counters="CPU cycles"[15434, 363878, 3209] dur=0.478ms id=3.3 type=0x5000000/INTERNAL|WITHOUT_TENSOR,"epoch"
[D]       ----------------------------------------
[D]       INTERNAL OPERATOR (idx=2, name=EpochBlock_4)
[D]        name="" counters="CPU cycles"[5666, 241634, 1361] dur=0.311ms id=4.4 type=0x5000000/INTERNAL|WITHOUT_TENSOR,"epoch"
[D]       ----------------------------------------
[D]       INTERNAL OPERATOR (idx=3, name=EpochBlock_5)
[D]        name="" counters="CPU cycles"[8578, 242482, 2025] dur=0.316ms id=5.5 type=0x5000000/INTERNAL|WITHOUT_TENSOR,"epoch"
[D]       ----------------------------------------
[D]       INTERNAL OPERATOR (idx=4, name=EpochBlock_6)
[D]        name="" counters="CPU cycles"[18450, 644274, 2329] dur=0.831ms id=6.6 type=0x5000000/INTERNAL|WITHOUT_TENSOR,"epoch"
[D]       ----------------------------------------
[D]       INTERNAL OPERATOR (idx=5, name=EpochBlock_7)
[D]        name="" counters="CPU cycles"[17858, 643270, 2329] dur=0.829ms id=7.7 type=0x5000000/INTERNAL|WITHOUT_TENSOR,"epoch"
[D]       ----------------------------------------
[D]       INTERNAL OPERATOR (idx=6, name=EpochBlock_8)
[D]        name="" counters="CPU cycles"[9562, 64100, 1985] dur=0.095ms id=8.8 type=0x5000000/INTERNAL|WITHOUT_TENSOR,"epoch"
[D]       ----------------------------------------
[D]       INTERNAL OPERATOR (idx=7, name=EpochBlock_9)
[D]        name="" counters="CPU cycles"[33858, 363928, 2289] dur=0.500ms id=9.9 type=0x5000000/INTERNAL|WITHOUT_TENSOR,"epoch"
[D]       ----------------------------------------
[D]       INTERNAL OPERATOR (idx=8, name=EpochBlock_10)
[D]        name="" counters="CPU cycles"[33482, 377346, 2313] dur=0.516ms id=10.10 type=0x5000000/INTERNAL|WITHOUT_TENSOR,"epoch"
[D]       ----------------------------------------
[D]       INTERNAL OPERATOR (idx=9, name=EpochBlock_11)
[D]        name="" counters="CPU cycles"[12266, 67898, 3314] dur=0.104ms id=11.11 type=0x5000000/INTERNAL|WITHOUT_TENSOR,"epoch"
[D]       ----------------------------------------
[D]       INTERNAL OPERATOR (idx=10, name=EpochBlock_12)
[D]        name="" counters="CPU cycles"[33714, 363802, 2466] dur=0.500ms id=12.12 type=0x5000000/INTERNAL|WITHOUT_TENSOR,"epoch"
[D]       ----------------------------------------
[D]       INTERNAL OPERATOR (idx=11, name=EpochBlock_13)
[D]        name="" counters="CPU cycles"[1978, 405626, 830] dur=0.511ms id=13.13 type=0x5000000/INTERNAL|WITHOUT_TENSOR,"epoch"
[D]       ----------------------------------------
[D]       INTERNAL OPERATOR (idx=12, name=EpochBlock_14)
[D]        name="" counters="CPU cycles"[36178, 366618, 3569] dur=0.508ms id=14.14 type=0x5000000/INTERNAL|WITHOUT_TENSOR,"epoch"
[D]       ----------------------------------------
[D]       INTERNAL OPERATOR (idx=13, name=EpochBlock_15)
[D]        name="" counters="CPU cycles"[14594, 36574, 2614] dur=0.067ms id=15.15 type=0x5000000/INTERNAL|WITHOUT_TENSOR,"epoch"
[D]       ----------------------------------------
[D]       INTERNAL OPERATOR (idx=14, name=EpochBlock_16)
[D]        name="" counters="CPU cycles"[53866, 153514, 2929] dur=0.263ms id=16.16 type=0x5000000/INTERNAL|WITHOUT_TENSOR,"epoch"
[D]       ----------------------------------------
[D]       INTERNAL OPERATOR (idx=15, name=EpochBlock_17)
[D]        name="" counters="CPU cycles"[1978, 181834, 753] dur=0.231ms id=17.17 type=0x5000000/INTERNAL|WITHOUT_TENSOR,"epoch"
[D]       ----------------------------------------
[D]       INTERNAL OPERATOR (idx=16, name=EpochBlock_18)
[D]        name="" counters="CPU cycles"[54770, 194442, 3494] dur=0.316ms id=18.18 type=0x5000000/INTERNAL|WITHOUT_TENSOR,"epoch"
[D]       ----------------------------------------
[D]       INTERNAL OPERATOR (idx=17, name=EpochBlock_19)
[D]        name="" counters="CPU cycles"[15794, 60634, 3233] dur=0.100ms id=19.19 type=0x5000000/INTERNAL|WITHOUT_TENSOR,"epoch"
[D]       ----------------------------------------
[D]       INTERNAL OPERATOR (idx=18, name=EpochBlock_20)
[D]        name="" counters="CPU cycles"[53727, 153339, 3012] dur=0.263ms id=20.20 type=0x5000000/INTERNAL|WITHOUT_TENSOR,"epoch"
[D]       ----------------------------------------
[D]       INTERNAL OPERATOR (idx=19, name=EpochBlock_21)
[D]        name="" counters="CPU cycles"[51898, 152642, 2273] dur=0.259ms id=21.21 type=0x5000000/INTERNAL|WITHOUT_TENSOR,"epoch"
[D]       ----------------------------------------
[D]       INTERNAL OPERATOR (idx=20, name=EpochBlock_22)
[D]        name="" counters="CPU cycles"[22370, 45394, 2577] dur=0.088ms id=22.22 type=0x5000000/INTERNAL|WITHOUT_TENSOR,"epoch"
[D]       ----------------------------------------
[D]       INTERNAL OPERATOR (idx=21, name=EpochBlock_23)
[D]        name="" counters="CPU cycles"[102202, 81330, 4332] dur=0.235ms id=23.23 type=0x5000000/INTERNAL|WITHOUT_TENSOR,"epoch"
[D]       ----------------------------------------
[D]       INTERNAL OPERATOR (idx=22, name=EpochBlock_24)
[D]        name="" counters="CPU cycles"[98186, 89299, 2345] dur=0.237ms id=24.24 type=0x5000000/INTERNAL|WITHOUT_TENSOR,"epoch"
[D]       ----------------------------------------
[D]       INTERNAL OPERATOR (idx=23, name=EpochBlock_25)
[D]        name="" counters="CPU cycles"[26618, 87669, 4537] dur=0.149ms id=25.25 type=0x5000000/INTERNAL|WITHOUT_TENSOR,"epoch"
[D]       ----------------------------------------
[D]       INTERNAL OPERATOR (idx=24, name=EpochBlock_26)
[D]        name="" counters="CPU cycles"[102679, 81215, 4310] dur=0.235ms id=26.26 type=0x5000000/INTERNAL|WITHOUT_TENSOR,"epoch"
[D]       ----------------------------------------
[D]       INTERNAL OPERATOR (idx=25, name=EpochBlock_27)
[D]        name="" counters="CPU cycles"[98448, 89098, 2367] dur=0.237ms id=27.27 type=0x5000000/INTERNAL|WITHOUT_TENSOR,"epoch"
[D]       ----------------------------------------
[D]       INTERNAL OPERATOR (idx=26, name=EpochBlock_28)
[D]        name="" counters="CPU cycles"[26898, 87706, 4609] dur=0.149ms id=28.28 type=0x5000000/INTERNAL|WITHOUT_TENSOR,"epoch"
[D]       ----------------------------------------
[D]       INTERNAL OPERATOR (idx=27, name=EpochBlock_29)
[D]        name="" counters="CPU cycles"[102418, 80978, 4380] dur=0.235ms id=29.29 type=0x5000000/INTERNAL|WITHOUT_TENSOR,"epoch"
[D]       ----------------------------------------
[D]       INTERNAL OPERATOR (idx=28, name=EpochBlock_30)
[D]        name="" counters="CPU cycles"[2018, 97698, 753] dur=0.126ms id=30.30 type=0x5000000/INTERNAL|WITHOUT_TENSOR,"epoch"
[D]       ----------------------------------------
[D]       INTERNAL OPERATOR (idx=29, name=EpochBlock_31)
[D]        name="" counters="CPU cycles"[101224, 106434, 3551] dur=0.264ms id=31.31 type=0x5000000/INTERNAL|WITHOUT_TENSOR,"epoch"
[D]       ----------------------------------------
[D]       INTERNAL OPERATOR (idx=30, name=EpochBlock_32)
[D]        name="" counters="CPU cycles"[31490, 118166, 3929] dur=0.192ms id=32.32 type=0x5000000/INTERNAL|WITHOUT_TENSOR,"epoch"
[D]       ----------------------------------------
[D]       INTERNAL OPERATOR (idx=31, name=EpochBlock_33)
[D]        name="" counters="CPU cycles"[1882, 9466, 753] dur=0.015ms id=33.33 type=0x5000000/INTERNAL|WITHOUT_TENSOR,"epoch"
[D]       ----------------------------------------
[D]       INTERNAL OPERATOR (idx=32, name=EpochBlock_34)
[D]        name="" counters="CPU cycles"[12218, 418226, 5393] dur=0.545ms id=34.34 type=0x5000000/INTERNAL|WITHOUT_TENSOR,"epoch"
[D]       ----------------------------------------
[D]       INTERNAL OPERATOR (idx=33, name=EpochBlock_35)
[D]        name="" counters="CPU cycles"[1898, 136594, 721] dur=0.174ms id=35.35 type=0x5000000/INTERNAL|WITHOUT_TENSOR,"epoch"
[D]       ----------------------------------------
[D]       INTERNAL OPERATOR (idx=34, name=EpochBlock_36)
[D]        name="" counters="CPU cycles"[9050, 648130, 4113] dur=0.827ms id=36.36 type=0x5000000/INTERNAL|WITHOUT_TENSOR,"epoch"
[D]       ----------------------------------------
[D]       INTERNAL OPERATOR (idx=35, name=EpochBlock_37)
[D]        name="" counters="CPU cycles"[33098, 159962, 4537] dur=0.247ms id=37.37 type=0x5000000/INTERNAL|WITHOUT_TENSOR,"epoch"
[D]       ----------------------------------------
[D]       INTERNAL OPERATOR (idx=36, name=EpochBlock_38)
[D]        name="" counters="CPU cycles"[1850, 9466, 753] dur=0.015ms id=38.38 type=0x5000000/INTERNAL|WITHOUT_TENSOR,"epoch"
[D]       ----------------------------------------
[D]       INTERNAL OPERATOR (idx=37, name=EpochBlock_39)
[D]        name="" counters="CPU cycles"[12400, 426954, 5521] dur=0.556ms id=39.39 type=0x5000000/INTERNAL|WITHOUT_TENSOR,"epoch"
[D]       ----------------------------------------
[D]       INTERNAL OPERATOR (idx=38, name=EpochBlock_40)
[D]        name="" counters="CPU cycles"[1858, 136594, 793] dur=0.174ms id=40.40 type=0x5000000/INTERNAL|WITHOUT_TENSOR,"epoch"
[D]       ----------------------------------------
[D]       INTERNAL OPERATOR (idx=39, name=EpochBlock_41)
[D]        name="" counters="CPU cycles"[9082, 648730, 4137] dur=0.827ms id=41.41 type=0x5000000/INTERNAL|WITHOUT_TENSOR,"epoch"
[D]       ----------------------------------------
[D]       INTERNAL OPERATOR (idx=40, name=EpochBlock_42)
[D]        name="" counters="CPU cycles"[32423, 159746, 4433] dur=0.246ms id=42.42 type=0x5000000/INTERNAL|WITHOUT_TENSOR,"epoch"
[D]       ----------------------------------------
[D]       INTERNAL OPERATOR (idx=41, name=EpochBlock_43)
[D]        name="" counters="CPU cycles"[1962, 9466, 793] dur=0.015ms id=43.43 type=0x5000000/INTERNAL|WITHOUT_TENSOR,"epoch"
[D]       ----------------------------------------
[D]       INTERNAL OPERATOR (idx=42, name=EpochBlock_44)
[D]        name="" counters="CPU cycles"[12186, 418434, 5457] dur=0.545ms id=44.44 type=0x5000000/INTERNAL|WITHOUT_TENSOR,"epoch"
[D]       ----------------------------------------
[D]       INTERNAL OPERATOR (idx=43, name=EpochBlock_45)
[D]        name="" counters="CPU cycles"[1890, 136594, 753] dur=0.174ms id=45.45 type=0x5000000/INTERNAL|WITHOUT_TENSOR,"epoch"
[D]       ----------------------------------------
[D]       INTERNAL OPERATOR (idx=44, name=EpochBlock_46)
[D]        name="" counters="CPU cycles"[9066, 300330, 4236] dur=0.392ms id=46.46 type=0x5000000/INTERNAL|WITHOUT_TENSOR,"epoch"
[D]       ----------------------------------------
[D]       INTERNAL OPERATOR (idx=45, name=EpochBlock_47)
[D]        name="" counters="CPU cycles"[47125, 260530, 3937] dur=0.389ms id=47.47 type=0x5000000/INTERNAL|WITHOUT_TENSOR,"epoch"
[D]       ----------------------------------------
[D]       INTERNAL OPERATOR (idx=46, name=EpochBlock_48)
[D]        name="" counters="CPU cycles"[12266, 538608, 5494] dur=0.695ms id=48.48 type=0x5000000/INTERNAL|WITHOUT_TENSOR,"epoch"
[D]       ----------------------------------------
[D]       INTERNAL OPERATOR (idx=47, name=EpochBlock_49)
[D]        name="" counters="CPU cycles"[1938, 81130, 793] dur=0.105ms id=49.49 type=0x5000000/INTERNAL|WITHOUT_TENSOR,"epoch"
[D]       ----------------------------------------
[D]       INTERNAL OPERATOR (idx=48, name=EpochBlock_50)
[D]        name="" counters="CPU cycles"[9242, 502106, 4065] dur=0.644ms id=50.50 type=0x5000000/INTERNAL|WITHOUT_TENSOR,"epoch"
[D]       ----------------------------------------
[D]       INTERNAL OPERATOR (idx=49, name=EpochBlock_51)
[D]        name="" counters="CPU cycles"[48122, 445418, 4433] dur=0.622ms id=51.51 type=0x5000000/INTERNAL|WITHOUT_TENSOR,"epoch"
[D]       ----------------------------------------
[D]       INTERNAL OPERATOR (idx=50, name=EpochBlock_52)
[D]        name="" counters="CPU cycles"[12138, 533823, 5417] dur=0.689ms id=52.52 type=0x5000000/INTERNAL|WITHOUT_TENSOR,"epoch"
[D]       ----------------------------------------
[D]       INTERNAL OPERATOR (idx=51, name=EpochBlock_53)
[D]        name="" counters="CPU cycles"[1930, 81162, 721] dur=0.105ms id=53.53 type=0x5000000/INTERNAL|WITHOUT_TENSOR,"epoch"
[D]       ----------------------------------------
[D]       INTERNAL OPERATOR (idx=52, name=EpochBlock_54)
[D]        name="" counters="CPU cycles"[9050, 499778, 4150] dur=0.641ms id=54.54 type=0x5000000/INTERNAL|WITHOUT_TENSOR,"epoch"
[D]       ----------------------------------------
[D]       INTERNAL OPERATOR (idx=53, name=EpochBlock_55)
[D]        name="" counters="CPU cycles"[47959, 445325, 4505] dur=0.622ms id=55.55 type=0x5000000/INTERNAL|WITHOUT_TENSOR,"epoch"
[D]       ----------------------------------------
[D]       INTERNAL OPERATOR (idx=54, name=EpochBlock_56)
[D]        name="" counters="CPU cycles"[12287, 539074, 5457] dur=0.696ms id=56.56 type=0x5000000/INTERNAL|WITHOUT_TENSOR,"epoch"
[D]       ----------------------------------------
[D]       INTERNAL OPERATOR (idx=55, name=EpochBlock_57)
[D]        name="" counters="CPU cycles"[1898, 81130, 753] dur=0.105ms id=57.57 type=0x5000000/INTERNAL|WITHOUT_TENSOR,"epoch"
[D]       ----------------------------------------
[D]       INTERNAL OPERATOR (idx=56, name=EpochBlock_58)
[D]        name="" counters="CPU cycles"[9162, 502245, 4137] dur=0.644ms id=58.58 type=0x5000000/INTERNAL|WITHOUT_TENSOR,"epoch"
[D]       ----------------------------------------
[D]       INTERNAL OPERATOR (idx=57, name=EpochBlock_59)
[D]        name="" counters="CPU cycles"[47826, 445034, 4529] dur=0.622ms id=59.59 type=0x5000000/INTERNAL|WITHOUT_TENSOR,"epoch"
[D]       ----------------------------------------
[D]       INTERNAL OPERATOR (idx=58, name=EpochBlock_60)
[D]        name="" counters="CPU cycles"[12130, 533506, 5449] dur=0.689ms id=60.60 type=0x5000000/INTERNAL|WITHOUT_TENSOR,"epoch"
[D]       ----------------------------------------
[D]       INTERNAL OPERATOR (idx=59, name=EpochBlock_61)
[D]        name="" counters="CPU cycles"[7050, 346882, 3233] dur=0.446ms id=61.61 type=0x5000000/INTERNAL|WITHOUT_TENSOR,"epoch"
[D]       ----------------------------------------
[D]       INTERNAL OPERATOR (idx=60, name=EpochBlock_62)
[D]        name="" counters="CPU cycles"[8583, 1621, 3737] dur=0.017ms id=62.62 type=0x5000000/INTERNAL|WITHOUT_TENSOR,"epoch"
[D]       ----------------------------------------
[D]       INTERNAL OPERATOR (idx=61, name=EpochBlock_63)
[D]        name="" counters="CPU cycles"[18327, 468002, 5118] dur=0.614ms id=63.63 type=0x5000000/INTERNAL|WITHOUT_TENSOR,"epoch"
[D]       ----------------------------------------
[D]       INTERNAL OPERATOR (idx=62, name=EpochBlock_64)
[D]        name="" counters="CPU cycles"[45, 36, 3968] dur=0.005ms id=64.64 type=0x1000002/INTERNAL,"epoch (SW)"
[D]       INTERNAL TENSOR #0
[D]        IOTensor: Dequantize_226_out_0, E.64.0, , 0x342e0000 f32[1,63], 252 Bytes
[D]        last=True, data_size=0
[D]       ----------------------------------------
[D]       INTERNAL OPERATOR (idx=63, name=EpochBlock_65)
[D]        name="" counters="CPU cycles"[15754, 3266, 3537] dur=0.028ms id=65.65 type=0x5000000/INTERNAL|WITHOUT_TENSOR,"epoch"
[D]       ----------------------------------------
[D]       INTERNAL OPERATOR (idx=64, name=EpochBlock_66)
[D]        name="" counters="CPU cycles"[45, 36, 3476] dur=0.004ms id=66.66 type=0x1000002/INTERNAL,"epoch (SW)"
[D]       INTERNAL TENSOR #0
[D]        IOTensor: Dequantize_229_out_0, E.66.0, , 0x342e0100 f32[1,63], 252 Bytes
[D]        last=True, data_size=0
[D]       ----------------------------------------
[D]       INTERNAL OPERATOR (idx=65, name=EpochBlock_67)
[D]        name="" counters="CPU cycles"[45, 36, 2912] dur=0.004ms id=67.67 type=0x1000002/INTERNAL,"epoch (SW)"
[D]       INTERNAL TENSOR #0
[D]        IOTensor: Dequantize_219_out_0, E.67.0, , 0x342e0200 f32[1,1], 4 Bytes
[D]        last=True, data_size=0
[D]       ----------------------------------------
[D]       INTERNAL OPERATOR (idx=66, name=EpochBlock_68)
[D]        name="" counters="CPU cycles"[4498, 599, 1737] dur=0.009ms id=68.68 type=0x5000000/INTERNAL|WITHOUT_TENSOR,"epoch"
[D]       ----------------------------------------
[D]       INTERNAL OPERATOR (idx=67, name=EpochBlock_69)
[D]        name="" counters="CPU cycles"[45, 36, 2330] dur=0.003ms id=69.69 type=0x1000002/INTERNAL,"epoch (SW)"
[D]       INTERNAL TENSOR #0
[D]        IOTensor: Dequantize_223_out_0, E.69.0, , 0x342e0210 f32[1,1], 4 Bytes
[D]        last=True, data_size=0
[D]       ----------------------------------------
[D]       INFERENCE DONE
[D]        name="network" counters="CPU cycles"[1660052, 16091916, 211979, 17976451, 20123366] dur=22.471ms id=0.0 type=0x0/NONE,"epoch"
[D]       RECEIVE OUTPUT TENSOR #0 last=False..
[D]        IOTensor: Dequantize_223_out_0, O_0, , 0x342e0210 f32[1,1], 4 Bytes
[D]       RECEIVE OUTPUT TENSOR #1 last=False..
[D]        IOTensor: Dequantize_229_out_0, O_1, , 0x342e0100 f32[1,63], 252 Bytes
[D]       RECEIVE OUTPUT TENSOR #2 last=False..
[D]        IOTensor: Dequantize_219_out_0, O_2, , 0x342e0200 f32[1,1], 4 Bytes
[D]       RECEIVE OUTPUT TENSOR #3 last=True..
[D]        IOTensor: Dequantize_226_out_0, O_3, , 0x342e0000 f32[1,63], 252 Bytes
[D]    <- done (target dur=22.455ms)
[D]    -> Requested RUN mode: Mode.DEBUG|PERF_ONLY|PER_LAYER (param=0b1100001011, option=0x5100)
[D]       SEND INPUT TENSOR #0 ((1, 224, 224, 3)/uint8) last=True..
[D]        buffer is filled with a simple value: 191
[D]       ----------------------------------------
[D]       INTERNAL OPERATOR (idx=0, name=EpochBlock_2)
[D]        name="" counters="CPU cycles"[3514, 121056, 1603] dur=0.158ms id=2.2 type=0x5000000/INTERNAL|WITHOUT_TENSOR,"epoch"
[D]       ----------------------------------------
[D]       INTERNAL OPERATOR (idx=1, name=EpochBlock_3)
[D]        name="" counters="CPU cycles"[15386, 363878, 3249] dur=0.478ms id=3.3 type=0x5000000/INTERNAL|WITHOUT_TENSOR,"epoch"
[D]       ----------------------------------------
[D]       INTERNAL OPERATOR (idx=2, name=EpochBlock_4)
[D]        name="" counters="CPU cycles"[5658, 241670, 1361] dur=0.311ms id=4.4 type=0x5000000/INTERNAL|WITHOUT_TENSOR,"epoch"
[D]       ----------------------------------------
[D]       INTERNAL OPERATOR (idx=3, name=EpochBlock_5)
[D]        name="" counters="CPU cycles"[8618, 242482, 2025] dur=0.316ms id=5.5 type=0x5000000/INTERNAL|WITHOUT_TENSOR,"epoch"
[D]       ----------------------------------------
[D]       INTERNAL OPERATOR (idx=4, name=EpochBlock_6)
[D]        name="" counters="CPU cycles"[18458, 644274, 2329] dur=0.831ms id=6.6 type=0x5000000/INTERNAL|WITHOUT_TENSOR,"epoch"
[D]       ----------------------------------------
[D]       INTERNAL OPERATOR (idx=5, name=EpochBlock_7)
[D]        name="" counters="CPU cycles"[17938, 643226, 2329] dur=0.829ms id=7.7 type=0x5000000/INTERNAL|WITHOUT_TENSOR,"epoch"
[D]       ----------------------------------------
[D]       INTERNAL OPERATOR (idx=6, name=EpochBlock_8)
[D]        name="" counters="CPU cycles"[9530, 64056, 1985] dur=0.094ms id=8.8 type=0x5000000/INTERNAL|WITHOUT_TENSOR,"epoch"
[D]       ----------------------------------------
[D]       INTERNAL OPERATOR (idx=7, name=EpochBlock_9)
[D]        name="" counters="CPU cycles"[33826, 363890, 2289] dur=0.500ms id=9.9 type=0x5000000/INTERNAL|WITHOUT_TENSOR,"epoch"
[D]       ----------------------------------------
[D]       INTERNAL OPERATOR (idx=8, name=EpochBlock_10)
[D]        name="" counters="CPU cycles"[33490, 377346, 2351] dur=0.516ms id=10.10 type=0x5000000/INTERNAL|WITHOUT_TENSOR,"epoch"
[D]       ----------------------------------------
[D]       INTERNAL OPERATOR (idx=9, name=EpochBlock_11)
[D]        name="" counters="CPU cycles"[12210, 67898, 3314] dur=0.104ms id=11.11 type=0x5000000/INTERNAL|WITHOUT_TENSOR,"epoch"
[D]       ----------------------------------------
[D]       INTERNAL OPERATOR (idx=10, name=EpochBlock_12)
[D]        name="" counters="CPU cycles"[33242, 363802, 2442] dur=0.499ms id=12.12 type=0x5000000/INTERNAL|WITHOUT_TENSOR,"epoch"
[D]       ----------------------------------------
[D]       INTERNAL OPERATOR (idx=11, name=EpochBlock_13)
[D]        name="" counters="CPU cycles"[1938, 405626, 793] dur=0.510ms id=13.13 type=0x5000000/INTERNAL|WITHOUT_TENSOR,"epoch"
[D]       ----------------------------------------
[D]       INTERNAL OPERATOR (idx=12, name=EpochBlock_14)
[D]        name="" counters="CPU cycles"[36178, 366650, 3569] dur=0.508ms id=14.14 type=0x5000000/INTERNAL|WITHOUT_TENSOR,"epoch"
[D]       ----------------------------------------
[D]       INTERNAL OPERATOR (idx=13, name=EpochBlock_15)
[D]        name="" counters="CPU cycles"[14666, 36573, 2662] dur=0.067ms id=15.15 type=0x5000000/INTERNAL|WITHOUT_TENSOR,"epoch"
[D]       ----------------------------------------
[D]       INTERNAL OPERATOR (idx=14, name=EpochBlock_16)
[D]        name="" counters="CPU cycles"[53794, 153466, 2966] dur=0.263ms id=16.16 type=0x5000000/INTERNAL|WITHOUT_TENSOR,"epoch"
[D]       ----------------------------------------
[D]       INTERNAL OPERATOR (idx=15, name=EpochBlock_17)
[D]        name="" counters="CPU cycles"[1978, 181850, 753] dur=0.231ms id=17.17 type=0x5000000/INTERNAL|WITHOUT_TENSOR,"epoch"
[D]       ----------------------------------------
[D]       INTERNAL OPERATOR (idx=16, name=EpochBlock_18)
[D]        name="" counters="CPU cycles"[55306, 194421, 3494] dur=0.317ms id=18.18 type=0x5000000/INTERNAL|WITHOUT_TENSOR,"epoch"
[D]       ----------------------------------------
[D]       INTERNAL OPERATOR (idx=17, name=EpochBlock_19)
[D]        name="" counters="CPU cycles"[15770, 60634, 3233] dur=0.100ms id=19.19 type=0x5000000/INTERNAL|WITHOUT_TENSOR,"epoch"
[D]       ----------------------------------------
[D]       INTERNAL OPERATOR (idx=18, name=EpochBlock_20)
[D]        name="" counters="CPU cycles"[53466, 153339, 2974] dur=0.262ms id=20.20 type=0x5000000/INTERNAL|WITHOUT_TENSOR,"epoch"
[D]       ----------------------------------------
[D]       INTERNAL OPERATOR (idx=19, name=EpochBlock_21)
[D]        name="" counters="CPU cycles"[51898, 152605, 2273] dur=0.258ms id=21.21 type=0x5000000/INTERNAL|WITHOUT_TENSOR,"epoch"
[D]       ----------------------------------------
[D]       INTERNAL OPERATOR (idx=20, name=EpochBlock_22)
[D]        name="" counters="CPU cycles"[22354, 45394, 2601] dur=0.088ms id=22.22 type=0x5000000/INTERNAL|WITHOUT_TENSOR,"epoch"
[D]       ----------------------------------------
[D]       INTERNAL OPERATOR (idx=21, name=EpochBlock_23)
[D]        name="" counters="CPU cycles"[102434, 81290, 4406] dur=0.235ms id=23.23 type=0x5000000/INTERNAL|WITHOUT_TENSOR,"epoch"
[D]       ----------------------------------------
[D]       INTERNAL OPERATOR (idx=22, name=EpochBlock_24)
[D]        name="" counters="CPU cycles"[97882, 89138, 2350] dur=0.237ms id=24.24 type=0x5000000/INTERNAL|WITHOUT_TENSOR,"epoch"
[D]       ----------------------------------------
[D]       INTERNAL OPERATOR (idx=23, name=EpochBlock_25)
[D]        name="" counters="CPU cycles"[26794, 87664, 4574] dur=0.149ms id=25.25 type=0x5000000/INTERNAL|WITHOUT_TENSOR,"epoch"
[D]       ----------------------------------------
[D]       INTERNAL OPERATOR (idx=24, name=EpochBlock_26)
[D]        name="" counters="CPU cycles"[102450, 81330, 4297] dur=0.235ms id=26.26 type=0x5000000/INTERNAL|WITHOUT_TENSOR,"epoch"
[D]       ----------------------------------------
[D]       INTERNAL OPERATOR (idx=25, name=EpochBlock_27)
[D]        name="" counters="CPU cycles"[97962, 89138, 2366] dur=0.237ms id=27.27 type=0x5000000/INTERNAL|WITHOUT_TENSOR,"epoch"
[D]       ----------------------------------------
[D]       INTERNAL OPERATOR (idx=26, name=EpochBlock_28)
[D]        name="" counters="CPU cycles"[26882, 87706, 4609] dur=0.149ms id=28.28 type=0x5000000/INTERNAL|WITHOUT_TENSOR,"epoch"
[D]       ----------------------------------------
[D]       INTERNAL OPERATOR (idx=27, name=EpochBlock_29)
[D]        name="" counters="CPU cycles"[102522, 80938, 4324] dur=0.235ms id=29.29 type=0x5000000/INTERNAL|WITHOUT_TENSOR,"epoch"
[D]       ----------------------------------------
[D]       INTERNAL OPERATOR (idx=28, name=EpochBlock_30)
[D]        name="" counters="CPU cycles"[1946, 97698, 753] dur=0.125ms id=30.30 type=0x5000000/INTERNAL|WITHOUT_TENSOR,"epoch"
[D]       ----------------------------------------
[D]       INTERNAL OPERATOR (idx=29, name=EpochBlock_31)
[D]        name="" counters="CPU cycles"[101106, 106514, 3494] dur=0.264ms id=31.31 type=0x5000000/INTERNAL|WITHOUT_TENSOR,"epoch"
[D]       ----------------------------------------
[D]       INTERNAL OPERATOR (idx=30, name=EpochBlock_32)
[D]        name="" counters="CPU cycles"[31522, 118195, 3929] dur=0.192ms id=32.32 type=0x5000000/INTERNAL|WITHOUT_TENSOR,"epoch"
[D]       ----------------------------------------
[D]       INTERNAL OPERATOR (idx=31, name=EpochBlock_33)
[D]        name="" counters="CPU cycles"[1962, 9466, 753] dur=0.015ms id=33.33 type=0x5000000/INTERNAL|WITHOUT_TENSOR,"epoch"
[D]       ----------------------------------------
[D]       INTERNAL OPERATOR (idx=32, name=EpochBlock_34)
[D]        name="" counters="CPU cycles"[12282, 418218, 5393] dur=0.545ms id=34.34 type=0x5000000/INTERNAL|WITHOUT_TENSOR,"epoch"
[D]       ----------------------------------------
[D]       INTERNAL OPERATOR (idx=33, name=EpochBlock_35)
[D]        name="" counters="CPU cycles"[1938, 136594, 721] dur=0.174ms id=35.35 type=0x5000000/INTERNAL|WITHOUT_TENSOR,"epoch"
[D]       ----------------------------------------
[D]       INTERNAL OPERATOR (idx=34, name=EpochBlock_36)
[D]        name="" counters="CPU cycles"[9002, 648050, 4113] dur=0.826ms id=36.36 type=0x5000000/INTERNAL|WITHOUT_TENSOR,"epoch"
[D]       ----------------------------------------
[D]       INTERNAL OPERATOR (idx=35, name=EpochBlock_37)
[D]        name="" counters="CPU cycles"[32994, 159962, 4537] dur=0.247ms id=37.37 type=0x5000000/INTERNAL|WITHOUT_TENSOR,"epoch"
[D]       ----------------------------------------
[D]       INTERNAL OPERATOR (idx=36, name=EpochBlock_38)
[D]        name="" counters="CPU cycles"[1882, 9466, 753] dur=0.015ms id=38.38 type=0x5000000/INTERNAL|WITHOUT_TENSOR,"epoch"
[D]       ----------------------------------------
[D]       INTERNAL OPERATOR (idx=37, name=EpochBlock_39)
[D]        name="" counters="CPU cycles"[12400, 426682, 5534] dur=0.556ms id=39.39 type=0x5000000/INTERNAL|WITHOUT_TENSOR,"epoch"
[D]       ----------------------------------------
[D]       INTERNAL OPERATOR (idx=38, name=EpochBlock_40)
[D]        name="" counters="CPU cycles"[1906, 136610, 753] dur=0.174ms id=40.40 type=0x5000000/INTERNAL|WITHOUT_TENSOR,"epoch"
[D]       ----------------------------------------
[D]       INTERNAL OPERATOR (idx=39, name=EpochBlock_41)
[D]        name="" counters="CPU cycles"[8994, 648346, 4177] dur=0.827ms id=41.41 type=0x5000000/INTERNAL|WITHOUT_TENSOR,"epoch"
[D]       ----------------------------------------
[D]       INTERNAL OPERATOR (idx=40, name=EpochBlock_42)
[D]        name="" counters="CPU cycles"[33063, 159746, 4489] dur=0.247ms id=42.42 type=0x5000000/INTERNAL|WITHOUT_TENSOR,"epoch"
[D]       ----------------------------------------
[D]       INTERNAL OPERATOR (idx=41, name=EpochBlock_43)
[D]        name="" counters="CPU cycles"[1882, 9466, 793] dur=0.015ms id=43.43 type=0x5000000/INTERNAL|WITHOUT_TENSOR,"epoch"
[D]       ----------------------------------------
[D]       INTERNAL OPERATOR (idx=42, name=EpochBlock_44)
[D]        name="" counters="CPU cycles"[12186, 418386, 5425] dur=0.545ms id=44.44 type=0x5000000/INTERNAL|WITHOUT_TENSOR,"epoch"
[D]       ----------------------------------------
[D]       INTERNAL OPERATOR (idx=43, name=EpochBlock_45)
[D]        name="" counters="CPU cycles"[1890, 136586, 753] dur=0.174ms id=45.45 type=0x5000000/INTERNAL|WITHOUT_TENSOR,"epoch"
[D]       ----------------------------------------
[D]       INTERNAL OPERATOR (idx=44, name=EpochBlock_46)
[D]        name="" counters="CPU cycles"[9130, 300226, 4268] dur=0.392ms id=46.46 type=0x5000000/INTERNAL|WITHOUT_TENSOR,"epoch"
[D]       ----------------------------------------
[D]       INTERNAL OPERATOR (idx=45, name=EpochBlock_47)
[D]        name="" counters="CPU cycles"[46741, 260530, 3974] dur=0.389ms id=47.47 type=0x5000000/INTERNAL|WITHOUT_TENSOR,"epoch"
[D]       ----------------------------------------
[D]       INTERNAL OPERATOR (idx=46, name=EpochBlock_48)
[D]        name="" counters="CPU cycles"[12258, 539941, 5457] dur=0.697ms id=48.48 type=0x5000000/INTERNAL|WITHOUT_TENSOR,"epoch"
[D]       ----------------------------------------
[D]       INTERNAL OPERATOR (idx=47, name=EpochBlock_49)
[D]        name="" counters="CPU cycles"[1938, 81162, 793] dur=0.105ms id=49.49 type=0x5000000/INTERNAL|WITHOUT_TENSOR,"epoch"
[D]       ----------------------------------------
[D]       INTERNAL OPERATOR (idx=48, name=EpochBlock_50)
[D]        name="" counters="CPU cycles"[9306, 501810, 4121] dur=0.644ms id=50.50 type=0x5000000/INTERNAL|WITHOUT_TENSOR,"epoch"
[D]       ----------------------------------------
[D]       INTERNAL OPERATOR (idx=49, name=EpochBlock_51)
[D]        name="" counters="CPU cycles"[48167, 445378, 4489] dur=0.623ms id=51.51 type=0x5000000/INTERNAL|WITHOUT_TENSOR,"epoch"
[D]       ----------------------------------------
[D]       INTERNAL OPERATOR (idx=50, name=EpochBlock_52)
[D]        name="" counters="CPU cycles"[12202, 533815, 5486] dur=0.689ms id=52.52 type=0x5000000/INTERNAL|WITHOUT_TENSOR,"epoch"
[D]       ----------------------------------------
[D]       INTERNAL OPERATOR (idx=51, name=EpochBlock_53)
[D]        name="" counters="CPU cycles"[1938, 81122, 721] dur=0.105ms id=53.53 type=0x5000000/INTERNAL|WITHOUT_TENSOR,"epoch"
[D]       ----------------------------------------
[D]       INTERNAL OPERATOR (idx=52, name=EpochBlock_54)
[D]        name="" counters="CPU cycles"[9050, 499818, 4137] dur=0.641ms id=54.54 type=0x5000000/INTERNAL|WITHOUT_TENSOR,"epoch"
[D]       ----------------------------------------
[D]       INTERNAL OPERATOR (idx=53, name=EpochBlock_55)
[D]        name="" counters="CPU cycles"[47930, 445405, 4505] dur=0.622ms id=55.55 type=0x5000000/INTERNAL|WITHOUT_TENSOR,"epoch"
[D]       ----------------------------------------
[D]       INTERNAL OPERATOR (idx=54, name=EpochBlock_56)
[D]        name="" counters="CPU cycles"[12407, 539730, 5457] dur=0.697ms id=56.56 type=0x5000000/INTERNAL|WITHOUT_TENSOR,"epoch"
[D]       ----------------------------------------
[D]       INTERNAL OPERATOR (idx=55, name=EpochBlock_57)
[D]        name="" counters="CPU cycles"[1938, 81130, 753] dur=0.105ms id=57.57 type=0x5000000/INTERNAL|WITHOUT_TENSOR,"epoch"
[D]       ----------------------------------------
[D]       INTERNAL OPERATOR (idx=56, name=EpochBlock_58)
[D]        name="" counters="CPU cycles"[9122, 502186, 4137] dur=0.644ms id=58.58 type=0x5000000/INTERNAL|WITHOUT_TENSOR,"epoch"
[D]       ----------------------------------------
[D]       INTERNAL OPERATOR (idx=57, name=EpochBlock_59)
[D]        name="" counters="CPU cycles"[47714, 445074, 4527] dur=0.622ms id=59.59 type=0x5000000/INTERNAL|WITHOUT_TENSOR,"epoch"
[D]       ----------------------------------------
[D]       INTERNAL OPERATOR (idx=58, name=EpochBlock_60)
[D]        name="" counters="CPU cycles"[12290, 533522, 5523] dur=0.689ms id=60.60 type=0x5000000/INTERNAL|WITHOUT_TENSOR,"epoch"
[D]       ----------------------------------------
[D]       INTERNAL OPERATOR (idx=59, name=EpochBlock_61)
[D]        name="" counters="CPU cycles"[7002, 346928, 3233] dur=0.446ms id=61.61 type=0x5000000/INTERNAL|WITHOUT_TENSOR,"epoch"
[D]       ----------------------------------------
[D]       INTERNAL OPERATOR (idx=60, name=EpochBlock_62)
[D]        name="" counters="CPU cycles"[8530, 1666, 3737] dur=0.017ms id=62.62 type=0x5000000/INTERNAL|WITHOUT_TENSOR,"epoch"
[D]       ----------------------------------------
[D]       INTERNAL OPERATOR (idx=61, name=EpochBlock_63)
[D]        name="" counters="CPU cycles"[18442, 468106, 5081] dur=0.615ms id=63.63 type=0x5000000/INTERNAL|WITHOUT_TENSOR,"epoch"
[D]       ----------------------------------------
[D]       INTERNAL OPERATOR (idx=62, name=EpochBlock_64)
[D]        name="" counters="CPU cycles"[83, 76, 4014] dur=0.005ms id=64.64 type=0x1000002/INTERNAL,"epoch (SW)"
[D]       INTERNAL TENSOR #0
[D]        IOTensor: Dequantize_226_out_0, E.64.0, , 0x342e0000 f32[1,63], 252 Bytes
[D]        last=True, data_size=0
[D]       ----------------------------------------
[D]       INTERNAL OPERATOR (idx=63, name=EpochBlock_65)
[D]        name="" counters="CPU cycles"[15735, 3186, 3546] dur=0.028ms id=65.65 type=0x5000000/INTERNAL|WITHOUT_TENSOR,"epoch"
[D]       ----------------------------------------
[D]       INTERNAL OPERATOR (idx=64, name=EpochBlock_66)
[D]        name="" counters="CPU cycles"[45, 36, 3390] dur=0.004ms id=66.66 type=0x1000002/INTERNAL,"epoch (SW)"
[D]       INTERNAL TENSOR #0
[D]        IOTensor: Dequantize_229_out_0, E.66.0, , 0x342e0100 f32[1,63], 252 Bytes
[D]        last=True, data_size=0
[D]       ----------------------------------------
[D]       INTERNAL OPERATOR (idx=65, name=EpochBlock_67)
[D]        name="" counters="CPU cycles"[45, 36, 2972] dur=0.004ms id=67.67 type=0x1000002/INTERNAL,"epoch (SW)"
[D]       INTERNAL TENSOR #0
[D]        IOTensor: Dequantize_219_out_0, E.67.0, , 0x342e0200 f32[1,1], 4 Bytes
[D]        last=True, data_size=0
[D]       ----------------------------------------
[D]       INTERNAL OPERATOR (idx=66, name=EpochBlock_68)
[D]        name="" counters="CPU cycles"[4530, 556, 1737] dur=0.009ms id=68.68 type=0x5000000/INTERNAL|WITHOUT_TENSOR,"epoch"
[D]       ----------------------------------------
[D]       INTERNAL OPERATOR (idx=67, name=EpochBlock_69)
[D]        name="" counters="CPU cycles"[45, 36, 2292] dur=0.003ms id=69.69 type=0x1000002/INTERNAL,"epoch (SW)"
[D]       INTERNAL TENSOR #0
[D]        IOTensor: Dequantize_223_out_0, E.69.0, , 0x342e0210 f32[1,1], 4 Bytes
[D]        last=True, data_size=0
[D]       ----------------------------------------
[D]       INFERENCE DONE
[D]        name="network" counters="CPU cycles"[1659687, 16092800, 212241, 17977277, 20124279] dur=22.472ms id=0.0 type=0x0/NONE,"epoch"
[D]       RECEIVE OUTPUT TENSOR #0 last=False..
[D]        IOTensor: Dequantize_223_out_0, O_0, , 0x342e0210 f32[1,1], 4 Bytes
[D]       RECEIVE OUTPUT TENSOR #1 last=False..
[D]        IOTensor: Dequantize_229_out_0, O_1, , 0x342e0100 f32[1,63], 252 Bytes
[D]       RECEIVE OUTPUT TENSOR #2 last=False..
[D]        IOTensor: Dequantize_219_out_0, O_2, , 0x342e0200 f32[1,1], 4 Bytes
[D]       RECEIVE OUTPUT TENSOR #3 last=True..
[D]        IOTensor: Dequantize_226_out_0, O_3, , 0x342e0000 f32[1,63], 252 Bytes
[D]    <- done (target dur=22.456ms)
[D]    -> Requested RUN mode: Mode.DEBUG|PERF_ONLY|PER_LAYER (param=0b1100001011, option=0x5100)
[D]       SEND INPUT TENSOR #0 ((1, 224, 224, 3)/uint8) last=True..
[D]        buffer is filled with a simple value: 217
[D]       ----------------------------------------
[D]       INTERNAL OPERATOR (idx=0, name=EpochBlock_2)
[D]        name="" counters="CPU cycles"[3522, 121104, 1613] dur=0.158ms id=2.2 type=0x5000000/INTERNAL|WITHOUT_TENSOR,"epoch"
[D]       ----------------------------------------
[D]       INTERNAL OPERATOR (idx=1, name=EpochBlock_3)
[D]        name="" counters="CPU cycles"[15394, 363802, 3295] dur=0.478ms id=3.3 type=0x5000000/INTERNAL|WITHOUT_TENSOR,"epoch"
[D]       ----------------------------------------
[D]       INTERNAL OPERATOR (idx=2, name=EpochBlock_4)
[D]        name="" counters="CPU cycles"[5698, 241634, 1401] dur=0.311ms id=4.4 type=0x5000000/INTERNAL|WITHOUT_TENSOR,"epoch"
[D]       ----------------------------------------
[D]       INTERNAL OPERATOR (idx=3, name=EpochBlock_5)
[D]        name="" counters="CPU cycles"[8570, 242482, 2025] dur=0.316ms id=5.5 type=0x5000000/INTERNAL|WITHOUT_TENSOR,"epoch"
[D]       ----------------------------------------
[D]       INTERNAL OPERATOR (idx=4, name=EpochBlock_6)
[D]        name="" counters="CPU cycles"[18458, 644274, 2329] dur=0.831ms id=6.6 type=0x5000000/INTERNAL|WITHOUT_TENSOR,"epoch"
[D]       ----------------------------------------
[D]       INTERNAL OPERATOR (idx=5, name=EpochBlock_7)
[D]        name="" counters="CPU cycles"[17898, 643270, 2329] dur=0.829ms id=7.7 type=0x5000000/INTERNAL|WITHOUT_TENSOR,"epoch"
[D]       ----------------------------------------
[D]       INTERNAL OPERATOR (idx=6, name=EpochBlock_8)
[D]        name="" counters="CPU cycles"[9610, 64056, 1985] dur=0.095ms id=8.8 type=0x5000000/INTERNAL|WITHOUT_TENSOR,"epoch"
[D]       ----------------------------------------
[D]       INTERNAL OPERATOR (idx=7, name=EpochBlock_9)
[D]        name="" counters="CPU cycles"[33818, 363890, 2327] dur=0.500ms id=9.9 type=0x5000000/INTERNAL|WITHOUT_TENSOR,"epoch"
[D]       ----------------------------------------
[D]       INTERNAL OPERATOR (idx=8, name=EpochBlock_10)
[D]        name="" counters="CPU cycles"[33434, 377346, 2348] dur=0.516ms id=10.10 type=0x5000000/INTERNAL|WITHOUT_TENSOR,"epoch"
[D]       ----------------------------------------
[D]       INTERNAL OPERATOR (idx=9, name=EpochBlock_11)
[D]        name="" counters="CPU cycles"[12178, 67898, 3281] dur=0.104ms id=11.11 type=0x5000000/INTERNAL|WITHOUT_TENSOR,"epoch"
[D]       ----------------------------------------
[D]       INTERNAL OPERATOR (idx=10, name=EpochBlock_12)
[D]        name="" counters="CPU cycles"[33234, 363802, 2506] dur=0.499ms id=12.12 type=0x5000000/INTERNAL|WITHOUT_TENSOR,"epoch"
[D]       ----------------------------------------
[D]       INTERNAL OPERATOR (idx=11, name=EpochBlock_13)
[D]        name="" counters="CPU cycles"[1898, 405618, 793] dur=0.510ms id=13.13 type=0x5000000/INTERNAL|WITHOUT_TENSOR,"epoch"
[D]       ----------------------------------------
[D]       INTERNAL OPERATOR (idx=12, name=EpochBlock_14)
[D]        name="" counters="CPU cycles"[36138, 366626, 3606] dur=0.508ms id=14.14 type=0x5000000/INTERNAL|WITHOUT_TENSOR,"epoch"
[D]       ----------------------------------------
[D]       INTERNAL OPERATOR (idx=13, name=EpochBlock_15)
[D]        name="" counters="CPU cycles"[14786, 36536, 2577] dur=0.067ms id=15.15 type=0x5000000/INTERNAL|WITHOUT_TENSOR,"epoch"
[D]       ----------------------------------------
[D]       INTERNAL OPERATOR (idx=14, name=EpochBlock_16)
[D]        name="" counters="CPU cycles"[53714, 153469, 2881] dur=0.263ms id=16.16 type=0x5000000/INTERNAL|WITHOUT_TENSOR,"epoch"
[D]       ----------------------------------------
[D]       INTERNAL OPERATOR (idx=15, name=EpochBlock_17)
[D]        name="" counters="CPU cycles"[2018, 181834, 753] dur=0.231ms id=17.17 type=0x5000000/INTERNAL|WITHOUT_TENSOR,"epoch"
[D]       ----------------------------------------
[D]       INTERNAL OPERATOR (idx=16, name=EpochBlock_18)
[D]        name="" counters="CPU cycles"[54498, 194434, 3457] dur=0.315ms id=18.18 type=0x5000000/INTERNAL|WITHOUT_TENSOR,"epoch"
[D]       ----------------------------------------
[D]       INTERNAL OPERATOR (idx=17, name=EpochBlock_19)
[D]        name="" counters="CPU cycles"[15946, 60634, 3233] dur=0.100ms id=19.19 type=0x5000000/INTERNAL|WITHOUT_TENSOR,"epoch"
[D]       ----------------------------------------
[D]       INTERNAL OPERATOR (idx=18, name=EpochBlock_20)
[D]        name="" counters="CPU cycles"[53893, 153224, 2974] dur=0.263ms id=20.20 type=0x5000000/INTERNAL|WITHOUT_TENSOR,"epoch"
[D]       ----------------------------------------
[D]       INTERNAL OPERATOR (idx=19, name=EpochBlock_21)
[D]        name="" counters="CPU cycles"[51938, 152642, 2241] dur=0.259ms id=21.21 type=0x5000000/INTERNAL|WITHOUT_TENSOR,"epoch"
[D]       ----------------------------------------
[D]       INTERNAL OPERATOR (idx=20, name=EpochBlock_22)
[D]        name="" counters="CPU cycles"[22322, 45394, 2625] dur=0.088ms id=22.22 type=0x5000000/INTERNAL|WITHOUT_TENSOR,"epoch"
[D]       ----------------------------------------
[D]       INTERNAL OPERATOR (idx=21, name=EpochBlock_23)
[D]        name="" counters="CPU cycles"[102216, 81290, 4302] dur=0.235ms id=23.23 type=0x5000000/INTERNAL|WITHOUT_TENSOR,"epoch"
[D]       ----------------------------------------
[D]       INTERNAL OPERATOR (idx=22, name=EpochBlock_24)
[D]        name="" counters="CPU cycles"[98490, 89130, 2390] dur=0.238ms id=24.24 type=0x5000000/INTERNAL|WITHOUT_TENSOR,"epoch"
[D]       ----------------------------------------
[D]       INTERNAL OPERATOR (idx=23, name=EpochBlock_25)
[D]        name="" counters="CPU cycles"[26138, 87704, 4537] dur=0.148ms id=25.25 type=0x5000000/INTERNAL|WITHOUT_TENSOR,"epoch"
[D]       ----------------------------------------
[D]       INTERNAL OPERATOR (idx=24, name=EpochBlock_26)
[D]        name="" counters="CPU cycles"[102759, 81215, 4273] dur=0.235ms id=26.26 type=0x5000000/INTERNAL|WITHOUT_TENSOR,"epoch"
[D]       ----------------------------------------
[D]       INTERNAL OPERATOR (idx=25, name=EpochBlock_27)
[D]        name="" counters="CPU cycles"[98448, 89130, 2366] dur=0.237ms id=27.27 type=0x5000000/INTERNAL|WITHOUT_TENSOR,"epoch"
[D]       ----------------------------------------
[D]       INTERNAL OPERATOR (idx=26, name=EpochBlock_28)
[D]        name="" counters="CPU cycles"[26682, 87746, 4601] dur=0.149ms id=28.28 type=0x5000000/INTERNAL|WITHOUT_TENSOR,"epoch"
[D]       ----------------------------------------
[D]       INTERNAL OPERATOR (idx=27, name=EpochBlock_29)
[D]        name="" counters="CPU cycles"[102122, 80978, 4356] dur=0.234ms id=29.29 type=0x5000000/INTERNAL|WITHOUT_TENSOR,"epoch"
[D]       ----------------------------------------
[D]       INTERNAL OPERATOR (idx=28, name=EpochBlock_30)
[D]        name="" counters="CPU cycles"[1946, 97714, 790] dur=0.126ms id=30.30 type=0x5000000/INTERNAL|WITHOUT_TENSOR,"epoch"
[D]       ----------------------------------------
[D]       INTERNAL OPERATOR (idx=29, name=EpochBlock_31)
[D]        name="" counters="CPU cycles"[101088, 106514, 3532] dur=0.264ms id=31.31 type=0x5000000/INTERNAL|WITHOUT_TENSOR,"epoch"
[D]       ----------------------------------------
[D]       INTERNAL OPERATOR (idx=30, name=EpochBlock_32)
[D]        name="" counters="CPU cycles"[31530, 118085, 3929] dur=0.192ms id=32.32 type=0x5000000/INTERNAL|WITHOUT_TENSOR,"epoch"
[D]       ----------------------------------------
[D]       INTERNAL OPERATOR (idx=31, name=EpochBlock_33)
[D]        name="" counters="CPU cycles"[1922, 9466, 753] dur=0.015ms id=33.33 type=0x5000000/INTERNAL|WITHOUT_TENSOR,"epoch"
[D]       ----------------------------------------
[D]       INTERNAL OPERATOR (idx=32, name=EpochBlock_34)
[D]        name="" counters="CPU cycles"[12343, 418098, 5449] dur=0.545ms id=34.34 type=0x5000000/INTERNAL|WITHOUT_TENSOR,"epoch"
[D]       ----------------------------------------
[D]       INTERNAL OPERATOR (idx=33, name=EpochBlock_35)
[D]        name="" counters="CPU cycles"[1858, 136594, 721] dur=0.174ms id=35.35 type=0x5000000/INTERNAL|WITHOUT_TENSOR,"epoch"
[D]       ----------------------------------------
[D]       INTERNAL OPERATOR (idx=34, name=EpochBlock_36)
[D]        name="" counters="CPU cycles"[8970, 648042, 4113] dur=0.826ms id=36.36 type=0x5000000/INTERNAL|WITHOUT_TENSOR,"epoch"
[D]       ----------------------------------------
[D]       INTERNAL OPERATOR (idx=35, name=EpochBlock_37)
[D]        name="" counters="CPU cycles"[32586, 159970, 4505] dur=0.246ms id=37.37 type=0x5000000/INTERNAL|WITHOUT_TENSOR,"epoch"
[D]       ----------------------------------------
[D]       INTERNAL OPERATOR (idx=36, name=EpochBlock_38)
[D]        name="" counters="CPU cycles"[1930, 9466, 790] dur=0.015ms id=38.38 type=0x5000000/INTERNAL|WITHOUT_TENSOR,"epoch"
[D]       ----------------------------------------
[D]       INTERNAL OPERATOR (idx=37, name=EpochBlock_39)
[D]        name="" counters="CPU cycles"[12400, 427130, 5457] dur=0.556ms id=39.39 type=0x5000000/INTERNAL|WITHOUT_TENSOR,"epoch"
[D]       ----------------------------------------
[D]       INTERNAL OPERATOR (idx=38, name=EpochBlock_40)
[D]        name="" counters="CPU cycles"[1906, 136629, 793] dur=0.174ms id=40.40 type=0x5000000/INTERNAL|WITHOUT_TENSOR,"epoch"
[D]       ----------------------------------------
[D]       INTERNAL OPERATOR (idx=39, name=EpochBlock_41)
[D]        name="" counters="CPU cycles"[9034, 648469, 4217] dur=0.827ms id=41.41 type=0x5000000/INTERNAL|WITHOUT_TENSOR,"epoch"
[D]       ----------------------------------------
[D]       INTERNAL OPERATOR (idx=40, name=EpochBlock_42)
[D]        name="" counters="CPU cycles"[32434, 159786, 4489] dur=0.246ms id=42.42 type=0x5000000/INTERNAL|WITHOUT_TENSOR,"epoch"
[D]       ----------------------------------------
[D]       INTERNAL OPERATOR (idx=41, name=EpochBlock_43)
[D]        name="" counters="CPU cycles"[1922, 9466, 793] dur=0.015ms id=43.43 type=0x5000000/INTERNAL|WITHOUT_TENSOR,"epoch"
[D]       ----------------------------------------
[D]       INTERNAL OPERATOR (idx=42, name=EpochBlock_44)
[D]        name="" counters="CPU cycles"[12186, 418426, 5425] dur=0.545ms id=44.44 type=0x5000000/INTERNAL|WITHOUT_TENSOR,"epoch"
[D]       ----------------------------------------
[D]       INTERNAL OPERATOR (idx=43, name=EpochBlock_45)
[D]        name="" counters="CPU cycles"[1890, 136586, 753] dur=0.174ms id=45.45 type=0x5000000/INTERNAL|WITHOUT_TENSOR,"epoch"
[D]       ----------------------------------------
[D]       INTERNAL OPERATOR (idx=44, name=EpochBlock_46)
[D]        name="" counters="CPU cycles"[9098, 299914, 4263] dur=0.392ms id=46.46 type=0x5000000/INTERNAL|WITHOUT_TENSOR,"epoch"
[D]       ----------------------------------------
[D]       INTERNAL OPERATOR (idx=45, name=EpochBlock_47)
[D]        name="" counters="CPU cycles"[46560, 260570, 3937] dur=0.389ms id=47.47 type=0x5000000/INTERNAL|WITHOUT_TENSOR,"epoch"
[D]       ----------------------------------------
[D]       INTERNAL OPERATOR (idx=46, name=EpochBlock_48)
[D]        name="" counters="CPU cycles"[12258, 542680, 5494] dur=0.701ms id=48.48 type=0x5000000/INTERNAL|WITHOUT_TENSOR,"epoch"
[D]       ----------------------------------------
[D]       INTERNAL OPERATOR (idx=47, name=EpochBlock_49)
[D]        name="" counters="CPU cycles"[2002, 81146, 793] dur=0.105ms id=49.49 type=0x5000000/INTERNAL|WITHOUT_TENSOR,"epoch"
[D]       ----------------------------------------
[D]       INTERNAL OPERATOR (idx=48, name=EpochBlock_50)
[D]        name="" counters="CPU cycles"[9234, 501698, 4121] dur=0.644ms id=50.50 type=0x5000000/INTERNAL|WITHOUT_TENSOR,"epoch"
[D]       ----------------------------------------
[D]       INTERNAL OPERATOR (idx=49, name=EpochBlock_51)
[D]        name="" counters="CPU cycles"[47890, 445418, 4433] dur=0.622ms id=51.51 type=0x5000000/INTERNAL|WITHOUT_TENSOR,"epoch"
[D]       ----------------------------------------
[D]       INTERNAL OPERATOR (idx=50, name=EpochBlock_52)
[D]        name="" counters="CPU cycles"[12242, 534020, 5430] dur=0.690ms id=52.52 type=0x5000000/INTERNAL|WITHOUT_TENSOR,"epoch"
[D]       ----------------------------------------
[D]       INTERNAL OPERATOR (idx=51, name=EpochBlock_53)
[D]        name="" counters="CPU cycles"[1970, 81146, 721] dur=0.105ms id=53.53 type=0x5000000/INTERNAL|WITHOUT_TENSOR,"epoch"
[D]       ----------------------------------------
[D]       INTERNAL OPERATOR (idx=52, name=EpochBlock_54)
[D]        name="" counters="CPU cycles"[9050, 499650, 4150] dur=0.641ms id=54.54 type=0x5000000/INTERNAL|WITHOUT_TENSOR,"epoch"
[D]       ----------------------------------------
[D]       INTERNAL OPERATOR (idx=53, name=EpochBlock_55)
[D]        name="" counters="CPU cycles"[47890, 445253, 4505] dur=0.622ms id=55.55 type=0x5000000/INTERNAL|WITHOUT_TENSOR,"epoch"
[D]       ----------------------------------------
[D]       INTERNAL OPERATOR (idx=54, name=EpochBlock_56)
[D]        name="" counters="CPU cycles"[12327, 540066, 5457] dur=0.697ms id=56.56 type=0x5000000/INTERNAL|WITHOUT_TENSOR,"epoch"
[D]       ----------------------------------------
[D]       INTERNAL OPERATOR (idx=55, name=EpochBlock_57)
[D]        name="" counters="CPU cycles"[1898, 81130, 753] dur=0.105ms id=57.57 type=0x5000000/INTERNAL|WITHOUT_TENSOR,"epoch"
[D]       ----------------------------------------
[D]       INTERNAL OPERATOR (idx=56, name=EpochBlock_58)
[D]        name="" counters="CPU cycles"[9194, 502306, 4137] dur=0.645ms id=58.58 type=0x5000000/INTERNAL|WITHOUT_TENSOR,"epoch"
[D]       ----------------------------------------
[D]       INTERNAL OPERATOR (idx=57, name=EpochBlock_59)
[D]        name="" counters="CPU cycles"[48554, 445034, 4471] dur=0.623ms id=59.59 type=0x5000000/INTERNAL|WITHOUT_TENSOR,"epoch"
[D]       ----------------------------------------
[D]       INTERNAL OPERATOR (idx=58, name=EpochBlock_60)
[D]        name="" counters="CPU cycles"[12138, 533522, 5487] dur=0.689ms id=60.60 type=0x5000000/INTERNAL|WITHOUT_TENSOR,"epoch"
[D]       ----------------------------------------
[D]       INTERNAL OPERATOR (idx=59, name=EpochBlock_61)
[D]        name="" counters="CPU cycles"[7034, 346962, 3233] dur=0.447ms id=61.61 type=0x5000000/INTERNAL|WITHOUT_TENSOR,"epoch"
[D]       ----------------------------------------
[D]       INTERNAL OPERATOR (idx=60, name=EpochBlock_62)
[D]        name="" counters="CPU cycles"[8543, 1541, 3737] dur=0.017ms id=62.62 type=0x5000000/INTERNAL|WITHOUT_TENSOR,"epoch"
[D]       ----------------------------------------
[D]       INTERNAL OPERATOR (idx=61, name=EpochBlock_63)
[D]        name="" counters="CPU cycles"[18247, 468098, 5025] dur=0.614ms id=63.63 type=0x5000000/INTERNAL|WITHOUT_TENSOR,"epoch"
[D]       ----------------------------------------
[D]       INTERNAL OPERATOR (idx=62, name=EpochBlock_64)
[D]        name="" counters="CPU cycles"[83, 36, 3970] dur=0.005ms id=64.64 type=0x1000002/INTERNAL,"epoch (SW)"
[D]       INTERNAL TENSOR #0
[D]        IOTensor: Dequantize_226_out_0, E.64.0, , 0x342e0000 f32[1,63], 252 Bytes
[D]        last=True, data_size=0
[D]       ----------------------------------------
[D]       INTERNAL OPERATOR (idx=63, name=EpochBlock_65)
[D]        name="" counters="CPU cycles"[15978, 3266, 3545] dur=0.028ms id=65.65 type=0x5000000/INTERNAL|WITHOUT_TENSOR,"epoch"
[D]       ----------------------------------------
[D]       INTERNAL OPERATOR (idx=64, name=EpochBlock_66)
[D]        name="" counters="CPU cycles"[45, 36, 3358] dur=0.004ms id=66.66 type=0x1000002/INTERNAL,"epoch (SW)"
[D]       INTERNAL TENSOR #0
[D]        IOTensor: Dequantize_229_out_0, E.66.0, , 0x342e0100 f32[1,63], 252 Bytes
[D]        last=True, data_size=0
[D]       ----------------------------------------
[D]       INTERNAL OPERATOR (idx=65, name=EpochBlock_67)
[D]        name="" counters="CPU cycles"[45, 36, 2760] dur=0.004ms id=67.67 type=0x1000002/INTERNAL,"epoch (SW)"
[D]       INTERNAL TENSOR #0
[D]        IOTensor: Dequantize_219_out_0, E.67.0, , 0x342e0200 f32[1,1], 4 Bytes
[D]        last=True, data_size=0
[D]       ----------------------------------------
[D]       INTERNAL OPERATOR (idx=66, name=EpochBlock_68)
[D]        name="" counters="CPU cycles"[4562, 556, 1682] dur=0.009ms id=68.68 type=0x5000000/INTERNAL|WITHOUT_TENSOR,"epoch"
[D]       ----------------------------------------
[D]       INTERNAL OPERATOR (idx=67, name=EpochBlock_69)
[D]        name="" counters="CPU cycles"[45, 36, 2330] dur=0.003ms id=69.69 type=0x1000002/INTERNAL,"epoch (SW)"
[D]       INTERNAL TENSOR #0
[D]        IOTensor: Dequantize_223_out_0, E.69.0, , 0x342e0210 f32[1,1], 4 Bytes
[D]        last=True, data_size=0
[D]       ----------------------------------------
[D]       INFERENCE DONE
[D]        name="network" counters="CPU cycles"[1658652, 16095723, 211705, 17978682, 20128074] dur=22.473ms id=0.0 type=0x0/NONE,"epoch"
[D]       RECEIVE OUTPUT TENSOR #0 last=False..
[D]        IOTensor: Dequantize_223_out_0, O_0, , 0x342e0210 f32[1,1], 4 Bytes
[D]       RECEIVE OUTPUT TENSOR #1 last=False..
[D]        IOTensor: Dequantize_229_out_0, O_1, , 0x342e0100 f32[1,63], 252 Bytes
[D]       RECEIVE OUTPUT TENSOR #2 last=False..
[D]        IOTensor: Dequantize_219_out_0, O_2, , 0x342e0200 f32[1,1], 4 Bytes
[D]       RECEIVE OUTPUT TENSOR #3 last=True..
[D]        IOTensor: Dequantize_226_out_0, O_3, , 0x342e0000 f32[1,63], 252 Bytes
[D]    <- done (target dur=22.458ms)
[D]    -> Requested RUN mode: Mode.DEBUG|PERF_ONLY|PER_LAYER (param=0b1100001011, option=0x5100)
[D]       SEND INPUT TENSOR #0 ((1, 224, 224, 3)/uint8) last=True..
[D]        buffer is filled with a simple value: 76
[D]       ----------------------------------------
[D]       INTERNAL OPERATOR (idx=0, name=EpochBlock_2)
[D]        name="" counters="CPU cycles"[3506, 121064, 1603] dur=0.158ms id=2.2 type=0x5000000/INTERNAL|WITHOUT_TENSOR,"epoch"
[D]       ----------------------------------------
[D]       INTERNAL OPERATOR (idx=1, name=EpochBlock_3)
[D]        name="" counters="CPU cycles"[15402, 363842, 3335] dur=0.478ms id=3.3 type=0x5000000/INTERNAL|WITHOUT_TENSOR,"epoch"
[D]       ----------------------------------------
[D]       INTERNAL OPERATOR (idx=2, name=EpochBlock_4)
[D]        name="" counters="CPU cycles"[5618, 241634, 1401] dur=0.311ms id=4.4 type=0x5000000/INTERNAL|WITHOUT_TENSOR,"epoch"
[D]       ----------------------------------------
[D]       INTERNAL OPERATOR (idx=3, name=EpochBlock_5)
[D]        name="" counters="CPU cycles"[8546, 242525, 2025] dur=0.316ms id=5.5 type=0x5000000/INTERNAL|WITHOUT_TENSOR,"epoch"
[D]       ----------------------------------------
[D]       INTERNAL OPERATOR (idx=4, name=EpochBlock_6)
[D]        name="" counters="CPU cycles"[18434, 644274, 2329] dur=0.831ms id=6.6 type=0x5000000/INTERNAL|WITHOUT_TENSOR,"epoch"
[D]       ----------------------------------------
[D]       INTERNAL OPERATOR (idx=5, name=EpochBlock_7)
[D]        name="" counters="CPU cycles"[17786, 643270, 2273] dur=0.829ms id=7.7 type=0x5000000/INTERNAL|WITHOUT_TENSOR,"epoch"
[D]       ----------------------------------------
[D]       INTERNAL OPERATOR (idx=6, name=EpochBlock_8)
[D]        name="" counters="CPU cycles"[9634, 64056, 1985] dur=0.095ms id=8.8 type=0x5000000/INTERNAL|WITHOUT_TENSOR,"epoch"
[D]       ----------------------------------------
[D]       INTERNAL OPERATOR (idx=7, name=EpochBlock_9)
[D]        name="" counters="CPU cycles"[33866, 363890, 2327] dur=0.500ms id=9.9 type=0x5000000/INTERNAL|WITHOUT_TENSOR,"epoch"
[D]       ----------------------------------------
[D]       INTERNAL OPERATOR (idx=8, name=EpochBlock_10)
[D]        name="" counters="CPU cycles"[33402, 377346, 2310] dur=0.516ms id=10.10 type=0x5000000/INTERNAL|WITHOUT_TENSOR,"epoch"
[D]       ----------------------------------------
[D]       INTERNAL OPERATOR (idx=9, name=EpochBlock_11)
[D]        name="" counters="CPU cycles"[12178, 67898, 3354] dur=0.104ms id=11.11 type=0x5000000/INTERNAL|WITHOUT_TENSOR,"epoch"
[D]       ----------------------------------------
[D]       INTERNAL OPERATOR (idx=10, name=EpochBlock_12)
[D]        name="" counters="CPU cycles"[33274, 363762, 2480] dur=0.499ms id=12.12 type=0x5000000/INTERNAL|WITHOUT_TENSOR,"epoch"
[D]       ----------------------------------------
[D]       INTERNAL OPERATOR (idx=11, name=EpochBlock_13)
[D]        name="" counters="CPU cycles"[1938, 405626, 791] dur=0.510ms id=13.13 type=0x5000000/INTERNAL|WITHOUT_TENSOR,"epoch"
[D]       ----------------------------------------
[D]       INTERNAL OPERATOR (idx=12, name=EpochBlock_14)
[D]        name="" counters="CPU cycles"[36120, 366586, 3606] dur=0.508ms id=14.14 type=0x5000000/INTERNAL|WITHOUT_TENSOR,"epoch"
[D]       ----------------------------------------
[D]       INTERNAL OPERATOR (idx=13, name=EpochBlock_15)
[D]        name="" counters="CPU cycles"[14346, 36531, 2577] dur=0.067ms id=15.15 type=0x5000000/INTERNAL|WITHOUT_TENSOR,"epoch"
[D]       ----------------------------------------
[D]       INTERNAL OPERATOR (idx=14, name=EpochBlock_16)
[D]        name="" counters="CPU cycles"[53354, 153477, 2929] dur=0.262ms id=16.16 type=0x5000000/INTERNAL|WITHOUT_TENSOR,"epoch"
[D]       ----------------------------------------
[D]       INTERNAL OPERATOR (idx=15, name=EpochBlock_17)
[D]        name="" counters="CPU cycles"[1946, 181834, 753] dur=0.231ms id=17.17 type=0x5000000/INTERNAL|WITHOUT_TENSOR,"epoch"
[D]       ----------------------------------------
[D]       INTERNAL OPERATOR (idx=16, name=EpochBlock_18)
[D]        name="" counters="CPU cycles"[54674, 194365, 3505] dur=0.316ms id=18.18 type=0x5000000/INTERNAL|WITHOUT_TENSOR,"epoch"
[D]       ----------------------------------------
[D]       INTERNAL OPERATOR (idx=17, name=EpochBlock_19)
[D]        name="" counters="CPU cycles"[15746, 60634, 3233] dur=0.100ms id=19.19 type=0x5000000/INTERNAL|WITHOUT_TENSOR,"epoch"
[D]       ----------------------------------------
[D]       INTERNAL OPERATOR (idx=18, name=EpochBlock_20)
[D]        name="" counters="CPU cycles"[53482, 153258, 2974] dur=0.262ms id=20.20 type=0x5000000/INTERNAL|WITHOUT_TENSOR,"epoch"
[D]       ----------------------------------------
[D]       INTERNAL OPERATOR (idx=19, name=EpochBlock_21)
[D]        name="" counters="CPU cycles"[51826, 152597, 2241] dur=0.258ms id=21.21 type=0x5000000/INTERNAL|WITHOUT_TENSOR,"epoch"
[D]       ----------------------------------------
[D]       INTERNAL OPERATOR (idx=20, name=EpochBlock_22)
[D]        name="" counters="CPU cycles"[22338, 45354, 2577] dur=0.088ms id=22.22 type=0x5000000/INTERNAL|WITHOUT_TENSOR,"epoch"
[D]       ----------------------------------------
[D]       INTERNAL OPERATOR (idx=21, name=EpochBlock_23)
[D]        name="" counters="CPU cycles"[102472, 81290, 4307] dur=0.235ms id=23.23 type=0x5000000/INTERNAL|WITHOUT_TENSOR,"epoch"
[D]       ----------------------------------------
[D]       INTERNAL OPERATOR (idx=22, name=EpochBlock_24)
[D]        name="" counters="CPU cycles"[98578, 89178, 2289] dur=0.238ms id=24.24 type=0x5000000/INTERNAL|WITHOUT_TENSOR,"epoch"
[D]       ----------------------------------------
[D]       INTERNAL OPERATOR (idx=23, name=EpochBlock_25)
[D]        name="" counters="CPU cycles"[26226, 87666, 4537] dur=0.148ms id=25.25 type=0x5000000/INTERNAL|WITHOUT_TENSOR,"epoch"
[D]       ----------------------------------------
[D]       INTERNAL OPERATOR (idx=24, name=EpochBlock_26)
[D]        name="" counters="CPU cycles"[102391, 81330, 4310] dur=0.235ms id=26.26 type=0x5000000/INTERNAL|WITHOUT_TENSOR,"epoch"
[D]       ----------------------------------------
[D]       INTERNAL OPERATOR (idx=25, name=EpochBlock_27)
[D]        name="" counters="CPU cycles"[98322, 89138, 2442] dur=0.237ms id=27.27 type=0x5000000/INTERNAL|WITHOUT_TENSOR,"epoch"
[D]       ----------------------------------------
[D]       INTERNAL OPERATOR (idx=26, name=EpochBlock_28)
[D]        name="" counters="CPU cycles"[26258, 87746, 4609] dur=0.148ms id=28.28 type=0x5000000/INTERNAL|WITHOUT_TENSOR,"epoch"
[D]       ----------------------------------------
[D]       INTERNAL OPERATOR (idx=27, name=EpochBlock_29)
[D]        name="" counters="CPU cycles"[102330, 80978, 4324] dur=0.235ms id=29.29 type=0x5000000/INTERNAL|WITHOUT_TENSOR,"epoch"
[D]       ----------------------------------------
[D]       INTERNAL OPERATOR (idx=28, name=EpochBlock_30)
[D]        name="" counters="CPU cycles"[1938, 97706, 793] dur=0.126ms id=30.30 type=0x5000000/INTERNAL|WITHOUT_TENSOR,"epoch"
[D]       ----------------------------------------
[D]       INTERNAL OPERATOR (idx=29, name=EpochBlock_31)
[D]        name="" counters="CPU cycles"[100738, 106514, 3513] dur=0.263ms id=31.31 type=0x5000000/INTERNAL|WITHOUT_TENSOR,"epoch"
[D]       ----------------------------------------
[D]       INTERNAL OPERATOR (idx=30, name=EpochBlock_32)
[D]        name="" counters="CPU cycles"[31522, 118045, 3929] dur=0.192ms id=32.32 type=0x5000000/INTERNAL|WITHOUT_TENSOR,"epoch"
[D]       ----------------------------------------
[D]       INTERNAL OPERATOR (idx=31, name=EpochBlock_33)
[D]        name="" counters="CPU cycles"[1882, 9506, 753] dur=0.015ms id=33.33 type=0x5000000/INTERNAL|WITHOUT_TENSOR,"epoch"
[D]       ----------------------------------------
[D]       INTERNAL OPERATOR (idx=32, name=EpochBlock_34)
[D]        name="" counters="CPU cycles"[12258, 418274, 5449] dur=0.545ms id=34.34 type=0x5000000/INTERNAL|WITHOUT_TENSOR,"epoch"
[D]       ----------------------------------------
[D]       INTERNAL OPERATOR (idx=33, name=EpochBlock_35)
[D]        name="" counters="CPU cycles"[1858, 136594, 721] dur=0.174ms id=35.35 type=0x5000000/INTERNAL|WITHOUT_TENSOR,"epoch"
[D]       ----------------------------------------
[D]       INTERNAL OPERATOR (idx=34, name=EpochBlock_36)
[D]        name="" counters="CPU cycles"[9010, 648034, 4113] dur=0.826ms id=36.36 type=0x5000000/INTERNAL|WITHOUT_TENSOR,"epoch"
[D]       ----------------------------------------
[D]       INTERNAL OPERATOR (idx=35, name=EpochBlock_37)
[D]        name="" counters="CPU cycles"[32978, 159970, 4561] dur=0.247ms id=37.37 type=0x5000000/INTERNAL|WITHOUT_TENSOR,"epoch"
[D]       ----------------------------------------
[D]       INTERNAL OPERATOR (idx=36, name=EpochBlock_38)
[D]        name="" counters="CPU cycles"[1882, 9466, 753] dur=0.015ms id=38.38 type=0x5000000/INTERNAL|WITHOUT_TENSOR,"epoch"
[D]       ----------------------------------------
[D]       INTERNAL OPERATOR (idx=37, name=EpochBlock_39)
[D]        name="" counters="CPU cycles"[12362, 427082, 5457] dur=0.556ms id=39.39 type=0x5000000/INTERNAL|WITHOUT_TENSOR,"epoch"
[D]       ----------------------------------------
[D]       INTERNAL OPERATOR (idx=38, name=EpochBlock_40)
[D]        name="" counters="CPU cycles"[1946, 136578, 793] dur=0.174ms id=40.40 type=0x5000000/INTERNAL|WITHOUT_TENSOR,"epoch"
[D]       ----------------------------------------
[D]       INTERNAL OPERATOR (idx=39, name=EpochBlock_41)
[D]        name="" counters="CPU cycles"[9082, 648573, 4217] dur=0.827ms id=41.41 type=0x5000000/INTERNAL|WITHOUT_TENSOR,"epoch"
[D]       ----------------------------------------
[D]       INTERNAL OPERATOR (idx=40, name=EpochBlock_42)
[D]        name="" counters="CPU cycles"[32343, 159746, 4433] dur=0.246ms id=42.42 type=0x5000000/INTERNAL|WITHOUT_TENSOR,"epoch"
[D]       ----------------------------------------
[D]       INTERNAL OPERATOR (idx=41, name=EpochBlock_43)
[D]        name="" counters="CPU cycles"[1922, 9466, 793] dur=0.015ms id=43.43 type=0x5000000/INTERNAL|WITHOUT_TENSOR,"epoch"
[D]       ----------------------------------------
[D]       INTERNAL OPERATOR (idx=42, name=EpochBlock_44)
[D]        name="" counters="CPU cycles"[12226, 418426, 5425] dur=0.545ms id=44.44 type=0x5000000/INTERNAL|WITHOUT_TENSOR,"epoch"
[D]       ----------------------------------------
[D]       INTERNAL OPERATOR (idx=43, name=EpochBlock_45)
[D]        name="" counters="CPU cycles"[1890, 136594, 753] dur=0.174ms id=45.45 type=0x5000000/INTERNAL|WITHOUT_TENSOR,"epoch"
[D]       ----------------------------------------
[D]       INTERNAL OPERATOR (idx=44, name=EpochBlock_46)
[D]        name="" counters="CPU cycles"[9098, 300186, 4272] dur=0.392ms id=46.46 type=0x5000000/INTERNAL|WITHOUT_TENSOR,"epoch"
[D]       ----------------------------------------
[D]       INTERNAL OPERATOR (idx=45, name=EpochBlock_47)
[D]        name="" counters="CPU cycles"[46810, 260565, 3974] dur=0.389ms id=47.47 type=0x5000000/INTERNAL|WITHOUT_TENSOR,"epoch"
[D]       ----------------------------------------
[D]       INTERNAL OPERATOR (idx=46, name=EpochBlock_48)
[D]        name="" counters="CPU cycles"[12186, 543453, 5532] dur=0.701ms id=48.48 type=0x5000000/INTERNAL|WITHOUT_TENSOR,"epoch"
[D]       ----------------------------------------
[D]       INTERNAL OPERATOR (idx=47, name=EpochBlock_49)
[D]        name="" counters="CPU cycles"[2079, 81082, 793] dur=0.105ms id=49.49 type=0x5000000/INTERNAL|WITHOUT_TENSOR,"epoch"
[D]       ----------------------------------------
[D]       INTERNAL OPERATOR (idx=48, name=EpochBlock_50)
[D]        name="" counters="CPU cycles"[9306, 502018, 4121] dur=0.644ms id=50.50 type=0x5000000/INTERNAL|WITHOUT_TENSOR,"epoch"
[D]       ----------------------------------------
[D]       INTERNAL OPERATOR (idx=49, name=EpochBlock_51)
[D]        name="" counters="CPU cycles"[47722, 445418, 4465] dur=0.622ms id=51.51 type=0x5000000/INTERNAL|WITHOUT_TENSOR,"epoch"
[D]       ----------------------------------------
[D]       INTERNAL OPERATOR (idx=50, name=EpochBlock_52)
[D]        name="" counters="CPU cycles"[12250, 533903, 5431] dur=0.689ms id=52.52 type=0x5000000/INTERNAL|WITHOUT_TENSOR,"epoch"
[D]       ----------------------------------------
[D]       INTERNAL OPERATOR (idx=51, name=EpochBlock_53)
[D]        name="" counters="CPU cycles"[1970, 81170, 721] dur=0.105ms id=53.53 type=0x5000000/INTERNAL|WITHOUT_TENSOR,"epoch"
[D]       ----------------------------------------
[D]       INTERNAL OPERATOR (idx=52, name=EpochBlock_54)
[D]        name="" counters="CPU cycles"[9050, 499698, 4113] dur=0.641ms id=54.54 type=0x5000000/INTERNAL|WITHOUT_TENSOR,"epoch"
[D]       ----------------------------------------
[D]       INTERNAL OPERATOR (idx=53, name=EpochBlock_55)
[D]        name="" counters="CPU cycles"[47850, 445376, 4505] dur=0.622ms id=55.55 type=0x5000000/INTERNAL|WITHOUT_TENSOR,"epoch"
[D]       ----------------------------------------
[D]       INTERNAL OPERATOR (idx=54, name=EpochBlock_56)
[D]        name="" counters="CPU cycles"[12306, 540402, 5457] dur=0.698ms id=56.56 type=0x5000000/INTERNAL|WITHOUT_TENSOR,"epoch"
[D]       ----------------------------------------
[D]       INTERNAL OPERATOR (idx=55, name=EpochBlock_57)
[D]        name="" counters="CPU cycles"[1858, 81130, 753] dur=0.105ms id=57.57 type=0x5000000/INTERNAL|WITHOUT_TENSOR,"epoch"
[D]       ----------------------------------------
[D]       INTERNAL OPERATOR (idx=56, name=EpochBlock_58)
[D]        name="" counters="CPU cycles"[9162, 502221, 4137] dur=0.644ms id=58.58 type=0x5000000/INTERNAL|WITHOUT_TENSOR,"epoch"
[D]       ----------------------------------------
[D]       INTERNAL OPERATOR (idx=57, name=EpochBlock_59)
[D]        name="" counters="CPU cycles"[48402, 445074, 4470] dur=0.622ms id=59.59 type=0x5000000/INTERNAL|WITHOUT_TENSOR,"epoch"
[D]       ----------------------------------------
[D]       INTERNAL OPERATOR (idx=58, name=EpochBlock_60)
[D]        name="" counters="CPU cycles"[12106, 533546, 5486] dur=0.689ms id=60.60 type=0x5000000/INTERNAL|WITHOUT_TENSOR,"epoch"
[D]       ----------------------------------------
[D]       INTERNAL OPERATOR (idx=59, name=EpochBlock_61)
[D]        name="" counters="CPU cycles"[6962, 347005, 3209] dur=0.446ms id=61.61 type=0x5000000/INTERNAL|WITHOUT_TENSOR,"epoch"
[D]       ----------------------------------------
[D]       INTERNAL OPERATOR (idx=60, name=EpochBlock_62)
[D]        name="" counters="CPU cycles"[8607, 1618, 3737] dur=0.017ms id=62.62 type=0x5000000/INTERNAL|WITHOUT_TENSOR,"epoch"
[D]       ----------------------------------------
[D]       INTERNAL OPERATOR (idx=61, name=EpochBlock_63)
[D]        name="" counters="CPU cycles"[18378, 468154, 5118] dur=0.615ms id=63.63 type=0x5000000/INTERNAL|WITHOUT_TENSOR,"epoch"
[D]       ----------------------------------------
[D]       INTERNAL OPERATOR (idx=62, name=EpochBlock_64)
[D]        name="" counters="CPU cycles"[45, 36, 4016] dur=0.005ms id=64.64 type=0x1000002/INTERNAL,"epoch (SW)"
[D]       INTERNAL TENSOR #0
[D]        IOTensor: Dequantize_226_out_0, E.64.0, , 0x342e0000 f32[1,63], 252 Bytes
[D]        last=True, data_size=0
[D]       ----------------------------------------
[D]       INTERNAL OPERATOR (idx=63, name=EpochBlock_65)
[D]        name="" counters="CPU cycles"[15722, 3226, 3583] dur=0.028ms id=65.65 type=0x5000000/INTERNAL|WITHOUT_TENSOR,"epoch"
[D]       ----------------------------------------
[D]       INTERNAL OPERATOR (idx=64, name=EpochBlock_66)
[D]        name="" counters="CPU cycles"[45, 36, 3432] dur=0.004ms id=66.66 type=0x1000002/INTERNAL,"epoch (SW)"
[D]       INTERNAL TENSOR #0
[D]        IOTensor: Dequantize_229_out_0, E.66.0, , 0x342e0100 f32[1,63], 252 Bytes
[D]        last=True, data_size=0
[D]       ----------------------------------------
[D]       INTERNAL OPERATOR (idx=65, name=EpochBlock_67)
[D]        name="" counters="CPU cycles"[45, 36, 2795] dur=0.004ms id=67.67 type=0x1000002/INTERNAL,"epoch (SW)"
[D]       INTERNAL TENSOR #0
[D]        IOTensor: Dequantize_219_out_0, E.67.0, , 0x342e0200 f32[1,1], 4 Bytes
[D]        last=True, data_size=0
[D]       ----------------------------------------
[D]       INTERNAL OPERATOR (idx=66, name=EpochBlock_68)
[D]        name="" counters="CPU cycles"[4562, 556, 1746] dur=0.009ms id=68.68 type=0x5000000/INTERNAL|WITHOUT_TENSOR,"epoch"
[D]       ----------------------------------------
[D]       INTERNAL OPERATOR (idx=67, name=EpochBlock_69)
[D]        name="" counters="CPU cycles"[45, 36, 2292] dur=0.003ms id=69.69 type=0x1000002/INTERNAL,"epoch (SW)"
[D]       INTERNAL TENSOR #0
[D]        IOTensor: Dequantize_223_out_0, E.69.0, , 0x342e0210 f32[1,1], 4 Bytes
[D]        last=True, data_size=0
[D]       ----------------------------------------
[D]       INFERENCE DONE
[D]        name="network" counters="CPU cycles"[1656396, 16097668, 212040, 17978439, 20130540] dur=22.473ms id=0.0 type=0x0/NONE,"epoch"
[D]       RECEIVE OUTPUT TENSOR #0 last=False..
[D]        IOTensor: Dequantize_223_out_0, O_0, , 0x342e0210 f32[1,1], 4 Bytes
[D]       RECEIVE OUTPUT TENSOR #1 last=False..
[D]        IOTensor: Dequantize_229_out_0, O_1, , 0x342e0100 f32[1,63], 252 Bytes
[D]       RECEIVE OUTPUT TENSOR #2 last=False..
[D]        IOTensor: Dequantize_219_out_0, O_2, , 0x342e0200 f32[1,1], 4 Bytes
[D]       RECEIVE OUTPUT TENSOR #3 last=True..
[D]        IOTensor: Dequantize_226_out_0, O_3, , 0x342e0000 f32[1,63], 252 Bytes
[D]    <- done (target dur=22.458ms)
[D]    -> Requested RUN mode: Mode.DEBUG|PERF_ONLY|PER_LAYER (param=0b1100001011, option=0x5100)
[D]       SEND INPUT TENSOR #0 ((1, 224, 224, 3)/uint8) last=True..
[D]        buffer is filled with a simple value: 142
[D]       ----------------------------------------
[D]       INTERNAL OPERATOR (idx=0, name=EpochBlock_2)
[D]        name="" counters="CPU cycles"[3514, 121144, 1611] dur=0.158ms id=2.2 type=0x5000000/INTERNAL|WITHOUT_TENSOR,"epoch"
[D]       ----------------------------------------
[D]       INTERNAL OPERATOR (idx=1, name=EpochBlock_3)
[D]        name="" counters="CPU cycles"[15290, 363838, 3327] dur=0.478ms id=3.3 type=0x5000000/INTERNAL|WITHOUT_TENSOR,"epoch"
[D]       ----------------------------------------
[D]       INTERNAL OPERATOR (idx=2, name=EpochBlock_4)
[D]        name="" counters="CPU cycles"[5626, 241670, 1361] dur=0.311ms id=4.4 type=0x5000000/INTERNAL|WITHOUT_TENSOR,"epoch"
[D]       ----------------------------------------
[D]       INTERNAL OPERATOR (idx=3, name=EpochBlock_5)
[D]        name="" counters="CPU cycles"[8618, 242525, 2025] dur=0.316ms id=5.5 type=0x5000000/INTERNAL|WITHOUT_TENSOR,"epoch"
[D]       ----------------------------------------
[D]       INTERNAL OPERATOR (idx=4, name=EpochBlock_6)
[D]        name="" counters="CPU cycles"[18442, 644274, 2329] dur=0.831ms id=6.6 type=0x5000000/INTERNAL|WITHOUT_TENSOR,"epoch"
[D]       ----------------------------------------
[D]       INTERNAL OPERATOR (idx=5, name=EpochBlock_7)
[D]        name="" counters="CPU cycles"[17890, 643270, 2273] dur=0.829ms id=7.7 type=0x5000000/INTERNAL|WITHOUT_TENSOR,"epoch"
[D]       ----------------------------------------
[D]       INTERNAL OPERATOR (idx=6, name=EpochBlock_8)
[D]        name="" counters="CPU cycles"[9634, 64056, 1985] dur=0.095ms id=8.8 type=0x5000000/INTERNAL|WITHOUT_TENSOR,"epoch"
[D]       ----------------------------------------
[D]       INTERNAL OPERATOR (idx=7, name=EpochBlock_9)
[D]        name="" counters="CPU cycles"[33770, 363890, 2289] dur=0.500ms id=9.9 type=0x5000000/INTERNAL|WITHOUT_TENSOR,"epoch"
[D]       ----------------------------------------
[D]       INTERNAL OPERATOR (idx=8, name=EpochBlock_10)
[D]        name="" counters="CPU cycles"[33442, 377346, 2350] dur=0.516ms id=10.10 type=0x5000000/INTERNAL|WITHOUT_TENSOR,"epoch"
[D]       ----------------------------------------
[D]       INTERNAL OPERATOR (idx=9, name=EpochBlock_11)
[D]        name="" counters="CPU cycles"[12250, 67898, 3321] dur=0.104ms id=11.11 type=0x5000000/INTERNAL|WITHOUT_TENSOR,"epoch"
[D]       ----------------------------------------
[D]       INTERNAL OPERATOR (idx=10, name=EpochBlock_12)
[D]        name="" counters="CPU cycles"[33322, 363802, 2431] dur=0.499ms id=12.12 type=0x5000000/INTERNAL|WITHOUT_TENSOR,"epoch"
[D]       ----------------------------------------
[D]       INTERNAL OPERATOR (idx=11, name=EpochBlock_13)
[D]        name="" counters="CPU cycles"[1898, 405626, 790] dur=0.510ms id=13.13 type=0x5000000/INTERNAL|WITHOUT_TENSOR,"epoch"
[D]       ----------------------------------------
[D]       INTERNAL OPERATOR (idx=12, name=EpochBlock_14)
[D]        name="" counters="CPU cycles"[36554, 366642, 3606] dur=0.509ms id=14.14 type=0x5000000/INTERNAL|WITHOUT_TENSOR,"epoch"
[D]       ----------------------------------------
[D]       INTERNAL OPERATOR (idx=13, name=EpochBlock_15)
[D]        name="" counters="CPU cycles"[14258, 36531, 2625] dur=0.067ms id=15.15 type=0x5000000/INTERNAL|WITHOUT_TENSOR,"epoch"
[D]       ----------------------------------------
[D]       INTERNAL OPERATOR (idx=14, name=EpochBlock_16)
[D]        name="" counters="CPU cycles"[53570, 153477, 2918] dur=0.262ms id=16.16 type=0x5000000/INTERNAL|WITHOUT_TENSOR,"epoch"
[D]       ----------------------------------------
[D]       INTERNAL OPERATOR (idx=15, name=EpochBlock_17)
[D]        name="" counters="CPU cycles"[1986, 181858, 753] dur=0.231ms id=17.17 type=0x5000000/INTERNAL|WITHOUT_TENSOR,"epoch"
[D]       ----------------------------------------
[D]       INTERNAL OPERATOR (idx=16, name=EpochBlock_18)
[D]        name="" counters="CPU cycles"[54386, 194418, 3505] dur=0.315ms id=18.18 type=0x5000000/INTERNAL|WITHOUT_TENSOR,"epoch"
[D]       ----------------------------------------
[D]       INTERNAL OPERATOR (idx=17, name=EpochBlock_19)
[D]        name="" counters="CPU cycles"[15754, 60715, 3233] dur=0.100ms id=19.19 type=0x5000000/INTERNAL|WITHOUT_TENSOR,"epoch"
[D]       ----------------------------------------
[D]       INTERNAL OPERATOR (idx=18, name=EpochBlock_20)
[D]        name="" counters="CPU cycles"[53512, 153218, 2937] dur=0.262ms id=20.20 type=0x5000000/INTERNAL|WITHOUT_TENSOR,"epoch"
[D]       ----------------------------------------
[D]       INTERNAL OPERATOR (idx=19, name=EpochBlock_21)
[D]        name="" counters="CPU cycles"[51866, 152642, 2241] dur=0.258ms id=21.21 type=0x5000000/INTERNAL|WITHOUT_TENSOR,"epoch"
[D]       ----------------------------------------
[D]       INTERNAL OPERATOR (idx=20, name=EpochBlock_22)
[D]        name="" counters="CPU cycles"[22346, 45394, 2609] dur=0.088ms id=22.22 type=0x5000000/INTERNAL|WITHOUT_TENSOR,"epoch"
[D]       ----------------------------------------
[D]       INTERNAL OPERATOR (idx=21, name=EpochBlock_23)
[D]        name="" counters="CPU cycles"[102464, 81290, 4289] dur=0.235ms id=23.23 type=0x5000000/INTERNAL|WITHOUT_TENSOR,"epoch"
[D]       ----------------------------------------
[D]       INTERNAL OPERATOR (idx=22, name=EpochBlock_24)
[D]        name="" counters="CPU cycles"[98362, 89170, 2321] dur=0.237ms id=24.24 type=0x5000000/INTERNAL|WITHOUT_TENSOR,"epoch"
[D]       ----------------------------------------
[D]       INTERNAL OPERATOR (idx=23, name=EpochBlock_25)
[D]        name="" counters="CPU cycles"[26402, 87583, 4561] dur=0.148ms id=25.25 type=0x5000000/INTERNAL|WITHOUT_TENSOR,"epoch"
[D]       ----------------------------------------
[D]       INTERNAL OPERATOR (idx=24, name=EpochBlock_26)
[D]        name="" counters="CPU cycles"[102543, 81290, 4273] dur=0.235ms id=26.26 type=0x5000000/INTERNAL|WITHOUT_TENSOR,"epoch"
[D]       ----------------------------------------
[D]       INTERNAL OPERATOR (idx=25, name=EpochBlock_27)
[D]        name="" counters="CPU cycles"[98232, 89098, 2428] dur=0.237ms id=27.27 type=0x5000000/INTERNAL|WITHOUT_TENSOR,"epoch"
[D]       ----------------------------------------
[D]       INTERNAL OPERATOR (idx=26, name=EpochBlock_28)
[D]        name="" counters="CPU cycles"[26778, 87706, 4577] dur=0.149ms id=28.28 type=0x5000000/INTERNAL|WITHOUT_TENSOR,"epoch"
[D]       ----------------------------------------
[D]       INTERNAL OPERATOR (idx=27, name=EpochBlock_29)
[D]        name="" counters="CPU cycles"[102090, 80978, 4311] dur=0.234ms id=29.29 type=0x5000000/INTERNAL|WITHOUT_TENSOR,"epoch"
[D]       ----------------------------------------
[D]       INTERNAL OPERATOR (idx=28, name=EpochBlock_30)
[D]        name="" counters="CPU cycles"[1938, 97714, 790] dur=0.126ms id=30.30 type=0x5000000/INTERNAL|WITHOUT_TENSOR,"epoch"
[D]       ----------------------------------------
[D]       INTERNAL OPERATOR (idx=29, name=EpochBlock_31)
[D]        name="" counters="CPU cycles"[101088, 106477, 3551] dur=0.264ms id=31.31 type=0x5000000/INTERNAL|WITHOUT_TENSOR,"epoch"
[D]       ----------------------------------------
[D]       INTERNAL OPERATOR (idx=30, name=EpochBlock_32)
[D]        name="" counters="CPU cycles"[31554, 118122, 3929] dur=0.192ms id=32.32 type=0x5000000/INTERNAL|WITHOUT_TENSOR,"epoch"
[D]       ----------------------------------------
[D]       INTERNAL OPERATOR (idx=31, name=EpochBlock_33)
[D]        name="" counters="CPU cycles"[1922, 9469, 753] dur=0.015ms id=33.33 type=0x5000000/INTERNAL|WITHOUT_TENSOR,"epoch"
[D]       ----------------------------------------
[D]       INTERNAL OPERATOR (idx=32, name=EpochBlock_34)
[D]        name="" counters="CPU cycles"[12282, 418154, 5449] dur=0.545ms id=34.34 type=0x5000000/INTERNAL|WITHOUT_TENSOR,"epoch"
[D]       ----------------------------------------
[D]       INTERNAL OPERATOR (idx=33, name=EpochBlock_35)
[D]        name="" counters="CPU cycles"[1898, 136578, 721] dur=0.174ms id=35.35 type=0x5000000/INTERNAL|WITHOUT_TENSOR,"epoch"
[D]       ----------------------------------------
[D]       INTERNAL OPERATOR (idx=34, name=EpochBlock_36)
[D]        name="" counters="CPU cycles"[9050, 648250, 4113] dur=0.827ms id=36.36 type=0x5000000/INTERNAL|WITHOUT_TENSOR,"epoch"
[D]       ----------------------------------------
[D]       INTERNAL OPERATOR (idx=35, name=EpochBlock_37)
[D]        name="" counters="CPU cycles"[32650, 159970, 4529] dur=0.246ms id=37.37 type=0x5000000/INTERNAL|WITHOUT_TENSOR,"epoch"
[D]       ----------------------------------------
[D]       INTERNAL OPERATOR (idx=36, name=EpochBlock_38)
[D]        name="" counters="CPU cycles"[1882, 9466, 753] dur=0.015ms id=38.38 type=0x5000000/INTERNAL|WITHOUT_TENSOR,"epoch"
[D]       ----------------------------------------
[D]       INTERNAL OPERATOR (idx=37, name=EpochBlock_39)
[D]        name="" counters="CPU cycles"[12432, 427034, 5497] dur=0.556ms id=39.39 type=0x5000000/INTERNAL|WITHOUT_TENSOR,"epoch"
[D]       ----------------------------------------
[D]       INTERNAL OPERATOR (idx=38, name=EpochBlock_40)
[D]        name="" counters="CPU cycles"[1906, 136586, 830] dur=0.174ms id=40.40 type=0x5000000/INTERNAL|WITHOUT_TENSOR,"epoch"
[D]       ----------------------------------------
[D]       INTERNAL OPERATOR (idx=39, name=EpochBlock_41)
[D]        name="" counters="CPU cycles"[9026, 648826, 4137] dur=0.827ms id=41.41 type=0x5000000/INTERNAL|WITHOUT_TENSOR,"epoch"
[D]       ----------------------------------------
[D]       INTERNAL OPERATOR (idx=40, name=EpochBlock_42)
[D]        name="" counters="CPU cycles"[32407, 159746, 4489] dur=0.246ms id=42.42 type=0x5000000/INTERNAL|WITHOUT_TENSOR,"epoch"
[D]       ----------------------------------------
[D]       INTERNAL OPERATOR (idx=41, name=EpochBlock_43)
[D]        name="" counters="CPU cycles"[1922, 9466, 793] dur=0.015ms id=43.43 type=0x5000000/INTERNAL|WITHOUT_TENSOR,"epoch"
[D]       ----------------------------------------
[D]       INTERNAL OPERATOR (idx=42, name=EpochBlock_44)
[D]        name="" counters="CPU cycles"[12186, 418386, 5489] dur=0.545ms id=44.44 type=0x5000000/INTERNAL|WITHOUT_TENSOR,"epoch"
[D]       ----------------------------------------
[D]       INTERNAL OPERATOR (idx=43, name=EpochBlock_45)
[D]        name="" counters="CPU cycles"[1890, 136586, 753] dur=0.174ms id=45.45 type=0x5000000/INTERNAL|WITHOUT_TENSOR,"epoch"
[D]       ----------------------------------------
[D]       INTERNAL OPERATOR (idx=44, name=EpochBlock_46)
[D]        name="" counters="CPU cycles"[9066, 300210, 4212] dur=0.392ms id=46.46 type=0x5000000/INTERNAL|WITHOUT_TENSOR,"epoch"
[D]       ----------------------------------------
[D]       INTERNAL OPERATOR (idx=45, name=EpochBlock_47)
[D]        name="" counters="CPU cycles"[46674, 260565, 3961] dur=0.389ms id=47.47 type=0x5000000/INTERNAL|WITHOUT_TENSOR,"epoch"
[D]       ----------------------------------------
[D]       INTERNAL OPERATOR (idx=46, name=EpochBlock_48)
[D]        name="" counters="CPU cycles"[12218, 541730, 5457] dur=0.699ms id=48.48 type=0x5000000/INTERNAL|WITHOUT_TENSOR,"epoch"
[D]       ----------------------------------------
[D]       INTERNAL OPERATOR (idx=47, name=EpochBlock_49)
[D]        name="" counters="CPU cycles"[1970, 81114, 793] dur=0.105ms id=49.49 type=0x5000000/INTERNAL|WITHOUT_TENSOR,"epoch"
[D]       ----------------------------------------
[D]       INTERNAL OPERATOR (idx=48, name=EpochBlock_50)
[D]        name="" counters="CPU cycles"[9242, 502034, 4065] dur=0.644ms id=50.50 type=0x5000000/INTERNAL|WITHOUT_TENSOR,"epoch"
[D]       ----------------------------------------
[D]       INTERNAL OPERATOR (idx=49, name=EpochBlock_51)
[D]        name="" counters="CPU cycles"[48154, 445418, 4465] dur=0.623ms id=51.51 type=0x5000000/INTERNAL|WITHOUT_TENSOR,"epoch"
[D]       ----------------------------------------
[D]       INTERNAL OPERATOR (idx=50, name=EpochBlock_52)
[D]        name="" counters="CPU cycles"[12282, 534036, 5486] dur=0.690ms id=52.52 type=0x5000000/INTERNAL|WITHOUT_TENSOR,"epoch"
[D]       ----------------------------------------
[D]       INTERNAL OPERATOR (idx=51, name=EpochBlock_53)
[D]        name="" counters="CPU cycles"[1890, 81114, 721] dur=0.105ms id=53.53 type=0x5000000/INTERNAL|WITHOUT_TENSOR,"epoch"
[D]       ----------------------------------------
[D]       INTERNAL OPERATOR (idx=52, name=EpochBlock_54)
[D]        name="" counters="CPU cycles"[9010, 499730, 4113] dur=0.641ms id=54.54 type=0x5000000/INTERNAL|WITHOUT_TENSOR,"epoch"
[D]       ----------------------------------------
[D]       INTERNAL OPERATOR (idx=53, name=EpochBlock_55)
[D]        name="" counters="CPU cycles"[47991, 445322, 4505] dur=0.622ms id=55.55 type=0x5000000/INTERNAL|WITHOUT_TENSOR,"epoch"
[D]       ----------------------------------------
[D]       INTERNAL OPERATOR (idx=54, name=EpochBlock_56)
[D]        name="" counters="CPU cycles"[12218, 540394, 5457] dur=0.698ms id=56.56 type=0x5000000/INTERNAL|WITHOUT_TENSOR,"epoch"
[D]       ----------------------------------------
[D]       INTERNAL OPERATOR (idx=55, name=EpochBlock_57)
[D]        name="" counters="CPU cycles"[1858, 81090, 753] dur=0.105ms id=57.57 type=0x5000000/INTERNAL|WITHOUT_TENSOR,"epoch"
[D]       ----------------------------------------
[D]       INTERNAL OPERATOR (idx=56, name=EpochBlock_58)
[D]        name="" counters="CPU cycles"[9162, 502122, 4137] dur=0.644ms id=58.58 type=0x5000000/INTERNAL|WITHOUT_TENSOR,"epoch"
[D]       ----------------------------------------
[D]       INTERNAL OPERATOR (idx=57, name=EpochBlock_59)
[D]        name="" counters="CPU cycles"[48610, 445074, 4526] dur=0.623ms id=59.59 type=0x5000000/INTERNAL|WITHOUT_TENSOR,"epoch"
[D]       ----------------------------------------
[D]       INTERNAL OPERATOR (idx=58, name=EpochBlock_60)
[D]        name="" counters="CPU cycles"[12106, 533546, 5449] dur=0.689ms id=60.60 type=0x5000000/INTERNAL|WITHOUT_TENSOR,"epoch"
[D]       ----------------------------------------
[D]       INTERNAL OPERATOR (idx=59, name=EpochBlock_61)
[D]        name="" counters="CPU cycles"[7026, 346922, 3233] dur=0.446ms id=61.61 type=0x5000000/INTERNAL|WITHOUT_TENSOR,"epoch"
[D]       ----------------------------------------
[D]       INTERNAL OPERATOR (idx=60, name=EpochBlock_62)
[D]        name="" counters="CPU cycles"[8546, 1589, 3737] dur=0.017ms id=62.62 type=0x5000000/INTERNAL|WITHOUT_TENSOR,"epoch"
[D]       ----------------------------------------
[D]       INTERNAL OPERATOR (idx=61, name=EpochBlock_63)
[D]        name="" counters="CPU cycles"[18442, 468074, 5025] dur=0.614ms id=63.63 type=0x5000000/INTERNAL|WITHOUT_TENSOR,"epoch"
[D]       ----------------------------------------
[D]       INTERNAL OPERATOR (idx=62, name=EpochBlock_64)
[D]        name="" counters="CPU cycles"[45, 76, 4012] dur=0.005ms id=64.64 type=0x1000002/INTERNAL,"epoch (SW)"
[D]       INTERNAL TENSOR #0
[D]        IOTensor: Dequantize_226_out_0, E.64.0, , 0x342e0000 f32[1,63], 252 Bytes
[D]        last=True, data_size=0
[D]       ----------------------------------------
[D]       INTERNAL OPERATOR (idx=63, name=EpochBlock_65)
[D]        name="" counters="CPU cycles"[16402, 3226, 3506] dur=0.029ms id=65.65 type=0x5000000/INTERNAL|WITHOUT_TENSOR,"epoch"
[D]       ----------------------------------------
[D]       INTERNAL OPERATOR (idx=64, name=EpochBlock_66)
[D]        name="" counters="CPU cycles"[45, 36, 3314] dur=0.004ms id=66.66 type=0x1000002/INTERNAL,"epoch (SW)"
[D]       INTERNAL TENSOR #0
[D]        IOTensor: Dequantize_229_out_0, E.66.0, , 0x342e0100 f32[1,63], 252 Bytes
[D]        last=True, data_size=0
[D]       ----------------------------------------
[D]       INTERNAL OPERATOR (idx=65, name=EpochBlock_67)
[D]        name="" counters="CPU cycles"[45, 36, 2836] dur=0.004ms id=67.67 type=0x1000002/INTERNAL,"epoch (SW)"
[D]       INTERNAL TENSOR #0
[D]        IOTensor: Dequantize_219_out_0, E.67.0, , 0x342e0200 f32[1,1], 4 Bytes
[D]        last=True, data_size=0
[D]       ----------------------------------------
[D]       INTERNAL OPERATOR (idx=66, name=EpochBlock_68)
[D]        name="" counters="CPU cycles"[4522, 599, 1762] dur=0.009ms id=68.68 type=0x5000000/INTERNAL|WITHOUT_TENSOR,"epoch"
[D]       ----------------------------------------
[D]       INTERNAL OPERATOR (idx=67, name=EpochBlock_69)
[D]        name="" counters="CPU cycles"[45, 36, 2330] dur=0.003ms id=69.69 type=0x1000002/INTERNAL,"epoch (SW)"
[D]       INTERNAL TENSOR #0
[D]        IOTensor: Dequantize_223_out_0, E.69.0, , 0x342e0210 f32[1,1], 4 Bytes
[D]        last=True, data_size=0
[D]       ----------------------------------------
[D]       INFERENCE DONE
[D]        name="network" counters="CPU cycles"[1658401, 16096272, 211710, 17978748, 20128607] dur=22.473ms id=0.0 type=0x0/NONE,"epoch"
[D]       RECEIVE OUTPUT TENSOR #0 last=False..
[D]        IOTensor: Dequantize_223_out_0, O_0, , 0x342e0210 f32[1,1], 4 Bytes
[D]       RECEIVE OUTPUT TENSOR #1 last=False..
[D]        IOTensor: Dequantize_229_out_0, O_1, , 0x342e0100 f32[1,63], 252 Bytes
[D]       RECEIVE OUTPUT TENSOR #2 last=False..
[D]        IOTensor: Dequantize_219_out_0, O_2, , 0x342e0200 f32[1,1], 4 Bytes
[D]       RECEIVE OUTPUT TENSOR #3 last=True..
[D]        IOTensor: Dequantize_226_out_0, O_3, , 0x342e0000 f32[1,63], 252 Bytes
[D]    <- done (target dur=22.458ms)
[D]    -> Requested RUN mode: Mode.DEBUG|PERF_ONLY|PER_LAYER (param=0b1100001011, option=0x5100)
[D]       SEND INPUT TENSOR #0 ((1, 224, 224, 3)/uint8) last=True..
[D]        buffer is filled with a simple value: 207
[D]       ----------------------------------------
[D]       INTERNAL OPERATOR (idx=0, name=EpochBlock_2)
[D]        name="" counters="CPU cycles"[3482, 121017, 1612] dur=0.158ms id=2.2 type=0x5000000/INTERNAL|WITHOUT_TENSOR,"epoch"
[D]       ----------------------------------------
[D]       INTERNAL OPERATOR (idx=1, name=EpochBlock_3)
[D]        name="" counters="CPU cycles"[15362, 363842, 3295] dur=0.478ms id=3.3 type=0x5000000/INTERNAL|WITHOUT_TENSOR,"epoch"
[D]       ----------------------------------------
[D]       INTERNAL OPERATOR (idx=2, name=EpochBlock_4)
[D]        name="" counters="CPU cycles"[5658, 241674, 1399] dur=0.311ms id=4.4 type=0x5000000/INTERNAL|WITHOUT_TENSOR,"epoch"
[D]       ----------------------------------------
[D]       INTERNAL OPERATOR (idx=3, name=EpochBlock_5)
[D]        name="" counters="CPU cycles"[8586, 242482, 2025] dur=0.316ms id=5.5 type=0x5000000/INTERNAL|WITHOUT_TENSOR,"epoch"
[D]       ----------------------------------------
[D]       INTERNAL OPERATOR (idx=4, name=EpochBlock_6)
[D]        name="" counters="CPU cycles"[18514, 644274, 2329] dur=0.831ms id=6.6 type=0x5000000/INTERNAL|WITHOUT_TENSOR,"epoch"
[D]       ----------------------------------------
[D]       INTERNAL OPERATOR (idx=5, name=EpochBlock_7)
[D]        name="" counters="CPU cycles"[17858, 643270, 2366] dur=0.829ms id=7.7 type=0x5000000/INTERNAL|WITHOUT_TENSOR,"epoch"
[D]       ----------------------------------------
[D]       INTERNAL OPERATOR (idx=6, name=EpochBlock_8)
[D]        name="" counters="CPU cycles"[9618, 64056, 1985] dur=0.095ms id=8.8 type=0x5000000/INTERNAL|WITHOUT_TENSOR,"epoch"
[D]       ----------------------------------------
[D]       INTERNAL OPERATOR (idx=7, name=EpochBlock_9)
[D]        name="" counters="CPU cycles"[33826, 363890, 2289] dur=0.500ms id=9.9 type=0x5000000/INTERNAL|WITHOUT_TENSOR,"epoch"
[D]       ----------------------------------------
[D]       INTERNAL OPERATOR (idx=8, name=EpochBlock_10)
[D]        name="" counters="CPU cycles"[33410, 377346, 2350] dur=0.516ms id=10.10 type=0x5000000/INTERNAL|WITHOUT_TENSOR,"epoch"
[D]       ----------------------------------------
[D]       INTERNAL OPERATOR (idx=9, name=EpochBlock_11)
[D]        name="" counters="CPU cycles"[12218, 67898, 3321] dur=0.104ms id=11.11 type=0x5000000/INTERNAL|WITHOUT_TENSOR,"epoch"
[D]       ----------------------------------------
[D]       INTERNAL OPERATOR (idx=10, name=EpochBlock_12)
[D]        name="" counters="CPU cycles"[33290, 363802, 2428] dur=0.499ms id=12.12 type=0x5000000/INTERNAL|WITHOUT_TENSOR,"epoch"
[D]       ----------------------------------------
[D]       INTERNAL OPERATOR (idx=11, name=EpochBlock_13)
[D]        name="" counters="CPU cycles"[1938, 405634, 791] dur=0.510ms id=13.13 type=0x5000000/INTERNAL|WITHOUT_TENSOR,"epoch"
[D]       ----------------------------------------
[D]       INTERNAL OPERATOR (idx=12, name=EpochBlock_14)
[D]        name="" counters="CPU cycles"[36330, 366642, 3644] dur=0.508ms id=14.14 type=0x5000000/INTERNAL|WITHOUT_TENSOR,"epoch"
[D]       ----------------------------------------
[D]       INTERNAL OPERATOR (idx=13, name=EpochBlock_15)
[D]        name="" counters="CPU cycles"[14754, 36530, 2625] dur=0.067ms id=15.15 type=0x5000000/INTERNAL|WITHOUT_TENSOR,"epoch"
[D]       ----------------------------------------
[D]       INTERNAL OPERATOR (idx=14, name=EpochBlock_16)
[D]        name="" counters="CPU cycles"[53794, 153434, 2881] dur=0.263ms id=16.16 type=0x5000000/INTERNAL|WITHOUT_TENSOR,"epoch"
[D]       ----------------------------------------
[D]       INTERNAL OPERATOR (idx=15, name=EpochBlock_17)
[D]        name="" counters="CPU cycles"[1986, 181834, 753] dur=0.231ms id=17.17 type=0x5000000/INTERNAL|WITHOUT_TENSOR,"epoch"
[D]       ----------------------------------------
[D]       INTERNAL OPERATOR (idx=16, name=EpochBlock_18)
[D]        name="" counters="CPU cycles"[54426, 194373, 3457] dur=0.315ms id=18.18 type=0x5000000/INTERNAL|WITHOUT_TENSOR,"epoch"
[D]       ----------------------------------------
[D]       INTERNAL OPERATOR (idx=17, name=EpochBlock_19)
[D]        name="" counters="CPU cycles"[15946, 60597, 3233] dur=0.100ms id=19.19 type=0x5000000/INTERNAL|WITHOUT_TENSOR,"epoch"
[D]       ----------------------------------------
[D]       INTERNAL OPERATOR (idx=18, name=EpochBlock_20)
[D]        name="" counters="CPU cycles"[53504, 153250, 2937] dur=0.262ms id=20.20 type=0x5000000/INTERNAL|WITHOUT_TENSOR,"epoch"
[D]       ----------------------------------------
[D]       INTERNAL OPERATOR (idx=19, name=EpochBlock_21)
[D]        name="" counters="CPU cycles"[51890, 152605, 2273] dur=0.258ms id=21.21 type=0x5000000/INTERNAL|WITHOUT_TENSOR,"epoch"
[D]       ----------------------------------------
[D]       INTERNAL OPERATOR (idx=20, name=EpochBlock_22)
[D]        name="" counters="CPU cycles"[22394, 45394, 2609] dur=0.088ms id=22.22 type=0x5000000/INTERNAL|WITHOUT_TENSOR,"epoch"
[D]       ----------------------------------------
[D]       INTERNAL OPERATOR (idx=21, name=EpochBlock_23)
[D]        name="" counters="CPU cycles"[102194, 81330, 4289] dur=0.235ms id=23.23 type=0x5000000/INTERNAL|WITHOUT_TENSOR,"epoch"
[D]       ----------------------------------------
[D]       INTERNAL OPERATOR (idx=22, name=EpochBlock_24)
[D]        name="" counters="CPU cycles"[98416, 89179, 2382] dur=0.237ms id=24.24 type=0x5000000/INTERNAL|WITHOUT_TENSOR,"epoch"
[D]       ----------------------------------------
[D]       INTERNAL OPERATOR (idx=23, name=EpochBlock_25)
[D]        name="" counters="CPU cycles"[26378, 87621, 4537] dur=0.148ms id=25.25 type=0x5000000/INTERNAL|WITHOUT_TENSOR,"epoch"
[D]       ----------------------------------------
[D]       INTERNAL OPERATOR (idx=24, name=EpochBlock_26)
[D]        name="" counters="CPU cycles"[102479, 81290, 4294] dur=0.235ms id=26.26 type=0x5000000/INTERNAL|WITHOUT_TENSOR,"epoch"
[D]       ----------------------------------------
[D]       INTERNAL OPERATOR (idx=25, name=EpochBlock_27)
[D]        name="" counters="CPU cycles"[98138, 89138, 2464] dur=0.237ms id=27.27 type=0x5000000/INTERNAL|WITHOUT_TENSOR,"epoch"
[D]       ----------------------------------------
[D]       INTERNAL OPERATOR (idx=26, name=EpochBlock_28)
[D]        name="" counters="CPU cycles"[26826, 87706, 4577] dur=0.149ms id=28.28 type=0x5000000/INTERNAL|WITHOUT_TENSOR,"epoch"
[D]       ----------------------------------------
[D]       INTERNAL OPERATOR (idx=27, name=EpochBlock_29)
[D]        name="" counters="CPU cycles"[102042, 80978, 4348] dur=0.234ms id=29.29 type=0x5000000/INTERNAL|WITHOUT_TENSOR,"epoch"
[D]       ----------------------------------------
[D]       INTERNAL OPERATOR (idx=28, name=EpochBlock_30)
[D]        name="" counters="CPU cycles"[1938, 97706, 790] dur=0.126ms id=30.30 type=0x5000000/INTERNAL|WITHOUT_TENSOR,"epoch"
[D]       ----------------------------------------
[D]       INTERNAL OPERATOR (idx=29, name=EpochBlock_31)
[D]        name="" counters="CPU cycles"[101146, 106474, 3519] dur=0.264ms id=31.31 type=0x5000000/INTERNAL|WITHOUT_TENSOR,"epoch"
[D]       ----------------------------------------
[D]       INTERNAL OPERATOR (idx=30, name=EpochBlock_32)
[D]        name="" counters="CPU cycles"[31530, 118163, 3929] dur=0.192ms id=32.32 type=0x5000000/INTERNAL|WITHOUT_TENSOR,"epoch"
[D]       ----------------------------------------
[D]       INTERNAL OPERATOR (idx=31, name=EpochBlock_33)
[D]        name="" counters="CPU cycles"[1882, 9506, 753] dur=0.015ms id=33.33 type=0x5000000/INTERNAL|WITHOUT_TENSOR,"epoch"
[D]       ----------------------------------------
[D]       INTERNAL OPERATOR (idx=32, name=EpochBlock_34)
[D]        name="" counters="CPU cycles"[12202, 418170, 5449] dur=0.545ms id=34.34 type=0x5000000/INTERNAL|WITHOUT_TENSOR,"epoch"
[D]       ----------------------------------------
[D]       INTERNAL OPERATOR (idx=33, name=EpochBlock_35)
[D]        name="" counters="CPU cycles"[1858, 136586, 721] dur=0.174ms id=35.35 type=0x5000000/INTERNAL|WITHOUT_TENSOR,"epoch"
[D]       ----------------------------------------
[D]       INTERNAL OPERATOR (idx=34, name=EpochBlock_36)
[D]        name="" counters="CPU cycles"[9058, 648162, 4113] dur=0.827ms id=36.36 type=0x5000000/INTERNAL|WITHOUT_TENSOR,"epoch"
[D]       ----------------------------------------
[D]       INTERNAL OPERATOR (idx=35, name=EpochBlock_37)
[D]        name="" counters="CPU cycles"[32546, 159962, 4505] dur=0.246ms id=37.37 type=0x5000000/INTERNAL|WITHOUT_TENSOR,"epoch"
[D]       ----------------------------------------
[D]       INTERNAL OPERATOR (idx=36, name=EpochBlock_38)
[D]        name="" counters="CPU cycles"[1882, 9466, 753] dur=0.015ms id=38.38 type=0x5000000/INTERNAL|WITHOUT_TENSOR,"epoch"
[D]       ----------------------------------------
[D]       INTERNAL OPERATOR (idx=37, name=EpochBlock_39)
[D]        name="" counters="CPU cycles"[12400, 426906, 5558] dur=0.556ms id=39.39 type=0x5000000/INTERNAL|WITHOUT_TENSOR,"epoch"
[D]       ----------------------------------------
[D]       INTERNAL OPERATOR (idx=38, name=EpochBlock_40)
[D]        name="" counters="CPU cycles"[1898, 136637, 793] dur=0.174ms id=40.40 type=0x5000000/INTERNAL|WITHOUT_TENSOR,"epoch"
[D]       ----------------------------------------
[D]       INTERNAL OPERATOR (idx=39, name=EpochBlock_41)
[D]        name="" counters="CPU cycles"[9114, 648517, 4137] dur=0.827ms id=41.41 type=0x5000000/INTERNAL|WITHOUT_TENSOR,"epoch"
[D]       ----------------------------------------
[D]       INTERNAL OPERATOR (idx=40, name=EpochBlock_42)
[D]        name="" counters="CPU cycles"[33007, 159746, 4433] dur=0.246ms id=42.42 type=0x5000000/INTERNAL|WITHOUT_TENSOR,"epoch"
[D]       ----------------------------------------
[D]       INTERNAL OPERATOR (idx=41, name=EpochBlock_43)
[D]        name="" counters="CPU cycles"[1922, 9466, 793] dur=0.015ms id=43.43 type=0x5000000/INTERNAL|WITHOUT_TENSOR,"epoch"
[D]       ----------------------------------------
[D]       INTERNAL OPERATOR (idx=42, name=EpochBlock_44)
[D]        name="" counters="CPU cycles"[12186, 418370, 5425] dur=0.545ms id=44.44 type=0x5000000/INTERNAL|WITHOUT_TENSOR,"epoch"
[D]       ----------------------------------------
[D]       INTERNAL OPERATOR (idx=43, name=EpochBlock_45)
[D]        name="" counters="CPU cycles"[1890, 136594, 753] dur=0.174ms id=45.45 type=0x5000000/INTERNAL|WITHOUT_TENSOR,"epoch"
[D]       ----------------------------------------
[D]       INTERNAL OPERATOR (idx=44, name=EpochBlock_46)
[D]        name="" counters="CPU cycles"[9058, 300258, 4236] dur=0.392ms id=46.46 type=0x5000000/INTERNAL|WITHOUT_TENSOR,"epoch"
[D]       ----------------------------------------
[D]       INTERNAL OPERATOR (idx=45, name=EpochBlock_47)
[D]        name="" counters="CPU cycles"[46597, 260538, 3974] dur=0.389ms id=47.47 type=0x5000000/INTERNAL|WITHOUT_TENSOR,"epoch"
[D]       ----------------------------------------
[D]       INTERNAL OPERATOR (idx=46, name=EpochBlock_48)
[D]        name="" counters="CPU cycles"[12194, 540679, 5494] dur=0.698ms id=48.48 type=0x5000000/INTERNAL|WITHOUT_TENSOR,"epoch"
[D]       ----------------------------------------
[D]       INTERNAL OPERATOR (idx=47, name=EpochBlock_49)
[D]        name="" counters="CPU cycles"[1970, 81114, 753] dur=0.105ms id=49.49 type=0x5000000/INTERNAL|WITHOUT_TENSOR,"epoch"
[D]       ----------------------------------------
[D]       INTERNAL OPERATOR (idx=48, name=EpochBlock_50)
[D]        name="" counters="CPU cycles"[9290, 502250, 4121] dur=0.645ms id=50.50 type=0x5000000/INTERNAL|WITHOUT_TENSOR,"epoch"
[D]       ----------------------------------------
[D]       INTERNAL OPERATOR (idx=49, name=EpochBlock_51)
[D]        name="" counters="CPU cycles"[47986, 445418, 4433] dur=0.622ms id=51.51 type=0x5000000/INTERNAL|WITHOUT_TENSOR,"epoch"
[D]       ----------------------------------------
[D]       INTERNAL OPERATOR (idx=50, name=EpochBlock_52)
[D]        name="" counters="CPU cycles"[12218, 533813, 5527] dur=0.689ms id=52.52 type=0x5000000/INTERNAL|WITHOUT_TENSOR,"epoch"
[D]       ----------------------------------------
[D]       INTERNAL OPERATOR (idx=51, name=EpochBlock_53)
[D]        name="" counters="CPU cycles"[1890, 81114, 721] dur=0.105ms id=53.53 type=0x5000000/INTERNAL|WITHOUT_TENSOR,"epoch"
[D]       ----------------------------------------
[D]       INTERNAL OPERATOR (idx=52, name=EpochBlock_54)
[D]        name="" counters="CPU cycles"[9050, 499618, 4113] dur=0.641ms id=54.54 type=0x5000000/INTERNAL|WITHOUT_TENSOR,"epoch"
[D]       ----------------------------------------
[D]       INTERNAL OPERATOR (idx=53, name=EpochBlock_55)
[D]        name="" counters="CPU cycles"[47967, 445282, 4505] dur=0.622ms id=55.55 type=0x5000000/INTERNAL|WITHOUT_TENSOR,"epoch"
[D]       ----------------------------------------
[D]       INTERNAL OPERATOR (idx=54, name=EpochBlock_56)
[D]        name="" counters="CPU cycles"[12258, 540402, 5457] dur=0.698ms id=56.56 type=0x5000000/INTERNAL|WITHOUT_TENSOR,"epoch"
[D]       ----------------------------------------
[D]       INTERNAL OPERATOR (idx=55, name=EpochBlock_57)
[D]        name="" counters="CPU cycles"[1898, 81130, 753] dur=0.105ms id=57.57 type=0x5000000/INTERNAL|WITHOUT_TENSOR,"epoch"
[D]       ----------------------------------------
[D]       INTERNAL OPERATOR (idx=56, name=EpochBlock_58)
[D]        name="" counters="CPU cycles"[9234, 502245, 4137] dur=0.645ms id=58.58 type=0x5000000/INTERNAL|WITHOUT_TENSOR,"epoch"
[D]       ----------------------------------------
[D]       INTERNAL OPERATOR (idx=57, name=EpochBlock_59)
[D]        name="" counters="CPU cycles"[47706, 445074, 4489] dur=0.622ms id=59.59 type=0x5000000/INTERNAL|WITHOUT_TENSOR,"epoch"
[D]       ----------------------------------------
[D]       INTERNAL OPERATOR (idx=58, name=EpochBlock_60)
[D]        name="" counters="CPU cycles"[12202, 533490, 5430] dur=0.689ms id=60.60 type=0x5000000/INTERNAL|WITHOUT_TENSOR,"epoch"
[D]       ----------------------------------------
[D]       INTERNAL OPERATOR (idx=59, name=EpochBlock_61)
[D]        name="" counters="CPU cycles"[7122, 346885, 3233] dur=0.447ms id=61.61 type=0x5000000/INTERNAL|WITHOUT_TENSOR,"epoch"
[D]       ----------------------------------------
[D]       INTERNAL OPERATOR (idx=60, name=EpochBlock_62)
[D]        name="" counters="CPU cycles"[8554, 1626, 3737] dur=0.017ms id=62.62 type=0x5000000/INTERNAL|WITHOUT_TENSOR,"epoch"
[D]       ----------------------------------------
[D]       INTERNAL OPERATOR (idx=61, name=EpochBlock_63)
[D]        name="" counters="CPU cycles"[18327, 467978, 5025] dur=0.614ms id=63.63 type=0x5000000/INTERNAL|WITHOUT_TENSOR,"epoch"
[D]       ----------------------------------------
[D]       INTERNAL OPERATOR (idx=62, name=EpochBlock_64)
[D]        name="" counters="CPU cycles"[45, 36, 4041] dur=0.005ms id=64.64 type=0x1000002/INTERNAL,"epoch (SW)"
[D]       INTERNAL TENSOR #0
[D]        IOTensor: Dequantize_226_out_0, E.64.0, , 0x342e0000 f32[1,63], 252 Bytes
[D]        last=True, data_size=0
[D]       ----------------------------------------
[D]       INTERNAL OPERATOR (idx=63, name=EpochBlock_65)
[D]        name="" counters="CPU cycles"[15858, 3266, 3545] dur=0.028ms id=65.65 type=0x5000000/INTERNAL|WITHOUT_TENSOR,"epoch"
[D]       ----------------------------------------
[D]       INTERNAL OPERATOR (idx=64, name=EpochBlock_66)
[D]        name="" counters="CPU cycles"[45, 36, 3348] dur=0.004ms id=66.66 type=0x1000002/INTERNAL,"epoch (SW)"
[D]       INTERNAL TENSOR #0
[D]        IOTensor: Dequantize_229_out_0, E.66.0, , 0x342e0100 f32[1,63], 252 Bytes
[D]        last=True, data_size=0
[D]       ----------------------------------------
[D]       INTERNAL OPERATOR (idx=65, name=EpochBlock_67)
[D]        name="" counters="CPU cycles"[45, 36, 2908] dur=0.004ms id=67.67 type=0x1000002/INTERNAL,"epoch (SW)"
[D]       INTERNAL TENSOR #0
[D]        IOTensor: Dequantize_219_out_0, E.67.0, , 0x342e0200 f32[1,1], 4 Bytes
[D]        last=True, data_size=0
[D]       ----------------------------------------
[D]       INTERNAL OPERATOR (idx=66, name=EpochBlock_68)
[D]        name="" counters="CPU cycles"[4610, 556, 1705] dur=0.009ms id=68.68 type=0x5000000/INTERNAL|WITHOUT_TENSOR,"epoch"
[D]       ----------------------------------------
[D]       INTERNAL OPERATOR (idx=67, name=EpochBlock_69)
[D]        name="" counters="CPU cycles"[45, 36, 2330] dur=0.003ms id=69.69 type=0x1000002/INTERNAL,"epoch (SW)"
[D]       INTERNAL TENSOR #0
[D]        IOTensor: Dequantize_223_out_0, E.69.0, , 0x342e0210 f32[1,1], 4 Bytes
[D]        last=True, data_size=0
[D]       ----------------------------------------
[D]       INFERENCE DONE
[D]        name="network" counters="CPU cycles"[1657885, 16094397, 211932, 17976735, 20126601] dur=22.471ms id=0.0 type=0x0/NONE,"epoch"
[D]       RECEIVE OUTPUT TENSOR #0 last=False..
[D]        IOTensor: Dequantize_223_out_0, O_0, , 0x342e0210 f32[1,1], 4 Bytes
[D]       RECEIVE OUTPUT TENSOR #1 last=False..
[D]        IOTensor: Dequantize_229_out_0, O_1, , 0x342e0100 f32[1,63], 252 Bytes
[D]       RECEIVE OUTPUT TENSOR #2 last=False..
[D]        IOTensor: Dequantize_219_out_0, O_2, , 0x342e0200 f32[1,1], 4 Bytes
[D]       RECEIVE OUTPUT TENSOR #3 last=True..
[D]        IOTensor: Dequantize_226_out_0, O_3, , 0x342e0000 f32[1,63], 252 Bytes
[D]    <- done (target dur=22.455ms)
[D]    -> Requested RUN mode: Mode.DEBUG|PERF_ONLY|PER_LAYER (param=0b1100001011, option=0x5100)
[D]       SEND INPUT TENSOR #0 ((1, 224, 224, 3)/uint8) last=True..
[D]        buffer is filled with a simple value: 89
[D]       ----------------------------------------
[D]       INTERNAL OPERATOR (idx=0, name=EpochBlock_2)
[D]        name="" counters="CPU cycles"[3514, 121146, 1605] dur=0.158ms id=2.2 type=0x5000000/INTERNAL|WITHOUT_TENSOR,"epoch"
[D]       ----------------------------------------
[D]       INTERNAL OPERATOR (idx=1, name=EpochBlock_3)
[D]        name="" counters="CPU cycles"[15434, 363878, 3289] dur=0.478ms id=3.3 type=0x5000000/INTERNAL|WITHOUT_TENSOR,"epoch"
[D]       ----------------------------------------
[D]       INTERNAL OPERATOR (idx=2, name=EpochBlock_4)
[D]        name="" counters="CPU cycles"[5698, 241674, 1399] dur=0.311ms id=4.4 type=0x5000000/INTERNAL|WITHOUT_TENSOR,"epoch"
[D]       ----------------------------------------
[D]       INTERNAL OPERATOR (idx=3, name=EpochBlock_5)
[D]        name="" counters="CPU cycles"[8554, 242482, 2025] dur=0.316ms id=5.5 type=0x5000000/INTERNAL|WITHOUT_TENSOR,"epoch"
[D]       ----------------------------------------
[D]       INTERNAL OPERATOR (idx=4, name=EpochBlock_6)
[D]        name="" counters="CPU cycles"[18514, 644317, 2329] dur=0.831ms id=6.6 type=0x5000000/INTERNAL|WITHOUT_TENSOR,"epoch"
[D]       ----------------------------------------
[D]       INTERNAL OPERATOR (idx=5, name=EpochBlock_7)
[D]        name="" counters="CPU cycles"[17938, 643270, 2329] dur=0.829ms id=7.7 type=0x5000000/INTERNAL|WITHOUT_TENSOR,"epoch"
[D]       ----------------------------------------
[D]       INTERNAL OPERATOR (idx=6, name=EpochBlock_8)
[D]        name="" counters="CPU cycles"[9610, 64054, 2022] dur=0.095ms id=8.8 type=0x5000000/INTERNAL|WITHOUT_TENSOR,"epoch"
[D]       ----------------------------------------
[D]       INTERNAL OPERATOR (idx=7, name=EpochBlock_9)
[D]        name="" counters="CPU cycles"[33714, 363890, 2327] dur=0.500ms id=9.9 type=0x5000000/INTERNAL|WITHOUT_TENSOR,"epoch"
[D]       ----------------------------------------
[D]       INTERNAL OPERATOR (idx=8, name=EpochBlock_10)
[D]        name="" counters="CPU cycles"[33450, 377346, 2348] dur=0.516ms id=10.10 type=0x5000000/INTERNAL|WITHOUT_TENSOR,"epoch"
[D]       ----------------------------------------
[D]       INTERNAL OPERATOR (idx=9, name=EpochBlock_11)
[D]        name="" counters="CPU cycles"[12138, 67898, 3354] dur=0.104ms id=11.11 type=0x5000000/INTERNAL|WITHOUT_TENSOR,"epoch"
[D]       ----------------------------------------
[D]       INTERNAL OPERATOR (idx=10, name=EpochBlock_12)
[D]        name="" counters="CPU cycles"[33474, 363802, 2506] dur=0.500ms id=12.12 type=0x5000000/INTERNAL|WITHOUT_TENSOR,"epoch"
[D]       ----------------------------------------
[D]       INTERNAL OPERATOR (idx=11, name=EpochBlock_13)
[D]        name="" counters="CPU cycles"[1898, 405634, 753] dur=0.510ms id=13.13 type=0x5000000/INTERNAL|WITHOUT_TENSOR,"epoch"
[D]       ----------------------------------------
[D]       INTERNAL OPERATOR (idx=12, name=EpochBlock_14)
[D]        name="" counters="CPU cycles"[36138, 366626, 3606] dur=0.508ms id=14.14 type=0x5000000/INTERNAL|WITHOUT_TENSOR,"epoch"
[D]       ----------------------------------------
[D]       INTERNAL OPERATOR (idx=13, name=EpochBlock_15)
[D]        name="" counters="CPU cycles"[14266, 36530, 2625] dur=0.067ms id=15.15 type=0x5000000/INTERNAL|WITHOUT_TENSOR,"epoch"
[D]       ----------------------------------------
[D]       INTERNAL OPERATOR (idx=14, name=EpochBlock_16)
[D]        name="" counters="CPU cycles"[53786, 153477, 2881] dur=0.263ms id=16.16 type=0x5000000/INTERNAL|WITHOUT_TENSOR,"epoch"
[D]       ----------------------------------------
[D]       INTERNAL OPERATOR (idx=15, name=EpochBlock_17)
[D]        name="" counters="CPU cycles"[1986, 181866, 753] dur=0.231ms id=17.17 type=0x5000000/INTERNAL|WITHOUT_TENSOR,"epoch"
[D]       ----------------------------------------
[D]       INTERNAL OPERATOR (idx=16, name=EpochBlock_18)
[D]        name="" counters="CPU cycles"[54762, 194389, 3457] dur=0.316ms id=18.18 type=0x5000000/INTERNAL|WITHOUT_TENSOR,"epoch"
[D]       ----------------------------------------
[D]       INTERNAL OPERATOR (idx=17, name=EpochBlock_19)
[D]        name="" counters="CPU cycles"[15978, 60634, 3233] dur=0.100ms id=19.19 type=0x5000000/INTERNAL|WITHOUT_TENSOR,"epoch"
[D]       ----------------------------------------
[D]       INTERNAL OPERATOR (idx=18, name=EpochBlock_20)
[D]        name="" counters="CPU cycles"[53415, 153256, 2974] dur=0.262ms id=20.20 type=0x5000000/INTERNAL|WITHOUT_TENSOR,"epoch"
[D]       ----------------------------------------
[D]       INTERNAL OPERATOR (idx=19, name=EpochBlock_21)
[D]        name="" counters="CPU cycles"[51882, 152597, 2305] dur=0.258ms id=21.21 type=0x5000000/INTERNAL|WITHOUT_TENSOR,"epoch"
[D]       ----------------------------------------
[D]       INTERNAL OPERATOR (idx=20, name=EpochBlock_22)
[D]        name="" counters="CPU cycles"[22322, 45394, 2625] dur=0.088ms id=22.22 type=0x5000000/INTERNAL|WITHOUT_TENSOR,"epoch"
[D]       ----------------------------------------
[D]       INTERNAL OPERATOR (idx=21, name=EpochBlock_23)
[D]        name="" counters="CPU cycles"[102232, 81290, 4308] dur=0.235ms id=23.23 type=0x5000000/INTERNAL|WITHOUT_TENSOR,"epoch"
[D]       ----------------------------------------
[D]       INTERNAL OPERATOR (idx=22, name=EpochBlock_24)
[D]        name="" counters="CPU cycles"[97930, 89248, 2289] dur=0.237ms id=24.24 type=0x5000000/INTERNAL|WITHOUT_TENSOR,"epoch"
[D]       ----------------------------------------
[D]       INTERNAL OPERATOR (idx=23, name=EpochBlock_25)
[D]        name="" counters="CPU cycles"[26450, 87701, 4537] dur=0.148ms id=25.25 type=0x5000000/INTERNAL|WITHOUT_TENSOR,"epoch"
[D]       ----------------------------------------
[D]       INTERNAL OPERATOR (idx=24, name=EpochBlock_26)
[D]        name="" counters="CPU cycles"[102175, 81215, 4310] dur=0.235ms id=26.26 type=0x5000000/INTERNAL|WITHOUT_TENSOR,"epoch"
[D]       ----------------------------------------
[D]       INTERNAL OPERATOR (idx=25, name=EpochBlock_27)
[D]        name="" counters="CPU cycles"[98298, 89138, 2366] dur=0.237ms id=27.27 type=0x5000000/INTERNAL|WITHOUT_TENSOR,"epoch"
[D]       ----------------------------------------
[D]       INTERNAL OPERATOR (idx=26, name=EpochBlock_28)
[D]        name="" counters="CPU cycles"[26906, 87706, 4577] dur=0.149ms id=28.28 type=0x5000000/INTERNAL|WITHOUT_TENSOR,"epoch"
[D]       ----------------------------------------
[D]       INTERNAL OPERATOR (idx=27, name=EpochBlock_29)
[D]        name="" counters="CPU cycles"[102074, 81021, 4380] dur=0.234ms id=29.29 type=0x5000000/INTERNAL|WITHOUT_TENSOR,"epoch"
[D]       ----------------------------------------
[D]       INTERNAL OPERATOR (idx=28, name=EpochBlock_30)
[D]        name="" counters="CPU cycles"[1946, 97706, 753] dur=0.126ms id=30.30 type=0x5000000/INTERNAL|WITHOUT_TENSOR,"epoch"
[D]       ----------------------------------------
[D]       INTERNAL OPERATOR (idx=29, name=EpochBlock_31)
[D]        name="" counters="CPU cycles"[101048, 106434, 3457] dur=0.264ms id=31.31 type=0x5000000/INTERNAL|WITHOUT_TENSOR,"epoch"
[D]       ----------------------------------------
[D]       INTERNAL OPERATOR (idx=30, name=EpochBlock_32)
[D]        name="" counters="CPU cycles"[31562, 118085, 3929] dur=0.192ms id=32.32 type=0x5000000/INTERNAL|WITHOUT_TENSOR,"epoch"
[D]       ----------------------------------------
[D]       INTERNAL OPERATOR (idx=31, name=EpochBlock_33)
[D]        name="" counters="CPU cycles"[1882, 9466, 753] dur=0.015ms id=33.33 type=0x5000000/INTERNAL|WITHOUT_TENSOR,"epoch"
[D]       ----------------------------------------
[D]       INTERNAL OPERATOR (idx=32, name=EpochBlock_34)
[D]        name="" counters="CPU cycles"[12343, 418178, 5449] dur=0.545ms id=34.34 type=0x5000000/INTERNAL|WITHOUT_TENSOR,"epoch"
[D]       ----------------------------------------
[D]       INTERNAL OPERATOR (idx=33, name=EpochBlock_35)
[D]        name="" counters="CPU cycles"[1858, 136586, 721] dur=0.174ms id=35.35 type=0x5000000/INTERNAL|WITHOUT_TENSOR,"epoch"
[D]       ----------------------------------------
[D]       INTERNAL OPERATOR (idx=34, name=EpochBlock_36)
[D]        name="" counters="CPU cycles"[9050, 648058, 4113] dur=0.827ms id=36.36 type=0x5000000/INTERNAL|WITHOUT_TENSOR,"epoch"
[D]       ----------------------------------------
[D]       INTERNAL OPERATOR (idx=35, name=EpochBlock_37)
[D]        name="" counters="CPU cycles"[32554, 159962, 4505] dur=0.246ms id=37.37 type=0x5000000/INTERNAL|WITHOUT_TENSOR,"epoch"
[D]       ----------------------------------------
[D]       INTERNAL OPERATOR (idx=36, name=EpochBlock_38)
[D]        name="" counters="CPU cycles"[1882, 9466, 753] dur=0.015ms id=38.38 type=0x5000000/INTERNAL|WITHOUT_TENSOR,"epoch"
[D]       ----------------------------------------
[D]       INTERNAL OPERATOR (idx=37, name=EpochBlock_39)
[D]        name="" counters="CPU cycles"[12432, 426634, 5534] dur=0.556ms id=39.39 type=0x5000000/INTERNAL|WITHOUT_TENSOR,"epoch"
[D]       ----------------------------------------
[D]       INTERNAL OPERATOR (idx=38, name=EpochBlock_40)
[D]        name="" counters="CPU cycles"[1946, 136586, 793] dur=0.174ms id=40.40 type=0x5000000/INTERNAL|WITHOUT_TENSOR,"epoch"
[D]       ----------------------------------------
[D]       INTERNAL OPERATOR (idx=39, name=EpochBlock_41)
[D]        name="" counters="CPU cycles"[9114, 648565, 4177] dur=0.827ms id=41.41 type=0x5000000/INTERNAL|WITHOUT_TENSOR,"epoch"
[D]       ----------------------------------------
[D]       INTERNAL OPERATOR (idx=40, name=EpochBlock_42)
[D]        name="" counters="CPU cycles"[32871, 159746, 4433] dur=0.246ms id=42.42 type=0x5000000/INTERNAL|WITHOUT_TENSOR,"epoch"
[D]       ----------------------------------------
[D]       INTERNAL OPERATOR (idx=41, name=EpochBlock_43)
[D]        name="" counters="CPU cycles"[1882, 9466, 753] dur=0.015ms id=43.43 type=0x5000000/INTERNAL|WITHOUT_TENSOR,"epoch"
[D]       ----------------------------------------
[D]       INTERNAL OPERATOR (idx=42, name=EpochBlock_44)
[D]        name="" counters="CPU cycles"[12186, 418378, 5489] dur=0.545ms id=44.44 type=0x5000000/INTERNAL|WITHOUT_TENSOR,"epoch"
[D]       ----------------------------------------
[D]       INTERNAL OPERATOR (idx=43, name=EpochBlock_45)
[D]        name="" counters="CPU cycles"[1890, 136594, 753] dur=0.174ms id=45.45 type=0x5000000/INTERNAL|WITHOUT_TENSOR,"epoch"
[D]       ----------------------------------------
[D]       INTERNAL OPERATOR (idx=44, name=EpochBlock_46)
[D]        name="" counters="CPU cycles"[9066, 300058, 4238] dur=0.392ms id=46.46 type=0x5000000/INTERNAL|WITHOUT_TENSOR,"epoch"
[D]       ----------------------------------------
[D]       INTERNAL OPERATOR (idx=45, name=EpochBlock_47)
[D]        name="" counters="CPU cycles"[46613, 260530, 3961] dur=0.389ms id=47.47 type=0x5000000/INTERNAL|WITHOUT_TENSOR,"epoch"
[D]       ----------------------------------------
[D]       INTERNAL OPERATOR (idx=46, name=EpochBlock_48)
[D]        name="" counters="CPU cycles"[12202, 543330, 5494] dur=0.701ms id=48.48 type=0x5000000/INTERNAL|WITHOUT_TENSOR,"epoch"
[D]       ----------------------------------------
[D]       INTERNAL OPERATOR (idx=47, name=EpochBlock_49)
[D]        name="" counters="CPU cycles"[2047, 81045, 753] dur=0.105ms id=49.49 type=0x5000000/INTERNAL|WITHOUT_TENSOR,"epoch"
[D]       ----------------------------------------
[D]       INTERNAL OPERATOR (idx=48, name=EpochBlock_50)
[D]        name="" counters="CPU cycles"[9306, 501794, 4121] dur=0.644ms id=50.50 type=0x5000000/INTERNAL|WITHOUT_TENSOR,"epoch"
[D]       ----------------------------------------
[D]       INTERNAL OPERATOR (idx=49, name=EpochBlock_51)
[D]        name="" counters="CPU cycles"[47775, 445378, 4465] dur=0.622ms id=51.51 type=0x5000000/INTERNAL|WITHOUT_TENSOR,"epoch"
[D]       ----------------------------------------
[D]       INTERNAL OPERATOR (idx=50, name=EpochBlock_52)
[D]        name="" counters="CPU cycles"[12178, 534245, 5519] dur=0.690ms id=52.52 type=0x5000000/INTERNAL|WITHOUT_TENSOR,"epoch"
[D]       ----------------------------------------
[D]       INTERNAL OPERATOR (idx=51, name=EpochBlock_53)
[D]        name="" counters="CPU cycles"[1890, 81162, 758] dur=0.105ms id=53.53 type=0x5000000/INTERNAL|WITHOUT_TENSOR,"epoch"
[D]       ----------------------------------------
[D]       INTERNAL OPERATOR (idx=52, name=EpochBlock_54)
[D]        name="" counters="CPU cycles"[9002, 499690, 4150] dur=0.641ms id=54.54 type=0x5000000/INTERNAL|WITHOUT_TENSOR,"epoch"
[D]       ----------------------------------------
[D]       INTERNAL OPERATOR (idx=53, name=EpochBlock_55)
[D]        name="" counters="CPU cycles"[47850, 445373, 4505] dur=0.622ms id=55.55 type=0x5000000/INTERNAL|WITHOUT_TENSOR,"epoch"
[D]       ----------------------------------------
[D]       INTERNAL OPERATOR (idx=54, name=EpochBlock_56)
[D]        name="" counters="CPU cycles"[12266, 540402, 5457] dur=0.698ms id=56.56 type=0x5000000/INTERNAL|WITHOUT_TENSOR,"epoch"
[D]       ----------------------------------------
[D]       INTERNAL OPERATOR (idx=55, name=EpochBlock_57)
[D]        name="" counters="CPU cycles"[1826, 81130, 753] dur=0.105ms id=57.57 type=0x5000000/INTERNAL|WITHOUT_TENSOR,"epoch"
[D]       ----------------------------------------
[D]       INTERNAL OPERATOR (idx=56, name=EpochBlock_58)
[D]        name="" counters="CPU cycles"[9082, 502269, 4137] dur=0.644ms id=58.58 type=0x5000000/INTERNAL|WITHOUT_TENSOR,"epoch"
[D]       ----------------------------------------
[D]       INTERNAL OPERATOR (idx=57, name=EpochBlock_59)
[D]        name="" counters="CPU cycles"[47874, 445074, 4521] dur=0.622ms id=59.59 type=0x5000000/INTERNAL|WITHOUT_TENSOR,"epoch"
[D]       ----------------------------------------
[D]       INTERNAL OPERATOR (idx=58, name=EpochBlock_60)
[D]        name="" counters="CPU cycles"[12114, 533522, 5430] dur=0.689ms id=60.60 type=0x5000000/INTERNAL|WITHOUT_TENSOR,"epoch"
[D]       ----------------------------------------
[D]       INTERNAL OPERATOR (idx=59, name=EpochBlock_61)
[D]        name="" counters="CPU cycles"[6994, 346922, 3233] dur=0.446ms id=61.61 type=0x5000000/INTERNAL|WITHOUT_TENSOR,"epoch"
[D]       ----------------------------------------
[D]       INTERNAL OPERATOR (idx=60, name=EpochBlock_62)
[D]        name="" counters="CPU cycles"[8663, 1586, 3737] dur=0.017ms id=62.62 type=0x5000000/INTERNAL|WITHOUT_TENSOR,"epoch"
[D]       ----------------------------------------
[D]       INTERNAL OPERATOR (idx=61, name=EpochBlock_63)
[D]        name="" counters="CPU cycles"[18255, 468042, 5118] dur=0.614ms id=63.63 type=0x5000000/INTERNAL|WITHOUT_TENSOR,"epoch"
[D]       ----------------------------------------
[D]       INTERNAL OPERATOR (idx=62, name=EpochBlock_64)
[D]        name="" counters="CPU cycles"[83, 76, 3966] dur=0.005ms id=64.64 type=0x1000002/INTERNAL,"epoch (SW)"
[D]       INTERNAL TENSOR #0
[D]        IOTensor: Dequantize_226_out_0, E.64.0, , 0x342e0000 f32[1,63], 252 Bytes
[D]        last=True, data_size=0
[D]       ----------------------------------------
[D]       INTERNAL OPERATOR (idx=63, name=EpochBlock_65)
[D]        name="" counters="CPU cycles"[15706, 3226, 3578] dur=0.028ms id=65.65 type=0x5000000/INTERNAL|WITHOUT_TENSOR,"epoch"
[D]       ----------------------------------------
[D]       INTERNAL OPERATOR (idx=64, name=EpochBlock_66)
[D]        name="" counters="CPU cycles"[45, 36, 3430] dur=0.004ms id=66.66 type=0x1000002/INTERNAL,"epoch (SW)"
[D]       INTERNAL TENSOR #0
[D]        IOTensor: Dequantize_229_out_0, E.66.0, , 0x342e0100 f32[1,63], 252 Bytes
[D]        last=True, data_size=0
[D]       ----------------------------------------
[D]       INTERNAL OPERATOR (idx=65, name=EpochBlock_67)
[D]        name="" counters="CPU cycles"[45, 36, 2874] dur=0.004ms id=67.67 type=0x1000002/INTERNAL,"epoch (SW)"
[D]       INTERNAL TENSOR #0
[D]        IOTensor: Dequantize_219_out_0, E.67.0, , 0x342e0200 f32[1,1], 4 Bytes
[D]        last=True, data_size=0
[D]       ----------------------------------------
[D]       INTERNAL OPERATOR (idx=66, name=EpochBlock_68)
[D]        name="" counters="CPU cycles"[4530, 597, 1729] dur=0.009ms id=68.68 type=0x5000000/INTERNAL|WITHOUT_TENSOR,"epoch"
[D]       ----------------------------------------
[D]       INTERNAL OPERATOR (idx=67, name=EpochBlock_69)
[D]        name="" counters="CPU cycles"[45, 36, 2368] dur=0.003ms id=69.69 type=0x1000002/INTERNAL,"epoch (SW)"
[D]       INTERNAL TENSOR #0
[D]        IOTensor: Dequantize_223_out_0, E.69.0, , 0x342e0210 f32[1,1], 4 Bytes
[D]        last=True, data_size=0
[D]       ----------------------------------------
[D]       INFERENCE DONE
[D]        name="network" counters="CPU cycles"[1656439, 16096948, 212172, 17977804, 20129496] dur=22.472ms id=0.0 type=0x0/NONE,"epoch"
[D]       RECEIVE OUTPUT TENSOR #0 last=False..
[D]        IOTensor: Dequantize_223_out_0, O_0, , 0x342e0210 f32[1,1], 4 Bytes
[D]       RECEIVE OUTPUT TENSOR #1 last=False..
[D]        IOTensor: Dequantize_229_out_0, O_1, , 0x342e0100 f32[1,63], 252 Bytes
[D]       RECEIVE OUTPUT TENSOR #2 last=False..
[D]        IOTensor: Dequantize_219_out_0, O_2, , 0x342e0200 f32[1,1], 4 Bytes
[D]       RECEIVE OUTPUT TENSOR #3 last=True..
[D]        IOTensor: Dequantize_226_out_0, O_3, , 0x342e0000 f32[1,63], 252 Bytes
[D]    <- done (target dur=22.457ms)
    collect busif requests
[D]    -> Requested RUN mode: Mode.DEBUG|PERF_ONLY|PER_LAYER (param=0b1100001011, option=0x801)
[D]       SEND INPUT TENSOR #0 ((1, 224, 224, 3)/uint8) last=True..
[D]        buffer is filled with a simple value: 102
[D]       ----------------------------------------
[D]       INTERNAL OPERATOR (idx=0, name=EpochBlock_2)
[D]        name="" counters="CPU cycles"[3481, 121239, 1645] dur=0.158ms id=2.2 type=0x5000000/INTERNAL|WITHOUT_TENSOR,"epoch"
[D]       ----------------------------------------
[D]       INTERNAL OPERATOR (idx=1, name=EpochBlock_3)
[D]        name="" counters="CPU cycles"[15384, 363893, 3215] dur=0.478ms id=3.3 type=0x5000000/INTERNAL|WITHOUT_TENSOR,"epoch"
[D]       ----------------------------------------
[D]       INTERNAL OPERATOR (idx=2, name=EpochBlock_4)
[D]        name="" counters="CPU cycles"[5656, 241681, 1403] dur=0.311ms id=4.4 type=0x5000000/INTERNAL|WITHOUT_TENSOR,"epoch"
[D]       ----------------------------------------
[D]       INTERNAL OPERATOR (idx=3, name=EpochBlock_5)
[D]        name="" counters="CPU cycles"[8712, 242580, 2024] dur=0.317ms id=5.5 type=0x5000000/INTERNAL|WITHOUT_TENSOR,"epoch"
[D]       ----------------------------------------
[D]       INTERNAL OPERATOR (idx=4, name=EpochBlock_6)
[D]        name="" counters="CPU cycles"[18560, 644329, 2331] dur=0.832ms id=6.6 type=0x5000000/INTERNAL|WITHOUT_TENSOR,"epoch"
[D]       ----------------------------------------
[D]       INTERNAL OPERATOR (idx=5, name=EpochBlock_7)
[D]        name="" counters="CPU cycles"[17968, 643289, 2368] dur=0.830ms id=7.7 type=0x5000000/INTERNAL|WITHOUT_TENSOR,"epoch"
[D]       ----------------------------------------
[D]       INTERNAL OPERATOR (idx=6, name=EpochBlock_8)
[D]        name="" counters="CPU cycles"[9528, 64111, 1989] dur=0.095ms id=8.8 type=0x5000000/INTERNAL|WITHOUT_TENSOR,"epoch"
[D]       ----------------------------------------
[D]       INTERNAL OPERATOR (idx=7, name=EpochBlock_9)
[D]        name="" counters="CPU cycles"[33848, 363945, 2291] dur=0.500ms id=9.9 type=0x5000000/INTERNAL|WITHOUT_TENSOR,"epoch"
[D]       ----------------------------------------
[D]       INTERNAL OPERATOR (idx=8, name=EpochBlock_10)
[D]        name="" counters="CPU cycles"[33472, 377401, 2315] dur=0.516ms id=10.10 type=0x5000000/INTERNAL|WITHOUT_TENSOR,"epoch"
[D]       ----------------------------------------
[D]       INTERNAL OPERATOR (idx=9, name=EpochBlock_11)
[D]        name="" counters="CPU cycles"[12216, 67953, 3356] dur=0.104ms id=11.11 type=0x5000000/INTERNAL|WITHOUT_TENSOR,"epoch"
[D]       ----------------------------------------
[D]       INTERNAL OPERATOR (idx=10, name=EpochBlock_12)
[D]        name="" counters="CPU cycles"[33440, 363857, 2468] dur=0.500ms id=12.12 type=0x5000000/INTERNAL|WITHOUT_TENSOR,"epoch"
[D]       ----------------------------------------
[D]       INTERNAL OPERATOR (idx=11, name=EpochBlock_13)
[D]        name="" counters="CPU cycles"[1976, 405689, 795] dur=0.511ms id=13.13 type=0x5000000/INTERNAL|WITHOUT_TENSOR,"epoch"
[D]       ----------------------------------------
[D]       INTERNAL OPERATOR (idx=12, name=EpochBlock_14)
[D]        name="" counters="CPU cycles"[36320, 366681, 3608] dur=0.508ms id=14.14 type=0x5000000/INTERNAL|WITHOUT_TENSOR,"epoch"
[D]       ----------------------------------------
[D]       INTERNAL OPERATOR (idx=13, name=EpochBlock_15)
[D]        name="" counters="CPU cycles"[14264, 36628, 2666] dur=0.067ms id=15.15 type=0x5000000/INTERNAL|WITHOUT_TENSOR,"epoch"
[D]       ----------------------------------------
[D]       INTERNAL OPERATOR (idx=14, name=EpochBlock_16)
[D]        name="" counters="CPU cycles"[53800, 153610, 3007] dur=0.263ms id=16.16 type=0x5000000/INTERNAL|WITHOUT_TENSOR,"epoch"
[D]       ----------------------------------------
[D]       INTERNAL OPERATOR (idx=15, name=EpochBlock_17)
[D]        name="" counters="CPU cycles"[1944, 181905, 795] dur=0.231ms id=17.17 type=0x5000000/INTERNAL|WITHOUT_TENSOR,"epoch"
[D]       ----------------------------------------
[D]       INTERNAL OPERATOR (idx=16, name=EpochBlock_18)
[D]        name="" counters="CPU cycles"[54464, 194427, 3491] dur=0.315ms id=18.18 type=0x5000000/INTERNAL|WITHOUT_TENSOR,"epoch"
[D]       ----------------------------------------
[D]       INTERNAL OPERATOR (idx=17, name=EpochBlock_19)
[D]        name="" counters="CPU cycles"[15576, 60689, 3275] dur=0.099ms id=19.19 type=0x5000000/INTERNAL|WITHOUT_TENSOR,"epoch"
[D]       ----------------------------------------
[D]       INTERNAL OPERATOR (idx=18, name=EpochBlock_20)
[D]        name="" counters="CPU cycles"[53333, 153357, 3053] dur=0.262ms id=20.20 type=0x5000000/INTERNAL|WITHOUT_TENSOR,"epoch"
[D]       ----------------------------------------
[D]       INTERNAL OPERATOR (idx=19, name=EpochBlock_21)
[D]        name="" counters="CPU cycles"[51896, 152697, 2315] dur=0.259ms id=21.21 type=0x5000000/INTERNAL|WITHOUT_TENSOR,"epoch"
[D]       ----------------------------------------
[D]       INTERNAL OPERATOR (idx=20, name=EpochBlock_22)
[D]        name="" counters="CPU cycles"[22272, 45449, 2667] dur=0.088ms id=22.22 type=0x5000000/INTERNAL|WITHOUT_TENSOR,"epoch"
[D]       ----------------------------------------
[D]       INTERNAL OPERATOR (idx=21, name=EpochBlock_23)
[D]        name="" counters="CPU cycles"[102278, 81347, 4337] dur=0.235ms id=23.23 type=0x5000000/INTERNAL|WITHOUT_TENSOR,"epoch"
[D]       ----------------------------------------
[D]       INTERNAL OPERATOR (idx=22, name=EpochBlock_24)
[D]        name="" counters="CPU cycles"[98216, 89185, 2424] dur=0.237ms id=24.24 type=0x5000000/INTERNAL|WITHOUT_TENSOR,"epoch"
[D]       ----------------------------------------
[D]       INTERNAL OPERATOR (idx=23, name=EpochBlock_25)
[D]        name="" counters="CPU cycles"[27000, 87715, 4539] dur=0.149ms id=25.25 type=0x5000000/INTERNAL|WITHOUT_TENSOR,"epoch"
[D]       ----------------------------------------
[D]       INTERNAL OPERATOR (idx=24, name=EpochBlock_26)
[D]        name="" counters="CPU cycles"[102405, 81311, 4275] dur=0.235ms id=26.26 type=0x5000000/INTERNAL|WITHOUT_TENSOR,"epoch"
[D]       ----------------------------------------
[D]       INTERNAL OPERATOR (idx=25, name=EpochBlock_27)
[D]        name="" counters="CPU cycles"[98536, 89193, 2369] dur=0.238ms id=27.27 type=0x5000000/INTERNAL|WITHOUT_TENSOR,"epoch"
[D]       ----------------------------------------
[D]       INTERNAL OPERATOR (idx=26, name=EpochBlock_28)
[D]        name="" counters="CPU cycles"[26552, 87761, 4579] dur=0.149ms id=28.28 type=0x5000000/INTERNAL|WITHOUT_TENSOR,"epoch"
[D]       ----------------------------------------
[D]       INTERNAL OPERATOR (idx=27, name=EpochBlock_29)
[D]        name="" counters="CPU cycles"[102144, 81033, 4307] dur=0.234ms id=29.29 type=0x5000000/INTERNAL|WITHOUT_TENSOR,"epoch"
[D]       ----------------------------------------
[D]       INTERNAL OPERATOR (idx=28, name=EpochBlock_30)
[D]        name="" counters="CPU cycles"[1976, 97761, 795] dur=0.126ms id=30.30 type=0x5000000/INTERNAL|WITHOUT_TENSOR,"epoch"
[D]       ----------------------------------------
[D]       INTERNAL OPERATOR (idx=29, name=EpochBlock_31)
[D]        name="" counters="CPU cycles"[100968, 106531, 3515] dur=0.264ms id=31.31 type=0x5000000/INTERNAL|WITHOUT_TENSOR,"epoch"
[D]       ----------------------------------------
[D]       INTERNAL OPERATOR (idx=30, name=EpochBlock_32)
[D]        name="" counters="CPU cycles"[31520, 118099, 3931] dur=0.192ms id=32.32 type=0x5000000/INTERNAL|WITHOUT_TENSOR,"epoch"
[D]       ----------------------------------------
[D]       INTERNAL OPERATOR (idx=31, name=EpochBlock_33)
[D]        name="" counters="CPU cycles"[1928, 9553, 755] dur=0.015ms id=33.33 type=0x5000000/INTERNAL|WITHOUT_TENSOR,"epoch"
[D]       ----------------------------------------
[D]       INTERNAL OPERATOR (idx=32, name=EpochBlock_34)
[D]        name="" counters="CPU cycles"[12229, 418220, 5451] dur=0.545ms id=34.34 type=0x5000000/INTERNAL|WITHOUT_TENSOR,"epoch"
[D]       ----------------------------------------
[D]       INTERNAL OPERATOR (idx=33, name=EpochBlock_35)
[D]        name="" counters="CPU cycles"[1855, 136649, 715] dur=0.174ms id=35.35 type=0x5000000/INTERNAL|WITHOUT_TENSOR,"epoch"
[D]       ----------------------------------------
[D]       INTERNAL OPERATOR (idx=34, name=EpochBlock_36)
[D]        name="" counters="CPU cycles"[9048, 648049, 4115] dur=0.827ms id=36.36 type=0x5000000/INTERNAL|WITHOUT_TENSOR,"epoch"
[D]       ----------------------------------------
[D]       INTERNAL OPERATOR (idx=35, name=EpochBlock_37)
[D]        name="" counters="CPU cycles"[33040, 160017, 4531] dur=0.247ms id=37.37 type=0x5000000/INTERNAL|WITHOUT_TENSOR,"epoch"
[D]       ----------------------------------------
[D]       INTERNAL OPERATOR (idx=36, name=EpochBlock_38)
[D]        name="" counters="CPU cycles"[1928, 9521, 755] dur=0.015ms id=38.38 type=0x5000000/INTERNAL|WITHOUT_TENSOR,"epoch"
[D]       ----------------------------------------
[D]       INTERNAL OPERATOR (idx=37, name=EpochBlock_39)
[D]        name="" counters="CPU cycles"[12328, 426841, 5499] dur=0.556ms id=39.39 type=0x5000000/INTERNAL|WITHOUT_TENSOR,"epoch"
[D]       ----------------------------------------
[D]       INTERNAL OPERATOR (idx=38, name=EpochBlock_40)
[D]        name="" counters="CPU cycles"[1856, 136641, 795] dur=0.174ms id=40.40 type=0x5000000/INTERNAL|WITHOUT_TENSOR,"epoch"
[D]       ----------------------------------------
[D]       INTERNAL OPERATOR (idx=39, name=EpochBlock_41)
[D]        name="" counters="CPU cycles"[9152, 648745, 4179] dur=0.828ms id=41.41 type=0x5000000/INTERNAL|WITHOUT_TENSOR,"epoch"
[D]       ----------------------------------------
[D]       INTERNAL OPERATOR (idx=40, name=EpochBlock_42)
[D]        name="" counters="CPU cycles"[32832, 159841, 4491] dur=0.246ms id=42.42 type=0x5000000/INTERNAL|WITHOUT_TENSOR,"epoch"
[D]       ----------------------------------------
[D]       INTERNAL OPERATOR (idx=41, name=EpochBlock_43)
[D]        name="" counters="CPU cycles"[1888, 9521, 795] dur=0.015ms id=43.43 type=0x5000000/INTERNAL|WITHOUT_TENSOR,"epoch"
[D]       ----------------------------------------
[D]       INTERNAL OPERATOR (idx=42, name=EpochBlock_44)
[D]        name="" counters="CPU cycles"[12152, 418385, 5523] dur=0.545ms id=44.44 type=0x5000000/INTERNAL|WITHOUT_TENSOR,"epoch"
[D]       ----------------------------------------
[D]       INTERNAL OPERATOR (idx=43, name=EpochBlock_45)
[D]        name="" counters="CPU cycles"[1896, 136641, 755] dur=0.174ms id=45.45 type=0x5000000/INTERNAL|WITHOUT_TENSOR,"epoch"
[D]       ----------------------------------------
[D]       INTERNAL OPERATOR (idx=44, name=EpochBlock_46)
[D]        name="" counters="CPU cycles"[9056, 300169, 4340] dur=0.392ms id=46.46 type=0x5000000/INTERNAL|WITHOUT_TENSOR,"epoch"
[D]       ----------------------------------------
[D]       INTERNAL OPERATOR (idx=45, name=EpochBlock_47)
[D]        name="" counters="CPU cycles"[46808, 260657, 3939] dur=0.389ms id=47.47 type=0x5000000/INTERNAL|WITHOUT_TENSOR,"epoch"
[D]       ----------------------------------------
[D]       INTERNAL OPERATOR (idx=46, name=EpochBlock_48)
[D]        name="" counters="CPU cycles"[12304, 540006, 5493] dur=0.697ms id=48.48 type=0x5000000/INTERNAL|WITHOUT_TENSOR,"epoch"
[D]       ----------------------------------------
[D]       INTERNAL OPERATOR (idx=47, name=EpochBlock_49)
[D]        name="" counters="CPU cycles"[1928, 81193, 755] dur=0.105ms id=49.49 type=0x5000000/INTERNAL|WITHOUT_TENSOR,"epoch"
[D]       ----------------------------------------
[D]       INTERNAL OPERATOR (idx=48, name=EpochBlock_50)
[D]        name="" counters="CPU cycles"[9280, 501841, 4123] dur=0.644ms id=50.50 type=0x5000000/INTERNAL|WITHOUT_TENSOR,"epoch"
[D]       ----------------------------------------
[D]       INTERNAL OPERATOR (idx=49, name=EpochBlock_51)
[D]        name="" counters="CPU cycles"[47800, 445473, 4491] dur=0.622ms id=51.51 type=0x5000000/INTERNAL|WITHOUT_TENSOR,"epoch"
[D]       ----------------------------------------
[D]       INTERNAL OPERATOR (idx=50, name=EpochBlock_52)
[D]        name="" counters="CPU cycles"[12192, 533956, 5481] dur=0.690ms id=52.52 type=0x5000000/INTERNAL|WITHOUT_TENSOR,"epoch"
[D]       ----------------------------------------
[D]       INTERNAL OPERATOR (idx=51, name=EpochBlock_53)
[D]        name="" counters="CPU cycles"[1896, 81169, 715] dur=0.105ms id=53.53 type=0x5000000/INTERNAL|WITHOUT_TENSOR,"epoch"
[D]       ----------------------------------------
[D]       INTERNAL OPERATOR (idx=52, name=EpochBlock_54)
[D]        name="" counters="CPU cycles"[9088, 499721, 4115] dur=0.641ms id=54.54 type=0x5000000/INTERNAL|WITHOUT_TENSOR,"epoch"
[D]       ----------------------------------------
[D]       INTERNAL OPERATOR (idx=53, name=EpochBlock_55)
[D]        name="" counters="CPU cycles"[48124, 445346, 4528] dur=0.622ms id=55.55 type=0x5000000/INTERNAL|WITHOUT_TENSOR,"epoch"
[D]       ----------------------------------------
[D]       INTERNAL OPERATOR (idx=54, name=EpochBlock_56)
[D]        name="" counters="CPU cycles"[12333, 539804, 5459] dur=0.697ms id=56.56 type=0x5000000/INTERNAL|WITHOUT_TENSOR,"epoch"
[D]       ----------------------------------------
[D]       INTERNAL OPERATOR (idx=55, name=EpochBlock_57)
[D]        name="" counters="CPU cycles"[1863, 81201, 755] dur=0.105ms id=57.57 type=0x5000000/INTERNAL|WITHOUT_TENSOR,"epoch"
[D]       ----------------------------------------
[D]       INTERNAL OPERATOR (idx=56, name=EpochBlock_58)
[D]        name="" counters="CPU cycles"[9079, 502425, 4139] dur=0.645ms id=58.58 type=0x5000000/INTERNAL|WITHOUT_TENSOR,"epoch"
[D]       ----------------------------------------
[D]       INTERNAL OPERATOR (idx=57, name=EpochBlock_59)
[D]        name="" counters="CPU cycles"[48255, 445129, 4491] dur=0.622ms id=59.59 type=0x5000000/INTERNAL|WITHOUT_TENSOR,"epoch"
[D]       ----------------------------------------
[D]       INTERNAL OPERATOR (idx=58, name=EpochBlock_60)
[D]        name="" counters="CPU cycles"[12271, 533577, 5488] dur=0.689ms id=60.60 type=0x5000000/INTERNAL|WITHOUT_TENSOR,"epoch"
[D]       ----------------------------------------
[D]       INTERNAL OPERATOR (idx=59, name=EpochBlock_61)
[D]        name="" counters="CPU cycles"[6991, 346977, 3272] dur=0.447ms id=61.61 type=0x5000000/INTERNAL|WITHOUT_TENSOR,"epoch"
[D]       ----------------------------------------
[D]       INTERNAL OPERATOR (idx=60, name=EpochBlock_62)
[D]        name="" counters="CPU cycles"[8527, 1721, 3739] dur=0.017ms id=62.62 type=0x5000000/INTERNAL|WITHOUT_TENSOR,"epoch"
[D]       ----------------------------------------
[D]       INTERNAL OPERATOR (idx=61, name=EpochBlock_63)
[D]        name="" counters="CPU cycles"[18295, 468065, 5056] dur=0.614ms id=63.63 type=0x5000000/INTERNAL|WITHOUT_TENSOR,"epoch"
[D]       ----------------------------------------
[D]       INTERNAL OPERATOR (idx=62, name=EpochBlock_64)
[D]        name="" counters="CPU cycles"[82, 76, 3970] dur=0.005ms id=64.64 type=0x1000002/INTERNAL,"epoch (SW)"
[D]       INTERNAL TENSOR #0
[D]        IOTensor: Dequantize_226_out_0, E.64.0, , 0x342e0000 f32[1,63], 252 Bytes
[D]        last=True, data_size=0
[D]       ----------------------------------------
[D]       INTERNAL OPERATOR (idx=63, name=EpochBlock_65)
[D]        name="" counters="CPU cycles"[16292, 3284, 3584] dur=0.029ms id=65.65 type=0x5000000/INTERNAL|WITHOUT_TENSOR,"epoch"
[D]       ----------------------------------------
[D]       INTERNAL OPERATOR (idx=64, name=EpochBlock_66)
[D]        name="" counters="CPU cycles"[45, 36, 3427] dur=0.004ms id=66.66 type=0x1000002/INTERNAL,"epoch (SW)"
[D]       INTERNAL TENSOR #0
[D]        IOTensor: Dequantize_229_out_0, E.66.0, , 0x342e0100 f32[1,63], 252 Bytes
[D]        last=True, data_size=0
[D]       ----------------------------------------
[D]       INTERNAL OPERATOR (idx=65, name=EpochBlock_67)
[D]        name="" counters="CPU cycles"[45, 36, 2900] dur=0.004ms id=67.67 type=0x1000002/INTERNAL,"epoch (SW)"
[D]       INTERNAL TENSOR #0
[D]        IOTensor: Dequantize_219_out_0, E.67.0, , 0x342e0200 f32[1,1], 4 Bytes
[D]        last=True, data_size=0
[D]       ----------------------------------------
[D]       INTERNAL OPERATOR (idx=66, name=EpochBlock_68)
[D]        name="" counters="CPU cycles"[4575, 563, 1681] dur=0.009ms id=68.68 type=0x5000000/INTERNAL|WITHOUT_TENSOR,"epoch"
[D]       ----------------------------------------
[D]       INTERNAL OPERATOR (idx=67, name=EpochBlock_69)
[D]        name="" counters="CPU cycles"[45, 36, 2331] dur=0.003ms id=69.69 type=0x1000002/INTERNAL,"epoch (SW)"
[D]       INTERNAL TENSOR #0
[D]        IOTensor: Dequantize_223_out_0, E.69.0, , 0x342e0210 f32[1,1], 4 Bytes
[D]        last=True, data_size=0
[D]       ----------------------------------------
[D]       INFERENCE DONE
[D]        name="network" counters="CPU cycles"[1659011, 16096431, 212779, 17980777, 0] dur=22.476ms id=0.0 type=0x0/NONE,"epoch"
[D]       RECEIVE OUTPUT TENSOR #0 last=False..
[D]        IOTensor: Dequantize_223_out_0, O_0, , 0x342e0210 f32[1,1], 4 Bytes
[D]       RECEIVE OUTPUT TENSOR #1 last=False..
[D]        IOTensor: Dequantize_229_out_0, O_1, , 0x342e0100 f32[1,63], 252 Bytes
[D]       RECEIVE OUTPUT TENSOR #2 last=False..
[D]        IOTensor: Dequantize_219_out_0, O_2, , 0x342e0200 f32[1,1], 4 Bytes
[D]       RECEIVE OUTPUT TENSOR #3 last=True..
[D]        IOTensor: Dequantize_226_out_0, O_3, , 0x342e0000 f32[1,63], 252 Bytes
[D]    <- done (target dur=22.460ms)
[D]    -> Requested RUN mode: Mode.DEBUG|PERF_ONLY|PER_LAYER (param=0b1100001011, option=0x800)
[D]       SEND INPUT TENSOR #0 ((1, 224, 224, 3)/uint8) last=True..
[D]        buffer is filled with a simple value: 227
[D]       ----------------------------------------
[D]       INTERNAL OPERATOR (idx=0, name=EpochBlock_2)
[D]        name="" counters="CPU cycles"[3493, 121080, 1657] dur=0.158ms id=2.2 type=0x5000000/INTERNAL|WITHOUT_TENSOR,"epoch"
[D]       ----------------------------------------
[D]       INTERNAL OPERATOR (idx=1, name=EpochBlock_3)
[D]        name="" counters="CPU cycles"[15399, 363857, 3211] dur=0.478ms id=3.3 type=0x5000000/INTERNAL|WITHOUT_TENSOR,"epoch"
[D]       ----------------------------------------
[D]       INTERNAL OPERATOR (idx=2, name=EpochBlock_4)
[D]        name="" counters="CPU cycles"[5695, 241689, 1401] dur=0.311ms id=4.4 type=0x5000000/INTERNAL|WITHOUT_TENSOR,"epoch"
[D]       ----------------------------------------
[D]       INTERNAL OPERATOR (idx=3, name=EpochBlock_5)
[D]        name="" counters="CPU cycles"[8647, 242580, 2024] dur=0.317ms id=5.5 type=0x5000000/INTERNAL|WITHOUT_TENSOR,"epoch"
[D]       ----------------------------------------
[D]       INTERNAL OPERATOR (idx=4, name=EpochBlock_6)
[D]        name="" counters="CPU cycles"[18503, 644329, 2331] dur=0.831ms id=6.6 type=0x5000000/INTERNAL|WITHOUT_TENSOR,"epoch"
[D]       ----------------------------------------
[D]       INTERNAL OPERATOR (idx=5, name=EpochBlock_7)
[D]        name="" counters="CPU cycles"[17823, 643325, 2327] dur=0.829ms id=7.7 type=0x5000000/INTERNAL|WITHOUT_TENSOR,"epoch"
[D]       ----------------------------------------
[D]       INTERNAL OPERATOR (idx=6, name=EpochBlock_8)
[D]        name="" counters="CPU cycles"[9567, 64111, 1989] dur=0.095ms id=8.8 type=0x5000000/INTERNAL|WITHOUT_TENSOR,"epoch"
[D]       ----------------------------------------
[D]       INTERNAL OPERATOR (idx=7, name=EpochBlock_9)
[D]        name="" counters="CPU cycles"[33775, 363945, 2291] dur=0.500ms id=9.9 type=0x5000000/INTERNAL|WITHOUT_TENSOR,"epoch"
[D]       ----------------------------------------
[D]       INTERNAL OPERATOR (idx=8, name=EpochBlock_10)
[D]        name="" counters="CPU cycles"[33487, 377401, 2390] dur=0.517ms id=10.10 type=0x5000000/INTERNAL|WITHOUT_TENSOR,"epoch"
[D]       ----------------------------------------
[D]       INTERNAL OPERATOR (idx=9, name=EpochBlock_11)
[D]        name="" counters="CPU cycles"[12135, 67953, 3356] dur=0.104ms id=11.11 type=0x5000000/INTERNAL|WITHOUT_TENSOR,"epoch"
[D]       ----------------------------------------
[D]       INTERNAL OPERATOR (idx=10, name=EpochBlock_12)
[D]        name="" counters="CPU cycles"[33447, 363857, 2406] dur=0.500ms id=12.12 type=0x5000000/INTERNAL|WITHOUT_TENSOR,"epoch"
[D]       ----------------------------------------
[D]       INTERNAL OPERATOR (idx=11, name=EpochBlock_13)
[D]        name="" counters="CPU cycles"[1935, 405673, 833] dur=0.511ms id=13.13 type=0x5000000/INTERNAL|WITHOUT_TENSOR,"epoch"
[D]       ----------------------------------------
[D]       INTERNAL OPERATOR (idx=12, name=EpochBlock_14)
[D]        name="" counters="CPU cycles"[36165, 366635, 3571] dur=0.508ms id=14.14 type=0x5000000/INTERNAL|WITHOUT_TENSOR,"epoch"
[D]       ----------------------------------------
[D]       INTERNAL OPERATOR (idx=13, name=EpochBlock_15)
[D]        name="" counters="CPU cycles"[14279, 36628, 2608] dur=0.067ms id=15.15 type=0x5000000/INTERNAL|WITHOUT_TENSOR,"epoch"
[D]       ----------------------------------------
[D]       INTERNAL OPERATOR (idx=14, name=EpochBlock_16)
[D]        name="" counters="CPU cycles"[53687, 153489, 3008] dur=0.263ms id=16.16 type=0x5000000/INTERNAL|WITHOUT_TENSOR,"epoch"
[D]       ----------------------------------------
[D]       INTERNAL OPERATOR (idx=15, name=EpochBlock_17)
[D]        name="" counters="CPU cycles"[1943, 181913, 755] dur=0.231ms id=17.17 type=0x5000000/INTERNAL|WITHOUT_TENSOR,"epoch"
[D]       ----------------------------------------
[D]       INTERNAL OPERATOR (idx=16, name=EpochBlock_18)
[D]        name="" counters="CPU cycles"[54839, 194403, 3491] dur=0.316ms id=18.18 type=0x5000000/INTERNAL|WITHOUT_TENSOR,"epoch"
[D]       ----------------------------------------
[D]       INTERNAL OPERATOR (idx=17, name=EpochBlock_19)
[D]        name="" counters="CPU cycles"[15511, 60651, 3275] dur=0.099ms id=19.19 type=0x5000000/INTERNAL|WITHOUT_TENSOR,"epoch"
[D]       ----------------------------------------
[D]       INTERNAL OPERATOR (idx=18, name=EpochBlock_20)
[D]        name="" counters="CPU cycles"[53293, 153275, 2979] dur=0.262ms id=20.20 type=0x5000000/INTERNAL|WITHOUT_TENSOR,"epoch"
[D]       ----------------------------------------
[D]       INTERNAL OPERATOR (idx=19, name=EpochBlock_21)
[D]        name="" counters="CPU cycles"[52295, 152697, 2307] dur=0.259ms id=21.21 type=0x5000000/INTERNAL|WITHOUT_TENSOR,"epoch"
[D]       ----------------------------------------
[D]       INTERNAL OPERATOR (idx=20, name=EpochBlock_22)
[D]        name="" counters="CPU cycles"[22543, 45492, 2608] dur=0.088ms id=22.22 type=0x5000000/INTERNAL|WITHOUT_TENSOR,"epoch"
[D]       ----------------------------------------
[D]       INTERNAL OPERATOR (idx=21, name=EpochBlock_23)
[D]        name="" counters="CPU cycles"[102197, 81347, 4444] dur=0.235ms id=23.23 type=0x5000000/INTERNAL|WITHOUT_TENSOR,"epoch"
[D]       ----------------------------------------
[D]       INTERNAL OPERATOR (idx=22, name=EpochBlock_24)
[D]        name="" counters="CPU cycles"[98207, 89193, 2355] dur=0.237ms id=24.24 type=0x5000000/INTERNAL|WITHOUT_TENSOR,"epoch"
[D]       ----------------------------------------
[D]       INTERNAL OPERATOR (idx=23, name=EpochBlock_25)
[D]        name="" counters="CPU cycles"[26183, 87756, 4536] dur=0.148ms id=25.25 type=0x5000000/INTERNAL|WITHOUT_TENSOR,"epoch"
[D]       ----------------------------------------
[D]       INTERNAL OPERATOR (idx=24, name=EpochBlock_26)
[D]        name="" counters="CPU cycles"[102444, 81348, 4235] dur=0.235ms id=26.26 type=0x5000000/INTERNAL|WITHOUT_TENSOR,"epoch"
[D]       ----------------------------------------
[D]       INTERNAL OPERATOR (idx=25, name=EpochBlock_27)
[D]        name="" counters="CPU cycles"[98413, 89147, 2368] dur=0.237ms id=27.27 type=0x5000000/INTERNAL|WITHOUT_TENSOR,"epoch"
[D]       ----------------------------------------
[D]       INTERNAL OPERATOR (idx=26, name=EpochBlock_28)
[D]        name="" counters="CPU cycles"[26263, 87761, 4576] dur=0.148ms id=28.28 type=0x5000000/INTERNAL|WITHOUT_TENSOR,"epoch"
[D]       ----------------------------------------
[D]       INTERNAL OPERATOR (idx=27, name=EpochBlock_29)
[D]        name="" counters="CPU cycles"[102127, 81033, 4354] dur=0.234ms id=29.29 type=0x5000000/INTERNAL|WITHOUT_TENSOR,"epoch"
[D]       ----------------------------------------
[D]       INTERNAL OPERATOR (idx=28, name=EpochBlock_30)
[D]        name="" counters="CPU cycles"[1983, 97745, 752] dur=0.126ms id=30.30 type=0x5000000/INTERNAL|WITHOUT_TENSOR,"epoch"
[D]       ----------------------------------------
[D]       INTERNAL OPERATOR (idx=29, name=EpochBlock_31)
[D]        name="" counters="CPU cycles"[101221, 106491, 3451] dur=0.264ms id=31.31 type=0x5000000/INTERNAL|WITHOUT_TENSOR,"epoch"
[D]       ----------------------------------------
[D]       INTERNAL OPERATOR (idx=30, name=EpochBlock_32)
[D]        name="" counters="CPU cycles"[31574, 118172, 3930] dur=0.192ms id=32.32 type=0x5000000/INTERNAL|WITHOUT_TENSOR,"epoch"
[D]       ----------------------------------------
[D]       INTERNAL OPERATOR (idx=31, name=EpochBlock_33)
[D]        name="" counters="CPU cycles"[1919, 9553, 755] dur=0.015ms id=33.33 type=0x5000000/INTERNAL|WITHOUT_TENSOR,"epoch"
[D]       ----------------------------------------
[D]       INTERNAL OPERATOR (idx=32, name=EpochBlock_34)
[D]        name="" counters="CPU cycles"[12380, 418268, 5451] dur=0.545ms id=34.34 type=0x5000000/INTERNAL|WITHOUT_TENSOR,"epoch"
[D]       ----------------------------------------
[D]       INTERNAL OPERATOR (idx=33, name=EpochBlock_35)
[D]        name="" counters="CPU cycles"[1895, 136633, 715] dur=0.174ms id=35.35 type=0x5000000/INTERNAL|WITHOUT_TENSOR,"epoch"
[D]       ----------------------------------------
[D]       INTERNAL OPERATOR (idx=34, name=EpochBlock_36)
[D]        name="" counters="CPU cycles"[9055, 648129, 4115] dur=0.827ms id=36.36 type=0x5000000/INTERNAL|WITHOUT_TENSOR,"epoch"
[D]       ----------------------------------------
[D]       INTERNAL OPERATOR (idx=35, name=EpochBlock_37)
[D]        name="" counters="CPU cycles"[33255, 160017, 4507] dur=0.247ms id=37.37 type=0x5000000/INTERNAL|WITHOUT_TENSOR,"epoch"
[D]       ----------------------------------------
[D]       INTERNAL OPERATOR (idx=36, name=EpochBlock_38)
[D]        name="" counters="CPU cycles"[1967, 9521, 755] dur=0.015ms id=38.38 type=0x5000000/INTERNAL|WITHOUT_TENSOR,"epoch"
[D]       ----------------------------------------
[D]       INTERNAL OPERATOR (idx=37, name=EpochBlock_39)
[D]        name="" counters="CPU cycles"[12327, 427073, 5536] dur=0.556ms id=39.39 type=0x5000000/INTERNAL|WITHOUT_TENSOR,"epoch"
[D]       ----------------------------------------
[D]       INTERNAL OPERATOR (idx=38, name=EpochBlock_40)
[D]        name="" counters="CPU cycles"[1903, 136649, 795] dur=0.174ms id=40.40 type=0x5000000/INTERNAL|WITHOUT_TENSOR,"epoch"
[D]       ----------------------------------------
[D]       INTERNAL OPERATOR (idx=39, name=EpochBlock_41)
[D]        name="" counters="CPU cycles"[9087, 648685, 4179] dur=0.827ms id=41.41 type=0x5000000/INTERNAL|WITHOUT_TENSOR,"epoch"
[D]       ----------------------------------------
[D]       INTERNAL OPERATOR (idx=40, name=EpochBlock_42)
[D]        name="" counters="CPU cycles"[32735, 159849, 4491] dur=0.246ms id=42.42 type=0x5000000/INTERNAL|WITHOUT_TENSOR,"epoch"
[D]       ----------------------------------------
[D]       INTERNAL OPERATOR (idx=41, name=EpochBlock_43)
[D]        name="" counters="CPU cycles"[1959, 9521, 755] dur=0.015ms id=43.43 type=0x5000000/INTERNAL|WITHOUT_TENSOR,"epoch"
[D]       ----------------------------------------
[D]       INTERNAL OPERATOR (idx=42, name=EpochBlock_44)
[D]        name="" counters="CPU cycles"[12191, 418465, 5427] dur=0.545ms id=44.44 type=0x5000000/INTERNAL|WITHOUT_TENSOR,"epoch"
[D]       ----------------------------------------
[D]       INTERNAL OPERATOR (idx=43, name=EpochBlock_45)
[D]        name="" counters="CPU cycles"[1895, 136649, 755] dur=0.174ms id=45.45 type=0x5000000/INTERNAL|WITHOUT_TENSOR,"epoch"
[D]       ----------------------------------------
[D]       INTERNAL OPERATOR (idx=44, name=EpochBlock_46)
[D]        name="" counters="CPU cycles"[9063, 300257, 4262] dur=0.392ms id=46.46 type=0x5000000/INTERNAL|WITHOUT_TENSOR,"epoch"
[D]       ----------------------------------------
[D]       INTERNAL OPERATOR (idx=45, name=EpochBlock_47)
[D]        name="" counters="CPU cycles"[46596, 260591, 3976] dur=0.389ms id=47.47 type=0x5000000/INTERNAL|WITHOUT_TENSOR,"epoch"
[D]       ----------------------------------------
[D]       INTERNAL OPERATOR (idx=46, name=EpochBlock_48)
[D]        name="" counters="CPU cycles"[12271, 540147, 5459] dur=0.697ms id=48.48 type=0x5000000/INTERNAL|WITHOUT_TENSOR,"epoch"
[D]       ----------------------------------------
[D]       INTERNAL OPERATOR (idx=47, name=EpochBlock_49)
[D]        name="" counters="CPU cycles"[1943, 81217, 755] dur=0.105ms id=49.49 type=0x5000000/INTERNAL|WITHOUT_TENSOR,"epoch"
[D]       ----------------------------------------
[D]       INTERNAL OPERATOR (idx=48, name=EpochBlock_50)
[D]        name="" counters="CPU cycles"[9263, 501969, 4059] dur=0.644ms id=50.50 type=0x5000000/INTERNAL|WITHOUT_TENSOR,"epoch"
[D]       ----------------------------------------
[D]       INTERNAL OPERATOR (idx=49, name=EpochBlock_51)
[D]        name="" counters="CPU cycles"[47743, 445473, 4523] dur=0.622ms id=51.51 type=0x5000000/INTERNAL|WITHOUT_TENSOR,"epoch"
[D]       ----------------------------------------
[D]       INTERNAL OPERATOR (idx=50, name=EpochBlock_52)
[D]        name="" counters="CPU cycles"[12159, 533867, 5526] dur=0.689ms id=52.52 type=0x5000000/INTERNAL|WITHOUT_TENSOR,"epoch"
[D]       ----------------------------------------
[D]       INTERNAL OPERATOR (idx=51, name=EpochBlock_53)
[D]        name="" counters="CPU cycles"[1935, 81177, 715] dur=0.105ms id=53.53 type=0x5000000/INTERNAL|WITHOUT_TENSOR,"epoch"
[D]       ----------------------------------------
[D]       INTERNAL OPERATOR (idx=52, name=EpochBlock_54)
[D]        name="" counters="CPU cycles"[9007, 500025, 4115] dur=0.641ms id=54.54 type=0x5000000/INTERNAL|WITHOUT_TENSOR,"epoch"
[D]       ----------------------------------------
[D]       INTERNAL OPERATOR (idx=53, name=EpochBlock_55)
[D]        name="" counters="CPU cycles"[47954, 445298, 4504] dur=0.622ms id=55.55 type=0x5000000/INTERNAL|WITHOUT_TENSOR,"epoch"
[D]       ----------------------------------------
[D]       INTERNAL OPERATOR (idx=54, name=EpochBlock_56)
[D]        name="" counters="CPU cycles"[12271, 539817, 5459] dur=0.697ms id=56.56 type=0x5000000/INTERNAL|WITHOUT_TENSOR,"epoch"
[D]       ----------------------------------------
[D]       INTERNAL OPERATOR (idx=55, name=EpochBlock_57)
[D]        name="" counters="CPU cycles"[1863, 81177, 755] dur=0.105ms id=57.57 type=0x5000000/INTERNAL|WITHOUT_TENSOR,"epoch"
[D]       ----------------------------------------
[D]       INTERNAL OPERATOR (idx=56, name=EpochBlock_58)
[D]        name="" counters="CPU cycles"[9071, 502225, 4139] dur=0.644ms id=58.58 type=0x5000000/INTERNAL|WITHOUT_TENSOR,"epoch"
[D]       ----------------------------------------
[D]       INTERNAL OPERATOR (idx=57, name=EpochBlock_59)
[D]        name="" counters="CPU cycles"[47943, 445129, 4427] dur=0.622ms id=59.59 type=0x5000000/INTERNAL|WITHOUT_TENSOR,"epoch"
[D]       ----------------------------------------
[D]       INTERNAL OPERATOR (idx=58, name=EpochBlock_60)
[D]        name="" counters="CPU cycles"[12207, 533625, 5387] dur=0.689ms id=60.60 type=0x5000000/INTERNAL|WITHOUT_TENSOR,"epoch"
[D]       ----------------------------------------
[D]       INTERNAL OPERATOR (idx=59, name=EpochBlock_61)
[D]        name="" counters="CPU cycles"[6999, 346977, 3272] dur=0.447ms id=61.61 type=0x5000000/INTERNAL|WITHOUT_TENSOR,"epoch"
[D]       ----------------------------------------
[D]       INTERNAL OPERATOR (idx=60, name=EpochBlock_62)
[D]        name="" counters="CPU cycles"[8604, 1648, 3775] dur=0.018ms id=62.62 type=0x5000000/INTERNAL|WITHOUT_TENSOR,"epoch"
[D]       ----------------------------------------
[D]       INTERNAL OPERATOR (idx=61, name=EpochBlock_63)
[D]        name="" counters="CPU cycles"[18356, 468044, 5056] dur=0.614ms id=63.63 type=0x5000000/INTERNAL|WITHOUT_TENSOR,"epoch"
[D]       ----------------------------------------
[D]       INTERNAL OPERATOR (idx=62, name=EpochBlock_64)
[D]        name="" counters="CPU cycles"[45, 75, 3930] dur=0.005ms id=64.64 type=0x1000002/INTERNAL,"epoch (SW)"
[D]       INTERNAL TENSOR #0
[D]        IOTensor: Dequantize_226_out_0, E.64.0, , 0x342e0000 f32[1,63], 252 Bytes
[D]        last=True, data_size=0
[D]       ----------------------------------------
[D]       INTERNAL OPERATOR (idx=63, name=EpochBlock_65)
[D]        name="" counters="CPU cycles"[15759, 3361, 3539] dur=0.028ms id=65.65 type=0x5000000/INTERNAL|WITHOUT_TENSOR,"epoch"
[D]       ----------------------------------------
[D]       INTERNAL OPERATOR (idx=64, name=EpochBlock_66)
[D]        name="" counters="CPU cycles"[45, 36, 3277] dur=0.004ms id=66.66 type=0x1000002/INTERNAL,"epoch (SW)"
[D]       INTERNAL TENSOR #0
[D]        IOTensor: Dequantize_229_out_0, E.66.0, , 0x342e0100 f32[1,63], 252 Bytes
[D]        last=True, data_size=0
[D]       ----------------------------------------
[D]       INTERNAL OPERATOR (idx=65, name=EpochBlock_67)
[D]        name="" counters="CPU cycles"[45, 36, 2833] dur=0.004ms id=67.67 type=0x1000002/INTERNAL,"epoch (SW)"
[D]       INTERNAL TENSOR #0
[D]        IOTensor: Dequantize_219_out_0, E.67.0, , 0x342e0200 f32[1,1], 4 Bytes
[D]        last=True, data_size=0
[D]       ----------------------------------------
[D]       INTERNAL OPERATOR (idx=66, name=EpochBlock_68)
[D]        name="" counters="CPU cycles"[4615, 563, 1706] dur=0.009ms id=68.68 type=0x5000000/INTERNAL|WITHOUT_TENSOR,"epoch"
[D]       ----------------------------------------
[D]       INTERNAL OPERATOR (idx=67, name=EpochBlock_69)
[D]        name="" counters="CPU cycles"[45, 36, 2331] dur=0.003ms id=69.69 type=0x1000002/INTERNAL,"epoch (SW)"
[D]       INTERNAL TENSOR #0
[D]        IOTensor: Dequantize_223_out_0, E.69.0, , 0x342e0210 f32[1,1], 4 Bytes
[D]        last=True, data_size=0
[D]       ----------------------------------------
[D]       INFERENCE DONE
[D]        name="network" counters="CPU cycles"[1657443, 16096758, 211835, 17978443, 0] dur=22.473ms id=0.0 type=0x0/NONE,"epoch"
[D]       RECEIVE OUTPUT TENSOR #0 last=False..
[D]        IOTensor: Dequantize_223_out_0, O_0, , 0x342e0210 f32[1,1], 4 Bytes
[D]       RECEIVE OUTPUT TENSOR #1 last=False..
[D]        IOTensor: Dequantize_229_out_0, O_1, , 0x342e0100 f32[1,63], 252 Bytes
[D]       RECEIVE OUTPUT TENSOR #2 last=False..
[D]        IOTensor: Dequantize_219_out_0, O_2, , 0x342e0200 f32[1,1], 4 Bytes
[D]       RECEIVE OUTPUT TENSOR #3 last=True..
[D]        IOTensor: Dequantize_226_out_0, O_3, , 0x342e0000 f32[1,63], 252 Bytes
[D]    <- done (target dur=22.458ms)
[D]    -> Requested RUN mode: Mode.DEBUG|PERF_ONLY|PER_LAYER (param=0b1100001011, option=0x800)
[D]       SEND INPUT TENSOR #0 ((1, 224, 224, 3)/uint8) last=True..
[D]        buffer is filled with a simple value: 88
[D]       ----------------------------------------
[D]       INTERNAL OPERATOR (idx=0, name=EpochBlock_2)
[D]        name="" counters="CPU cycles"[3493, 121151, 1607] dur=0.158ms id=2.2 type=0x5000000/INTERNAL|WITHOUT_TENSOR,"epoch"
[D]       ----------------------------------------
[D]       INTERNAL OPERATOR (idx=1, name=EpochBlock_3)
[D]        name="" counters="CPU cycles"[15447, 363897, 3337] dur=0.478ms id=3.3 type=0x5000000/INTERNAL|WITHOUT_TENSOR,"epoch"
[D]       ----------------------------------------
[D]       INTERNAL OPERATOR (idx=2, name=EpochBlock_4)
[D]        name="" counters="CPU cycles"[5631, 241689, 1401] dur=0.311ms id=4.4 type=0x5000000/INTERNAL|WITHOUT_TENSOR,"epoch"
[D]       ----------------------------------------
[D]       INTERNAL OPERATOR (idx=3, name=EpochBlock_5)
[D]        name="" counters="CPU cycles"[8615, 242537, 2027] dur=0.316ms id=5.5 type=0x5000000/INTERNAL|WITHOUT_TENSOR,"epoch"
[D]       ----------------------------------------
[D]       INTERNAL OPERATOR (idx=4, name=EpochBlock_6)
[D]        name="" counters="CPU cycles"[18431, 644329, 2331] dur=0.831ms id=6.6 type=0x5000000/INTERNAL|WITHOUT_TENSOR,"epoch"
[D]       ----------------------------------------
[D]       INTERNAL OPERATOR (idx=5, name=EpochBlock_7)
[D]        name="" counters="CPU cycles"[17903, 643325, 2327] dur=0.829ms id=7.7 type=0x5000000/INTERNAL|WITHOUT_TENSOR,"epoch"
[D]       ----------------------------------------
[D]       INTERNAL OPERATOR (idx=6, name=EpochBlock_8)
[D]        name="" counters="CPU cycles"[9615, 64111, 1989] dur=0.095ms id=8.8 type=0x5000000/INTERNAL|WITHOUT_TENSOR,"epoch"
[D]       ----------------------------------------
[D]       INTERNAL OPERATOR (idx=7, name=EpochBlock_9)
[D]        name="" counters="CPU cycles"[33815, 363945, 2291] dur=0.500ms id=9.9 type=0x5000000/INTERNAL|WITHOUT_TENSOR,"epoch"
[D]       ----------------------------------------
[D]       INTERNAL OPERATOR (idx=8, name=EpochBlock_10)
[D]        name="" counters="CPU cycles"[33367, 377401, 2352] dur=0.516ms id=10.10 type=0x5000000/INTERNAL|WITHOUT_TENSOR,"epoch"
[D]       ----------------------------------------
[D]       INTERNAL OPERATOR (idx=9, name=EpochBlock_11)
[D]        name="" counters="CPU cycles"[12247, 67953, 3356] dur=0.104ms id=11.11 type=0x5000000/INTERNAL|WITHOUT_TENSOR,"epoch"
[D]       ----------------------------------------
[D]       INTERNAL OPERATOR (idx=10, name=EpochBlock_12)
[D]        name="" counters="CPU cycles"[33439, 363857, 2468] dur=0.500ms id=12.12 type=0x5000000/INTERNAL|WITHOUT_TENSOR,"epoch"
[D]       ----------------------------------------
[D]       INTERNAL OPERATOR (idx=11, name=EpochBlock_13)
[D]        name="" counters="CPU cycles"[1935, 405681, 832] dur=0.511ms id=13.13 type=0x5000000/INTERNAL|WITHOUT_TENSOR,"epoch"
[D]       ----------------------------------------
[D]       INTERNAL OPERATOR (idx=12, name=EpochBlock_14)
[D]        name="" counters="CPU cycles"[36375, 366689, 3608] dur=0.508ms id=14.14 type=0x5000000/INTERNAL|WITHOUT_TENSOR,"epoch"
[D]       ----------------------------------------
[D]       INTERNAL OPERATOR (idx=13, name=EpochBlock_15)
[D]        name="" counters="CPU cycles"[14359, 36585, 2669] dur=0.067ms id=15.15 type=0x5000000/INTERNAL|WITHOUT_TENSOR,"epoch"
[D]       ----------------------------------------
[D]       INTERNAL OPERATOR (idx=14, name=EpochBlock_16)
[D]        name="" counters="CPU cycles"[53831, 153570, 2911] dur=0.263ms id=16.16 type=0x5000000/INTERNAL|WITHOUT_TENSOR,"epoch"
[D]       ----------------------------------------
[D]       INTERNAL OPERATOR (idx=15, name=EpochBlock_17)
[D]        name="" counters="CPU cycles"[1983, 181889, 755] dur=0.231ms id=17.17 type=0x5000000/INTERNAL|WITHOUT_TENSOR,"epoch"
[D]       ----------------------------------------
[D]       INTERNAL OPERATOR (idx=16, name=EpochBlock_18)
[D]        name="" counters="CPU cycles"[55223, 194537, 3584] dur=0.317ms id=18.18 type=0x5000000/INTERNAL|WITHOUT_TENSOR,"epoch"
[D]       ----------------------------------------
[D]       INTERNAL OPERATOR (idx=17, name=EpochBlock_19)
[D]        name="" counters="CPU cycles"[15903, 60689, 3275] dur=0.100ms id=19.19 type=0x5000000/INTERNAL|WITHOUT_TENSOR,"epoch"
[D]       ----------------------------------------
[D]       INTERNAL OPERATOR (idx=18, name=EpochBlock_20)
[D]        name="" counters="CPU cycles"[53884, 153319, 3014] dur=0.263ms id=20.20 type=0x5000000/INTERNAL|WITHOUT_TENSOR,"epoch"
[D]       ----------------------------------------
[D]       INTERNAL OPERATOR (idx=19, name=EpochBlock_21)
[D]        name="" counters="CPU cycles"[51927, 152697, 2315] dur=0.259ms id=21.21 type=0x5000000/INTERNAL|WITHOUT_TENSOR,"epoch"
[D]       ----------------------------------------
[D]       INTERNAL OPERATOR (idx=20, name=EpochBlock_22)
[D]        name="" counters="CPU cycles"[22607, 45449, 2611] dur=0.088ms id=22.22 type=0x5000000/INTERNAL|WITHOUT_TENSOR,"epoch"
[D]       ----------------------------------------
[D]       INTERNAL OPERATOR (idx=21, name=EpochBlock_23)
[D]        name="" counters="CPU cycles"[102191, 81385, 4350] dur=0.235ms id=23.23 type=0x5000000/INTERNAL|WITHOUT_TENSOR,"epoch"
[D]       ----------------------------------------
[D]       INTERNAL OPERATOR (idx=22, name=EpochBlock_24)
[D]        name="" counters="CPU cycles"[98431, 89233, 2328] dur=0.237ms id=24.24 type=0x5000000/INTERNAL|WITHOUT_TENSOR,"epoch"
[D]       ----------------------------------------
[D]       INTERNAL OPERATOR (idx=23, name=EpochBlock_25)
[D]        name="" counters="CPU cycles"[26415, 87753, 4539] dur=0.148ms id=25.25 type=0x5000000/INTERNAL|WITHOUT_TENSOR,"epoch"
[D]       ----------------------------------------
[D]       INTERNAL OPERATOR (idx=24, name=EpochBlock_26)
[D]        name="" counters="CPU cycles"[102228, 81348, 4235] dur=0.235ms id=26.26 type=0x5000000/INTERNAL|WITHOUT_TENSOR,"epoch"
[D]       ----------------------------------------
[D]       INTERNAL OPERATOR (idx=25, name=EpochBlock_27)
[D]        name="" counters="CPU cycles"[98133, 89155, 2315] dur=0.237ms id=27.27 type=0x5000000/INTERNAL|WITHOUT_TENSOR,"epoch"
[D]       ----------------------------------------
[D]       INTERNAL OPERATOR (idx=26, name=EpochBlock_28)
[D]        name="" counters="CPU cycles"[26175, 87761, 4571] dur=0.148ms id=28.28 type=0x5000000/INTERNAL|WITHOUT_TENSOR,"epoch"
[D]       ----------------------------------------
[D]       INTERNAL OPERATOR (idx=27, name=EpochBlock_29)
[D]        name="" counters="CPU cycles"[102375, 81033, 4272] dur=0.235ms id=29.29 type=0x5000000/INTERNAL|WITHOUT_TENSOR,"epoch"
[D]       ----------------------------------------
[D]       INTERNAL OPERATOR (idx=28, name=EpochBlock_30)
[D]        name="" counters="CPU cycles"[1943, 97769, 715] dur=0.126ms id=30.30 type=0x5000000/INTERNAL|WITHOUT_TENSOR,"epoch"
[D]       ----------------------------------------
[D]       INTERNAL OPERATOR (idx=29, name=EpochBlock_31)
[D]        name="" counters="CPU cycles"[101197, 106491, 3552] dur=0.264ms id=31.31 type=0x5000000/INTERNAL|WITHOUT_TENSOR,"epoch"
[D]       ----------------------------------------
[D]       INTERNAL OPERATOR (idx=30, name=EpochBlock_32)
[D]        name="" counters="CPU cycles"[31567, 118137, 3931] dur=0.192ms id=32.32 type=0x5000000/INTERNAL|WITHOUT_TENSOR,"epoch"
[D]       ----------------------------------------
[D]       INTERNAL OPERATOR (idx=31, name=EpochBlock_33)
[D]        name="" counters="CPU cycles"[1927, 9553, 755] dur=0.015ms id=33.33 type=0x5000000/INTERNAL|WITHOUT_TENSOR,"epoch"
[D]       ----------------------------------------
[D]       INTERNAL OPERATOR (idx=32, name=EpochBlock_34)
[D]        name="" counters="CPU cycles"[12260, 418276, 5387] dur=0.545ms id=34.34 type=0x5000000/INTERNAL|WITHOUT_TENSOR,"epoch"
[D]       ----------------------------------------
[D]       INTERNAL OPERATOR (idx=33, name=EpochBlock_35)
[D]        name="" counters="CPU cycles"[1855, 136641, 715] dur=0.174ms id=35.35 type=0x5000000/INTERNAL|WITHOUT_TENSOR,"epoch"
[D]       ----------------------------------------
[D]       INTERNAL OPERATOR (idx=34, name=EpochBlock_36)
[D]        name="" counters="CPU cycles"[8959, 648081, 4115] dur=0.826ms id=36.36 type=0x5000000/INTERNAL|WITHOUT_TENSOR,"epoch"
[D]       ----------------------------------------
[D]       INTERNAL OPERATOR (idx=35, name=EpochBlock_37)
[D]        name="" counters="CPU cycles"[32591, 160017, 4507] dur=0.246ms id=37.37 type=0x5000000/INTERNAL|WITHOUT_TENSOR,"epoch"
[D]       ----------------------------------------
[D]       INTERNAL OPERATOR (idx=36, name=EpochBlock_38)
[D]        name="" counters="CPU cycles"[1887, 9521, 755] dur=0.015ms id=38.38 type=0x5000000/INTERNAL|WITHOUT_TENSOR,"epoch"
[D]       ----------------------------------------
[D]       INTERNAL OPERATOR (idx=37, name=EpochBlock_39)
[D]        name="" counters="CPU cycles"[12397, 426603, 5537] dur=0.556ms id=39.39 type=0x5000000/INTERNAL|WITHOUT_TENSOR,"epoch"
[D]       ----------------------------------------
[D]       INTERNAL OPERATOR (idx=38, name=EpochBlock_40)
[D]        name="" counters="CPU cycles"[1943, 136649, 755] dur=0.174ms id=40.40 type=0x5000000/INTERNAL|WITHOUT_TENSOR,"epoch"
[D]       ----------------------------------------
[D]       INTERNAL OPERATOR (idx=39, name=EpochBlock_41)
[D]        name="" counters="CPU cycles"[9039, 648425, 4139] dur=0.827ms id=41.41 type=0x5000000/INTERNAL|WITHOUT_TENSOR,"epoch"
[D]       ----------------------------------------
[D]       INTERNAL OPERATOR (idx=40, name=EpochBlock_42)
[D]        name="" counters="CPU cycles"[32972, 159804, 4427] dur=0.247ms id=42.42 type=0x5000000/INTERNAL|WITHOUT_TENSOR,"epoch"
[D]       ----------------------------------------
[D]       INTERNAL OPERATOR (idx=41, name=EpochBlock_43)
[D]        name="" counters="CPU cycles"[1927, 9521, 755] dur=0.015ms id=43.43 type=0x5000000/INTERNAL|WITHOUT_TENSOR,"epoch"
[D]       ----------------------------------------
[D]       INTERNAL OPERATOR (idx=42, name=EpochBlock_44)
[D]        name="" counters="CPU cycles"[12151, 418377, 5491] dur=0.545ms id=44.44 type=0x5000000/INTERNAL|WITHOUT_TENSOR,"epoch"
[D]       ----------------------------------------
[D]       INTERNAL OPERATOR (idx=43, name=EpochBlock_45)
[D]        name="" counters="CPU cycles"[1887, 136657, 755] dur=0.174ms id=45.45 type=0x5000000/INTERNAL|WITHOUT_TENSOR,"epoch"
[D]       ----------------------------------------
[D]       INTERNAL OPERATOR (idx=44, name=EpochBlock_46)
[D]        name="" counters="CPU cycles"[9063, 300257, 4262] dur=0.392ms id=46.46 type=0x5000000/INTERNAL|WITHOUT_TENSOR,"epoch"
[D]       ----------------------------------------
[D]       INTERNAL OPERATOR (idx=45, name=EpochBlock_47)
[D]        name="" counters="CPU cycles"[46804, 260620, 3976] dur=0.389ms id=47.47 type=0x5000000/INTERNAL|WITHOUT_TENSOR,"epoch"
[D]       ----------------------------------------
[D]       INTERNAL OPERATOR (idx=46, name=EpochBlock_48)
[D]        name="" counters="CPU cycles"[12223, 543798, 5493] dur=0.702ms id=48.48 type=0x5000000/INTERNAL|WITHOUT_TENSOR,"epoch"
[D]       ----------------------------------------
[D]       INTERNAL OPERATOR (idx=47, name=EpochBlock_49)
[D]        name="" counters="CPU cycles"[1935, 81177, 755] dur=0.105ms id=49.49 type=0x5000000/INTERNAL|WITHOUT_TENSOR,"epoch"
[D]       ----------------------------------------
[D]       INTERNAL OPERATOR (idx=48, name=EpochBlock_50)
[D]        name="" counters="CPU cycles"[9247, 501865, 4059] dur=0.644ms id=50.50 type=0x5000000/INTERNAL|WITHOUT_TENSOR,"epoch"
[D]       ----------------------------------------
[D]       INTERNAL OPERATOR (idx=49, name=EpochBlock_51)
[D]        name="" counters="CPU cycles"[47951, 445473, 4427] dur=0.622ms id=51.51 type=0x5000000/INTERNAL|WITHOUT_TENSOR,"epoch"
[D]       ----------------------------------------
[D]       INTERNAL OPERATOR (idx=50, name=EpochBlock_52)
[D]        name="" counters="CPU cycles"[12263, 533813, 5451] dur=0.689ms id=52.52 type=0x5000000/INTERNAL|WITHOUT_TENSOR,"epoch"
[D]       ----------------------------------------
[D]       INTERNAL OPERATOR (idx=51, name=EpochBlock_53)
[D]        name="" counters="CPU cycles"[1943, 81177, 715] dur=0.105ms id=53.53 type=0x5000000/INTERNAL|WITHOUT_TENSOR,"epoch"
[D]       ----------------------------------------
[D]       INTERNAL OPERATOR (idx=52, name=EpochBlock_54)
[D]        name="" counters="CPU cycles"[9047, 500009, 4115] dur=0.641ms id=54.54 type=0x5000000/INTERNAL|WITHOUT_TENSOR,"epoch"
[D]       ----------------------------------------
[D]       INTERNAL OPERATOR (idx=53, name=EpochBlock_55)
[D]        name="" counters="CPU cycles"[47958, 445303, 4507] dur=0.622ms id=55.55 type=0x5000000/INTERNAL|WITHOUT_TENSOR,"epoch"
[D]       ----------------------------------------
[D]       INTERNAL OPERATOR (idx=54, name=EpochBlock_56)
[D]        name="" counters="CPU cycles"[12415, 540441, 5459] dur=0.698ms id=56.56 type=0x5000000/INTERNAL|WITHOUT_TENSOR,"epoch"
[D]       ----------------------------------------
[D]       INTERNAL OPERATOR (idx=55, name=EpochBlock_57)
[D]        name="" counters="CPU cycles"[1895, 81185, 755] dur=0.105ms id=57.57 type=0x5000000/INTERNAL|WITHOUT_TENSOR,"epoch"
[D]       ----------------------------------------
[D]       INTERNAL OPERATOR (idx=56, name=EpochBlock_58)
[D]        name="" counters="CPU cycles"[9167, 502364, 4136] dur=0.645ms id=58.58 type=0x5000000/INTERNAL|WITHOUT_TENSOR,"epoch"
[D]       ----------------------------------------
[D]       INTERNAL OPERATOR (idx=57, name=EpochBlock_59)
[D]        name="" counters="CPU cycles"[47751, 445129, 4568] dur=0.622ms id=59.59 type=0x5000000/INTERNAL|WITHOUT_TENSOR,"epoch"
[D]       ----------------------------------------
[D]       INTERNAL OPERATOR (idx=58, name=EpochBlock_60)
[D]        name="" counters="CPU cycles"[12287, 533585, 5526] dur=0.689ms id=60.60 type=0x5000000/INTERNAL|WITHOUT_TENSOR,"epoch"
[D]       ----------------------------------------
[D]       INTERNAL OPERATOR (idx=59, name=EpochBlock_61)
[D]        name="" counters="CPU cycles"[7015, 346977, 3235] dur=0.447ms id=61.61 type=0x5000000/INTERNAL|WITHOUT_TENSOR,"epoch"
[D]       ----------------------------------------
[D]       INTERNAL OPERATOR (idx=60, name=EpochBlock_62)
[D]        name="" counters="CPU cycles"[8644, 1676, 3739] dur=0.018ms id=62.62 type=0x5000000/INTERNAL|WITHOUT_TENSOR,"epoch"
[D]       ----------------------------------------
[D]       INTERNAL OPERATOR (idx=61, name=EpochBlock_63)
[D]        name="" counters="CPU cycles"[18364, 467964, 5019] dur=0.614ms id=63.63 type=0x5000000/INTERNAL|WITHOUT_TENSOR,"epoch"
[D]       ----------------------------------------
[D]       INTERNAL OPERATOR (idx=62, name=EpochBlock_64)
[D]        name="" counters="CPU cycles"[82, 76, 3933] dur=0.005ms id=64.64 type=0x1000002/INTERNAL,"epoch (SW)"
[D]       INTERNAL TENSOR #0
[D]        IOTensor: Dequantize_226_out_0, E.64.0, , 0x342e0000 f32[1,63], 252 Bytes
[D]        last=True, data_size=0
[D]       ----------------------------------------
[D]       INTERNAL OPERATOR (idx=63, name=EpochBlock_65)
[D]        name="" counters="CPU cycles"[16215, 3321, 3539] dur=0.029ms id=65.65 type=0x5000000/INTERNAL|WITHOUT_TENSOR,"epoch"
[D]       ----------------------------------------
[D]       INTERNAL OPERATOR (idx=64, name=EpochBlock_66)
[D]        name="" counters="CPU cycles"[45, 36, 3425] dur=0.004ms id=66.66 type=0x1000002/INTERNAL,"epoch (SW)"
[D]       INTERNAL TENSOR #0
[D]        IOTensor: Dequantize_229_out_0, E.66.0, , 0x342e0100 f32[1,63], 252 Bytes
[D]        last=True, data_size=0
[D]       ----------------------------------------
[D]       INTERNAL OPERATOR (idx=65, name=EpochBlock_67)
[D]        name="" counters="CPU cycles"[45, 36, 2975] dur=0.004ms id=67.67 type=0x1000002/INTERNAL,"epoch (SW)"
[D]       INTERNAL TENSOR #0
[D]        IOTensor: Dequantize_219_out_0, E.67.0, , 0x342e0200 f32[1,1], 4 Bytes
[D]        last=True, data_size=0
[D]       ----------------------------------------
[D]       INTERNAL OPERATOR (idx=66, name=EpochBlock_68)
[D]        name="" counters="CPU cycles"[4559, 606, 1718] dur=0.009ms id=68.68 type=0x5000000/INTERNAL|WITHOUT_TENSOR,"epoch"
[D]       ----------------------------------------
[D]       INTERNAL OPERATOR (idx=67, name=EpochBlock_69)
[D]        name="" counters="CPU cycles"[45, 36, 2329] dur=0.003ms id=69.69 type=0x1000002/INTERNAL,"epoch (SW)"
[D]       INTERNAL TENSOR #0
[D]        IOTensor: Dequantize_223_out_0, E.69.0, , 0x342e0210 f32[1,1], 4 Bytes
[D]        last=True, data_size=0
[D]       ----------------------------------------
[D]       INFERENCE DONE
[D]        name="network" counters="CPU cycles"[1659443, 16100414, 212077, 17984567, 0] dur=22.481ms id=0.0 type=0x0/NONE,"epoch"
[D]       RECEIVE OUTPUT TENSOR #0 last=False..
[D]        IOTensor: Dequantize_223_out_0, O_0, , 0x342e0210 f32[1,1], 4 Bytes
[D]       RECEIVE OUTPUT TENSOR #1 last=False..
[D]        IOTensor: Dequantize_229_out_0, O_1, , 0x342e0100 f32[1,63], 252 Bytes
[D]       RECEIVE OUTPUT TENSOR #2 last=False..
[D]        IOTensor: Dequantize_219_out_0, O_2, , 0x342e0200 f32[1,1], 4 Bytes
[D]       RECEIVE OUTPUT TENSOR #3 last=True..
[D]        IOTensor: Dequantize_226_out_0, O_3, , 0x342e0000 f32[1,63], 252 Bytes
[D]    <- done (target dur=22.465ms)
[D]    -> Requested RUN mode: Mode.DEBUG|PERF_ONLY|PER_LAYER (param=0b1100001011, option=0x800)
[D]       SEND INPUT TENSOR #0 ((1, 224, 224, 3)/uint8) last=True..
[D]        buffer is filled with a simple value: 232
[D]       ----------------------------------------
[D]       INTERNAL OPERATOR (idx=0, name=EpochBlock_2)
[D]        name="" counters="CPU cycles"[3439, 121236, 1564] dur=0.158ms id=2.2 type=0x5000000/INTERNAL|WITHOUT_TENSOR,"epoch"
[D]       ----------------------------------------
[D]       INTERNAL OPERATOR (idx=1, name=EpochBlock_3)
[D]        name="" counters="CPU cycles"[15351, 363857, 3259] dur=0.478ms id=3.3 type=0x5000000/INTERNAL|WITHOUT_TENSOR,"epoch"
[D]       ----------------------------------------
[D]       INTERNAL OPERATOR (idx=2, name=EpochBlock_4)
[D]        name="" counters="CPU cycles"[5623, 241689, 1403] dur=0.311ms id=4.4 type=0x5000000/INTERNAL|WITHOUT_TENSOR,"epoch"
[D]       ----------------------------------------
[D]       INTERNAL OPERATOR (idx=3, name=EpochBlock_5)
[D]        name="" counters="CPU cycles"[8583, 242537, 2027] dur=0.316ms id=5.5 type=0x5000000/INTERNAL|WITHOUT_TENSOR,"epoch"
[D]       ----------------------------------------
[D]       INTERNAL OPERATOR (idx=4, name=EpochBlock_6)
[D]        name="" counters="CPU cycles"[18407, 644329, 2331] dur=0.831ms id=6.6 type=0x5000000/INTERNAL|WITHOUT_TENSOR,"epoch"
[D]       ----------------------------------------
[D]       INTERNAL OPERATOR (idx=5, name=EpochBlock_7)
[D]        name="" counters="CPU cycles"[17911, 643289, 2331] dur=0.829ms id=7.7 type=0x5000000/INTERNAL|WITHOUT_TENSOR,"epoch"
[D]       ----------------------------------------
[D]       INTERNAL OPERATOR (idx=6, name=EpochBlock_8)
[D]        name="" counters="CPU cycles"[9535, 64111, 1989] dur=0.095ms id=8.8 type=0x5000000/INTERNAL|WITHOUT_TENSOR,"epoch"
[D]       ----------------------------------------
[D]       INTERNAL OPERATOR (idx=7, name=EpochBlock_9)
[D]        name="" counters="CPU cycles"[33823, 363945, 2329] dur=0.500ms id=9.9 type=0x5000000/INTERNAL|WITHOUT_TENSOR,"epoch"
[D]       ----------------------------------------
[D]       INTERNAL OPERATOR (idx=8, name=EpochBlock_10)
[D]        name="" counters="CPU cycles"[33431, 377393, 2312] dur=0.516ms id=10.10 type=0x5000000/INTERNAL|WITHOUT_TENSOR,"epoch"
[D]       ----------------------------------------
[D]       INTERNAL OPERATOR (idx=9, name=EpochBlock_11)
[D]        name="" counters="CPU cycles"[12255, 67953, 3323] dur=0.104ms id=11.11 type=0x5000000/INTERNAL|WITHOUT_TENSOR,"epoch"
[D]       ----------------------------------------
[D]       INTERNAL OPERATOR (idx=10, name=EpochBlock_12)
[D]        name="" counters="CPU cycles"[33439, 363857, 2414] dur=0.500ms id=12.12 type=0x5000000/INTERNAL|WITHOUT_TENSOR,"epoch"
[D]       ----------------------------------------
[D]       INTERNAL OPERATOR (idx=11, name=EpochBlock_13)
[D]        name="" counters="CPU cycles"[1895, 405673, 755] dur=0.510ms id=13.13 type=0x5000000/INTERNAL|WITHOUT_TENSOR,"epoch"
[D]       ----------------------------------------
[D]       INTERNAL OPERATOR (idx=12, name=EpochBlock_14)
[D]        name="" counters="CPU cycles"[36319, 366681, 3571] dur=0.508ms id=14.14 type=0x5000000/INTERNAL|WITHOUT_TENSOR,"epoch"
[D]       ----------------------------------------
[D]       INTERNAL OPERATOR (idx=13, name=EpochBlock_15)
[D]        name="" counters="CPU cycles"[14366, 36585, 2650] dur=0.067ms id=15.15 type=0x5000000/INTERNAL|WITHOUT_TENSOR,"epoch"
[D]       ----------------------------------------
[D]       INTERNAL OPERATOR (idx=14, name=EpochBlock_16)
[D]        name="" counters="CPU cycles"[53831, 153529, 2968] dur=0.263ms id=16.16 type=0x5000000/INTERNAL|WITHOUT_TENSOR,"epoch"
[D]       ----------------------------------------
[D]       INTERNAL OPERATOR (idx=15, name=EpochBlock_17)
[D]        name="" counters="CPU cycles"[1943, 181897, 755] dur=0.231ms id=17.17 type=0x5000000/INTERNAL|WITHOUT_TENSOR,"epoch"
[D]       ----------------------------------------
[D]       INTERNAL OPERATOR (idx=16, name=EpochBlock_18)
[D]        name="" counters="CPU cycles"[54759, 194505, 3584] dur=0.316ms id=18.18 type=0x5000000/INTERNAL|WITHOUT_TENSOR,"epoch"
[D]       ----------------------------------------
[D]       INTERNAL OPERATOR (idx=17, name=EpochBlock_19)
[D]        name="" counters="CPU cycles"[15751, 60727, 3314] dur=0.100ms id=19.19 type=0x5000000/INTERNAL|WITHOUT_TENSOR,"epoch"
[D]       ----------------------------------------
[D]       INTERNAL OPERATOR (idx=18, name=EpochBlock_20)
[D]        name="" counters="CPU cycles"[53383, 153353, 3054] dur=0.262ms id=20.20 type=0x5000000/INTERNAL|WITHOUT_TENSOR,"epoch"
[D]       ----------------------------------------
[D]       INTERNAL OPERATOR (idx=19, name=EpochBlock_21)
[D]        name="" counters="CPU cycles"[51927, 152697, 2275] dur=0.259ms id=21.21 type=0x5000000/INTERNAL|WITHOUT_TENSOR,"epoch"
[D]       ----------------------------------------
[D]       INTERNAL OPERATOR (idx=20, name=EpochBlock_22)
[D]        name="" counters="CPU cycles"[22791, 45487, 2669] dur=0.089ms id=22.22 type=0x5000000/INTERNAL|WITHOUT_TENSOR,"epoch"
[D]       ----------------------------------------
[D]       INTERNAL OPERATOR (idx=21, name=EpochBlock_23)
[D]        name="" counters="CPU cycles"[102421, 81347, 4406] dur=0.235ms id=23.23 type=0x5000000/INTERNAL|WITHOUT_TENSOR,"epoch"
[D]       ----------------------------------------
[D]       INTERNAL OPERATOR (idx=22, name=EpochBlock_24)
[D]        name="" counters="CPU cycles"[98327, 89193, 2291] dur=0.237ms id=24.24 type=0x5000000/INTERNAL|WITHOUT_TENSOR,"epoch"
[D]       ----------------------------------------
[D]       INTERNAL OPERATOR (idx=23, name=EpochBlock_25)
[D]        name="" counters="CPU cycles"[26191, 87715, 4539] dur=0.148ms id=25.25 type=0x5000000/INTERNAL|WITHOUT_TENSOR,"epoch"
[D]       ----------------------------------------
[D]       INTERNAL OPERATOR (idx=24, name=EpochBlock_26)
[D]        name="" counters="CPU cycles"[102308, 81273, 4235] dur=0.235ms id=26.26 type=0x5000000/INTERNAL|WITHOUT_TENSOR,"epoch"
[D]       ----------------------------------------
[D]       INTERNAL OPERATOR (idx=25, name=EpochBlock_27)
[D]        name="" counters="CPU cycles"[98479, 89193, 2389] dur=0.238ms id=27.27 type=0x5000000/INTERNAL|WITHOUT_TENSOR,"epoch"
[D]       ----------------------------------------
[D]       INTERNAL OPERATOR (idx=26, name=EpochBlock_28)
[D]        name="" counters="CPU cycles"[26343, 87761, 4539] dur=0.148ms id=28.28 type=0x5000000/INTERNAL|WITHOUT_TENSOR,"epoch"
[D]       ----------------------------------------
[D]       INTERNAL OPERATOR (idx=27, name=EpochBlock_29)
[D]        name="" counters="CPU cycles"[102047, 81033, 4280] dur=0.234ms id=29.29 type=0x5000000/INTERNAL|WITHOUT_TENSOR,"epoch"
[D]       ----------------------------------------
[D]       INTERNAL OPERATOR (idx=28, name=EpochBlock_30)
[D]        name="" counters="CPU cycles"[1935, 97761, 715] dur=0.126ms id=30.30 type=0x5000000/INTERNAL|WITHOUT_TENSOR,"epoch"
[D]       ----------------------------------------
[D]       INTERNAL OPERATOR (idx=29, name=EpochBlock_31)
[D]        name="" counters="CPU cycles"[101197, 106453, 3552] dur=0.264ms id=31.31 type=0x5000000/INTERNAL|WITHOUT_TENSOR,"epoch"
[D]       ----------------------------------------
[D]       INTERNAL OPERATOR (idx=30, name=EpochBlock_32)
[D]        name="" counters="CPU cycles"[31815, 118139, 3931] dur=0.192ms id=32.32 type=0x5000000/INTERNAL|WITHOUT_TENSOR,"epoch"
[D]       ----------------------------------------
[D]       INTERNAL OPERATOR (idx=31, name=EpochBlock_33)
[D]        name="" counters="CPU cycles"[1887, 9521, 755] dur=0.015ms id=33.33 type=0x5000000/INTERNAL|WITHOUT_TENSOR,"epoch"
[D]       ----------------------------------------
[D]       INTERNAL OPERATOR (idx=32, name=EpochBlock_34)
[D]        name="" counters="CPU cycles"[12303, 418273, 5451] dur=0.545ms id=34.34 type=0x5000000/INTERNAL|WITHOUT_TENSOR,"epoch"
[D]       ----------------------------------------
[D]       INTERNAL OPERATOR (idx=33, name=EpochBlock_35)
[D]        name="" counters="CPU cycles"[1855, 136649, 715] dur=0.174ms id=35.35 type=0x5000000/INTERNAL|WITHOUT_TENSOR,"epoch"
[D]       ----------------------------------------
[D]       INTERNAL OPERATOR (idx=34, name=EpochBlock_36)
[D]        name="" counters="CPU cycles"[9007, 647969, 4115] dur=0.826ms id=36.36 type=0x5000000/INTERNAL|WITHOUT_TENSOR,"epoch"
[D]       ----------------------------------------
[D]       INTERNAL OPERATOR (idx=35, name=EpochBlock_37)
[D]        name="" counters="CPU cycles"[33047, 160025, 4507] dur=0.247ms id=37.37 type=0x5000000/INTERNAL|WITHOUT_TENSOR,"epoch"
[D]       ----------------------------------------
[D]       INTERNAL OPERATOR (idx=36, name=EpochBlock_38)
[D]        name="" counters="CPU cycles"[1855, 9521, 755] dur=0.015ms id=38.38 type=0x5000000/INTERNAL|WITHOUT_TENSOR,"epoch"
[D]       ----------------------------------------
[D]       INTERNAL OPERATOR (idx=37, name=EpochBlock_39)
[D]        name="" counters="CPU cycles"[12399, 426777, 5496] dur=0.556ms id=39.39 type=0x5000000/INTERNAL|WITHOUT_TENSOR,"epoch"
[D]       ----------------------------------------
[D]       INTERNAL OPERATOR (idx=38, name=EpochBlock_40)
[D]        name="" counters="CPU cycles"[1902, 136649, 795] dur=0.174ms id=40.40 type=0x5000000/INTERNAL|WITHOUT_TENSOR,"epoch"
[D]       ----------------------------------------
[D]       INTERNAL OPERATOR (idx=39, name=EpochBlock_41)
[D]        name="" counters="CPU cycles"[9119, 648617, 4219] dur=0.827ms id=41.41 type=0x5000000/INTERNAL|WITHOUT_TENSOR,"epoch"
[D]       ----------------------------------------
[D]       INTERNAL OPERATOR (idx=40, name=EpochBlock_42)
[D]        name="" counters="CPU cycles"[32468, 159812, 4427] dur=0.246ms id=42.42 type=0x5000000/INTERNAL|WITHOUT_TENSOR,"epoch"
[D]       ----------------------------------------
[D]       INTERNAL OPERATOR (idx=41, name=EpochBlock_43)
[D]        name="" counters="CPU cycles"[1919, 9521, 755] dur=0.015ms id=43.43 type=0x5000000/INTERNAL|WITHOUT_TENSOR,"epoch"
[D]       ----------------------------------------
[D]       INTERNAL OPERATOR (idx=42, name=EpochBlock_44)
[D]        name="" counters="CPU cycles"[12191, 418337, 5459] dur=0.545ms id=44.44 type=0x5000000/INTERNAL|WITHOUT_TENSOR,"epoch"
[D]       ----------------------------------------
[D]       INTERNAL OPERATOR (idx=43, name=EpochBlock_45)
[D]        name="" counters="CPU cycles"[1934, 136657, 755] dur=0.174ms id=45.45 type=0x5000000/INTERNAL|WITHOUT_TENSOR,"epoch"
[D]       ----------------------------------------
[D]       INTERNAL OPERATOR (idx=44, name=EpochBlock_46)
[D]        name="" counters="CPU cycles"[9103, 300201, 4160] dur=0.392ms id=46.46 type=0x5000000/INTERNAL|WITHOUT_TENSOR,"epoch"
[D]       ----------------------------------------
[D]       INTERNAL OPERATOR (idx=45, name=EpochBlock_47)
[D]        name="" counters="CPU cycles"[46589, 260635, 4000] dur=0.389ms id=47.47 type=0x5000000/INTERNAL|WITHOUT_TENSOR,"epoch"
[D]       ----------------------------------------
[D]       INTERNAL OPERATOR (idx=46, name=EpochBlock_48)
[D]        name="" counters="CPU cycles"[12311, 540961, 5496] dur=0.698ms id=48.48 type=0x5000000/INTERNAL|WITHOUT_TENSOR,"epoch"
[D]       ----------------------------------------
[D]       INTERNAL OPERATOR (idx=47, name=EpochBlock_49)
[D]        name="" counters="CPU cycles"[1999, 81185, 755] dur=0.105ms id=49.49 type=0x5000000/INTERNAL|WITHOUT_TENSOR,"epoch"
[D]       ----------------------------------------
[D]       INTERNAL OPERATOR (idx=48, name=EpochBlock_50)
[D]        name="" counters="CPU cycles"[9231, 501849, 4123] dur=0.644ms id=50.50 type=0x5000000/INTERNAL|WITHOUT_TENSOR,"epoch"
[D]       ----------------------------------------
[D]       INTERNAL OPERATOR (idx=49, name=EpochBlock_51)
[D]        name="" counters="CPU cycles"[48087, 445473, 4427] dur=0.622ms id=51.51 type=0x5000000/INTERNAL|WITHOUT_TENSOR,"epoch"
[D]       ----------------------------------------
[D]       INTERNAL OPERATOR (idx=50, name=EpochBlock_52)
[D]        name="" counters="CPU cycles"[12215, 533955, 5494] dur=0.690ms id=52.52 type=0x5000000/INTERNAL|WITHOUT_TENSOR,"epoch"
[D]       ----------------------------------------
[D]       INTERNAL OPERATOR (idx=51, name=EpochBlock_53)
[D]        name="" counters="CPU cycles"[1935, 81217, 715] dur=0.105ms id=53.53 type=0x5000000/INTERNAL|WITHOUT_TENSOR,"epoch"
[D]       ----------------------------------------
[D]       INTERNAL OPERATOR (idx=52, name=EpochBlock_54)
[D]        name="" counters="CPU cycles"[8999, 499921, 4115] dur=0.641ms id=54.54 type=0x5000000/INTERNAL|WITHOUT_TENSOR,"epoch"
[D]       ----------------------------------------
[D]       INTERNAL OPERATOR (idx=53, name=EpochBlock_55)
[D]        name="" counters="CPU cycles"[47959, 445377, 4507] dur=0.622ms id=55.55 type=0x5000000/INTERNAL|WITHOUT_TENSOR,"epoch"
[D]       ----------------------------------------
[D]       INTERNAL OPERATOR (idx=54, name=EpochBlock_56)
[D]        name="" counters="CPU cycles"[12311, 540153, 5459] dur=0.697ms id=56.56 type=0x5000000/INTERNAL|WITHOUT_TENSOR,"epoch"
[D]       ----------------------------------------
[D]       INTERNAL OPERATOR (idx=55, name=EpochBlock_57)
[D]        name="" counters="CPU cycles"[1863, 81185, 755] dur=0.105ms id=57.57 type=0x5000000/INTERNAL|WITHOUT_TENSOR,"epoch"
[D]       ----------------------------------------
[D]       INTERNAL OPERATOR (idx=56, name=EpochBlock_58)
[D]        name="" counters="CPU cycles"[9191, 502299, 4139] dur=0.645ms id=58.58 type=0x5000000/INTERNAL|WITHOUT_TENSOR,"epoch"
[D]       ----------------------------------------
[D]       INTERNAL OPERATOR (idx=57, name=EpochBlock_59)
[D]        name="" counters="CPU cycles"[47807, 445129, 4528] dur=0.622ms id=59.59 type=0x5000000/INTERNAL|WITHOUT_TENSOR,"epoch"
[D]       ----------------------------------------
[D]       INTERNAL OPERATOR (idx=58, name=EpochBlock_60)
[D]        name="" counters="CPU cycles"[12127, 533593, 5488] dur=0.689ms id=60.60 type=0x5000000/INTERNAL|WITHOUT_TENSOR,"epoch"
[D]       ----------------------------------------
[D]       INTERNAL OPERATOR (idx=59, name=EpochBlock_61)
[D]        name="" counters="CPU cycles"[7007, 347017, 3235] dur=0.447ms id=61.61 type=0x5000000/INTERNAL|WITHOUT_TENSOR,"epoch"
[D]       ----------------------------------------
[D]       INTERNAL OPERATOR (idx=60, name=EpochBlock_62)
[D]        name="" counters="CPU cycles"[8583, 1643, 3739] dur=0.017ms id=62.62 type=0x5000000/INTERNAL|WITHOUT_TENSOR,"epoch"
[D]       ----------------------------------------
[D]       INTERNAL OPERATOR (idx=61, name=EpochBlock_63)
[D]        name="" counters="CPU cycles"[18180, 468044, 5019] dur=0.614ms id=63.63 type=0x5000000/INTERNAL|WITHOUT_TENSOR,"epoch"
[D]       ----------------------------------------
[D]       INTERNAL OPERATOR (idx=62, name=EpochBlock_64)
[D]        name="" counters="CPU cycles"[45, 75, 4040] dur=0.005ms id=64.64 type=0x1000002/INTERNAL,"epoch (SW)"
[D]       INTERNAL TENSOR #0
[D]        IOTensor: Dequantize_226_out_0, E.64.0, , 0x342e0000 f32[1,63], 252 Bytes
[D]        last=True, data_size=0
[D]       ----------------------------------------
[D]       INTERNAL OPERATOR (idx=63, name=EpochBlock_65)
[D]        name="" counters="CPU cycles"[15791, 3281, 3507] dur=0.028ms id=65.65 type=0x5000000/INTERNAL|WITHOUT_TENSOR,"epoch"
[D]       ----------------------------------------
[D]       INTERNAL OPERATOR (idx=64, name=EpochBlock_66)
[D]        name="" counters="CPU cycles"[45, 36, 3419] dur=0.004ms id=66.66 type=0x1000002/INTERNAL,"epoch (SW)"
[D]       INTERNAL TENSOR #0
[D]        IOTensor: Dequantize_229_out_0, E.66.0, , 0x342e0100 f32[1,63], 252 Bytes
[D]        last=True, data_size=0
[D]       ----------------------------------------
[D]       INTERNAL OPERATOR (idx=65, name=EpochBlock_67)
[D]        name="" counters="CPU cycles"[45, 36, 2931] dur=0.004ms id=67.67 type=0x1000002/INTERNAL,"epoch (SW)"
[D]       INTERNAL TENSOR #0
[D]        IOTensor: Dequantize_219_out_0, E.67.0, , 0x342e0200 f32[1,1], 4 Bytes
[D]        last=True, data_size=0
[D]       ----------------------------------------
[D]       INTERNAL OPERATOR (idx=66, name=EpochBlock_68)
[D]        name="" counters="CPU cycles"[4615, 563, 1706] dur=0.009ms id=68.68 type=0x5000000/INTERNAL|WITHOUT_TENSOR,"epoch"
[D]       ----------------------------------------
[D]       INTERNAL OPERATOR (idx=67, name=EpochBlock_69)
[D]        name="" counters="CPU cycles"[45, 36, 2329] dur=0.003ms id=69.69 type=0x1000002/INTERNAL,"epoch (SW)"
[D]       INTERNAL TENSOR #0
[D]        IOTensor: Dequantize_223_out_0, E.69.0, , 0x342e0210 f32[1,1], 4 Bytes
[D]        last=True, data_size=0
[D]       ----------------------------------------
[D]       INFERENCE DONE
[D]        name="network" counters="CPU cycles"[1657794, 16097390, 212044, 17979817, 0] dur=22.475ms id=0.0 type=0x0/NONE,"epoch"
[D]       RECEIVE OUTPUT TENSOR #0 last=False..
[D]        IOTensor: Dequantize_223_out_0, O_0, , 0x342e0210 f32[1,1], 4 Bytes
[D]       RECEIVE OUTPUT TENSOR #1 last=False..
[D]        IOTensor: Dequantize_229_out_0, O_1, , 0x342e0100 f32[1,63], 252 Bytes
[D]       RECEIVE OUTPUT TENSOR #2 last=False..
[D]        IOTensor: Dequantize_219_out_0, O_2, , 0x342e0200 f32[1,1], 4 Bytes
[D]       RECEIVE OUTPUT TENSOR #3 last=True..
[D]        IOTensor: Dequantize_226_out_0, O_3, , 0x342e0000 f32[1,63], 252 Bytes
[D]    <- done (target dur=22.459ms)
[D]    -> Requested RUN mode: Mode.DEBUG|PERF_ONLY|PER_LAYER (param=0b1100001011, option=0x800)
[D]       SEND INPUT TENSOR #0 ((1, 224, 224, 3)/uint8) last=True..
[D]        buffer is filled with a simple value: 191
[D]       ----------------------------------------
[D]       INTERNAL OPERATOR (idx=0, name=EpochBlock_2)
[D]        name="" counters="CPU cycles"[3481, 121160, 1680] dur=0.158ms id=2.2 type=0x5000000/INTERNAL|WITHOUT_TENSOR,"epoch"
[D]       ----------------------------------------
[D]       INTERNAL OPERATOR (idx=1, name=EpochBlock_3)
[D]        name="" counters="CPU cycles"[15447, 363897, 3219] dur=0.478ms id=3.3 type=0x5000000/INTERNAL|WITHOUT_TENSOR,"epoch"
[D]       ----------------------------------------
[D]       INTERNAL OPERATOR (idx=2, name=EpochBlock_4)
[D]        name="" counters="CPU cycles"[5679, 241729, 1401] dur=0.311ms id=4.4 type=0x5000000/INTERNAL|WITHOUT_TENSOR,"epoch"
[D]       ----------------------------------------
[D]       INTERNAL OPERATOR (idx=3, name=EpochBlock_5)
[D]        name="" counters="CPU cycles"[8623, 242577, 2027] dur=0.317ms id=5.5 type=0x5000000/INTERNAL|WITHOUT_TENSOR,"epoch"
[D]       ----------------------------------------
[D]       INTERNAL OPERATOR (idx=4, name=EpochBlock_6)
[D]        name="" counters="CPU cycles"[18487, 644329, 2331] dur=0.831ms id=6.6 type=0x5000000/INTERNAL|WITHOUT_TENSOR,"epoch"
[D]       ----------------------------------------
[D]       INTERNAL OPERATOR (idx=5, name=EpochBlock_7)
[D]        name="" counters="CPU cycles"[17903, 643325, 2327] dur=0.829ms id=7.7 type=0x5000000/INTERNAL|WITHOUT_TENSOR,"epoch"
[D]       ----------------------------------------
[D]       INTERNAL OPERATOR (idx=6, name=EpochBlock_8)
[D]        name="" counters="CPU cycles"[9543, 64155, 1985] dur=0.095ms id=8.8 type=0x5000000/INTERNAL|WITHOUT_TENSOR,"epoch"
[D]       ----------------------------------------
[D]       INTERNAL OPERATOR (idx=7, name=EpochBlock_9)
[D]        name="" counters="CPU cycles"[33863, 363945, 2329] dur=0.500ms id=9.9 type=0x5000000/INTERNAL|WITHOUT_TENSOR,"epoch"
[D]       ----------------------------------------
[D]       INTERNAL OPERATOR (idx=8, name=EpochBlock_10)
[D]        name="" counters="CPU cycles"[33527, 377401, 2350] dur=0.517ms id=10.10 type=0x5000000/INTERNAL|WITHOUT_TENSOR,"epoch"
[D]       ----------------------------------------
[D]       INTERNAL OPERATOR (idx=9, name=EpochBlock_11)
[D]        name="" counters="CPU cycles"[12215, 67953, 3323] dur=0.104ms id=11.11 type=0x5000000/INTERNAL|WITHOUT_TENSOR,"epoch"
[D]       ----------------------------------------
[D]       INTERNAL OPERATOR (idx=10, name=EpochBlock_12)
[D]        name="" counters="CPU cycles"[33639, 363857, 2406] dur=0.500ms id=12.12 type=0x5000000/INTERNAL|WITHOUT_TENSOR,"epoch"
[D]       ----------------------------------------
[D]       INTERNAL OPERATOR (idx=11, name=EpochBlock_13)
[D]        name="" counters="CPU cycles"[1895, 405673, 832] dur=0.511ms id=13.13 type=0x5000000/INTERNAL|WITHOUT_TENSOR,"epoch"
[D]       ----------------------------------------
[D]       INTERNAL OPERATOR (idx=12, name=EpochBlock_14)
[D]        name="" counters="CPU cycles"[36327, 366689, 3608] dur=0.508ms id=14.14 type=0x5000000/INTERNAL|WITHOUT_TENSOR,"epoch"
[D]       ----------------------------------------
[D]       INTERNAL OPERATOR (idx=13, name=EpochBlock_15)
[D]        name="" counters="CPU cycles"[14319, 36585, 2648] dur=0.067ms id=15.15 type=0x5000000/INTERNAL|WITHOUT_TENSOR,"epoch"
[D]       ----------------------------------------
[D]       INTERNAL OPERATOR (idx=14, name=EpochBlock_16)
[D]        name="" counters="CPU cycles"[53903, 153489, 2931] dur=0.263ms id=16.16 type=0x5000000/INTERNAL|WITHOUT_TENSOR,"epoch"
[D]       ----------------------------------------
[D]       INTERNAL OPERATOR (idx=15, name=EpochBlock_17)
[D]        name="" counters="CPU cycles"[1943, 181889, 755] dur=0.231ms id=17.17 type=0x5000000/INTERNAL|WITHOUT_TENSOR,"epoch"
[D]       ----------------------------------------
[D]       INTERNAL OPERATOR (idx=16, name=EpochBlock_18)
[D]        name="" counters="CPU cycles"[54647, 194513, 3584] dur=0.316ms id=18.18 type=0x5000000/INTERNAL|WITHOUT_TENSOR,"epoch"
[D]       ----------------------------------------
[D]       INTERNAL OPERATOR (idx=17, name=EpochBlock_19)
[D]        name="" counters="CPU cycles"[15775, 60689, 3275] dur=0.100ms id=19.19 type=0x5000000/INTERNAL|WITHOUT_TENSOR,"epoch"
[D]       ----------------------------------------
[D]       INTERNAL OPERATOR (idx=18, name=EpochBlock_20)
[D]        name="" counters="CPU cycles"[53466, 153278, 3054] dur=0.262ms id=20.20 type=0x5000000/INTERNAL|WITHOUT_TENSOR,"epoch"
[D]       ----------------------------------------
[D]       INTERNAL OPERATOR (idx=19, name=EpochBlock_21)
[D]        name="" counters="CPU cycles"[51823, 152729, 2315] dur=0.259ms id=21.21 type=0x5000000/INTERNAL|WITHOUT_TENSOR,"epoch"
[D]       ----------------------------------------
[D]       INTERNAL OPERATOR (idx=20, name=EpochBlock_22)
[D]        name="" counters="CPU cycles"[22471, 45449, 2667] dur=0.088ms id=22.22 type=0x5000000/INTERNAL|WITHOUT_TENSOR,"epoch"
[D]       ----------------------------------------
[D]       INTERNAL OPERATOR (idx=21, name=EpochBlock_23)
[D]        name="" counters="CPU cycles"[102277, 81347, 4344] dur=0.235ms id=23.23 type=0x5000000/INTERNAL|WITHOUT_TENSOR,"epoch"
[D]       ----------------------------------------
[D]       INTERNAL OPERATOR (idx=22, name=EpochBlock_24)
[D]        name="" counters="CPU cycles"[98519, 89193, 2352] dur=0.238ms id=24.24 type=0x5000000/INTERNAL|WITHOUT_TENSOR,"epoch"
[D]       ----------------------------------------
[D]       INTERNAL OPERATOR (idx=23, name=EpochBlock_25)
[D]        name="" counters="CPU cycles"[26367, 87675, 4563] dur=0.148ms id=25.25 type=0x5000000/INTERNAL|WITHOUT_TENSOR,"epoch"
[D]       ----------------------------------------
[D]       INTERNAL OPERATOR (idx=24, name=EpochBlock_26)
[D]        name="" counters="CPU cycles"[102215, 81425, 4272] dur=0.235ms id=26.26 type=0x5000000/INTERNAL|WITHOUT_TENSOR,"epoch"
[D]       ----------------------------------------
[D]       INTERNAL OPERATOR (idx=25, name=EpochBlock_27)
[D]        name="" counters="CPU cycles"[98119, 89193, 2315] dur=0.237ms id=27.27 type=0x5000000/INTERNAL|WITHOUT_TENSOR,"epoch"
[D]       ----------------------------------------
[D]       INTERNAL OPERATOR (idx=26, name=EpochBlock_28)
[D]        name="" counters="CPU cycles"[26647, 87801, 4539] dur=0.149ms id=28.28 type=0x5000000/INTERNAL|WITHOUT_TENSOR,"epoch"
[D]       ----------------------------------------
[D]       INTERNAL OPERATOR (idx=27, name=EpochBlock_29)
[D]        name="" counters="CPU cycles"[101999, 81033, 4272] dur=0.234ms id=29.29 type=0x5000000/INTERNAL|WITHOUT_TENSOR,"epoch"
[D]       ----------------------------------------
[D]       INTERNAL OPERATOR (idx=28, name=EpochBlock_30)
[D]        name="" counters="CPU cycles"[1943, 97745, 752] dur=0.126ms id=30.30 type=0x5000000/INTERNAL|WITHOUT_TENSOR,"epoch"
[D]       ----------------------------------------
[D]       INTERNAL OPERATOR (idx=29, name=EpochBlock_31)
[D]        name="" counters="CPU cycles"[101253, 106531, 3515] dur=0.264ms id=31.31 type=0x5000000/INTERNAL|WITHOUT_TENSOR,"epoch"
[D]       ----------------------------------------
[D]       INTERNAL OPERATOR (idx=30, name=EpochBlock_32)
[D]        name="" counters="CPU cycles"[31511, 118139, 3931] dur=0.192ms id=32.32 type=0x5000000/INTERNAL|WITHOUT_TENSOR,"epoch"
[D]       ----------------------------------------
[D]       INTERNAL OPERATOR (idx=31, name=EpochBlock_33)
[D]        name="" counters="CPU cycles"[1959, 9558, 752] dur=0.015ms id=33.33 type=0x5000000/INTERNAL|WITHOUT_TENSOR,"epoch"
[D]       ----------------------------------------
[D]       INTERNAL OPERATOR (idx=32, name=EpochBlock_34)
[D]        name="" counters="CPU cycles"[12255, 418065, 5451] dur=0.545ms id=34.34 type=0x5000000/INTERNAL|WITHOUT_TENSOR,"epoch"
[D]       ----------------------------------------
[D]       INTERNAL OPERATOR (idx=33, name=EpochBlock_35)
[D]        name="" counters="CPU cycles"[1854, 136649, 715] dur=0.174ms id=35.35 type=0x5000000/INTERNAL|WITHOUT_TENSOR,"epoch"
[D]       ----------------------------------------
[D]       INTERNAL OPERATOR (idx=34, name=EpochBlock_36)
[D]        name="" counters="CPU cycles"[9015, 648033, 4115] dur=0.826ms id=36.36 type=0x5000000/INTERNAL|WITHOUT_TENSOR,"epoch"
[D]       ----------------------------------------
[D]       INTERNAL OPERATOR (idx=35, name=EpochBlock_37)
[D]        name="" counters="CPU cycles"[32719, 160017, 4507] dur=0.247ms id=37.37 type=0x5000000/INTERNAL|WITHOUT_TENSOR,"epoch"
[D]       ----------------------------------------
[D]       INTERNAL OPERATOR (idx=36, name=EpochBlock_38)
[D]        name="" counters="CPU cycles"[1879, 9521, 755] dur=0.015ms id=38.38 type=0x5000000/INTERNAL|WITHOUT_TENSOR,"epoch"
[D]       ----------------------------------------
[D]       INTERNAL OPERATOR (idx=37, name=EpochBlock_39)
[D]        name="" counters="CPU cycles"[12391, 427057, 5499] dur=0.556ms id=39.39 type=0x5000000/INTERNAL|WITHOUT_TENSOR,"epoch"
[D]       ----------------------------------------
[D]       INTERNAL OPERATOR (idx=38, name=EpochBlock_40)
[D]        name="" counters="CPU cycles"[1983, 136641, 832] dur=0.174ms id=40.40 type=0x5000000/INTERNAL|WITHOUT_TENSOR,"epoch"
[D]       ----------------------------------------
[D]       INTERNAL OPERATOR (idx=39, name=EpochBlock_41)
[D]        name="" counters="CPU cycles"[9127, 648697, 4139] dur=0.827ms id=41.41 type=0x5000000/INTERNAL|WITHOUT_TENSOR,"epoch"
[D]       ----------------------------------------
[D]       INTERNAL OPERATOR (idx=40, name=EpochBlock_42)
[D]        name="" counters="CPU cycles"[32796, 159804, 4427] dur=0.246ms id=42.42 type=0x5000000/INTERNAL|WITHOUT_TENSOR,"epoch"
[D]       ----------------------------------------
[D]       INTERNAL OPERATOR (idx=41, name=EpochBlock_43)
[D]        name="" counters="CPU cycles"[1967, 9521, 795] dur=0.015ms id=43.43 type=0x5000000/INTERNAL|WITHOUT_TENSOR,"epoch"
[D]       ----------------------------------------
[D]       INTERNAL OPERATOR (idx=42, name=EpochBlock_44)
[D]        name="" counters="CPU cycles"[12183, 418441, 5459] dur=0.545ms id=44.44 type=0x5000000/INTERNAL|WITHOUT_TENSOR,"epoch"
[D]       ----------------------------------------
[D]       INTERNAL OPERATOR (idx=43, name=EpochBlock_45)
[D]        name="" counters="CPU cycles"[1895, 136641, 755] dur=0.174ms id=45.45 type=0x5000000/INTERNAL|WITHOUT_TENSOR,"epoch"
[D]       ----------------------------------------
[D]       INTERNAL OPERATOR (idx=44, name=EpochBlock_46)
[D]        name="" counters="CPU cycles"[9127, 300225, 4262] dur=0.392ms id=46.46 type=0x5000000/INTERNAL|WITHOUT_TENSOR,"epoch"
[D]       ----------------------------------------
[D]       INTERNAL OPERATOR (idx=45, name=EpochBlock_47)
[D]        name="" counters="CPU cycles"[46636, 260628, 3939] dur=0.389ms id=47.47 type=0x5000000/INTERNAL|WITHOUT_TENSOR,"epoch"
[D]       ----------------------------------------
[D]       INTERNAL OPERATOR (idx=46, name=EpochBlock_48)
[D]        name="" counters="CPU cycles"[12239, 538013, 5459] dur=0.695ms id=48.48 type=0x5000000/INTERNAL|WITHOUT_TENSOR,"epoch"
[D]       ----------------------------------------
[D]       INTERNAL OPERATOR (idx=47, name=EpochBlock_49)
[D]        name="" counters="CPU cycles"[1943, 81177, 795] dur=0.105ms id=49.49 type=0x5000000/INTERNAL|WITHOUT_TENSOR,"epoch"
[D]       ----------------------------------------
[D]       INTERNAL OPERATOR (idx=48, name=EpochBlock_50)
[D]        name="" counters="CPU cycles"[9279, 502161, 4059] dur=0.644ms id=50.50 type=0x5000000/INTERNAL|WITHOUT_TENSOR,"epoch"
[D]       ----------------------------------------
[D]       INTERNAL OPERATOR (idx=49, name=EpochBlock_51)
[D]        name="" counters="CPU cycles"[48023, 445473, 4427] dur=0.622ms id=51.51 type=0x5000000/INTERNAL|WITHOUT_TENSOR,"epoch"
[D]       ----------------------------------------
[D]       INTERNAL OPERATOR (idx=50, name=EpochBlock_52)
[D]        name="" counters="CPU cycles"[12191, 534121, 5562] dur=0.690ms id=52.52 type=0x5000000/INTERNAL|WITHOUT_TENSOR,"epoch"
[D]       ----------------------------------------
[D]       INTERNAL OPERATOR (idx=51, name=EpochBlock_53)
[D]        name="" counters="CPU cycles"[1935, 81153, 715] dur=0.105ms id=53.53 type=0x5000000/INTERNAL|WITHOUT_TENSOR,"epoch"
[D]       ----------------------------------------
[D]       INTERNAL OPERATOR (idx=52, name=EpochBlock_54)
[D]        name="" counters="CPU cycles"[9055, 499753, 4115] dur=0.641ms id=54.54 type=0x5000000/INTERNAL|WITHOUT_TENSOR,"epoch"
[D]       ----------------------------------------
[D]       INTERNAL OPERATOR (idx=53, name=EpochBlock_55)
[D]        name="" counters="CPU cycles"[47882, 445383, 4504] dur=0.622ms id=55.55 type=0x5000000/INTERNAL|WITHOUT_TENSOR,"epoch"
[D]       ----------------------------------------
[D]       INTERNAL OPERATOR (idx=54, name=EpochBlock_56)
[D]        name="" counters="CPU cycles"[12247, 540809, 5459] dur=0.698ms id=56.56 type=0x5000000/INTERNAL|WITHOUT_TENSOR,"epoch"
[D]       ----------------------------------------
[D]       INTERNAL OPERATOR (idx=55, name=EpochBlock_57)
[D]        name="" counters="CPU cycles"[1863, 81177, 755] dur=0.105ms id=57.57 type=0x5000000/INTERNAL|WITHOUT_TENSOR,"epoch"
[D]       ----------------------------------------
[D]       INTERNAL OPERATOR (idx=56, name=EpochBlock_58)
[D]        name="" counters="CPU cycles"[9119, 502297, 4139] dur=0.644ms id=58.58 type=0x5000000/INTERNAL|WITHOUT_TENSOR,"epoch"
[D]       ----------------------------------------
[D]       INTERNAL OPERATOR (idx=57, name=EpochBlock_59)
[D]        name="" counters="CPU cycles"[47927, 445129, 4459] dur=0.622ms id=59.59 type=0x5000000/INTERNAL|WITHOUT_TENSOR,"epoch"
[D]       ----------------------------------------
[D]       INTERNAL OPERATOR (idx=58, name=EpochBlock_60)
[D]        name="" counters="CPU cycles"[12183, 533601, 5488] dur=0.689ms id=60.60 type=0x5000000/INTERNAL|WITHOUT_TENSOR,"epoch"
[D]       ----------------------------------------
[D]       INTERNAL OPERATOR (idx=59, name=EpochBlock_61)
[D]        name="" counters="CPU cycles"[6959, 346939, 3235] dur=0.446ms id=61.61 type=0x5000000/INTERNAL|WITHOUT_TENSOR,"epoch"
[D]       ----------------------------------------
[D]       INTERNAL OPERATOR (idx=60, name=EpochBlock_62)
[D]        name="" counters="CPU cycles"[8695, 1681, 3739] dur=0.018ms id=62.62 type=0x5000000/INTERNAL|WITHOUT_TENSOR,"epoch"
[D]       ----------------------------------------
[D]       INTERNAL OPERATOR (idx=61, name=EpochBlock_63)
[D]        name="" counters="CPU cycles"[18372, 468220, 5056] dur=0.615ms id=63.63 type=0x5000000/INTERNAL|WITHOUT_TENSOR,"epoch"
[D]       ----------------------------------------
[D]       INTERNAL OPERATOR (idx=62, name=EpochBlock_64)
[D]        name="" counters="CPU cycles"[45, 75, 4048] dur=0.005ms id=64.64 type=0x1000002/INTERNAL,"epoch (SW)"
[D]       INTERNAL TENSOR #0
[D]        IOTensor: Dequantize_226_out_0, E.64.0, , 0x342e0000 f32[1,63], 252 Bytes
[D]        last=True, data_size=0
[D]       ----------------------------------------
[D]       INTERNAL OPERATOR (idx=63, name=EpochBlock_65)
[D]        name="" counters="CPU cycles"[16143, 3281, 3547] dur=0.029ms id=65.65 type=0x5000000/INTERNAL|WITHOUT_TENSOR,"epoch"
[D]       ----------------------------------------
[D]       INTERNAL OPERATOR (idx=64, name=EpochBlock_66)
[D]        name="" counters="CPU cycles"[45, 36, 3427] dur=0.004ms id=66.66 type=0x1000002/INTERNAL,"epoch (SW)"
[D]       INTERNAL TENSOR #0
[D]        IOTensor: Dequantize_229_out_0, E.66.0, , 0x342e0100 f32[1,63], 252 Bytes
[D]        last=True, data_size=0
[D]       ----------------------------------------
[D]       INTERNAL OPERATOR (idx=65, name=EpochBlock_67)
[D]        name="" counters="CPU cycles"[45, 36, 2833] dur=0.004ms id=67.67 type=0x1000002/INTERNAL,"epoch (SW)"
[D]       INTERNAL TENSOR #0
[D]        IOTensor: Dequantize_219_out_0, E.67.0, , 0x342e0200 f32[1,1], 4 Bytes
[D]        last=True, data_size=0
[D]       ----------------------------------------
[D]       INTERNAL OPERATOR (idx=66, name=EpochBlock_68)
[D]        name="" counters="CPU cycles"[4559, 563, 1714] dur=0.009ms id=68.68 type=0x5000000/INTERNAL|WITHOUT_TENSOR,"epoch"
[D]       ----------------------------------------
[D]       INTERNAL OPERATOR (idx=67, name=EpochBlock_69)
[D]        name="" counters="CPU cycles"[45, 36, 2293] dur=0.003ms id=69.69 type=0x1000002/INTERNAL,"epoch (SW)"
[D]       INTERNAL TENSOR #0
[D]        IOTensor: Dequantize_223_out_0, E.69.0, , 0x342e0210 f32[1,1], 4 Bytes
[D]        last=True, data_size=0
[D]       ----------------------------------------
[D]       INFERENCE DONE
[D]        name="network" counters="CPU cycles"[1658406, 16096005, 212132, 17979270, 0] dur=22.474ms id=0.0 type=0x0/NONE,"epoch"
[D]       RECEIVE OUTPUT TENSOR #0 last=False..
[D]        IOTensor: Dequantize_223_out_0, O_0, , 0x342e0210 f32[1,1], 4 Bytes
[D]       RECEIVE OUTPUT TENSOR #1 last=False..
[D]        IOTensor: Dequantize_229_out_0, O_1, , 0x342e0100 f32[1,63], 252 Bytes
[D]       RECEIVE OUTPUT TENSOR #2 last=False..
[D]        IOTensor: Dequantize_219_out_0, O_2, , 0x342e0200 f32[1,1], 4 Bytes
[D]       RECEIVE OUTPUT TENSOR #3 last=True..
[D]        IOTensor: Dequantize_226_out_0, O_3, , 0x342e0000 f32[1,63], 252 Bytes
[D]    <- done (target dur=22.458ms)
[D]    -> Requested RUN mode: Mode.DEBUG|PERF_ONLY|PER_LAYER (param=0b1100001011, option=0x800)
[D]       SEND INPUT TENSOR #0 ((1, 224, 224, 3)/uint8) last=True..
[D]        buffer is filled with a simple value: 217
[D]       ----------------------------------------
[D]       INTERNAL OPERATOR (idx=0, name=EpochBlock_2)
[D]        name="" counters="CPU cycles"[3487, 121205, 1645] dur=0.158ms id=2.2 type=0x5000000/INTERNAL|WITHOUT_TENSOR,"epoch"
[D]       ----------------------------------------
[D]       INTERNAL OPERATOR (idx=1, name=EpochBlock_3)
[D]        name="" counters="CPU cycles"[15399, 363893, 3247] dur=0.478ms id=3.3 type=0x5000000/INTERNAL|WITHOUT_TENSOR,"epoch"
[D]       ----------------------------------------
[D]       INTERNAL OPERATOR (idx=2, name=EpochBlock_4)
[D]        name="" counters="CPU cycles"[5671, 241689, 1363] dur=0.311ms id=4.4 type=0x5000000/INTERNAL|WITHOUT_TENSOR,"epoch"
[D]       ----------------------------------------
[D]       INTERNAL OPERATOR (idx=3, name=EpochBlock_5)
[D]        name="" counters="CPU cycles"[8631, 242537, 2027] dur=0.316ms id=5.5 type=0x5000000/INTERNAL|WITHOUT_TENSOR,"epoch"
[D]       ----------------------------------------
[D]       INTERNAL OPERATOR (idx=4, name=EpochBlock_6)
[D]        name="" counters="CPU cycles"[18527, 644329, 2331] dur=0.831ms id=6.6 type=0x5000000/INTERNAL|WITHOUT_TENSOR,"epoch"
[D]       ----------------------------------------
[D]       INTERNAL OPERATOR (idx=5, name=EpochBlock_7)
[D]        name="" counters="CPU cycles"[17823, 643325, 2327] dur=0.829ms id=7.7 type=0x5000000/INTERNAL|WITHOUT_TENSOR,"epoch"
[D]       ----------------------------------------
[D]       INTERNAL OPERATOR (idx=6, name=EpochBlock_8)
[D]        name="" counters="CPU cycles"[9607, 64111, 1989] dur=0.095ms id=8.8 type=0x5000000/INTERNAL|WITHOUT_TENSOR,"epoch"
[D]       ----------------------------------------
[D]       INTERNAL OPERATOR (idx=7, name=EpochBlock_9)
[D]        name="" counters="CPU cycles"[33863, 363945, 2329] dur=0.500ms id=9.9 type=0x5000000/INTERNAL|WITHOUT_TENSOR,"epoch"
[D]       ----------------------------------------
[D]       INTERNAL OPERATOR (idx=8, name=EpochBlock_10)
[D]        name="" counters="CPU cycles"[33519, 377401, 2312] dur=0.517ms id=10.10 type=0x5000000/INTERNAL|WITHOUT_TENSOR,"epoch"
[D]       ----------------------------------------
[D]       INTERNAL OPERATOR (idx=9, name=EpochBlock_11)
[D]        name="" counters="CPU cycles"[12207, 67953, 3356] dur=0.104ms id=11.11 type=0x5000000/INTERNAL|WITHOUT_TENSOR,"epoch"
[D]       ----------------------------------------
[D]       INTERNAL OPERATOR (idx=10, name=EpochBlock_12)
[D]        name="" counters="CPU cycles"[33431, 363857, 2468] dur=0.500ms id=12.12 type=0x5000000/INTERNAL|WITHOUT_TENSOR,"epoch"
[D]       ----------------------------------------
[D]       INTERNAL OPERATOR (idx=11, name=EpochBlock_13)
[D]        name="" counters="CPU cycles"[1935, 405646, 795] dur=0.510ms id=13.13 type=0x5000000/INTERNAL|WITHOUT_TENSOR,"epoch"
[D]       ----------------------------------------
[D]       INTERNAL OPERATOR (idx=12, name=EpochBlock_14)
[D]        name="" counters="CPU cycles"[36119, 366673, 3571] dur=0.508ms id=14.14 type=0x5000000/INTERNAL|WITHOUT_TENSOR,"epoch"
[D]       ----------------------------------------
[D]       INTERNAL OPERATOR (idx=13, name=EpochBlock_15)
[D]        name="" counters="CPU cycles"[14271, 36585, 2667] dur=0.067ms id=15.15 type=0x5000000/INTERNAL|WITHOUT_TENSOR,"epoch"
[D]       ----------------------------------------
[D]       INTERNAL OPERATOR (idx=14, name=EpochBlock_16)
[D]        name="" counters="CPU cycles"[53831, 153529, 2931] dur=0.263ms id=16.16 type=0x5000000/INTERNAL|WITHOUT_TENSOR,"epoch"
[D]       ----------------------------------------
[D]       INTERNAL OPERATOR (idx=15, name=EpochBlock_17)
[D]        name="" counters="CPU cycles"[1943, 181905, 755] dur=0.231ms id=17.17 type=0x5000000/INTERNAL|WITHOUT_TENSOR,"epoch"
[D]       ----------------------------------------
[D]       INTERNAL OPERATOR (idx=16, name=EpochBlock_18)
[D]        name="" counters="CPU cycles"[54407, 194419, 3491] dur=0.315ms id=18.18 type=0x5000000/INTERNAL|WITHOUT_TENSOR,"epoch"
[D]       ----------------------------------------
[D]       INTERNAL OPERATOR (idx=17, name=EpochBlock_19)
[D]        name="" counters="CPU cycles"[15903, 60689, 3275] dur=0.100ms id=19.19 type=0x5000000/INTERNAL|WITHOUT_TENSOR,"epoch"
[D]       ----------------------------------------
[D]       INTERNAL OPERATOR (idx=18, name=EpochBlock_20)
[D]        name="" counters="CPU cycles"[53901, 153315, 3017] dur=0.263ms id=20.20 type=0x5000000/INTERNAL|WITHOUT_TENSOR,"epoch"
[D]       ----------------------------------------
[D]       INTERNAL OPERATOR (idx=19, name=EpochBlock_21)
[D]        name="" counters="CPU cycles"[51863, 152691, 2275] dur=0.259ms id=21.21 type=0x5000000/INTERNAL|WITHOUT_TENSOR,"epoch"
[D]       ----------------------------------------
[D]       INTERNAL OPERATOR (idx=20, name=EpochBlock_22)
[D]        name="" counters="CPU cycles"[22399, 45449, 2651] dur=0.088ms id=22.22 type=0x5000000/INTERNAL|WITHOUT_TENSOR,"epoch"
[D]       ----------------------------------------
[D]       INTERNAL OPERATOR (idx=21, name=EpochBlock_23)
[D]        name="" counters="CPU cycles"[102485, 81347, 4406] dur=0.235ms id=23.23 type=0x5000000/INTERNAL|WITHOUT_TENSOR,"epoch"
[D]       ----------------------------------------
[D]       INTERNAL OPERATOR (idx=22, name=EpochBlock_24)
[D]        name="" counters="CPU cycles"[98239, 89233, 2376] dur=0.237ms id=24.24 type=0x5000000/INTERNAL|WITHOUT_TENSOR,"epoch"
[D]       ----------------------------------------
[D]       INTERNAL OPERATOR (idx=23, name=EpochBlock_25)
[D]        name="" counters="CPU cycles"[26223, 87715, 4539] dur=0.148ms id=25.25 type=0x5000000/INTERNAL|WITHOUT_TENSOR,"epoch"
[D]       ----------------------------------------
[D]       INTERNAL OPERATOR (idx=24, name=EpochBlock_26)
[D]        name="" counters="CPU cycles"[102268, 81348, 4235] dur=0.235ms id=26.26 type=0x5000000/INTERNAL|WITHOUT_TENSOR,"epoch"
[D]       ----------------------------------------
[D]       INTERNAL OPERATOR (idx=25, name=EpochBlock_27)
[D]        name="" counters="CPU cycles"[98157, 89147, 2352] dur=0.237ms id=27.27 type=0x5000000/INTERNAL|WITHOUT_TENSOR,"epoch"
[D]       ----------------------------------------
[D]       INTERNAL OPERATOR (idx=26, name=EpochBlock_28)
[D]        name="" counters="CPU cycles"[26823, 87761, 4571] dur=0.149ms id=28.28 type=0x5000000/INTERNAL|WITHOUT_TENSOR,"epoch"
[D]       ----------------------------------------
[D]       INTERNAL OPERATOR (idx=27, name=EpochBlock_29)
[D]        name="" counters="CPU cycles"[102111, 81033, 4273] dur=0.234ms id=29.29 type=0x5000000/INTERNAL|WITHOUT_TENSOR,"epoch"
[D]       ----------------------------------------
[D]       INTERNAL OPERATOR (idx=28, name=EpochBlock_30)
[D]        name="" counters="CPU cycles"[1935, 97761, 792] dur=0.126ms id=30.30 type=0x5000000/INTERNAL|WITHOUT_TENSOR,"epoch"
[D]       ----------------------------------------
[D]       INTERNAL OPERATOR (idx=29, name=EpochBlock_31)
[D]        name="" counters="CPU cycles"[101197, 106453, 3515] dur=0.264ms id=31.31 type=0x5000000/INTERNAL|WITHOUT_TENSOR,"epoch"
[D]       ----------------------------------------
[D]       INTERNAL OPERATOR (idx=30, name=EpochBlock_32)
[D]        name="" counters="CPU cycles"[31343, 118137, 3968] dur=0.192ms id=32.32 type=0x5000000/INTERNAL|WITHOUT_TENSOR,"epoch"
[D]       ----------------------------------------
[D]       INTERNAL OPERATOR (idx=31, name=EpochBlock_33)
[D]        name="" counters="CPU cycles"[1919, 9561, 755] dur=0.015ms id=33.33 type=0x5000000/INTERNAL|WITHOUT_TENSOR,"epoch"
[D]       ----------------------------------------
[D]       INTERNAL OPERATOR (idx=32, name=EpochBlock_34)
[D]        name="" counters="CPU cycles"[12380, 418228, 5451] dur=0.545ms id=34.34 type=0x5000000/INTERNAL|WITHOUT_TENSOR,"epoch"
[D]       ----------------------------------------
[D]       INTERNAL OPERATOR (idx=33, name=EpochBlock_35)
[D]        name="" counters="CPU cycles"[1855, 136641, 715] dur=0.174ms id=35.35 type=0x5000000/INTERNAL|WITHOUT_TENSOR,"epoch"
[D]       ----------------------------------------
[D]       INTERNAL OPERATOR (idx=34, name=EpochBlock_36)
[D]        name="" counters="CPU cycles"[9055, 648201, 4115] dur=0.827ms id=36.36 type=0x5000000/INTERNAL|WITHOUT_TENSOR,"epoch"
[D]       ----------------------------------------
[D]       INTERNAL OPERATOR (idx=35, name=EpochBlock_37)
[D]        name="" counters="CPU cycles"[32503, 160017, 4507] dur=0.246ms id=37.37 type=0x5000000/INTERNAL|WITHOUT_TENSOR,"epoch"
[D]       ----------------------------------------
[D]       INTERNAL OPERATOR (idx=36, name=EpochBlock_38)
[D]        name="" counters="CPU cycles"[1935, 9521, 755] dur=0.015ms id=38.38 type=0x5000000/INTERNAL|WITHOUT_TENSOR,"epoch"
[D]       ----------------------------------------
[D]       INTERNAL OPERATOR (idx=37, name=EpochBlock_39)
[D]        name="" counters="CPU cycles"[12399, 426977, 5537] dur=0.556ms id=39.39 type=0x5000000/INTERNAL|WITHOUT_TENSOR,"epoch"
[D]       ----------------------------------------
[D]       INTERNAL OPERATOR (idx=38, name=EpochBlock_40)
[D]        name="" counters="CPU cycles"[1943, 136657, 755] dur=0.174ms id=40.40 type=0x5000000/INTERNAL|WITHOUT_TENSOR,"epoch"
[D]       ----------------------------------------
[D]       INTERNAL OPERATOR (idx=39, name=EpochBlock_41)
[D]        name="" counters="CPU cycles"[9047, 648685, 4219] dur=0.827ms id=41.41 type=0x5000000/INTERNAL|WITHOUT_TENSOR,"epoch"
[D]       ----------------------------------------
[D]       INTERNAL OPERATOR (idx=40, name=EpochBlock_42)
[D]        name="" counters="CPU cycles"[32295, 159841, 4427] dur=0.246ms id=42.42 type=0x5000000/INTERNAL|WITHOUT_TENSOR,"epoch"
[D]       ----------------------------------------
[D]       INTERNAL OPERATOR (idx=41, name=EpochBlock_43)
[D]        name="" counters="CPU cycles"[1879, 9521, 755] dur=0.015ms id=43.43 type=0x5000000/INTERNAL|WITHOUT_TENSOR,"epoch"
[D]       ----------------------------------------
[D]       INTERNAL OPERATOR (idx=42, name=EpochBlock_44)
[D]        name="" counters="CPU cycles"[12191, 418481, 5491] dur=0.545ms id=44.44 type=0x5000000/INTERNAL|WITHOUT_TENSOR,"epoch"
[D]       ----------------------------------------
[D]       INTERNAL OPERATOR (idx=43, name=EpochBlock_45)
[D]        name="" counters="CPU cycles"[1887, 136649, 755] dur=0.174ms id=45.45 type=0x5000000/INTERNAL|WITHOUT_TENSOR,"epoch"
[D]       ----------------------------------------
[D]       INTERNAL OPERATOR (idx=44, name=EpochBlock_46)
[D]        name="" counters="CPU cycles"[9111, 300329, 4302] dur=0.392ms id=46.46 type=0x5000000/INTERNAL|WITHOUT_TENSOR,"epoch"
[D]       ----------------------------------------
[D]       INTERNAL OPERATOR (idx=45, name=EpochBlock_47)
[D]        name="" counters="CPU cycles"[46644, 260591, 3963] dur=0.389ms id=47.47 type=0x5000000/INTERNAL|WITHOUT_TENSOR,"epoch"
[D]       ----------------------------------------
[D]       INTERNAL OPERATOR (idx=46, name=EpochBlock_48)
[D]        name="" counters="CPU cycles"[12199, 539142, 5480] dur=0.696ms id=48.48 type=0x5000000/INTERNAL|WITHOUT_TENSOR,"epoch"
[D]       ----------------------------------------
[D]       INTERNAL OPERATOR (idx=47, name=EpochBlock_49)
[D]        name="" counters="CPU cycles"[1903, 81185, 755] dur=0.105ms id=49.49 type=0x5000000/INTERNAL|WITHOUT_TENSOR,"epoch"
[D]       ----------------------------------------
[D]       INTERNAL OPERATOR (idx=48, name=EpochBlock_50)
[D]        name="" counters="CPU cycles"[9247, 502193, 4123] dur=0.644ms id=50.50 type=0x5000000/INTERNAL|WITHOUT_TENSOR,"epoch"
[D]       ----------------------------------------
[D]       INTERNAL OPERATOR (idx=49, name=EpochBlock_51)
[D]        name="" counters="CPU cycles"[47775, 445473, 4427] dur=0.622ms id=51.51 type=0x5000000/INTERNAL|WITHOUT_TENSOR,"epoch"
[D]       ----------------------------------------
[D]       INTERNAL OPERATOR (idx=50, name=EpochBlock_52)
[D]        name="" counters="CPU cycles"[12223, 534069, 5461] dur=0.690ms id=52.52 type=0x5000000/INTERNAL|WITHOUT_TENSOR,"epoch"
[D]       ----------------------------------------
[D]       INTERNAL OPERATOR (idx=51, name=EpochBlock_53)
[D]        name="" counters="CPU cycles"[1935, 81217, 752] dur=0.105ms id=53.53 type=0x5000000/INTERNAL|WITHOUT_TENSOR,"epoch"
[D]       ----------------------------------------
[D]       INTERNAL OPERATOR (idx=52, name=EpochBlock_54)
[D]        name="" counters="CPU cycles"[9015, 499793, 4115] dur=0.641ms id=54.54 type=0x5000000/INTERNAL|WITHOUT_TENSOR,"epoch"
[D]       ----------------------------------------
[D]       INTERNAL OPERATOR (idx=53, name=EpochBlock_55)
[D]        name="" counters="CPU cycles"[47924, 445380, 4507] dur=0.622ms id=55.55 type=0x5000000/INTERNAL|WITHOUT_TENSOR,"epoch"
[D]       ----------------------------------------
[D]       INTERNAL OPERATOR (idx=54, name=EpochBlock_56)
[D]        name="" counters="CPU cycles"[12284, 540108, 5459] dur=0.697ms id=56.56 type=0x5000000/INTERNAL|WITHOUT_TENSOR,"epoch"
[D]       ----------------------------------------
[D]       INTERNAL OPERATOR (idx=55, name=EpochBlock_57)
[D]        name="" counters="CPU cycles"[1855, 81193, 755] dur=0.105ms id=57.57 type=0x5000000/INTERNAL|WITHOUT_TENSOR,"epoch"
[D]       ----------------------------------------
[D]       INTERNAL OPERATOR (idx=56, name=EpochBlock_58)
[D]        name="" counters="CPU cycles"[9191, 502417, 4139] dur=0.645ms id=58.58 type=0x5000000/INTERNAL|WITHOUT_TENSOR,"epoch"
[D]       ----------------------------------------
[D]       INTERNAL OPERATOR (idx=57, name=EpochBlock_59)
[D]        name="" counters="CPU cycles"[47927, 445129, 4528] dur=0.622ms id=59.59 type=0x5000000/INTERNAL|WITHOUT_TENSOR,"epoch"
[D]       ----------------------------------------
[D]       INTERNAL OPERATOR (idx=58, name=EpochBlock_60)
[D]        name="" counters="CPU cycles"[12119, 533569, 5424] dur=0.689ms id=60.60 type=0x5000000/INTERNAL|WITHOUT_TENSOR,"epoch"
[D]       ----------------------------------------
[D]       INTERNAL OPERATOR (idx=59, name=EpochBlock_61)
[D]        name="" counters="CPU cycles"[7007, 346937, 3272] dur=0.447ms id=61.61 type=0x5000000/INTERNAL|WITHOUT_TENSOR,"epoch"
[D]       ----------------------------------------
[D]       INTERNAL OPERATOR (idx=60, name=EpochBlock_62)
[D]        name="" counters="CPU cycles"[8583, 1684, 3738] dur=0.018ms id=62.62 type=0x5000000/INTERNAL|WITHOUT_TENSOR,"epoch"
[D]       ----------------------------------------
[D]       INTERNAL OPERATOR (idx=61, name=EpochBlock_63)
[D]        name="" counters="CPU cycles"[18476, 468108, 5083] dur=0.615ms id=63.63 type=0x5000000/INTERNAL|WITHOUT_TENSOR,"epoch"
[D]       ----------------------------------------
[D]       INTERNAL OPERATOR (idx=62, name=EpochBlock_64)
[D]        name="" counters="CPU cycles"[82, 36, 4008] dur=0.005ms id=64.64 type=0x1000002/INTERNAL,"epoch (SW)"
[D]       INTERNAL TENSOR #0
[D]        IOTensor: Dequantize_226_out_0, E.64.0, , 0x342e0000 f32[1,63], 252 Bytes
[D]        last=True, data_size=0
[D]       ----------------------------------------
[D]       INTERNAL OPERATOR (idx=63, name=EpochBlock_65)
[D]        name="" counters="CPU cycles"[15788, 3284, 3547] dur=0.028ms id=65.65 type=0x5000000/INTERNAL|WITHOUT_TENSOR,"epoch"
[D]       ----------------------------------------
[D]       INTERNAL OPERATOR (idx=64, name=EpochBlock_66)
[D]        name="" counters="CPU cycles"[82, 36, 3310] dur=0.004ms id=66.66 type=0x1000002/INTERNAL,"epoch (SW)"
[D]       INTERNAL TENSOR #0
[D]        IOTensor: Dequantize_229_out_0, E.66.0, , 0x342e0100 f32[1,63], 252 Bytes
[D]        last=True, data_size=0
[D]       ----------------------------------------
[D]       INTERNAL OPERATOR (idx=65, name=EpochBlock_67)
[D]        name="" counters="CPU cycles"[45, 36, 2827] dur=0.004ms id=67.67 type=0x1000002/INTERNAL,"epoch (SW)"
[D]       INTERNAL TENSOR #0
[D]        IOTensor: Dequantize_219_out_0, E.67.0, , 0x342e0200 f32[1,1], 4 Bytes
[D]        last=True, data_size=0
[D]       ----------------------------------------
[D]       INTERNAL OPERATOR (idx=66, name=EpochBlock_68)
[D]        name="" counters="CPU cycles"[4567, 606, 1687] dur=0.009ms id=68.68 type=0x5000000/INTERNAL|WITHOUT_TENSOR,"epoch"
[D]       ----------------------------------------
[D]       INTERNAL OPERATOR (idx=67, name=EpochBlock_69)
[D]        name="" counters="CPU cycles"[45, 36, 2329] dur=0.003ms id=69.69 type=0x1000002/INTERNAL,"epoch (SW)"
[D]       INTERNAL TENSOR #0
[D]        IOTensor: Dequantize_223_out_0, E.69.0, , 0x342e0210 f32[1,1], 4 Bytes
[D]        last=True, data_size=0
[D]       ----------------------------------------
[D]       INFERENCE DONE
[D]        name="network" counters="CPU cycles"[1656833, 16096612, 212077, 17978201, 0] dur=22.473ms id=0.0 type=0x0/NONE,"epoch"
[D]       RECEIVE OUTPUT TENSOR #0 last=False..
[D]        IOTensor: Dequantize_223_out_0, O_0, , 0x342e0210 f32[1,1], 4 Bytes
[D]       RECEIVE OUTPUT TENSOR #1 last=False..
[D]        IOTensor: Dequantize_229_out_0, O_1, , 0x342e0100 f32[1,63], 252 Bytes
[D]       RECEIVE OUTPUT TENSOR #2 last=False..
[D]        IOTensor: Dequantize_219_out_0, O_2, , 0x342e0200 f32[1,1], 4 Bytes
[D]       RECEIVE OUTPUT TENSOR #3 last=True..
[D]        IOTensor: Dequantize_226_out_0, O_3, , 0x342e0000 f32[1,63], 252 Bytes
[D]    <- done (target dur=22.457ms)
[D]    -> Requested RUN mode: Mode.DEBUG|PERF_ONLY|PER_LAYER (param=0b1100001011, option=0x800)
[D]       SEND INPUT TENSOR #0 ((1, 224, 224, 3)/uint8) last=True..
[D]        buffer is filled with a simple value: 76
[D]       ----------------------------------------
[D]       INTERNAL OPERATOR (idx=0, name=EpochBlock_2)
[D]        name="" counters="CPU cycles"[3495, 121151, 1647] dur=0.158ms id=2.2 type=0x5000000/INTERNAL|WITHOUT_TENSOR,"epoch"
[D]       ----------------------------------------
[D]       INTERNAL OPERATOR (idx=1, name=EpochBlock_3)
[D]        name="" counters="CPU cycles"[15431, 363857, 3219] dur=0.478ms id=3.3 type=0x5000000/INTERNAL|WITHOUT_TENSOR,"epoch"
[D]       ----------------------------------------
[D]       INTERNAL OPERATOR (idx=2, name=EpochBlock_4)
[D]        name="" counters="CPU cycles"[5663, 241689, 1363] dur=0.311ms id=4.4 type=0x5000000/INTERNAL|WITHOUT_TENSOR,"epoch"
[D]       ----------------------------------------
[D]       INTERNAL OPERATOR (idx=3, name=EpochBlock_5)
[D]        name="" counters="CPU cycles"[8550, 242537, 2027] dur=0.316ms id=5.5 type=0x5000000/INTERNAL|WITHOUT_TENSOR,"epoch"
[D]       ----------------------------------------
[D]       INTERNAL OPERATOR (idx=4, name=EpochBlock_6)
[D]        name="" counters="CPU cycles"[18519, 644329, 2331] dur=0.831ms id=6.6 type=0x5000000/INTERNAL|WITHOUT_TENSOR,"epoch"
[D]       ----------------------------------------
[D]       INTERNAL OPERATOR (idx=5, name=EpochBlock_7)
[D]        name="" counters="CPU cycles"[17911, 643289, 2331] dur=0.829ms id=7.7 type=0x5000000/INTERNAL|WITHOUT_TENSOR,"epoch"
[D]       ----------------------------------------
[D]       INTERNAL OPERATOR (idx=6, name=EpochBlock_8)
[D]        name="" counters="CPU cycles"[9622, 64111, 1989] dur=0.095ms id=8.8 type=0x5000000/INTERNAL|WITHOUT_TENSOR,"epoch"
[D]       ----------------------------------------
[D]       INTERNAL OPERATOR (idx=7, name=EpochBlock_9)
[D]        name="" counters="CPU cycles"[33863, 363945, 2291] dur=0.500ms id=9.9 type=0x5000000/INTERNAL|WITHOUT_TENSOR,"epoch"
[D]       ----------------------------------------
[D]       INTERNAL OPERATOR (idx=8, name=EpochBlock_10)
[D]        name="" counters="CPU cycles"[33399, 377401, 2315] dur=0.516ms id=10.10 type=0x5000000/INTERNAL|WITHOUT_TENSOR,"epoch"
[D]       ----------------------------------------
[D]       INTERNAL OPERATOR (idx=9, name=EpochBlock_11)
[D]        name="" counters="CPU cycles"[12223, 67953, 3316] dur=0.104ms id=11.11 type=0x5000000/INTERNAL|WITHOUT_TENSOR,"epoch"
[D]       ----------------------------------------
[D]       INTERNAL OPERATOR (idx=10, name=EpochBlock_12)
[D]        name="" counters="CPU cycles"[33439, 363857, 2430] dur=0.500ms id=12.12 type=0x5000000/INTERNAL|WITHOUT_TENSOR,"epoch"
[D]       ----------------------------------------
[D]       INTERNAL OPERATOR (idx=11, name=EpochBlock_13)
[D]        name="" counters="CPU cycles"[1935, 405681, 792] dur=0.511ms id=13.13 type=0x5000000/INTERNAL|WITHOUT_TENSOR,"epoch"
[D]       ----------------------------------------
[D]       INTERNAL OPERATOR (idx=12, name=EpochBlock_14)
[D]        name="" counters="CPU cycles"[36415, 366681, 3571] dur=0.508ms id=14.14 type=0x5000000/INTERNAL|WITHOUT_TENSOR,"epoch"
[D]       ----------------------------------------
[D]       INTERNAL OPERATOR (idx=13, name=EpochBlock_15)
[D]        name="" counters="CPU cycles"[14247, 36628, 2701] dur=0.067ms id=15.15 type=0x5000000/INTERNAL|WITHOUT_TENSOR,"epoch"
[D]       ----------------------------------------
[D]       INTERNAL OPERATOR (idx=14, name=EpochBlock_16)
[D]        name="" counters="CPU cycles"[53759, 153527, 2877] dur=0.263ms id=16.16 type=0x5000000/INTERNAL|WITHOUT_TENSOR,"epoch"
[D]       ----------------------------------------
[D]       INTERNAL OPERATOR (idx=15, name=EpochBlock_17)
[D]        name="" counters="CPU cycles"[1983, 181889, 755] dur=0.231ms id=17.17 type=0x5000000/INTERNAL|WITHOUT_TENSOR,"epoch"
[D]       ----------------------------------------
[D]       INTERNAL OPERATOR (idx=16, name=EpochBlock_18)
[D]        name="" counters="CPU cycles"[54655, 194481, 3547] dur=0.316ms id=18.18 type=0x5000000/INTERNAL|WITHOUT_TENSOR,"epoch"
[D]       ----------------------------------------
[D]       INTERNAL OPERATOR (idx=17, name=EpochBlock_19)
[D]        name="" counters="CPU cycles"[15551, 60651, 3275] dur=0.099ms id=19.19 type=0x5000000/INTERNAL|WITHOUT_TENSOR,"epoch"
[D]       ----------------------------------------
[D]       INTERNAL OPERATOR (idx=18, name=EpochBlock_20)
[D]        name="" counters="CPU cycles"[53239, 153351, 2981] dur=0.262ms id=20.20 type=0x5000000/INTERNAL|WITHOUT_TENSOR,"epoch"
[D]       ----------------------------------------
[D]       INTERNAL OPERATOR (idx=19, name=EpochBlock_21)
[D]        name="" counters="CPU cycles"[52007, 152689, 2313] dur=0.259ms id=21.21 type=0x5000000/INTERNAL|WITHOUT_TENSOR,"epoch"
[D]       ----------------------------------------
[D]       INTERNAL OPERATOR (idx=20, name=EpochBlock_22)
[D]        name="" counters="CPU cycles"[22303, 45449, 2611] dur=0.088ms id=22.22 type=0x5000000/INTERNAL|WITHOUT_TENSOR,"epoch"
[D]       ----------------------------------------
[D]       INTERNAL OPERATOR (idx=21, name=EpochBlock_23)
[D]        name="" counters="CPU cycles"[102301, 81347, 4448] dur=0.235ms id=23.23 type=0x5000000/INTERNAL|WITHOUT_TENSOR,"epoch"
[D]       ----------------------------------------
[D]       INTERNAL OPERATOR (idx=22, name=EpochBlock_24)
[D]        name="" counters="CPU cycles"[98463, 89231, 2293] dur=0.237ms id=24.24 type=0x5000000/INTERNAL|WITHOUT_TENSOR,"epoch"
[D]       ----------------------------------------
[D]       INTERNAL OPERATOR (idx=23, name=EpochBlock_25)
[D]        name="" counters="CPU cycles"[26103, 87675, 4576] dur=0.148ms id=25.25 type=0x5000000/INTERNAL|WITHOUT_TENSOR,"epoch"
[D]       ----------------------------------------
[D]       INTERNAL OPERATOR (idx=24, name=EpochBlock_26)
[D]        name="" counters="CPU cycles"[102492, 81311, 4235] dur=0.235ms id=26.26 type=0x5000000/INTERNAL|WITHOUT_TENSOR,"epoch"
[D]       ----------------------------------------
[D]       INTERNAL OPERATOR (idx=25, name=EpochBlock_27)
[D]        name="" counters="CPU cycles"[98287, 89193, 2352] dur=0.237ms id=27.27 type=0x5000000/INTERNAL|WITHOUT_TENSOR,"epoch"
[D]       ----------------------------------------
[D]       INTERNAL OPERATOR (idx=26, name=EpochBlock_28)
[D]        name="" counters="CPU cycles"[26607, 87761, 4576] dur=0.149ms id=28.28 type=0x5000000/INTERNAL|WITHOUT_TENSOR,"epoch"
[D]       ----------------------------------------
[D]       INTERNAL OPERATOR (idx=27, name=EpochBlock_29)
[D]        name="" counters="CPU cycles"[102079, 81033, 4273] dur=0.234ms id=29.29 type=0x5000000/INTERNAL|WITHOUT_TENSOR,"epoch"
[D]       ----------------------------------------
[D]       INTERNAL OPERATOR (idx=28, name=EpochBlock_30)
[D]        name="" counters="CPU cycles"[1935, 97745, 752] dur=0.126ms id=30.30 type=0x5000000/INTERNAL|WITHOUT_TENSOR,"epoch"
[D]       ----------------------------------------
[D]       INTERNAL OPERATOR (idx=29, name=EpochBlock_31)
[D]        name="" counters="CPU cycles"[101165, 106493, 3652] dur=0.264ms id=31.31 type=0x5000000/INTERNAL|WITHOUT_TENSOR,"epoch"
[D]       ----------------------------------------
[D]       INTERNAL OPERATOR (idx=30, name=EpochBlock_32)
[D]        name="" counters="CPU cycles"[31607, 118139, 3931] dur=0.192ms id=32.32 type=0x5000000/INTERNAL|WITHOUT_TENSOR,"epoch"
[D]       ----------------------------------------
[D]       INTERNAL OPERATOR (idx=31, name=EpochBlock_33)
[D]        name="" counters="CPU cycles"[1919, 9563, 755] dur=0.015ms id=33.33 type=0x5000000/INTERNAL|WITHOUT_TENSOR,"epoch"
[D]       ----------------------------------------
[D]       INTERNAL OPERATOR (idx=32, name=EpochBlock_34)
[D]        name="" counters="CPU cycles"[12220, 418276, 5451] dur=0.545ms id=34.34 type=0x5000000/INTERNAL|WITHOUT_TENSOR,"epoch"
[D]       ----------------------------------------
[D]       INTERNAL OPERATOR (idx=33, name=EpochBlock_35)
[D]        name="" counters="CPU cycles"[1855, 136641, 715] dur=0.174ms id=35.35 type=0x5000000/INTERNAL|WITHOUT_TENSOR,"epoch"
[D]       ----------------------------------------
[D]       INTERNAL OPERATOR (idx=34, name=EpochBlock_36)
[D]        name="" counters="CPU cycles"[9047, 648009, 4115] dur=0.826ms id=36.36 type=0x5000000/INTERNAL|WITHOUT_TENSOR,"epoch"
[D]       ----------------------------------------
[D]       INTERNAL OPERATOR (idx=35, name=EpochBlock_37)
[D]        name="" counters="CPU cycles"[33007, 160017, 4507] dur=0.247ms id=37.37 type=0x5000000/INTERNAL|WITHOUT_TENSOR,"epoch"
[D]       ----------------------------------------
[D]       INTERNAL OPERATOR (idx=36, name=EpochBlock_38)
[D]        name="" counters="CPU cycles"[1879, 9521, 755] dur=0.015ms id=38.38 type=0x5000000/INTERNAL|WITHOUT_TENSOR,"epoch"
[D]       ----------------------------------------
[D]       INTERNAL OPERATOR (idx=37, name=EpochBlock_39)
[D]        name="" counters="CPU cycles"[12391, 427065, 5537] dur=0.556ms id=39.39 type=0x5000000/INTERNAL|WITHOUT_TENSOR,"epoch"
[D]       ----------------------------------------
[D]       INTERNAL OPERATOR (idx=38, name=EpochBlock_40)
[D]        name="" counters="CPU cycles"[1895, 136641, 795] dur=0.174ms id=40.40 type=0x5000000/INTERNAL|WITHOUT_TENSOR,"epoch"
[D]       ----------------------------------------
[D]       INTERNAL OPERATOR (idx=39, name=EpochBlock_41)
[D]        name="" counters="CPU cycles"[9039, 648649, 4219] dur=0.827ms id=41.41 type=0x5000000/INTERNAL|WITHOUT_TENSOR,"epoch"
[D]       ----------------------------------------
[D]       INTERNAL OPERATOR (idx=40, name=EpochBlock_42)
[D]        name="" counters="CPU cycles"[32860, 159804, 4491] dur=0.246ms id=42.42 type=0x5000000/INTERNAL|WITHOUT_TENSOR,"epoch"
[D]       ----------------------------------------
[D]       INTERNAL OPERATOR (idx=41, name=EpochBlock_43)
[D]        name="" counters="CPU cycles"[1926, 9521, 755] dur=0.015ms id=43.43 type=0x5000000/INTERNAL|WITHOUT_TENSOR,"epoch"
[D]       ----------------------------------------
[D]       INTERNAL OPERATOR (idx=42, name=EpochBlock_44)
[D]        name="" counters="CPU cycles"[12191, 418449, 5459] dur=0.545ms id=44.44 type=0x5000000/INTERNAL|WITHOUT_TENSOR,"epoch"
[D]       ----------------------------------------
[D]       INTERNAL OPERATOR (idx=43, name=EpochBlock_45)
[D]        name="" counters="CPU cycles"[1887, 136641, 755] dur=0.174ms id=45.45 type=0x5000000/INTERNAL|WITHOUT_TENSOR,"epoch"
[D]       ----------------------------------------
[D]       INTERNAL OPERATOR (idx=44, name=EpochBlock_46)
[D]        name="" counters="CPU cycles"[8991, 300313, 4225] dur=0.392ms id=46.46 type=0x5000000/INTERNAL|WITHOUT_TENSOR,"epoch"
[D]       ----------------------------------------
[D]       INTERNAL OPERATOR (idx=45, name=EpochBlock_47)
[D]        name="" counters="CPU cycles"[46503, 260635, 3939] dur=0.389ms id=47.47 type=0x5000000/INTERNAL|WITHOUT_TENSOR,"epoch"
[D]       ----------------------------------------
[D]       INTERNAL OPERATOR (idx=46, name=EpochBlock_48)
[D]        name="" counters="CPU cycles"[12223, 543201, 5459] dur=0.701ms id=48.48 type=0x5000000/INTERNAL|WITHOUT_TENSOR,"epoch"
[D]       ----------------------------------------
[D]       INTERNAL OPERATOR (idx=47, name=EpochBlock_49)
[D]        name="" counters="CPU cycles"[1895, 81169, 755] dur=0.105ms id=49.49 type=0x5000000/INTERNAL|WITHOUT_TENSOR,"epoch"
[D]       ----------------------------------------
[D]       INTERNAL OPERATOR (idx=48, name=EpochBlock_50)
[D]        name="" counters="CPU cycles"[9231, 502105, 4059] dur=0.644ms id=50.50 type=0x5000000/INTERNAL|WITHOUT_TENSOR,"epoch"
[D]       ----------------------------------------
[D]       INTERNAL OPERATOR (idx=49, name=EpochBlock_51)
[D]        name="" counters="CPU cycles"[47775, 445473, 4459] dur=0.622ms id=51.51 type=0x5000000/INTERNAL|WITHOUT_TENSOR,"epoch"
[D]       ----------------------------------------
[D]       INTERNAL OPERATOR (idx=50, name=EpochBlock_52)
[D]        name="" counters="CPU cycles"[12223, 533917, 5491] dur=0.690ms id=52.52 type=0x5000000/INTERNAL|WITHOUT_TENSOR,"epoch"
[D]       ----------------------------------------
[D]       INTERNAL OPERATOR (idx=51, name=EpochBlock_53)
[D]        name="" counters="CPU cycles"[1895, 81209, 715] dur=0.105ms id=53.53 type=0x5000000/INTERNAL|WITHOUT_TENSOR,"epoch"
[D]       ----------------------------------------
[D]       INTERNAL OPERATOR (idx=52, name=EpochBlock_54)
[D]        name="" counters="CPU cycles"[9055, 499785, 4115] dur=0.641ms id=54.54 type=0x5000000/INTERNAL|WITHOUT_TENSOR,"epoch"
[D]       ----------------------------------------
[D]       INTERNAL OPERATOR (idx=53, name=EpochBlock_55)
[D]        name="" counters="CPU cycles"[47895, 445424, 4504] dur=0.622ms id=55.55 type=0x5000000/INTERNAL|WITHOUT_TENSOR,"epoch"
[D]       ----------------------------------------
[D]       INTERNAL OPERATOR (idx=54, name=EpochBlock_56)
[D]        name="" counters="CPU cycles"[12380, 540108, 5459] dur=0.697ms id=56.56 type=0x5000000/INTERNAL|WITHOUT_TENSOR,"epoch"
[D]       ----------------------------------------
[D]       INTERNAL OPERATOR (idx=55, name=EpochBlock_57)
[D]        name="" counters="CPU cycles"[1863, 81177, 755] dur=0.105ms id=57.57 type=0x5000000/INTERNAL|WITHOUT_TENSOR,"epoch"
[D]       ----------------------------------------
[D]       INTERNAL OPERATOR (idx=56, name=EpochBlock_58)
[D]        name="" counters="CPU cycles"[9271, 502281, 4139] dur=0.645ms id=58.58 type=0x5000000/INTERNAL|WITHOUT_TENSOR,"epoch"
[D]       ----------------------------------------
[D]       INTERNAL OPERATOR (idx=57, name=EpochBlock_59)
[D]        name="" counters="CPU cycles"[47919, 445129, 4531] dur=0.622ms id=59.59 type=0x5000000/INTERNAL|WITHOUT_TENSOR,"epoch"
[D]       ----------------------------------------
[D]       INTERNAL OPERATOR (idx=58, name=EpochBlock_60)
[D]        name="" counters="CPU cycles"[12119, 533601, 5451] dur=0.689ms id=60.60 type=0x5000000/INTERNAL|WITHOUT_TENSOR,"epoch"
[D]       ----------------------------------------
[D]       INTERNAL OPERATOR (idx=59, name=EpochBlock_61)
[D]        name="" counters="CPU cycles"[6879, 346942, 3232] dur=0.446ms id=61.61 type=0x5000000/INTERNAL|WITHOUT_TENSOR,"epoch"
[D]       ----------------------------------------
[D]       INTERNAL OPERATOR (idx=60, name=EpochBlock_62)
[D]        name="" counters="CPU cycles"[8652, 1644, 3739] dur=0.018ms id=62.62 type=0x5000000/INTERNAL|WITHOUT_TENSOR,"epoch"
[D]       ----------------------------------------
[D]       INTERNAL OPERATOR (idx=61, name=EpochBlock_63)
[D]        name="" counters="CPU cycles"[18388, 468060, 5083] dur=0.614ms id=63.63 type=0x5000000/INTERNAL|WITHOUT_TENSOR,"epoch"
[D]       ----------------------------------------
[D]       INTERNAL OPERATOR (idx=62, name=EpochBlock_64)
[D]        name="" counters="CPU cycles"[45, 36, 3877] dur=0.005ms id=64.64 type=0x1000002/INTERNAL,"epoch (SW)"
[D]       INTERNAL TENSOR #0
[D]        IOTensor: Dequantize_226_out_0, E.64.0, , 0x342e0000 f32[1,63], 252 Bytes
[D]        last=True, data_size=0
[D]       ----------------------------------------
[D]       INTERNAL OPERATOR (idx=63, name=EpochBlock_65)
[D]        name="" counters="CPU cycles"[15991, 3281, 3547] dur=0.029ms id=65.65 type=0x5000000/INTERNAL|WITHOUT_TENSOR,"epoch"
[D]       ----------------------------------------
[D]       INTERNAL OPERATOR (idx=64, name=EpochBlock_66)
[D]        name="" counters="CPU cycles"[45, 36, 3359] dur=0.004ms id=66.66 type=0x1000002/INTERNAL,"epoch (SW)"
[D]       INTERNAL TENSOR #0
[D]        IOTensor: Dequantize_229_out_0, E.66.0, , 0x342e0100 f32[1,63], 252 Bytes
[D]        last=True, data_size=0
[D]       ----------------------------------------
[D]       INTERNAL OPERATOR (idx=65, name=EpochBlock_67)
[D]        name="" counters="CPU cycles"[45, 36, 2912] dur=0.004ms id=67.67 type=0x1000002/INTERNAL,"epoch (SW)"
[D]       INTERNAL TENSOR #0
[D]        IOTensor: Dequantize_219_out_0, E.67.0, , 0x342e0200 f32[1,1], 4 Bytes
[D]        last=True, data_size=0
[D]       ----------------------------------------
[D]       INTERNAL OPERATOR (idx=66, name=EpochBlock_68)
[D]        name="" counters="CPU cycles"[4527, 563, 1713] dur=0.009ms id=68.68 type=0x5000000/INTERNAL|WITHOUT_TENSOR,"epoch"
[D]       ----------------------------------------
[D]       INTERNAL OPERATOR (idx=67, name=EpochBlock_69)
[D]        name="" counters="CPU cycles"[45, 36, 2329] dur=0.003ms id=69.69 type=0x1000002/INTERNAL,"epoch (SW)"
[D]       INTERNAL TENSOR #0
[D]        IOTensor: Dequantize_223_out_0, E.69.0, , 0x342e0210 f32[1,1], 4 Bytes
[D]        last=True, data_size=0
[D]       ----------------------------------------
[D]       INFERENCE DONE
[D]        name="network" counters="CPU cycles"[1657219, 16100032, 211926, 17981832, 0] dur=22.477ms id=0.0 type=0x0/NONE,"epoch"
[D]       RECEIVE OUTPUT TENSOR #0 last=False..
[D]        IOTensor: Dequantize_223_out_0, O_0, , 0x342e0210 f32[1,1], 4 Bytes
[D]       RECEIVE OUTPUT TENSOR #1 last=False..
[D]        IOTensor: Dequantize_229_out_0, O_1, , 0x342e0100 f32[1,63], 252 Bytes
[D]       RECEIVE OUTPUT TENSOR #2 last=False..
[D]        IOTensor: Dequantize_219_out_0, O_2, , 0x342e0200 f32[1,1], 4 Bytes
[D]       RECEIVE OUTPUT TENSOR #3 last=True..
[D]        IOTensor: Dequantize_226_out_0, O_3, , 0x342e0000 f32[1,63], 252 Bytes
[D]    <- done (target dur=22.461ms)
[D]    -> Requested RUN mode: Mode.DEBUG|PERF_ONLY|PER_LAYER (param=0b1100001011, option=0x800)
[D]       SEND INPUT TENSOR #0 ((1, 224, 224, 3)/uint8) last=True..
[D]        buffer is filled with a simple value: 142
[D]       ----------------------------------------
[D]       INTERNAL OPERATOR (idx=0, name=EpochBlock_2)
[D]        name="" counters="CPU cycles"[3479, 121279, 1647] dur=0.158ms id=2.2 type=0x5000000/INTERNAL|WITHOUT_TENSOR,"epoch"
[D]       ----------------------------------------
[D]       INTERNAL OPERATOR (idx=1, name=EpochBlock_3)
[D]        name="" counters="CPU cycles"[15359, 363857, 3289] dur=0.478ms id=3.3 type=0x5000000/INTERNAL|WITHOUT_TENSOR,"epoch"
[D]       ----------------------------------------
[D]       INTERNAL OPERATOR (idx=2, name=EpochBlock_4)
[D]        name="" counters="CPU cycles"[5631, 241689, 1465] dur=0.311ms id=4.4 type=0x5000000/INTERNAL|WITHOUT_TENSOR,"epoch"
[D]       ----------------------------------------
[D]       INTERNAL OPERATOR (idx=3, name=EpochBlock_5)
[D]        name="" counters="CPU cycles"[8615, 242537, 2027] dur=0.316ms id=5.5 type=0x5000000/INTERNAL|WITHOUT_TENSOR,"epoch"
[D]       ----------------------------------------
[D]       INTERNAL OPERATOR (idx=4, name=EpochBlock_6)
[D]        name="" counters="CPU cycles"[18471, 644372, 2328] dur=0.831ms id=6.6 type=0x5000000/INTERNAL|WITHOUT_TENSOR,"epoch"
[D]       ----------------------------------------
[D]       INTERNAL OPERATOR (idx=5, name=EpochBlock_7)
[D]        name="" counters="CPU cycles"[17871, 643325, 2364] dur=0.829ms id=7.7 type=0x5000000/INTERNAL|WITHOUT_TENSOR,"epoch"
[D]       ----------------------------------------
[D]       INTERNAL OPERATOR (idx=6, name=EpochBlock_8)
[D]        name="" counters="CPU cycles"[9615, 64155, 1985] dur=0.095ms id=8.8 type=0x5000000/INTERNAL|WITHOUT_TENSOR,"epoch"
[D]       ----------------------------------------
[D]       INTERNAL OPERATOR (idx=7, name=EpochBlock_9)
[D]        name="" counters="CPU cycles"[33775, 363945, 2329] dur=0.500ms id=9.9 type=0x5000000/INTERNAL|WITHOUT_TENSOR,"epoch"
[D]       ----------------------------------------
[D]       INTERNAL OPERATOR (idx=8, name=EpochBlock_10)
[D]        name="" counters="CPU cycles"[33399, 377401, 2350] dur=0.516ms id=10.10 type=0x5000000/INTERNAL|WITHOUT_TENSOR,"epoch"
[D]       ----------------------------------------
[D]       INTERNAL OPERATOR (idx=9, name=EpochBlock_11)
[D]        name="" counters="CPU cycles"[12103, 67953, 3356] dur=0.104ms id=11.11 type=0x5000000/INTERNAL|WITHOUT_TENSOR,"epoch"
[D]       ----------------------------------------
[D]       INTERNAL OPERATOR (idx=10, name=EpochBlock_12)
[D]        name="" counters="CPU cycles"[33487, 363857, 2468] dur=0.500ms id=12.12 type=0x5000000/INTERNAL|WITHOUT_TENSOR,"epoch"
[D]       ----------------------------------------
[D]       INTERNAL OPERATOR (idx=11, name=EpochBlock_13)
[D]        name="" counters="CPU cycles"[1935, 405681, 795] dur=0.511ms id=13.13 type=0x5000000/INTERNAL|WITHOUT_TENSOR,"epoch"
[D]       ----------------------------------------
[D]       INTERNAL OPERATOR (idx=12, name=EpochBlock_14)
[D]        name="" counters="CPU cycles"[36572, 366659, 3646] dur=0.509ms id=14.14 type=0x5000000/INTERNAL|WITHOUT_TENSOR,"epoch"
[D]       ----------------------------------------
[D]       INTERNAL OPERATOR (idx=13, name=EpochBlock_15)
[D]        name="" counters="CPU cycles"[14319, 36585, 2667] dur=0.067ms id=15.15 type=0x5000000/INTERNAL|WITHOUT_TENSOR,"epoch"
[D]       ----------------------------------------
[D]       INTERNAL OPERATOR (idx=14, name=EpochBlock_16)
[D]        name="" counters="CPU cycles"[53791, 153567, 2914] dur=0.263ms id=16.16 type=0x5000000/INTERNAL|WITHOUT_TENSOR,"epoch"
[D]       ----------------------------------------
[D]       INTERNAL OPERATOR (idx=15, name=EpochBlock_17)
[D]        name="" counters="CPU cycles"[1983, 181889, 755] dur=0.231ms id=17.17 type=0x5000000/INTERNAL|WITHOUT_TENSOR,"epoch"
[D]       ----------------------------------------
[D]       INTERNAL OPERATOR (idx=16, name=EpochBlock_18)
[D]        name="" counters="CPU cycles"[54415, 194489, 3491] dur=0.315ms id=18.18 type=0x5000000/INTERNAL|WITHOUT_TENSOR,"epoch"
[D]       ----------------------------------------
[D]       INTERNAL OPERATOR (idx=17, name=EpochBlock_19)
[D]        name="" counters="CPU cycles"[15663, 60727, 3277] dur=0.100ms id=19.19 type=0x5000000/INTERNAL|WITHOUT_TENSOR,"epoch"
[D]       ----------------------------------------
[D]       INTERNAL OPERATOR (idx=18, name=EpochBlock_20)
[D]        name="" counters="CPU cycles"[53548, 153316, 2979] dur=0.262ms id=20.20 type=0x5000000/INTERNAL|WITHOUT_TENSOR,"epoch"
[D]       ----------------------------------------
[D]       INTERNAL OPERATOR (idx=19, name=EpochBlock_21)
[D]        name="" counters="CPU cycles"[52319, 152659, 2315] dur=0.259ms id=21.21 type=0x5000000/INTERNAL|WITHOUT_TENSOR,"epoch"
[D]       ----------------------------------------
[D]       INTERNAL OPERATOR (idx=20, name=EpochBlock_22)
[D]        name="" counters="CPU cycles"[22615, 45487, 2693] dur=0.088ms id=22.22 type=0x5000000/INTERNAL|WITHOUT_TENSOR,"epoch"
[D]       ----------------------------------------
[D]       INTERNAL OPERATOR (idx=21, name=EpochBlock_23)
[D]        name="" counters="CPU cycles"[102167, 81385, 4331] dur=0.235ms id=23.23 type=0x5000000/INTERNAL|WITHOUT_TENSOR,"epoch"
[D]       ----------------------------------------
[D]       INTERNAL OPERATOR (idx=22, name=EpochBlock_24)
[D]        name="" counters="CPU cycles"[98135, 89236, 2344] dur=0.237ms id=24.24 type=0x5000000/INTERNAL|WITHOUT_TENSOR,"epoch"
[D]       ----------------------------------------
[D]       INTERNAL OPERATOR (idx=23, name=EpochBlock_25)
[D]        name="" counters="CPU cycles"[26151, 87745, 4539] dur=0.148ms id=25.25 type=0x5000000/INTERNAL|WITHOUT_TENSOR,"epoch"
[D]       ----------------------------------------
[D]       INTERNAL OPERATOR (idx=24, name=EpochBlock_26)
[D]        name="" counters="CPU cycles"[102396, 81311, 4235] dur=0.235ms id=26.26 type=0x5000000/INTERNAL|WITHOUT_TENSOR,"epoch"
[D]       ----------------------------------------
[D]       INTERNAL OPERATOR (idx=25, name=EpochBlock_27)
[D]        name="" counters="CPU cycles"[98191, 89147, 2291] dur=0.237ms id=27.27 type=0x5000000/INTERNAL|WITHOUT_TENSOR,"epoch"
[D]       ----------------------------------------
[D]       INTERNAL OPERATOR (idx=26, name=EpochBlock_28)
[D]        name="" counters="CPU cycles"[26575, 87761, 4576] dur=0.149ms id=28.28 type=0x5000000/INTERNAL|WITHOUT_TENSOR,"epoch"
[D]       ----------------------------------------
[D]       INTERNAL OPERATOR (idx=27, name=EpochBlock_29)
[D]        name="" counters="CPU cycles"[101999, 81033, 4248] dur=0.234ms id=29.29 type=0x5000000/INTERNAL|WITHOUT_TENSOR,"epoch"
[D]       ----------------------------------------
[D]       INTERNAL OPERATOR (idx=28, name=EpochBlock_30)
[D]        name="" counters="CPU cycles"[1934, 97769, 715] dur=0.126ms id=30.30 type=0x5000000/INTERNAL|WITHOUT_TENSOR,"epoch"
[D]       ----------------------------------------
[D]       INTERNAL OPERATOR (idx=29, name=EpochBlock_31)
[D]        name="" counters="CPU cycles"[101189, 106491, 3626] dur=0.264ms id=31.31 type=0x5000000/INTERNAL|WITHOUT_TENSOR,"epoch"
[D]       ----------------------------------------
[D]       INTERNAL OPERATOR (idx=30, name=EpochBlock_32)
[D]        name="" counters="CPU cycles"[31495, 118061, 3931] dur=0.192ms id=32.32 type=0x5000000/INTERNAL|WITHOUT_TENSOR,"epoch"
[D]       ----------------------------------------
[D]       INTERNAL OPERATOR (idx=31, name=EpochBlock_33)
[D]        name="" counters="CPU cycles"[1847, 9521, 755] dur=0.015ms id=33.33 type=0x5000000/INTERNAL|WITHOUT_TENSOR,"epoch"
[D]       ----------------------------------------
[D]       INTERNAL OPERATOR (idx=32, name=EpochBlock_34)
[D]        name="" counters="CPU cycles"[12247, 418345, 5451] dur=0.545ms id=34.34 type=0x5000000/INTERNAL|WITHOUT_TENSOR,"epoch"
[D]       ----------------------------------------
[D]       INTERNAL OPERATOR (idx=33, name=EpochBlock_35)
[D]        name="" counters="CPU cycles"[1855, 136657, 715] dur=0.174ms id=35.35 type=0x5000000/INTERNAL|WITHOUT_TENSOR,"epoch"
[D]       ----------------------------------------
[D]       INTERNAL OPERATOR (idx=34, name=EpochBlock_36)
[D]        name="" counters="CPU cycles"[8975, 648081, 4115] dur=0.826ms id=36.36 type=0x5000000/INTERNAL|WITHOUT_TENSOR,"epoch"
[D]       ----------------------------------------
[D]       INTERNAL OPERATOR (idx=35, name=EpochBlock_37)
[D]        name="" counters="CPU cycles"[32623, 160017, 4539] dur=0.246ms id=37.37 type=0x5000000/INTERNAL|WITHOUT_TENSOR,"epoch"
[D]       ----------------------------------------
[D]       INTERNAL OPERATOR (idx=36, name=EpochBlock_38)
[D]        name="" counters="CPU cycles"[1879, 9521, 755] dur=0.015ms id=38.38 type=0x5000000/INTERNAL|WITHOUT_TENSOR,"epoch"
[D]       ----------------------------------------
[D]       INTERNAL OPERATOR (idx=37, name=EpochBlock_39)
[D]        name="" counters="CPU cycles"[12399, 427001, 5536] dur=0.556ms id=39.39 type=0x5000000/INTERNAL|WITHOUT_TENSOR,"epoch"
[D]       ----------------------------------------
[D]       INTERNAL OPERATOR (idx=38, name=EpochBlock_40)
[D]        name="" counters="CPU cycles"[1935, 136692, 792] dur=0.174ms id=40.40 type=0x5000000/INTERNAL|WITHOUT_TENSOR,"epoch"
[D]       ----------------------------------------
[D]       INTERNAL OPERATOR (idx=39, name=EpochBlock_41)
[D]        name="" counters="CPU cycles"[9047, 648665, 4179] dur=0.827ms id=41.41 type=0x5000000/INTERNAL|WITHOUT_TENSOR,"epoch"
[D]       ----------------------------------------
[D]       INTERNAL OPERATOR (idx=40, name=EpochBlock_42)
[D]        name="" counters="CPU cycles"[32428, 159812, 4451] dur=0.246ms id=42.42 type=0x5000000/INTERNAL|WITHOUT_TENSOR,"epoch"
[D]       ----------------------------------------
[D]       INTERNAL OPERATOR (idx=41, name=EpochBlock_43)
[D]        name="" counters="CPU cycles"[1887, 9521, 795] dur=0.015ms id=43.43 type=0x5000000/INTERNAL|WITHOUT_TENSOR,"epoch"
[D]       ----------------------------------------
[D]       INTERNAL OPERATOR (idx=42, name=EpochBlock_44)
[D]        name="" counters="CPU cycles"[12231, 418353, 5459] dur=0.545ms id=44.44 type=0x5000000/INTERNAL|WITHOUT_TENSOR,"epoch"
[D]       ----------------------------------------
[D]       INTERNAL OPERATOR (idx=43, name=EpochBlock_45)
[D]        name="" counters="CPU cycles"[1887, 136641, 755] dur=0.174ms id=45.45 type=0x5000000/INTERNAL|WITHOUT_TENSOR,"epoch"
[D]       ----------------------------------------
[D]       INTERNAL OPERATOR (idx=44, name=EpochBlock_46)
[D]        name="" counters="CPU cycles"[9103, 300257, 4277] dur=0.392ms id=46.46 type=0x5000000/INTERNAL|WITHOUT_TENSOR,"epoch"
[D]       ----------------------------------------
[D]       INTERNAL OPERATOR (idx=45, name=EpochBlock_47)
[D]        name="" counters="CPU cycles"[46652, 260620, 3963] dur=0.389ms id=47.47 type=0x5000000/INTERNAL|WITHOUT_TENSOR,"epoch"
[D]       ----------------------------------------
[D]       INTERNAL OPERATOR (idx=46, name=EpochBlock_48)
[D]        name="" counters="CPU cycles"[12326, 540467, 5459] dur=0.698ms id=48.48 type=0x5000000/INTERNAL|WITHOUT_TENSOR,"epoch"
[D]       ----------------------------------------
[D]       INTERNAL OPERATOR (idx=47, name=EpochBlock_49)
[D]        name="" counters="CPU cycles"[2007, 81193, 755] dur=0.105ms id=49.49 type=0x5000000/INTERNAL|WITHOUT_TENSOR,"epoch"
[D]       ----------------------------------------
[D]       INTERNAL OPERATOR (idx=48, name=EpochBlock_50)
[D]        name="" counters="CPU cycles"[9279, 501769, 4123] dur=0.644ms id=50.50 type=0x5000000/INTERNAL|WITHOUT_TENSOR,"epoch"
[D]       ----------------------------------------
[D]       INTERNAL OPERATOR (idx=49, name=EpochBlock_51)
[D]        name="" counters="CPU cycles"[48007, 445473, 4427] dur=0.622ms id=51.51 type=0x5000000/INTERNAL|WITHOUT_TENSOR,"epoch"
[D]       ----------------------------------------
[D]       INTERNAL OPERATOR (idx=50, name=EpochBlock_52)
[D]        name="" counters="CPU cycles"[12151, 533989, 5451] dur=0.689ms id=52.52 type=0x5000000/INTERNAL|WITHOUT_TENSOR,"epoch"
[D]       ----------------------------------------
[D]       INTERNAL OPERATOR (idx=51, name=EpochBlock_53)
[D]        name="" counters="CPU cycles"[1903, 81185, 715] dur=0.105ms id=53.53 type=0x5000000/INTERNAL|WITHOUT_TENSOR,"epoch"
[D]       ----------------------------------------
[D]       INTERNAL OPERATOR (idx=52, name=EpochBlock_54)
[D]        name="" counters="CPU cycles"[9047, 499745, 4115] dur=0.641ms id=54.54 type=0x5000000/INTERNAL|WITHOUT_TENSOR,"epoch"
[D]       ----------------------------------------
[D]       INTERNAL OPERATOR (idx=53, name=EpochBlock_55)
[D]        name="" counters="CPU cycles"[47847, 445449, 4507] dur=0.622ms id=55.55 type=0x5000000/INTERNAL|WITHOUT_TENSOR,"epoch"
[D]       ----------------------------------------
[D]       INTERNAL OPERATOR (idx=54, name=EpochBlock_56)
[D]        name="" counters="CPU cycles"[12239, 540153, 5459] dur=0.697ms id=56.56 type=0x5000000/INTERNAL|WITHOUT_TENSOR,"epoch"
[D]       ----------------------------------------
[D]       INTERNAL OPERATOR (idx=55, name=EpochBlock_57)
[D]        name="" counters="CPU cycles"[1823, 81185, 755] dur=0.105ms id=57.57 type=0x5000000/INTERNAL|WITHOUT_TENSOR,"epoch"
[D]       ----------------------------------------
[D]       INTERNAL OPERATOR (idx=56, name=EpochBlock_58)
[D]        name="" counters="CPU cycles"[9191, 502198, 4136] dur=0.644ms id=58.58 type=0x5000000/INTERNAL|WITHOUT_TENSOR,"epoch"
[D]       ----------------------------------------
[D]       INTERNAL OPERATOR (idx=57, name=EpochBlock_59)
[D]        name="" counters="CPU cycles"[48143, 445129, 4534] dur=0.622ms id=59.59 type=0x5000000/INTERNAL|WITHOUT_TENSOR,"epoch"
[D]       ----------------------------------------
[D]       INTERNAL OPERATOR (idx=58, name=EpochBlock_60)
[D]        name="" counters="CPU cycles"[12215, 533577, 5564] dur=0.689ms id=60.60 type=0x5000000/INTERNAL|WITHOUT_TENSOR,"epoch"
[D]       ----------------------------------------
[D]       INTERNAL OPERATOR (idx=59, name=EpochBlock_61)
[D]        name="" counters="CPU cycles"[7015, 347017, 3235] dur=0.447ms id=61.61 type=0x5000000/INTERNAL|WITHOUT_TENSOR,"epoch"
[D]       ----------------------------------------
[D]       INTERNAL OPERATOR (idx=60, name=EpochBlock_62)
[D]        name="" counters="CPU cycles"[8636, 1684, 3739] dur=0.018ms id=62.62 type=0x5000000/INTERNAL|WITHOUT_TENSOR,"epoch"
[D]       ----------------------------------------
[D]       INTERNAL OPERATOR (idx=61, name=EpochBlock_63)
[D]        name="" counters="CPU cycles"[18487, 468177, 5056] dur=0.615ms id=63.63 type=0x5000000/INTERNAL|WITHOUT_TENSOR,"epoch"
[D]       ----------------------------------------
[D]       INTERNAL OPERATOR (idx=62, name=EpochBlock_64)
[D]        name="" counters="CPU cycles"[45, 36, 4037] dur=0.005ms id=64.64 type=0x1000002/INTERNAL,"epoch (SW)"
[D]       INTERNAL TENSOR #0
[D]        IOTensor: Dequantize_226_out_0, E.64.0, , 0x342e0000 f32[1,63], 252 Bytes
[D]        last=True, data_size=0
[D]       ----------------------------------------
[D]       INTERNAL OPERATOR (idx=63, name=EpochBlock_65)
[D]        name="" counters="CPU cycles"[15943, 3321, 3548] dur=0.029ms id=65.65 type=0x5000000/INTERNAL|WITHOUT_TENSOR,"epoch"
[D]       ----------------------------------------
[D]       INTERNAL OPERATOR (idx=64, name=EpochBlock_66)
[D]        name="" counters="CPU cycles"[45, 36, 3469] dur=0.004ms id=66.66 type=0x1000002/INTERNAL,"epoch (SW)"
[D]       INTERNAL TENSOR #0
[D]        IOTensor: Dequantize_229_out_0, E.66.0, , 0x342e0100 f32[1,63], 252 Bytes
[D]        last=True, data_size=0
[D]       ----------------------------------------
[D]       INTERNAL OPERATOR (idx=65, name=EpochBlock_67)
[D]        name="" counters="CPU cycles"[45, 36, 2936] dur=0.004ms id=67.67 type=0x1000002/INTERNAL,"epoch (SW)"
[D]       INTERNAL TENSOR #0
[D]        IOTensor: Dequantize_219_out_0, E.67.0, , 0x342e0200 f32[1,1], 4 Bytes
[D]        last=True, data_size=0
[D]       ----------------------------------------
[D]       INTERNAL OPERATOR (idx=66, name=EpochBlock_68)
[D]        name="" counters="CPU cycles"[4599, 606, 1743] dur=0.009ms id=68.68 type=0x5000000/INTERNAL|WITHOUT_TENSOR,"epoch"
[D]       ----------------------------------------
[D]       INTERNAL OPERATOR (idx=67, name=EpochBlock_69)
[D]        name="" counters="CPU cycles"[45, 36, 2375] dur=0.003ms id=69.69 type=0x1000002/INTERNAL,"epoch (SW)"
[D]       INTERNAL TENSOR #0
[D]        IOTensor: Dequantize_223_out_0, E.69.0, , 0x342e0210 f32[1,1], 4 Bytes
[D]        last=True, data_size=0
[D]       ----------------------------------------
[D]       INFERENCE DONE
[D]        name="network" counters="CPU cycles"[1657230, 16097533, 212651, 17980005, 0] dur=22.475ms id=0.0 type=0x0/NONE,"epoch"
[D]       RECEIVE OUTPUT TENSOR #0 last=False..
[D]        IOTensor: Dequantize_223_out_0, O_0, , 0x342e0210 f32[1,1], 4 Bytes
[D]       RECEIVE OUTPUT TENSOR #1 last=False..
[D]        IOTensor: Dequantize_229_out_0, O_1, , 0x342e0100 f32[1,63], 252 Bytes
[D]       RECEIVE OUTPUT TENSOR #2 last=False..
[D]        IOTensor: Dequantize_219_out_0, O_2, , 0x342e0200 f32[1,1], 4 Bytes
[D]       RECEIVE OUTPUT TENSOR #3 last=True..
[D]        IOTensor: Dequantize_226_out_0, O_3, , 0x342e0000 f32[1,63], 252 Bytes
[D]    <- done (target dur=22.459ms)
[D]    -> Requested RUN mode: Mode.DEBUG|PERF_ONLY|PER_LAYER (param=0b1100001011, option=0x800)
[D]       SEND INPUT TENSOR #0 ((1, 224, 224, 3)/uint8) last=True..
[D]        buffer is filled with a simple value: 207
[D]       ----------------------------------------
[D]       INTERNAL OPERATOR (idx=0, name=EpochBlock_2)
[D]        name="" counters="CPU cycles"[3479, 121193, 1683] dur=0.158ms id=2.2 type=0x5000000/INTERNAL|WITHOUT_TENSOR,"epoch"
[D]       ----------------------------------------
[D]       INTERNAL OPERATOR (idx=1, name=EpochBlock_3)
[D]        name="" counters="CPU cycles"[15399, 363933, 3255] dur=0.478ms id=3.3 type=0x5000000/INTERNAL|WITHOUT_TENSOR,"epoch"
[D]       ----------------------------------------
[D]       INTERNAL OPERATOR (idx=2, name=EpochBlock_4)
[D]        name="" counters="CPU cycles"[5623, 241689, 1441] dur=0.311ms id=4.4 type=0x5000000/INTERNAL|WITHOUT_TENSOR,"epoch"
[D]       ----------------------------------------
[D]       INTERNAL OPERATOR (idx=3, name=EpochBlock_5)
[D]        name="" counters="CPU cycles"[8743, 242542, 2024] dur=0.317ms id=5.5 type=0x5000000/INTERNAL|WITHOUT_TENSOR,"epoch"
[D]       ----------------------------------------
[D]       INTERNAL OPERATOR (idx=4, name=EpochBlock_6)
[D]        name="" counters="CPU cycles"[18551, 644329, 2331] dur=0.832ms id=6.6 type=0x5000000/INTERNAL|WITHOUT_TENSOR,"epoch"
[D]       ----------------------------------------
[D]       INTERNAL OPERATOR (idx=5, name=EpochBlock_7)
[D]        name="" counters="CPU cycles"[17983, 643289, 2312] dur=0.829ms id=7.7 type=0x5000000/INTERNAL|WITHOUT_TENSOR,"epoch"
[D]       ----------------------------------------
[D]       INTERNAL OPERATOR (idx=6, name=EpochBlock_8)
[D]        name="" counters="CPU cycles"[9647, 64111, 1989] dur=0.095ms id=8.8 type=0x5000000/INTERNAL|WITHOUT_TENSOR,"epoch"
[D]       ----------------------------------------
[D]       INTERNAL OPERATOR (idx=7, name=EpochBlock_9)
[D]        name="" counters="CPU cycles"[33863, 363945, 2329] dur=0.500ms id=9.9 type=0x5000000/INTERNAL|WITHOUT_TENSOR,"epoch"
[D]       ----------------------------------------
[D]       INTERNAL OPERATOR (idx=8, name=EpochBlock_10)
[D]        name="" counters="CPU cycles"[33511, 377401, 2312] dur=0.517ms id=10.10 type=0x5000000/INTERNAL|WITHOUT_TENSOR,"epoch"
[D]       ----------------------------------------
[D]       INTERNAL OPERATOR (idx=9, name=EpochBlock_11)
[D]        name="" counters="CPU cycles"[12175, 67953, 3356] dur=0.104ms id=11.11 type=0x5000000/INTERNAL|WITHOUT_TENSOR,"epoch"
[D]       ----------------------------------------
[D]       INTERNAL OPERATOR (idx=10, name=EpochBlock_12)
[D]        name="" counters="CPU cycles"[33727, 363857, 2444] dur=0.500ms id=12.12 type=0x5000000/INTERNAL|WITHOUT_TENSOR,"epoch"
[D]       ----------------------------------------
[D]       INTERNAL OPERATOR (idx=11, name=EpochBlock_13)
[D]        name="" counters="CPU cycles"[1935, 405689, 795] dur=0.511ms id=13.13 type=0x5000000/INTERNAL|WITHOUT_TENSOR,"epoch"
[D]       ----------------------------------------
[D]       INTERNAL OPERATOR (idx=12, name=EpochBlock_14)
[D]        name="" counters="CPU cycles"[36175, 366697, 3608] dur=0.508ms id=14.14 type=0x5000000/INTERNAL|WITHOUT_TENSOR,"epoch"
[D]       ----------------------------------------
[D]       INTERNAL OPERATOR (idx=13, name=EpochBlock_15)
[D]        name="" counters="CPU cycles"[14559, 36547, 2667] dur=0.067ms id=15.15 type=0x5000000/INTERNAL|WITHOUT_TENSOR,"epoch"
[D]       ----------------------------------------
[D]       INTERNAL OPERATOR (idx=14, name=EpochBlock_16)
[D]        name="" counters="CPU cycles"[53855, 153489, 2875] dur=0.263ms id=16.16 type=0x5000000/INTERNAL|WITHOUT_TENSOR,"epoch"
[D]       ----------------------------------------
[D]       INTERNAL OPERATOR (idx=15, name=EpochBlock_17)
[D]        name="" counters="CPU cycles"[1983, 181897, 755] dur=0.231ms id=17.17 type=0x5000000/INTERNAL|WITHOUT_TENSOR,"epoch"
[D]       ----------------------------------------
[D]       INTERNAL OPERATOR (idx=16, name=EpochBlock_18)
[D]        name="" counters="CPU cycles"[54383, 194459, 3584] dur=0.316ms id=18.18 type=0x5000000/INTERNAL|WITHOUT_TENSOR,"epoch"
[D]       ----------------------------------------
[D]       INTERNAL OPERATOR (idx=17, name=EpochBlock_19)
[D]        name="" counters="CPU cycles"[15983, 60732, 3272] dur=0.100ms id=19.19 type=0x5000000/INTERNAL|WITHOUT_TENSOR,"epoch"
[D]       ----------------------------------------
[D]       INTERNAL OPERATOR (idx=18, name=EpochBlock_20)
[D]        name="" counters="CPU cycles"[53724, 153318, 3051] dur=0.263ms id=20.20 type=0x5000000/INTERNAL|WITHOUT_TENSOR,"epoch"
[D]       ----------------------------------------
[D]       INTERNAL OPERATOR (idx=19, name=EpochBlock_21)
[D]        name="" counters="CPU cycles"[51903, 152689, 2275] dur=0.259ms id=21.21 type=0x5000000/INTERNAL|WITHOUT_TENSOR,"epoch"
[D]       ----------------------------------------
[D]       INTERNAL OPERATOR (idx=20, name=EpochBlock_22)
[D]        name="" counters="CPU cycles"[22791, 45487, 2669] dur=0.089ms id=22.22 type=0x5000000/INTERNAL|WITHOUT_TENSOR,"epoch"
[D]       ----------------------------------------
[D]       INTERNAL OPERATOR (idx=21, name=EpochBlock_23)
[D]        name="" counters="CPU cycles"[102191, 81385, 4424] dur=0.235ms id=23.23 type=0x5000000/INTERNAL|WITHOUT_TENSOR,"epoch"
[D]       ----------------------------------------
[D]       INTERNAL OPERATOR (idx=22, name=EpochBlock_24)
[D]        name="" counters="CPU cycles"[98677, 89276, 2351] dur=0.238ms id=24.24 type=0x5000000/INTERNAL|WITHOUT_TENSOR,"epoch"
[D]       ----------------------------------------
[D]       INTERNAL OPERATOR (idx=23, name=EpochBlock_25)
[D]        name="" counters="CPU cycles"[26759, 87756, 4536] dur=0.149ms id=25.25 type=0x5000000/INTERNAL|WITHOUT_TENSOR,"epoch"
[D]       ----------------------------------------
[D]       INTERNAL OPERATOR (idx=24, name=EpochBlock_26)
[D]        name="" counters="CPU cycles"[102247, 81425, 4235] dur=0.235ms id=26.26 type=0x5000000/INTERNAL|WITHOUT_TENSOR,"epoch"
[D]       ----------------------------------------
[D]       INTERNAL OPERATOR (idx=25, name=EpochBlock_27)
[D]        name="" counters="CPU cycles"[98413, 89155, 2329] dur=0.237ms id=27.27 type=0x5000000/INTERNAL|WITHOUT_TENSOR,"epoch"
[D]       ----------------------------------------
[D]       INTERNAL OPERATOR (idx=26, name=EpochBlock_28)
[D]        name="" counters="CPU cycles"[26767, 87761, 4632] dur=0.149ms id=28.28 type=0x5000000/INTERNAL|WITHOUT_TENSOR,"epoch"
[D]       ----------------------------------------
[D]       INTERNAL OPERATOR (idx=27, name=EpochBlock_29)
[D]        name="" counters="CPU cycles"[102031, 81076, 4307] dur=0.234ms id=29.29 type=0x5000000/INTERNAL|WITHOUT_TENSOR,"epoch"
[D]       ----------------------------------------
[D]       INTERNAL OPERATOR (idx=28, name=EpochBlock_30)
[D]        name="" counters="CPU cycles"[1943, 97769, 715] dur=0.126ms id=30.30 type=0x5000000/INTERNAL|WITHOUT_TENSOR,"epoch"
[D]       ----------------------------------------
[D]       INTERNAL OPERATOR (idx=29, name=EpochBlock_31)
[D]        name="" counters="CPU cycles"[101237, 106531, 3589] dur=0.264ms id=31.31 type=0x5000000/INTERNAL|WITHOUT_TENSOR,"epoch"
[D]       ----------------------------------------
[D]       INTERNAL OPERATOR (idx=30, name=EpochBlock_32)
[D]        name="" counters="CPU cycles"[31439, 118139, 3931] dur=0.192ms id=32.32 type=0x5000000/INTERNAL|WITHOUT_TENSOR,"epoch"
[D]       ----------------------------------------
[D]       INTERNAL OPERATOR (idx=31, name=EpochBlock_33)
[D]        name="" counters="CPU cycles"[1919, 9521, 755] dur=0.015ms id=33.33 type=0x5000000/INTERNAL|WITHOUT_TENSOR,"epoch"
[D]       ----------------------------------------
[D]       INTERNAL OPERATOR (idx=32, name=EpochBlock_34)
[D]        name="" counters="CPU cycles"[12303, 418281, 5387] dur=0.545ms id=34.34 type=0x5000000/INTERNAL|WITHOUT_TENSOR,"epoch"
[D]       ----------------------------------------
[D]       INTERNAL OPERATOR (idx=33, name=EpochBlock_35)
[D]        name="" counters="CPU cycles"[1855, 136649, 715] dur=0.174ms id=35.35 type=0x5000000/INTERNAL|WITHOUT_TENSOR,"epoch"
[D]       ----------------------------------------
[D]       INTERNAL OPERATOR (idx=34, name=EpochBlock_36)
[D]        name="" counters="CPU cycles"[9007, 648297, 4115] dur=0.827ms id=36.36 type=0x5000000/INTERNAL|WITHOUT_TENSOR,"epoch"
[D]       ----------------------------------------
[D]       INTERNAL OPERATOR (idx=35, name=EpochBlock_37)
[D]        name="" counters="CPU cycles"[32671, 160017, 4539] dur=0.247ms id=37.37 type=0x5000000/INTERNAL|WITHOUT_TENSOR,"epoch"
[D]       ----------------------------------------
[D]       INTERNAL OPERATOR (idx=36, name=EpochBlock_38)
[D]        name="" counters="CPU cycles"[1887, 9521, 792] dur=0.015ms id=38.38 type=0x5000000/INTERNAL|WITHOUT_TENSOR,"epoch"
[D]       ----------------------------------------
[D]       INTERNAL OPERATOR (idx=37, name=EpochBlock_39)
[D]        name="" counters="CPU cycles"[12437, 427099, 5560] dur=0.556ms id=39.39 type=0x5000000/INTERNAL|WITHOUT_TENSOR,"epoch"
[D]       ----------------------------------------
[D]       INTERNAL OPERATOR (idx=38, name=EpochBlock_40)
[D]        name="" counters="CPU cycles"[1863, 136641, 792] dur=0.174ms id=40.40 type=0x5000000/INTERNAL|WITHOUT_TENSOR,"epoch"
[D]       ----------------------------------------
[D]       INTERNAL OPERATOR (idx=39, name=EpochBlock_41)
[D]        name="" counters="CPU cycles"[9079, 648785, 4219] dur=0.828ms id=41.41 type=0x5000000/INTERNAL|WITHOUT_TENSOR,"epoch"
[D]       ----------------------------------------
[D]       INTERNAL OPERATOR (idx=40, name=EpochBlock_42)
[D]        name="" counters="CPU cycles"[32788, 159804, 4427] dur=0.246ms id=42.42 type=0x5000000/INTERNAL|WITHOUT_TENSOR,"epoch"
[D]       ----------------------------------------
[D]       INTERNAL OPERATOR (idx=41, name=EpochBlock_43)
[D]        name="" counters="CPU cycles"[1927, 9521, 795] dur=0.015ms id=43.43 type=0x5000000/INTERNAL|WITHOUT_TENSOR,"epoch"
[D]       ----------------------------------------
[D]       INTERNAL OPERATOR (idx=42, name=EpochBlock_44)
[D]        name="" counters="CPU cycles"[12191, 418473, 5427] dur=0.545ms id=44.44 type=0x5000000/INTERNAL|WITHOUT_TENSOR,"epoch"
[D]       ----------------------------------------
[D]       INTERNAL OPERATOR (idx=43, name=EpochBlock_45)
[D]        name="" counters="CPU cycles"[1895, 136649, 755] dur=0.174ms id=45.45 type=0x5000000/INTERNAL|WITHOUT_TENSOR,"epoch"
[D]       ----------------------------------------
[D]       INTERNAL OPERATOR (idx=44, name=EpochBlock_46)
[D]        name="" counters="CPU cycles"[8991, 300297, 4160] dur=0.392ms id=46.46 type=0x5000000/INTERNAL|WITHOUT_TENSOR,"epoch"
[D]       ----------------------------------------
[D]       INTERNAL OPERATOR (idx=45, name=EpochBlock_47)
[D]        name="" counters="CPU cycles"[46599, 260665, 3939] dur=0.389ms id=47.47 type=0x5000000/INTERNAL|WITHOUT_TENSOR,"epoch"
[D]       ----------------------------------------
[D]       INTERNAL OPERATOR (idx=46, name=EpochBlock_48)
[D]        name="" counters="CPU cycles"[12255, 543556, 5493] dur=0.702ms id=48.48 type=0x5000000/INTERNAL|WITHOUT_TENSOR,"epoch"
[D]       ----------------------------------------
[D]       INTERNAL OPERATOR (idx=47, name=EpochBlock_49)
[D]        name="" counters="CPU cycles"[1943, 81169, 755] dur=0.105ms id=49.49 type=0x5000000/INTERNAL|WITHOUT_TENSOR,"epoch"
[D]       ----------------------------------------
[D]       INTERNAL OPERATOR (idx=48, name=EpochBlock_50)
[D]        name="" counters="CPU cycles"[9271, 502097, 4123] dur=0.644ms id=50.50 type=0x5000000/INTERNAL|WITHOUT_TENSOR,"epoch"
[D]       ----------------------------------------
[D]       INTERNAL OPERATOR (idx=49, name=EpochBlock_51)
[D]        name="" counters="CPU cycles"[48095, 445473, 4491] dur=0.623ms id=51.51 type=0x5000000/INTERNAL|WITHOUT_TENSOR,"epoch"
[D]       ----------------------------------------
[D]       INTERNAL OPERATOR (idx=50, name=EpochBlock_52)
[D]        name="" counters="CPU cycles"[12175, 534061, 5456] dur=0.690ms id=52.52 type=0x5000000/INTERNAL|WITHOUT_TENSOR,"epoch"
[D]       ----------------------------------------
[D]       INTERNAL OPERATOR (idx=51, name=EpochBlock_53)
[D]        name="" counters="CPU cycles"[1935, 81201, 715] dur=0.105ms id=53.53 type=0x5000000/INTERNAL|WITHOUT_TENSOR,"epoch"
[D]       ----------------------------------------
[D]       INTERNAL OPERATOR (idx=52, name=EpochBlock_54)
[D]        name="" counters="CPU cycles"[9047, 499817, 4115] dur=0.641ms id=54.54 type=0x5000000/INTERNAL|WITHOUT_TENSOR,"epoch"
[D]       ----------------------------------------
[D]       INTERNAL OPERATOR (idx=53, name=EpochBlock_55)
[D]        name="" counters="CPU cycles"[47919, 445343, 4507] dur=0.622ms id=55.55 type=0x5000000/INTERNAL|WITHOUT_TENSOR,"epoch"
[D]       ----------------------------------------
[D]       INTERNAL OPERATOR (idx=54, name=EpochBlock_56)
[D]        name="" counters="CPU cycles"[12348, 540452, 5459] dur=0.698ms id=56.56 type=0x5000000/INTERNAL|WITHOUT_TENSOR,"epoch"
[D]       ----------------------------------------
[D]       INTERNAL OPERATOR (idx=55, name=EpochBlock_57)
[D]        name="" counters="CPU cycles"[1895, 81177, 755] dur=0.105ms id=57.57 type=0x5000000/INTERNAL|WITHOUT_TENSOR,"epoch"
[D]       ----------------------------------------
[D]       INTERNAL OPERATOR (idx=56, name=EpochBlock_58)
[D]        name="" counters="CPU cycles"[9303, 502337, 4139] dur=0.645ms id=58.58 type=0x5000000/INTERNAL|WITHOUT_TENSOR,"epoch"
[D]       ----------------------------------------
[D]       INTERNAL OPERATOR (idx=57, name=EpochBlock_59)
[D]        name="" counters="CPU cycles"[47783, 445129, 4451] dur=0.622ms id=59.59 type=0x5000000/INTERNAL|WITHOUT_TENSOR,"epoch"
[D]       ----------------------------------------
[D]       INTERNAL OPERATOR (idx=58, name=EpochBlock_60)
[D]        name="" counters="CPU cycles"[12135, 533553, 5451] dur=0.689ms id=60.60 type=0x5000000/INTERNAL|WITHOUT_TENSOR,"epoch"
[D]       ----------------------------------------
[D]       INTERNAL OPERATOR (idx=59, name=EpochBlock_61)
[D]        name="" counters="CPU cycles"[6967, 347017, 3272] dur=0.447ms id=61.61 type=0x5000000/INTERNAL|WITHOUT_TENSOR,"epoch"
[D]       ----------------------------------------
[D]       INTERNAL OPERATOR (idx=60, name=EpochBlock_62)
[D]        name="" counters="CPU cycles"[8660, 1647, 3739] dur=0.018ms id=62.62 type=0x5000000/INTERNAL|WITHOUT_TENSOR,"epoch"
[D]       ----------------------------------------
[D]       INTERNAL OPERATOR (idx=61, name=EpochBlock_63)
[D]        name="" counters="CPU cycles"[18364, 468084, 5056] dur=0.614ms id=63.63 type=0x5000000/INTERNAL|WITHOUT_TENSOR,"epoch"
[D]       ----------------------------------------
[D]       INTERNAL OPERATOR (idx=62, name=EpochBlock_64)
[D]        name="" counters="CPU cycles"[82, 76, 3932] dur=0.005ms id=64.64 type=0x1000002/INTERNAL,"epoch (SW)"
[D]       INTERNAL TENSOR #0
[D]        IOTensor: Dequantize_226_out_0, E.64.0, , 0x342e0000 f32[1,63], 252 Bytes
[D]        last=True, data_size=0
[D]       ----------------------------------------
[D]       INTERNAL OPERATOR (idx=63, name=EpochBlock_65)
[D]        name="" counters="CPU cycles"[16111, 3281, 3507] dur=0.029ms id=65.65 type=0x5000000/INTERNAL|WITHOUT_TENSOR,"epoch"
[D]       ----------------------------------------
[D]       INTERNAL OPERATOR (idx=64, name=EpochBlock_66)
[D]        name="" counters="CPU cycles"[45, 36, 3445] dur=0.004ms id=66.66 type=0x1000002/INTERNAL,"epoch (SW)"
[D]       INTERNAL TENSOR #0
[D]        IOTensor: Dequantize_229_out_0, E.66.0, , 0x342e0100 f32[1,63], 252 Bytes
[D]        last=True, data_size=0
[D]       ----------------------------------------
[D]       INTERNAL OPERATOR (idx=65, name=EpochBlock_67)
[D]        name="" counters="CPU cycles"[45, 36, 2831] dur=0.004ms id=67.67 type=0x1000002/INTERNAL,"epoch (SW)"
[D]       INTERNAL TENSOR #0
[D]        IOTensor: Dequantize_219_out_0, E.67.0, , 0x342e0200 f32[1,1], 4 Bytes
[D]        last=True, data_size=0
[D]       ----------------------------------------
[D]       INTERNAL OPERATOR (idx=66, name=EpochBlock_68)
[D]        name="" counters="CPU cycles"[4535, 563, 1681] dur=0.008ms id=68.68 type=0x5000000/INTERNAL|WITHOUT_TENSOR,"epoch"
[D]       ----------------------------------------
[D]       INTERNAL OPERATOR (idx=67, name=EpochBlock_69)
[D]        name="" counters="CPU cycles"[45, 36, 2329] dur=0.003ms id=69.69 type=0x1000002/INTERNAL,"epoch (SW)"
[D]       INTERNAL TENSOR #0
[D]        IOTensor: Dequantize_223_out_0, E.69.0, , 0x342e0210 f32[1,1], 4 Bytes
[D]        last=True, data_size=0
[D]       ----------------------------------------
[D]       INFERENCE DONE
[D]        name="network" counters="CPU cycles"[1660066, 16101880, 212155, 17986966, 0] dur=22.484ms id=0.0 type=0x0/NONE,"epoch"
[D]       RECEIVE OUTPUT TENSOR #0 last=False..
[D]        IOTensor: Dequantize_223_out_0, O_0, , 0x342e0210 f32[1,1], 4 Bytes
[D]       RECEIVE OUTPUT TENSOR #1 last=False..
[D]        IOTensor: Dequantize_229_out_0, O_1, , 0x342e0100 f32[1,63], 252 Bytes
[D]       RECEIVE OUTPUT TENSOR #2 last=False..
[D]        IOTensor: Dequantize_219_out_0, O_2, , 0x342e0200 f32[1,1], 4 Bytes
[D]       RECEIVE OUTPUT TENSOR #3 last=True..
[D]        IOTensor: Dequantize_226_out_0, O_3, , 0x342e0000 f32[1,63], 252 Bytes
[D]    <- done (target dur=22.468ms)
[D]    -> Requested RUN mode: Mode.DEBUG|PERF_ONLY|PER_LAYER (param=0b1100001011, option=0x800)
[D]       SEND INPUT TENSOR #0 ((1, 224, 224, 3)/uint8) last=True..
[D]        buffer is filled with a simple value: 89
[D]       ----------------------------------------
[D]       INTERNAL OPERATOR (idx=0, name=EpochBlock_2)
[D]        name="" counters="CPU cycles"[3477, 121271, 1647] dur=0.158ms id=2.2 type=0x5000000/INTERNAL|WITHOUT_TENSOR,"epoch"
[D]       ----------------------------------------
[D]       INTERNAL OPERATOR (idx=1, name=EpochBlock_3)
[D]        name="" counters="CPU cycles"[15287, 363933, 3255] dur=0.478ms id=3.3 type=0x5000000/INTERNAL|WITHOUT_TENSOR,"epoch"
[D]       ----------------------------------------
[D]       INTERNAL OPERATOR (idx=2, name=EpochBlock_4)
[D]        name="" counters="CPU cycles"[5655, 241689, 1441] dur=0.311ms id=4.4 type=0x5000000/INTERNAL|WITHOUT_TENSOR,"epoch"
[D]       ----------------------------------------
[D]       INTERNAL OPERATOR (idx=3, name=EpochBlock_5)
[D]        name="" counters="CPU cycles"[8623, 242499, 2027] dur=0.316ms id=5.5 type=0x5000000/INTERNAL|WITHOUT_TENSOR,"epoch"
[D]       ----------------------------------------
[D]       INTERNAL OPERATOR (idx=4, name=EpochBlock_6)
[D]        name="" counters="CPU cycles"[18591, 644329, 2331] dur=0.832ms id=6.6 type=0x5000000/INTERNAL|WITHOUT_TENSOR,"epoch"
[D]       ----------------------------------------
[D]       INTERNAL OPERATOR (idx=5, name=EpochBlock_7)
[D]        name="" counters="CPU cycles"[17831, 643281, 2331] dur=0.829ms id=7.7 type=0x5000000/INTERNAL|WITHOUT_TENSOR,"epoch"
[D]       ----------------------------------------
[D]       INTERNAL OPERATOR (idx=6, name=EpochBlock_8)
[D]        name="" counters="CPU cycles"[9623, 64111, 1989] dur=0.095ms id=8.8 type=0x5000000/INTERNAL|WITHOUT_TENSOR,"epoch"
[D]       ----------------------------------------
[D]       INTERNAL OPERATOR (idx=7, name=EpochBlock_9)
[D]        name="" counters="CPU cycles"[33855, 363945, 2329] dur=0.500ms id=9.9 type=0x5000000/INTERNAL|WITHOUT_TENSOR,"epoch"
[D]       ----------------------------------------
[D]       INTERNAL OPERATOR (idx=8, name=EpochBlock_10)
[D]        name="" counters="CPU cycles"[33399, 377401, 2350] dur=0.516ms id=10.10 type=0x5000000/INTERNAL|WITHOUT_TENSOR,"epoch"
[D]       ----------------------------------------
[D]       INTERNAL OPERATOR (idx=9, name=EpochBlock_11)
[D]        name="" counters="CPU cycles"[12175, 67953, 3323] dur=0.104ms id=11.11 type=0x5000000/INTERNAL|WITHOUT_TENSOR,"epoch"
[D]       ----------------------------------------
[D]       INTERNAL OPERATOR (idx=10, name=EpochBlock_12)
[D]        name="" counters="CPU cycles"[33439, 363857, 2468] dur=0.500ms id=12.12 type=0x5000000/INTERNAL|WITHOUT_TENSOR,"epoch"
[D]       ----------------------------------------
[D]       INTERNAL OPERATOR (idx=11, name=EpochBlock_13)
[D]        name="" counters="CPU cycles"[1895, 405681, 755] dur=0.510ms id=13.13 type=0x5000000/INTERNAL|WITHOUT_TENSOR,"epoch"
[D]       ----------------------------------------
[D]       INTERNAL OPERATOR (idx=12, name=EpochBlock_14)
[D]        name="" counters="CPU cycles"[36351, 366697, 3608] dur=0.508ms id=14.14 type=0x5000000/INTERNAL|WITHOUT_TENSOR,"epoch"
[D]       ----------------------------------------
[D]       INTERNAL OPERATOR (idx=13, name=EpochBlock_15)
[D]        name="" counters="CPU cycles"[14431, 36547, 2611] dur=0.067ms id=15.15 type=0x5000000/INTERNAL|WITHOUT_TENSOR,"epoch"
[D]       ----------------------------------------
[D]       INTERNAL OPERATOR (idx=14, name=EpochBlock_16)
[D]        name="" counters="CPU cycles"[53831, 153570, 2930] dur=0.263ms id=16.16 type=0x5000000/INTERNAL|WITHOUT_TENSOR,"epoch"
[D]       ----------------------------------------
[D]       INTERNAL OPERATOR (idx=15, name=EpochBlock_17)
[D]        name="" counters="CPU cycles"[1943, 181905, 755] dur=0.231ms id=17.17 type=0x5000000/INTERNAL|WITHOUT_TENSOR,"epoch"
[D]       ----------------------------------------
[D]       INTERNAL OPERATOR (idx=16, name=EpochBlock_18)
[D]        name="" counters="CPU cycles"[54759, 194459, 3584] dur=0.316ms id=18.18 type=0x5000000/INTERNAL|WITHOUT_TENSOR,"epoch"
[D]       ----------------------------------------
[D]       INTERNAL OPERATOR (idx=17, name=EpochBlock_19)
[D]        name="" counters="CPU cycles"[15583, 60770, 3274] dur=0.100ms id=19.19 type=0x5000000/INTERNAL|WITHOUT_TENSOR,"epoch"
[D]       ----------------------------------------
[D]       INTERNAL OPERATOR (idx=18, name=EpochBlock_20)
[D]        name="" counters="CPU cycles"[53367, 153313, 3016] dur=0.262ms id=20.20 type=0x5000000/INTERNAL|WITHOUT_TENSOR,"epoch"
[D]       ----------------------------------------
[D]       INTERNAL OPERATOR (idx=19, name=EpochBlock_21)
[D]        name="" counters="CPU cycles"[51863, 152697, 2315] dur=0.259ms id=21.21 type=0x5000000/INTERNAL|WITHOUT_TENSOR,"epoch"
[D]       ----------------------------------------
[D]       INTERNAL OPERATOR (idx=20, name=EpochBlock_22)
[D]        name="" counters="CPU cycles"[22495, 45449, 2651] dur=0.088ms id=22.22 type=0x5000000/INTERNAL|WITHOUT_TENSOR,"epoch"
[D]       ----------------------------------------
[D]       INTERNAL OPERATOR (idx=21, name=EpochBlock_23)
[D]        name="" counters="CPU cycles"[102143, 81385, 4307] dur=0.235ms id=23.23 type=0x5000000/INTERNAL|WITHOUT_TENSOR,"epoch"
[D]       ----------------------------------------
[D]       INTERNAL OPERATOR (idx=22, name=EpochBlock_24)
[D]        name="" counters="CPU cycles"[98135, 89193, 2376] dur=0.237ms id=24.24 type=0x5000000/INTERNAL|WITHOUT_TENSOR,"epoch"
[D]       ----------------------------------------
[D]       INTERNAL OPERATOR (idx=23, name=EpochBlock_25)
[D]        name="" counters="CPU cycles"[26399, 87758, 4536] dur=0.148ms id=25.25 type=0x5000000/INTERNAL|WITHOUT_TENSOR,"epoch"
[D]       ----------------------------------------
[D]       INTERNAL OPERATOR (idx=24, name=EpochBlock_26)
[D]        name="" counters="CPU cycles"[102327, 81425, 4235] dur=0.235ms id=26.26 type=0x5000000/INTERNAL|WITHOUT_TENSOR,"epoch"
[D]       ----------------------------------------
[D]       INTERNAL OPERATOR (idx=25, name=EpochBlock_27)
[D]        name="" counters="CPU cycles"[98463, 89193, 2315] dur=0.237ms id=27.27 type=0x5000000/INTERNAL|WITHOUT_TENSOR,"epoch"
[D]       ----------------------------------------
[D]       INTERNAL OPERATOR (idx=26, name=EpochBlock_28)
[D]        name="" counters="CPU cycles"[27151, 87801, 4539] dur=0.149ms id=28.28 type=0x5000000/INTERNAL|WITHOUT_TENSOR,"epoch"
[D]       ----------------------------------------
[D]       INTERNAL OPERATOR (idx=27, name=EpochBlock_29)
[D]        name="" counters="CPU cycles"[102039, 81033, 4318] dur=0.234ms id=29.29 type=0x5000000/INTERNAL|WITHOUT_TENSOR,"epoch"
[D]       ----------------------------------------
[D]       INTERNAL OPERATOR (idx=28, name=EpochBlock_30)
[D]        name="" counters="CPU cycles"[1935, 97761, 792] dur=0.126ms id=30.30 type=0x5000000/INTERNAL|WITHOUT_TENSOR,"epoch"
[D]       ----------------------------------------
[D]       INTERNAL OPERATOR (idx=29, name=EpochBlock_31)
[D]        name="" counters="CPU cycles"[101101, 106491, 3576] dur=0.264ms id=31.31 type=0x5000000/INTERNAL|WITHOUT_TENSOR,"epoch"
[D]       ----------------------------------------
[D]       INTERNAL OPERATOR (idx=30, name=EpochBlock_32)
[D]        name="" counters="CPU cycles"[31759, 118137, 3931] dur=0.192ms id=32.32 type=0x5000000/INTERNAL|WITHOUT_TENSOR,"epoch"
[D]       ----------------------------------------
[D]       INTERNAL OPERATOR (idx=31, name=EpochBlock_33)
[D]        name="" counters="CPU cycles"[1887, 9521, 755] dur=0.015ms id=33.33 type=0x5000000/INTERNAL|WITHOUT_TENSOR,"epoch"
[D]       ----------------------------------------
[D]       INTERNAL OPERATOR (idx=32, name=EpochBlock_34)
[D]        name="" counters="CPU cycles"[12367, 418289, 5387] dur=0.545ms id=34.34 type=0x5000000/INTERNAL|WITHOUT_TENSOR,"epoch"
[D]       ----------------------------------------
[D]       INTERNAL OPERATOR (idx=33, name=EpochBlock_35)
[D]        name="" counters="CPU cycles"[1855, 136649, 715] dur=0.174ms id=35.35 type=0x5000000/INTERNAL|WITHOUT_TENSOR,"epoch"
[D]       ----------------------------------------
[D]       INTERNAL OPERATOR (idx=34, name=EpochBlock_36)
[D]        name="" counters="CPU cycles"[9055, 648257, 4115] dur=0.827ms id=36.36 type=0x5000000/INTERNAL|WITHOUT_TENSOR,"epoch"
[D]       ----------------------------------------
[D]       INTERNAL OPERATOR (idx=35, name=EpochBlock_37)
[D]        name="" counters="CPU cycles"[32711, 160017, 4507] dur=0.247ms id=37.37 type=0x5000000/INTERNAL|WITHOUT_TENSOR,"epoch"
[D]       ----------------------------------------
[D]       INTERNAL OPERATOR (idx=36, name=EpochBlock_38)
[D]        name="" counters="CPU cycles"[1967, 9521, 755] dur=0.015ms id=38.38 type=0x5000000/INTERNAL|WITHOUT_TENSOR,"epoch"
[D]       ----------------------------------------
[D]       INTERNAL OPERATOR (idx=37, name=EpochBlock_39)
[D]        name="" counters="CPU cycles"[12437, 427083, 5574] dur=0.556ms id=39.39 type=0x5000000/INTERNAL|WITHOUT_TENSOR,"epoch"
[D]       ----------------------------------------
[D]       INTERNAL OPERATOR (idx=38, name=EpochBlock_40)
[D]        name="" counters="CPU cycles"[2023, 136641, 832] dur=0.174ms id=40.40 type=0x5000000/INTERNAL|WITHOUT_TENSOR,"epoch"
[D]       ----------------------------------------
[D]       INTERNAL OPERATOR (idx=39, name=EpochBlock_41)
[D]        name="" counters="CPU cycles"[9087, 648605, 4179] dur=0.827ms id=41.41 type=0x5000000/INTERNAL|WITHOUT_TENSOR,"epoch"
[D]       ----------------------------------------
[D]       INTERNAL OPERATOR (idx=40, name=EpochBlock_42)
[D]        name="" counters="CPU cycles"[32967, 159803, 4427] dur=0.246ms id=42.42 type=0x5000000/INTERNAL|WITHOUT_TENSOR,"epoch"
[D]       ----------------------------------------
[D]       INTERNAL OPERATOR (idx=41, name=EpochBlock_43)
[D]        name="" counters="CPU cycles"[1887, 9521, 755] dur=0.015ms id=43.43 type=0x5000000/INTERNAL|WITHOUT_TENSOR,"epoch"
[D]       ----------------------------------------
[D]       INTERNAL OPERATOR (idx=42, name=EpochBlock_44)
[D]        name="" counters="CPU cycles"[12231, 418385, 5459] dur=0.545ms id=44.44 type=0x5000000/INTERNAL|WITHOUT_TENSOR,"epoch"
[D]       ----------------------------------------
[D]       INTERNAL OPERATOR (idx=43, name=EpochBlock_45)
[D]        name="" counters="CPU cycles"[1895, 136641, 755] dur=0.174ms id=45.45 type=0x5000000/INTERNAL|WITHOUT_TENSOR,"epoch"
[D]       ----------------------------------------
[D]       INTERNAL OPERATOR (idx=44, name=EpochBlock_46)
[D]        name="" counters="CPU cycles"[9071, 300193, 4262] dur=0.392ms id=46.46 type=0x5000000/INTERNAL|WITHOUT_TENSOR,"epoch"
[D]       ----------------------------------------
[D]       INTERNAL OPERATOR (idx=45, name=EpochBlock_47)
[D]        name="" counters="CPU cycles"[46575, 260657, 3939] dur=0.389ms id=47.47 type=0x5000000/INTERNAL|WITHOUT_TENSOR,"epoch"
[D]       ----------------------------------------
[D]       INTERNAL OPERATOR (idx=46, name=EpochBlock_48)
[D]        name="" counters="CPU cycles"[12239, 539660, 5456] dur=0.697ms id=48.48 type=0x5000000/INTERNAL|WITHOUT_TENSOR,"epoch"
[D]       ----------------------------------------
[D]       INTERNAL OPERATOR (idx=47, name=EpochBlock_49)
[D]        name="" counters="CPU cycles"[1943, 81201, 755] dur=0.105ms id=49.49 type=0x5000000/INTERNAL|WITHOUT_TENSOR,"epoch"
[D]       ----------------------------------------
[D]       INTERNAL OPERATOR (idx=48, name=EpochBlock_50)
[D]        name="" counters="CPU cycles"[9271, 502121, 4059] dur=0.644ms id=50.50 type=0x5000000/INTERNAL|WITHOUT_TENSOR,"epoch"
[D]       ----------------------------------------
[D]       INTERNAL OPERATOR (idx=49, name=EpochBlock_51)
[D]        name="" counters="CPU cycles"[48263, 445473, 4427] dur=0.623ms id=51.51 type=0x5000000/INTERNAL|WITHOUT_TENSOR,"epoch"
[D]       ----------------------------------------
[D]       INTERNAL OPERATOR (idx=50, name=EpochBlock_52)
[D]        name="" counters="CPU cycles"[12287, 533876, 5462] dur=0.690ms id=52.52 type=0x5000000/INTERNAL|WITHOUT_TENSOR,"epoch"
[D]       ----------------------------------------
[D]       INTERNAL OPERATOR (idx=51, name=EpochBlock_53)
[D]        name="" counters="CPU cycles"[1895, 81201, 715] dur=0.105ms id=53.53 type=0x5000000/INTERNAL|WITHOUT_TENSOR,"epoch"
[D]       ----------------------------------------
[D]       INTERNAL OPERATOR (idx=52, name=EpochBlock_54)
[D]        name="" counters="CPU cycles"[9055, 499905, 4115] dur=0.641ms id=54.54 type=0x5000000/INTERNAL|WITHOUT_TENSOR,"epoch"
[D]       ----------------------------------------
[D]       INTERNAL OPERATOR (idx=53, name=EpochBlock_55)
[D]        name="" counters="CPU cycles"[47882, 445335, 4507] dur=0.622ms id=55.55 type=0x5000000/INTERNAL|WITHOUT_TENSOR,"epoch"
[D]       ----------------------------------------
[D]       INTERNAL OPERATOR (idx=54, name=EpochBlock_56)
[D]        name="" counters="CPU cycles"[12223, 540177, 5459] dur=0.697ms id=56.56 type=0x5000000/INTERNAL|WITHOUT_TENSOR,"epoch"
[D]       ----------------------------------------
[D]       INTERNAL OPERATOR (idx=55, name=EpochBlock_57)
[D]        name="" counters="CPU cycles"[1903, 81233, 755] dur=0.105ms id=57.57 type=0x5000000/INTERNAL|WITHOUT_TENSOR,"epoch"
[D]       ----------------------------------------
[D]       INTERNAL OPERATOR (idx=56, name=EpochBlock_58)
[D]        name="" counters="CPU cycles"[9111, 502460, 4176] dur=0.645ms id=58.58 type=0x5000000/INTERNAL|WITHOUT_TENSOR,"epoch"
[D]       ----------------------------------------
[D]       INTERNAL OPERATOR (idx=57, name=EpochBlock_59)
[D]        name="" counters="CPU cycles"[47799, 445129, 4561] dur=0.622ms id=59.59 type=0x5000000/INTERNAL|WITHOUT_TENSOR,"epoch"
[D]       ----------------------------------------
[D]       INTERNAL OPERATOR (idx=58, name=EpochBlock_60)
[D]        name="" counters="CPU cycles"[12111, 533617, 5411] dur=0.689ms id=60.60 type=0x5000000/INTERNAL|WITHOUT_TENSOR,"epoch"
[D]       ----------------------------------------
[D]       INTERNAL OPERATOR (idx=59, name=EpochBlock_61)
[D]        name="" counters="CPU cycles"[6975, 347020, 3232] dur=0.447ms id=61.61 type=0x5000000/INTERNAL|WITHOUT_TENSOR,"epoch"
[D]       ----------------------------------------
[D]       INTERNAL OPERATOR (idx=60, name=EpochBlock_62)
[D]        name="" counters="CPU cycles"[8628, 1644, 3739] dur=0.018ms id=62.62 type=0x5000000/INTERNAL|WITHOUT_TENSOR,"epoch"
[D]       ----------------------------------------
[D]       INTERNAL OPERATOR (idx=61, name=EpochBlock_63)
[D]        name="" counters="CPU cycles"[18364, 468028, 5083] dur=0.614ms id=63.63 type=0x5000000/INTERNAL|WITHOUT_TENSOR,"epoch"
[D]       ----------------------------------------
[D]       INTERNAL OPERATOR (idx=62, name=EpochBlock_64)
[D]        name="" counters="CPU cycles"[45, 75, 4020] dur=0.005ms id=64.64 type=0x1000002/INTERNAL,"epoch (SW)"
[D]       INTERNAL TENSOR #0
[D]        IOTensor: Dequantize_226_out_0, E.64.0, , 0x342e0000 f32[1,63], 252 Bytes
[D]        last=True, data_size=0
[D]       ----------------------------------------
[D]       INTERNAL OPERATOR (idx=63, name=EpochBlock_65)
[D]        name="" counters="CPU cycles"[16183, 3321, 3507] dur=0.029ms id=65.65 type=0x5000000/INTERNAL|WITHOUT_TENSOR,"epoch"
[D]       ----------------------------------------
[D]       INTERNAL OPERATOR (idx=64, name=EpochBlock_66)
[D]        name="" counters="CPU cycles"[45, 36, 3315] dur=0.004ms id=66.66 type=0x1000002/INTERNAL,"epoch (SW)"
[D]       INTERNAL TENSOR #0
[D]        IOTensor: Dequantize_229_out_0, E.66.0, , 0x342e0100 f32[1,63], 252 Bytes
[D]        last=True, data_size=0
[D]       ----------------------------------------
[D]       INTERNAL OPERATOR (idx=65, name=EpochBlock_67)
[D]        name="" counters="CPU cycles"[45, 36, 2868] dur=0.004ms id=67.67 type=0x1000002/INTERNAL,"epoch (SW)"
[D]       INTERNAL TENSOR #0
[D]        IOTensor: Dequantize_219_out_0, E.67.0, , 0x342e0200 f32[1,1], 4 Bytes
[D]        last=True, data_size=0
[D]       ----------------------------------------
[D]       INTERNAL OPERATOR (idx=66, name=EpochBlock_68)
[D]        name="" counters="CPU cycles"[4567, 606, 1718] dur=0.009ms id=68.68 type=0x5000000/INTERNAL|WITHOUT_TENSOR,"epoch"
[D]       ----------------------------------------
[D]       INTERNAL OPERATOR (idx=67, name=EpochBlock_69)
[D]        name="" counters="CPU cycles"[45, 36, 2331] dur=0.003ms id=69.69 type=0x1000002/INTERNAL,"epoch (SW)"
[D]       INTERNAL TENSOR #0
[D]        IOTensor: Dequantize_223_out_0, E.69.0, , 0x342e0210 f32[1,1], 4 Bytes
[D]        last=True, data_size=0
[D]       ----------------------------------------
[D]       INFERENCE DONE
[D]        name="network" counters="CPU cycles"[1658819, 16097507, 212002, 17980756, 0] dur=22.476ms id=0.0 type=0x0/NONE,"epoch"
[D]       RECEIVE OUTPUT TENSOR #0 last=False..
[D]        IOTensor: Dequantize_223_out_0, O_0, , 0x342e0210 f32[1,1], 4 Bytes
[D]       RECEIVE OUTPUT TENSOR #1 last=False..
[D]        IOTensor: Dequantize_229_out_0, O_1, , 0x342e0100 f32[1,63], 252 Bytes
[D]       RECEIVE OUTPUT TENSOR #2 last=False..
[D]        IOTensor: Dequantize_219_out_0, O_2, , 0x342e0200 f32[1,1], 4 Bytes
[D]       RECEIVE OUTPUT TENSOR #3 last=True..
[D]        IOTensor: Dequantize_226_out_0, O_3, , 0x342e0000 f32[1,63], 252 Bytes
[D]    <- done (target dur=22.460ms)
    post-process the recorded data..
[D]    npu_delta_cycles=0 adjust=False duration=0.000ms
     
     ST.AI Profiling results v2.0 - "network"
     ---------------------------------------------------------------
     nb sample(s)   :   10                                          
     duration       :   22.461 ms by sample (22.457/22.468/0.003)   
     CPU cycles     :   [1,658,196 16,098,030 212,141]              
     ---------------------------------------------------------------
      
      Inference time per node
      --------------------------------------------------------------------------------------------------------------------
      c_id    m_id   type              dur (ms)      %    cumul  CPU cycles                               name            
      --------------------------------------------------------------------------------------------------------------------
      0       -      epoch                0.158   0.7%     0.7%  [      3,480     121,196       1,642 ]   EpochBlock_2    
      1       -      epoch                0.478   2.1%     2.8%  [     15,390     363,887       3,250 ]   EpochBlock_3    
      2       -      epoch                0.311   1.4%     4.2%  [      5,652     241,692       1,408 ]   EpochBlock_4    
      3       -      epoch                0.317   1.4%     5.6%  [      8,634     242,546       2,026 ]   EpochBlock_5    
      4       -      epoch                0.831   3.7%     9.3%  [     18,504     644,333       2,330 ]   EpochBlock_6    
      5       -      epoch                0.829   3.7%    13.0%  [     17,892     643,306       2,334 ]   EpochBlock_7    
      6       -      epoch                0.095   0.4%    13.4%  [      9,590      64,119       1,988 ]   EpochBlock_8    
      7       -      epoch                0.500   2.2%    15.7%  [     33,834     363,945       2,313 ]   EpochBlock_9    
      8       -      epoch                0.516   2.3%    18.0%  [     33,451     377,400       2,335 ]   EpochBlock_10   
      9       -      epoch                0.104   0.5%    18.4%  [     12,195      67,953       3,342 ]   EpochBlock_11   
      10      -      epoch                0.500   2.2%    20.7%  [     33,492     363,857       2,444 ]   EpochBlock_12   
      11      -      epoch                0.511   2.3%    22.9%  [      1,927     405,676         797 ]   EpochBlock_13   
      12      -      epoch                0.508   2.3%    25.2%  [     36,313     366,678       3,597 ]   EpochBlock_14   
      13      -      epoch                0.067   0.3%    25.5%  [     14,341      36,590       2,655 ]   EpochBlock_15   
      14      -      epoch                0.263   1.2%    26.7%  [     53,811     153,536       2,935 ]   EpochBlock_16   
      15      -      epoch                0.231   1.0%    27.7%  [      1,959     181,897         759 ]   EpochBlock_17   
      16      -      epoch                0.316   1.4%    29.1%  [     54,655     194,469       3,543 ]   EpochBlock_18   
      17      -      epoch                0.100   0.4%    29.5%  [     15,719      60,701       3,278 ]   EpochBlock_19   
      18      -      epoch                0.262   1.2%    30.7%  [     53,513     153,319       3,019 ]   EpochBlock_20   
      19      -      epoch                0.259   1.2%    31.9%  [     51,982     152,694       2,302 ]   EpochBlock_21   
      20      -      epoch                0.088   0.4%    32.3%  [     22,528      45,464       2,649 ]   EpochBlock_22   
      21      -      epoch                0.235   1.0%    33.3%  [    102,265      81,362       4,379 ]   EpochBlock_23   
      22      -      epoch                0.237   1.1%    34.4%  [     98,334      89,216       2,349 ]   EpochBlock_24   
      23      -      epoch                0.148   0.7%    35.0%  [     26,379      87,726       4,544 ]   EpochBlock_25   
      24      -      epoch                0.235   1.0%    36.1%  [    102,333      81,352       4,242 ]   EpochBlock_26   
      25      -      epoch                0.237   1.1%    37.1%  [     98,319      89,171       2,339 ]   EpochBlock_27   
      26      -      epoch                0.149   0.7%    37.8%  [     26,590      87,769       4,569 ]   EpochBlock_28   
      27      -      epoch                0.234   1.0%    38.8%  [    102,095      81,037       4,290 ]   EpochBlock_29   
      28      -      epoch                0.126   0.6%    39.4%  [      1,946      97,758         749 ]   EpochBlock_30   
      29      -      epoch                0.264   1.2%    40.6%  [    101,172     106,495       3,554 ]   EpochBlock_31   
      30      -      epoch                0.192   0.9%    41.4%  [     31,563     118,129       3,934 ]   EpochBlock_32   
      31      -      epoch                0.015   0.1%    41.5%  [      1,911       9,542         754 ]   EpochBlock_33   
      32      -      epoch                0.545   2.4%    43.9%  [     12,294     418,252       5,431 ]   EpochBlock_34   
      33      -      epoch                0.174   0.8%    44.7%  [      1,858     136,645         715 ]   EpochBlock_35   
      34      -      epoch                0.827   3.7%    48.4%  [      9,022     648,110       4,115 ]   EpochBlock_36   
      35      -      epoch                0.247   1.1%    49.5%  [     32,816     160,017       4,515 ]   EpochBlock_37   
      36      -      epoch                0.015   0.1%    49.5%  [      1,906       9,521         758 ]   EpochBlock_38   
      37      -      epoch                0.556   2.5%    52.0%  [     12,390     426,957       5,531 ]   EpochBlock_39   
      38      -      epoch                0.174   0.8%    52.8%  [      1,924     136,650         793 ]   EpochBlock_40   
      39      -      epoch                0.827   3.7%    56.5%  [      9,082     648,655       4,187 ]   EpochBlock_41   
      40      -      epoch                0.246   1.1%    57.6%  [     32,714     159,817       4,448 ]   EpochBlock_42   
      41      -      epoch                0.015   0.1%    57.6%  [      1,916       9,521         771 ]   EpochBlock_43   
      42      -      epoch                0.545   2.4%    60.1%  [     12,190     418,414       5,465 ]   EpochBlock_44   
      43      -      epoch                0.174   0.8%    60.8%  [      1,895     136,646         755 ]   EpochBlock_45   
      44      -      epoch                0.392   1.7%    62.6%  [      9,067     300,249       4,251 ]   EpochBlock_46   
      45      -      epoch                0.389   1.7%    64.3%  [     46,640     260,629       3,957 ]   EpochBlock_47   
      46      -      epoch                0.698   3.1%    67.4%  [     12,259     540,895       5,474 ]   EpochBlock_48   
      47      -      epoch                0.105   0.5%    67.9%  [      1,943      81,186         759 ]   EpochBlock_49   
      48      -      epoch                0.644   2.9%    70.7%  [      9,259     501,997       4,091 ]   EpochBlock_50   
      49      -      epoch                0.622   2.8%    73.5%  [     47,951     445,473       4,452 ]   EpochBlock_51   
      50      -      epoch                0.690   3.1%    76.6%  [     12,207     533,962       5,483 ]   EpochBlock_52   
      51      -      epoch                0.105   0.5%    77.1%  [      1,920      81,190         718 ]   EpochBlock_53   
      52      -      epoch                0.641   2.9%    79.9%  [      9,041     499,847       4,115 ]   EpochBlock_54   
      53      -      epoch                0.622   2.8%    82.7%  [     47,934     445,363       4,508 ]   EpochBlock_55   
      54      -      epoch                0.697   3.1%    85.8%  [     12,305     540,202       5,459 ]   EpochBlock_56   
      55      -      epoch                0.105   0.5%    86.3%  [      1,868      81,189         755 ]   EpochBlock_57   
      56      -      epoch                0.645   2.9%    89.1%  [      9,169     502,330       4,142 ]   EpochBlock_58   
      57      -      epoch                0.622   2.8%    91.9%  [     47,925     445,129       4,507 ]   EpochBlock_59   
      58      -      epoch                0.689   3.1%    95.0%  [     12,177     533,589       5,467 ]   EpochBlock_60   
      59      -      epoch                0.447   2.0%    96.9%  [      6,981     346,982       3,249 ]   EpochBlock_61   
      60      -      epoch                0.018   0.1%    97.0%  [      8,621       1,667       3,742 ]   EpochBlock_62   
      61      -      epoch                0.614   2.7%    99.8%  [     18,364     468,079       5,056 ]   EpochBlock_63   
      62      -      epoch (SW)           0.005   0.0%    99.8%  [         59          63       3,979 ]   EpochBlock_64   
      63      -      epoch                0.029   0.1%    99.9%  [     16,021       3,301       3,537 ]   EpochBlock_65   
      64      -      epoch (SW)           0.004   0.0%    99.9%  [         48          36       3,387 ]   EpochBlock_66   
      65      -      epoch (SW)           0.004   0.0%    99.9%  [         45          36       2,884 ]   EpochBlock_67   
      66      -      epoch                0.009   0.0%   100.0%  [      4,571         580       1,706 ]   EpochBlock_68   
      67      -      epoch (SW)           0.003   0.0%   100.0%  [         45          36       2,330 ]   EpochBlock_69   
      --------------------------------------------------------------------------------------------------------------------
      total                              22.461                  [  1,658,196  16,098,030     212,141 ]                   
                                    44.52 inf/s                  [       9.2%       89.6%        1.2% ]                   
      --------------------------------------------------------------------------------------------------------------------
    
 <- done
 
 ------------------------------------------------------------
   EpochBlock_2 (c_idx=0, num=-1:-1, c_type=, extra=0)
 ------------------------------------------------------------
 [compiler]
   epoch type             : EpochType.HW
   operations             : {'hw.add': 1, 'hw.sub': 1, 'hw.dmain': 1, 'hw.dmaout': 1}
   processor units        : {'ARITH_ACC': 2, 'STR_ENG': 2}
   ops                    : 150528
   compute cycles         : 150528 (max_cycles=150528)
   ops/cycle              : 1.0 GOPS (ideal=1.0)
   mem accesses           : [npuRAM5: r=150528, w=150528]
 [target]
