:1000000053544D32000000000000000000000000CA
:1000100000000000000000000000000000000000E0
:1000200000000000000000000000000000000000D0
:1000300000000000000000000000000000000000C0
:1000400000000000000000000000000000000000B0
:1000500000000000000000000000000000000000A0
:10006000000000001B5C6E000003020020FD000089
:10007000D517183400000000FFFFFFFF000000004C
:100080000000000000000080A0010000100000003F
:100090000000000000000000000000000000000060
:1000A0005354FFFFA00100004DDADB23C2CCFB1F3D
:1000B0004AEF0DB92306A7263A19B79093DEFD99AA
:1000C0000D9C1A232724B45B068B2FBF5CCF519B5A
:1000D000450EA01C1D541FC69D208D9719B2199F57
:1000E000E0793E7D221227BF64839CA8F586572DB8
:1000F000E2CB6AEEF717233E24BE2F1CF0CBBE5690
:10010000F87E50F008B4F58B4E28ECA1CA7731B2D6
:10011000237755E452AC3BD1795ECC53FD77A05C9C
:1001200017F5D3A05FEA94C50A0731AF086ED7660A
:10013000BEAF821DD057CB3975B58695DB532CFBEE
:10014000ED13A624BE8E1A662225EA17939AFEA303
:10015000825B38C236C32BEECCF3B735DCDA970EB0
:10016000E33C5EC5BCCBD797D99100E6C8150D73AB
:100170003A1F8D73EB5342652E5CC898C3C073471A
:10018000FAC67A514CD601835D8A7499CEC1A7799B
:1001900088AD5D87BEDBCA87A3328894A2B82C5194
:1001A0009CCF06D94F097D659D925BE08AE763F994
:1001B0008C53F090D6CCE2E86658D8413AB7DC468A
:1001C00048355F7A0D1A42891FB708C98F7D0E7FA7
:1001D0005CADFA4DD5C1DAEEA83D884E962316E403
:1001E00016002613D2FF771005003D1A89C694C564
:1001F000158E4681A93E00E7A54242BCC4B8052041
:10020000F2D29F78CDE7387D86AF85D4EB07871093
:10021000FB912E46AED77B128A370EF791BF639CB7
:100220006FA572DEED04171D90A934CB091BC864BD
:10023000926CE8C1961164485DC64A6FC3CA27F63E
:1002400000000000000000000000000000000000AE
:10025000000000000000000000000000000000009E
:10026000000000000000000000000000000000008E
:10027000000000000000000000000000000000007E
:10028000000000000000000000000000000000006E
:10029000000000000000000000000000000000005E
:1002A000000000000000000000000000000000004E
:1002B000000000000000000000000000000000003E
:1002C000000000000000000000000000000000002E
:1002D000000000000000000000000000000000001E
:1002E000000000000000000000000000000000000E
:1002F00000000000000000000000000000000000FE
:1003000000000000000000000000000000000000ED
:1003100000000000000000000000000000000000DD
:1003200000000000000000000000000000000000CD
:1003300000000000000000000000000000000000BD
:1003400000000000000000000000000000000000AD
:10035000000000000000000000000000000000009D
:10036000000000000000000000000000000000008D
:10037000000000000000000000000000000000007D
:10038000000000000000000000000000000000006D
:10039000000000000000000000000000000000005D
:1003A000000000000000000000000000000000004D
:1003B000000000000000000000000000000000003D
:1003C000000000000000000000000000000000002D
:1003D000000000000000000000000000000000001D
:1003E000000000000000000000000000000000000D
:1003F00000000000000000000000000000000000FD
:1004000000002034D5171834251218342D12183452
:10041000351218343D121834451218344D12183460
:100420000000000000000000000000005512183419
:100430006312183400000000711218347F1218344F
:1004400031181834000000003118183431181834ED
:100450003118183431181834311818343118183448
:1004600031181834000000003118183431181834CD
:1004700031181834311818343118183400000000BD
:1004800031181834000000003118183431181834AD
:100490003118183431181834311818343118183408
:1004A00031181834311818343118183431181834F8
:1004B00031181834311818343118183431181834E8
:1004C00031181834311818343118183431181834D8
:1004D00031181834311818343118183431181834C8
:1004E000311818340000000031181834311818344D
:1004F00031181834311818343118183431181834A8
:100500003118183400000000000000000000000056
:100510003118183431181834311818343118183487
:100520003118183431181834311818343118183477
:100530003118183431181834311818343118183467
:100540003118183431181834311818343118183457
:100550003118183431181834311818343118183447
:100560003118183431181834311818343118183437
:100570003118183431181834311818343118183427
:100580003118183431181834311818343118183417
:100590003118183431181834311818343118183407
:1005A00031181834311818343118183431181834F7
:1005B00031181834311818343118183431181834E7
:1005C00031181834311818343118183431181834D7
:1005D00031181834311818343118183431181834C7
:1005E00031181834311818343118183431181834B7
:1005F00031181834311818343118183431181834A7
:100600003118183431181834311818343118183496
:100610003118183431181834311818343118183486
:100620003118183431181834311818343118183476
:100630003118183431181834311818343118183466
:100640003118183431181834311818343118183456
:100650003118183431181834311818343118183446
:100660003118183431181834311818343118183436
:100670003118183431181834311818343118183426
:100680003118183431181834311818343118183416
:100690003118183431181834311818343118183406
:1006A00031181834311818343118183431181834F6
:1006B00031181834311818343118183431181834E6
:1006C00031181834311818343118183431181834D6
:1006D00031181834311818343118183431181834C6
:1006E00031181834311818343118183431181834B6
:1006F00031181834311818343118183431181834A6
:100700003118183431181834311818343118183495
:100710003118183431181834311818343118183485
:100720003118183431181834311818343118183475
:100730003118183431181834311818343118183465
:1007400000000000311818343118183410B5054C69
:10075000237833B9044B13B10448AFF3008001236D
:10076000237010BD18001C3400000000A0FE1834D7
:1007700008B5034B1BB103490348AFF3008008BD24
:10078000000000001C001C34A0FE183453B94AB904
:10079000002908BF00281CBF4FF0FF314FF0FF3089
:1007A00000F0B0B9ADF1080C6DE904CE00F006F828
:1007B000DDF804E0DDE9022304B070472DE9F04FD5
:1007C000099D884604468E46002B4AD18A42174628
:1007D0005FD9B2FA82F64EB1C6F1200301FA06FEE5
:1007E000B740B44020FA03F343EA0E0E4FEA17482D
:1007F0001FFA87FC230CBEFBF8F108FB11EE01FB8E
:100800000CF243EA0E439A4207D9FB1801F1FF307C
:1008100002D29A4200F2548101469B1AA2B2B3FB63
:10082000F8F008FB103300FB0CFC42EA034294454D
:100830000BD9BA1800F1FF332CBF012400249445D2
:1008400002D9002C00F03F81184640EA0140A2EB9B
:100850000C0200211DB1F2400023C5E90023BDE8D0
:10086000F08F8B4205D90DB1C5E900010021084682
:10087000F5E7B3FA83F100294ED14345C0F0128168
:10088000824240F20F810846002DE8D0C5E9004EB3
:10089000E5E7002A00F0AC80B2FA82F6002E40F0C4
:1008A000BB808B1A4FEA124EBCB20121020C80B2FF
:1008B000B3FBFEFC0EFB1C3342EA034304FB0CF2C9
:1008C0009A420ED9FB180CF1FF382CBF4FF00109EA
:1008D0004FF000099A4203D9B9F1000F00F0EC8003
:1008E000C4469B1AB3FBFEF80EFB183304FB08F456
:1008F00040EA034294420BD9BA1808F1FF332CBFE7
:1009000001200020944202D9002800F0D1809846AE
:10091000121B48EA0C409DE7C1F120068B4008FA03
:1009200001F400FA01F922FA06F728FA06F88A40DB
:100930001F4320FA06F3380C23431FFA87FC1C0CD4
:10094000B8FBF0FE00FB1E8844EA08440EFB0CF8DE
:10095000A0450ED93C190EF1FF3A2CBF4FF0010B08
:100960004FF0000BA04503D9BBF1000F00F0B88099
:10097000D646A4EB08041FFA83F8B4FBF0F300FB9F
:10098000134403FB0CFC48EA0444A4450ED93C196B
:1009900003F1FF302CBF4FF001084FF00008A445D1
:1009A00003D9B8F1000F00F09F80034643EA0E40E0
:1009B000A4EB0C04A0FB02EC64457346E04602D3B2
:1009C00007D1F14505D2BEEB02036CEB070C0138F1
:1009D000E0465DB1B9EB030264EB080404FA06F6E5
:1009E00022FA01F3CC401E43C5E90064002136E73A
:1009F000B1FBF2FC010C144680B2964641EA084174
:100A00002026904640EA01431046B1FBF2F1A3EBE9
:100A1000080341EA0C414BE7B740C6F1200301FA55
:100A200006F221FA03F84FEA174E20FA03F3BCB29C
:100A3000B0401343020C190C80B2B8FBFEF90EFB58
:100A4000198841EA084109FB04F8884551D9791809
:100A500009F1FF3C2CBF4FF0010A4FF0000A884516
:100A600002D9BAF1000F31D0A1EB0801B1FBFEF9B8
:100A700009FB04F80EFB19119BB243EA01434345FD
:100A800035D2FB1809F1FF312CBF4FF0010A4FF0AE
:100A9000000A4345BBD2BAF1000FB8D1A9F1020157
:100AA0003B44B4E7841A68EB030201209646EBE668
:100AB0003A44A8F102082BE7ACF1020C3B4410E7E2
:100AC00002393B44A9E63A440238BEE6A7EB0808DF
:100AD000A9F1020C4144B1FBFEF909FB04F8C9E796
:100AE000AEF1020E3C4444E7023B3C445EE749461B
:100AF0008DE7A1EB0801CC46B1FBFEF909FB04F838
:100B0000B8E700BF704700BF80B500AFAC2200213E
:100B10000C480FF08BF90B4B00221A70094B0A4A54
:100B20005A60084B00221A724FF000004FF4800107
:100B300006F08CFE0346194600200CF065FD00BF50
:100B400080BD00BF40021C3444001C3480B485B01A
:100B500000AF7860074A7B68C2F85C3A054BD3F86F
:100B60005C32FB60FB6800BF1437BD465DF8047B58
:100B7000704700BF0080025680B500AF00F074FFE0
:100B800000F030F800F09AF900F0D0F800F0E2F848
:100B900000F03AF9FFF7B8FF114B4FF4E1321A6059
:100BA0000F4B00225A600E4B00221A810C4B002280
:100BB0005A810B4B00229A810949002000F066FE01
:100BC0000346002B01D000F009FA0CF029FC034683
:100BD000002B02D000F002FA00BF00BFFDE700BF0B
:100BE00034001C3480B5B6B000AF07F14003982242
:100BF000002118460FF01AF93B4640220021184602
:100C00000FF014F9002001F011FB0346002B01D076
:100C100000F0E4F902233B640823FB6400233B65F6
:100C200000237B650023BB660023C7F884300023C4
:100C3000C7F8A0300023C7F8BC3007F140031846BE
:100C400001F0C6FD0346002B01D000F0C7F93B467A
:100C5000184602F09DFC7B68B3F5403F03D0BB68AB
:100C6000B3F1407F0ED103233B6000237B60002360
:100C7000BB603B46184602F08BF90346002B01D0BF
:100C800000F0ACF900233B640223BB660023FB6643
:100C900004233B674B23BB6700237B670123FB6770
:100CA0000123C7F880300023C7F884300023C7F839
:100CB000A0300023C7F8BC3007F14003184601F00C
:100CC00087FD0346002B01D000F088F97F233B60AD
:100CD0004FF440337B604FF04073BB604FF48013A0
:100CE000FB6000233B6100237B610023BB61002389
:100CF000FB6100233B6202237B620023BB62032370
:100D0000FB6200233B6304237B630023BB63032359
:100D1000FB633B46184602F03BF90346002B01D02B
:100D200000F05CF900BFD837BD4680BD80B500AF8C
:100D3000002001F04BFA0346002B01D000F04EF9E1
:100D400001F064FA0346002B01D000F047F900BF20
:100D500080BD000080B584B000AF3B1D00221A604A
:100D60005A609A60264B274A1A60254B01225A6026
:100D7000234B00229A60224B0022DA60204B002293
:100D80001A611F4B01225A611D4B00229A611C4BB4
:100D90000022DA611A4B00221A62194B00225A62B1
:100DA000174B00229A62164B0022DA62144B002283
:100DB0001A63134B00225A63114B00229A63104BA3
:100DC0000022DA630E480BF087FB0346002B01D0AC
:100DD00000F004F910237B600023BB600123FB605B
:100DE0003B1D41F28832194605480BF0B9FF034616
:100DF000002B01D000F0F2F800BF1037BD4680BDD7
:100E000044001C340050025880B584B000AF3B1D34
:100E100000221A605A609A60264B274A1A60254BB6
:100E200001225A60234B00229A60224B0022DA6092
:100E3000204B00221A611F4B01225A611D4B0022D8
:100E40009A611C4B0022DA611A4B00221A62194B7C
:100E500000225A62174B00229A62164B0022DA6275
:100E6000144B00221A63134B00225A63114B0022C9
:100E70009A63104B0022DA630E480BF02DFB0346F9
:100E8000002B01D000F0AAF810237B600123BB6087
:100E90000123FB603B1D41F28832194605480BF0E7
:100EA0005FFF0346002B01D000F098F800BF103719
:100EB000BD4680BDA8001C3400A0025880B586B095
:100EC00000AF3B1D00221A605A609A60DA601A6116
:100ED0000420FFF73BFE1020FFF738FE8020FFF7CD
:100EE00035FE0220FFF732FE4FF40040FFF72EFEE2
:100EF0004FF48040FFF72AFE4FF40050FFF726FE24
:100F00000120FFF723FE02237B601223BB60002336
:100F1000FB6000233B6104237B613B1D194629488C
:100F200000F0A2FF60237B600223BB600023FB6014
:100F300000233B6103237B613B1D1946224800F0DF
:100F400093FF4FF400737B601223BB600023FB60B0
:100F500000233B6104237B613B1D19461B4800F0C5
:100F600083FF4FF440637B601223BB600023FB6070
:100F700000233B6104237B613B1D1946144800F0AC
:100F800073FF4FF480537B600223BB600023FB6040
:100F900003233B6109237B613B1D19460D4800F08B
:100FA00063FF4FF440637B600323BB600023FB605F
:100FB0003B1D1946084800F057FF00BF1837BD46D3
:100FC00080BD00BF0008025600100256001C0256E9
:100FD00000040256003402560000025680B400AFEE
:100FE00072B600BF00BFFDE780B485B000AF786087
:100FF000074A7B68C2F85C3A054BD3F85C32FB6069
:10100000FB6800BF1437BD465DF8047B704700BF26
:101010000080025680B485B000AF7860074A7B68D4
:10102000C2F8603A054BD3F86032FB60FB6800BF42
:101030001437BD465DF8047B704700BF0080025640
:1010400080B500AF01F01AF901F028F901F036F986
:1010500000BF80BD80B5ECB000AF07F5D873A3F535
:10106000D673186007F5CE7300221A605A609A6032
:10107000DA601A6107F5D873A3F5D47318464FF4F4
:10108000C8731A4600210EF0D1FE07F5D873A3F5F8
:10109000D6731B681B685B4A93425ED107F5D87311
:1010A000A3F5D4714FF000024FF48003C1E900238F
:1010B00007F5D873A3F5D473534AC3F8AC2007F1EE
:1010C0000803184604F0DEF80346002B01D0FFF7B2
:1010D00085FF4E4B1B6801334C4A13604B4B1B681A
:1010E000012B03D14FF40050FFF794FF2020FFF7AE
:1010F00091FF4FF40040FFF777FF4FF48040FFF778
:1011000073FF4FF6FF73C7F89C310223C7F8A03175
:101110000023C7F8A4310323C7F8A8310923C7F86F
:10112000AC3107F5CE731946394800F09DFE1D23FA
:10113000C7F89C310223C7F8A0310023C7F8A431B7
:101140000323C7F8A8310923C7F8AC3107F5CE73DC
:101150001946304800F088FE4EE007F5D873A3F535
:10116000D6731B681B682C4A934245D107F5D87388
:10117000A3F5D4714FF000024FF40003C1E900233E
:1011800007F5D873A3F5D473244AC3F8B02007F148
:101190000803184604F076F80346002B01D0FFF749
:1011A0001DFF1A4B1B680133184A1360174B1B684D
:1011B000012B03D14FF40050FFF72CFF4FF4805068
:1011C000FFF728FF4FF40050FFF70EFF40F67F7344
:1011D000C7F89C310223C7F8A0310023C7F8A43117
:1011E0000323C7F8A8310923C7F8AC3107F5CE733C
:1011F00019460B4800F038FE00BF07F5D877BD460A
:1012000080BD00BF00500258140000030C011C34C4
:10121000003C02560038025600A002581404000395
:101220000034025680B400AF00BFFDE780B400AFC9
:1012300000BFFDE780B400AF00BFFDE780B400AFA2
:1012400000BFFDE780B400AF00BFFDE780B400AF92
:1012500000BFFDE780B400AF00BFBD465DF8047B72
:10126000704780B400AF00BFBD465DF8047B704797
:1012700080B400AF00BFBD465DF8047B704780B509
:1012800000AF00F03BFC00BF80BD000080B400AFA9
:101290006A4B6B4A9A606B4B0122C3F8182A694B60
:1012A00003F580531A460123C2F81832654B03F543
:1012B00080531A460123C2F85832634B00229A60C9
:1012C000614B0022DA60604B00221A615E4B012202
:1012D0009A605D4B0022DA605B4B00221A615A4B28
:1012E00002229A60584B0022DA60574B00221A61A2
:1012F000554B03229A60544B0022DA60524B002275
:101300001A61514B04229A604F4B0022DA604E4B17
:1013100000221A614C4B05229A604B4B0022DA6086
:10132000494B00221A61484B06229A60464B002224
:10133000DA60454B00221A61434B07229A60424B08
:101340000022DA60404B00221A613E4B0122C3F8B2
:10135000782A3C4BD3F87832384B3C4A9B6813616F
:101360003B4BDB6B3A4A43F48053D363384BDB6B24
:10137000374A43F01003D363354BDB6B314BD3F863
:101380007432304A43F40043C2F874322D4BD3F820
:1013900078322C4A43F01003C2F87832294BD3F844
:1013A0007832284BD3F87832264A23F01003C2F85B
:1013B0007832244B4FF44052C3F8202A214B03F5D6
:1013C00080531A464FF44053C2F820321D4B01227D
:1013D000C3F8242A1B4B03F580531A460123C2F895
:1013E0002432184B03F580531A460123C2F86432A5
:1013F000144B03F580531A464023C2F85C32134B5A
:101400001B69104B03F580531A460123C2F878324A
:101410000A4BD3F88830094A43F47003C2F8883085
:101420000C4BD3F888300B4A43F47003C2F8883071
:1014300000BFBD465DF8047B704700BF00ED00E0D3
:101440000004183400800256D0ED00E00080005601
:101450000048025600ED02E080B48DB000AF0023DA
:10146000FB620023BB6200237B6200233B620023FC
:10147000FB610023BB619B4B1B6A03F44013B3F574
:10148000401F29D0B3F5401F00F28081B3F5001F43
:101490001FD0B3F5001F00F27981002B03D0B3F504
:1014A000801F0AD072E18F4B9B6CDB0903F00303B2
:1014B0008D4A22FA03F3FB6269E18A4B5B6C03F409
:1014C0000073002B02D1894BFB6260E1884BFB6209
:1014D0005DE1884BFB625AE1824BD3F8C43003F0E4
:1014E0004053B3F1005F66D0B3F1005F00F291802A
:1014F000002B03D0B3F1805F2FD08AE0794BD3F873
:101500008030FB60FB6803F0E0437B61FB6803F025
:1015100000633B613B69002B40F0A980FB681B0D19
:1015200003F03F03BB62FB681B0AC3F30B037B6240
:101530006C4BD3F8843023F07F433B62694BD3F884
:101540008830FB60FB68DB0E03F00703FB61FB6880
:101550001B0E03F00703BB6189E0624BD3F89030A8
:10156000FB60FB6803F0E0437B61FB6803F0006312
:101570003B613B69002B7CD1FB681B0D03F03F03F3
:10158000BB62FB681B0AC3F30B037B62554BD3F8AA
:10159000943023F07F433B62524BD3F89830FB608A
:1015A000FB68DB0E03F00703FB61FB681B0E03F017
:1015B0000703BB615DE04B4BD3F8A030FB60FB68D9
:1015C00003F0E0437B61FB6803F000633B613B6930
:1015D000002B50D1FB681B0D03F03F03BB62FB687F
:1015E0001B0AC3F30B037B623E4BD3F8A43023F0FA
:1015F0007F433B623B4BD3F8A830FB60FB68DB0EBC
:1016000003F00703FB61FB681B0E03F00703BB61DC
:1016100031E0344BD3F8B030FB60FB6803F0E043BB
:101620007B61FB6803F000633B613B69002B24D1C5
:10163000FB681B0D03F03F03BB62FB681B0AC3F38F
:101640000B037B62274BD3F8B43023F07F433B621C
:10165000244BD3F8B830FB60FB68DB0E03F00703C4
:10166000FB61FB681B0E03F00703BB6105E000BFD5
:1016700004E000BF02E000BF00E000BF7B69B3F1FF
:10168000405F2CD07B69B3F1405F39D87B69B3F1FF
:10169000005F21D07B69B3F1005F31D87B69002BFB
:1016A00004D07B69B3F1805F0AD029E00D4B9B6CBD
:1016B000DB0903F003030C4A22FA03F3FB6220E088
:1016C000084B5B6C03F40073002B02D1074BFB62E9
:1016D00017E0074BFB6214E0064BFB6211E0064B80
:1016E000FB620EE0008002560090D00300093D002E
:1016F0000024F40000366E010080BB000000804B27
:1017000000BF3B69002B34D1FB6A07EE903AB8EE7C
:10171000677A7B6A07EE903AF8EE676A3B6A07EEF3
:10172000903AB8EE676A5FED0B5AC6EE257A76EE10
:10173000A77A67EE276ABB6A07EE903AB8EE677A37
:10174000C6EE877AC7ED027AFB6907EE903AB8EEEB
:10175000677ABB6907EE903AF8EE677A27EE277A48
:10176000D7ED026AC6EE877AFCEEE77A17EE903A7A
:10177000FB620B4BD3F8C4301B0CDBB201337B6034
:10178000FA6A7B68B2FBF3F3FB6200E000BF054A34
:10179000FB6A136000BF3437BD465DF8047B7047B9
:1017A0000080025600001C346DED81CF88B500AF7B
:1017B000FFF752FE064B1B681846BD46BDE8884041
:1017C0009FEC100A9FE80E90FDEC81CF744700BF9C
:1017D00000001C340F4880F30A880F488546FFF745
:1017E00055FD0E480E490F4A002302E0D458C4505C
:1017F0000433C4188C42F9D30B4A0C4C002301E08B
:1018000013600432A242FBD30EF018FBFFF7B4F9C9
:10181000FEE7000000F81F340000203400001C34F4
:1018200014001C3424FF183418001C3474041C34B5
:10183000FEE7000080B485B000AF7860074A7B689F
:10184000C2F85C3A054BD3F85C32FB60FB6800BF22
:101850001437BD465DF8047B704700BF0080025618
:1018600080B485B000AF7860074A7B68C2F86C3AF4
:10187000054BD3F86C32FB60FB6800BF1437BD46E4
:101880005DF8047B704700BF0080025680B584B0CD
:1018900000AF03463960FB710023FB603B68002BFF
:1018A00003D16FF00103FB6029E0FA79FB79164957
:1018B00051F822201549942000FB03F30B441A60D1
:1018C000FB79942202FB03F3104A1344184600F0FC
:1018D00053F8FB68002B12D1FB79002B0FD1FB7959
:1018E000942202FB03F3094A13443968184600F0B6
:1018F0000FF80346002B02D06FF00303FB60FB6878
:1019000018461037BD4680BD04001C3410011C343D
:1019100080B582B000AF78603960164B1A687B687A
:101920001A603B681A687B685A607B680C225A61AF
:101930003B685B891A467B681A613B685A687B681A
:101940009A603B681B891A467B68DA603B689B8912
:101950001A467B689A617B684FF40042DA617B68C3
:1019600000225A6278680AF039F9034618460837A7
:10197000BD4680BD04001C3480B590B000AF7860D7
:1019800007F1200300221A605A60344B3B6207F1D2
:10199000180300221A605A60314BBB6100237B613F
:1019A0002023BB8200233B6140233B820723BB8172
:1019B00007233B817B681B682A4A93424AD1002354
:1019C00087F83F301020FFF735FF0820FFF732FF80
:1019D0001020FFF745FF97F83F305B0040333B4452
:1019E00033F82C3CBB620223FB6202237B6301239E
:1019F0003B6397F83F3040333B4413F8343CBB63C0
:101A000097F83F309B0040333B4453F8203C07F1AC
:101A100028021146184600F027FA97F83F305B007D
:101A200040333B4433F8303CBB6297F83F3040339F
:101A30003B4413F8383CBB6397F83F309B0040337E
:101A40003B4453F8283C07F128021146184600F0A1
:101A50000BFA00E000BF4037BD4680BD00100256C3
:101A6000000C02560010005280B500AF032000F0B9
:101A70004BF9FFF7F1FC0F2000F00AF80346002BAA
:101A800001D0012302E0FFF7DBFA0023184680BDF6
:101A900080B582B000AF7860154B1B78002B01D168
:101AA000012321E0134B1A68114B1B7819464FF4A0
:101AB0007A73B3FBF1F3B2FBF3F3184600F04CF981
:101AC0000346002B01D001230EE07B680F2B0AD8C0
:101AD000002279684FF0FF3000F021F9064A7B6858
:101AE0001360002300E0012318460837BD4680BD7F
:101AF00010001C3400001C340C001C3480B400AFF7
:101B0000064B1B781A46064B1B681344044A1360A5
:101B100000BFBD465DF8047B704700BF10001C3459
:101B200038021C3480B400AF034B1B681846BD4616
:101B30005DF8047B704700BF38021C3480B584B068
:101B400000AF7860FFF7EEFFB8607B68FB60FB6872
:101B5000B3F1FF3F05D00A4B1B781A46FB681344CC
:101B6000FB6000BFFFF7DEFF0246BB68D31AFA68CE
:101B70009A42F7D800BF00BF1037BD4680BD00BFF6
:101B800010001C3480B400AF054B1B68044A23F0DE
:101B90000203136000BFBD465DF8047B704700BFC1
:101BA00010E000E080B485B000AF78607B6803F09F
:101BB0000703FB600C4BDB68BB60BA684FF6FF03A2
:101BC0001340BB60FB681A02BB68134343F0BF635A
:101BD00043F40033BB60044ABB68D36000BF1437D2
:101BE000BD465DF8047B704700ED00E080B400AFB7
:101BF000044BDB681B0A03F007031846BD465DF87B
:101C0000047B704700ED00E080B483B000AF034672
:101C10003960FB80B7F90630002B0ADB3B68DAB28B
:101C20000C49B7F906301201D2B20B4483F80023F5
:101C30000AE03B68DAB20849FB8803F00F03043B73
:101C40001201D2B20B441A7600BF0C37BD465DF8C4
:101C5000047B704700E100E000ED00E080B489B053
:101C600000AFF860B9607A60FB6803F00703FB61BE
:101C7000FB69C3F10703042B28BF0423BB61FB6985
:101C80000433062B02D9FB69033B00E000237B6190
:101C90004FF0FF32BB6902FA03F3DA43BB681A4024
:101CA0007B699A404FF0FF317B6901FA03F3D94316
:101CB0007B680B40134318462437BD465DF8047B10
:101CC0007047000080B582B000AF78607B68013B50
:101CD000B3F1807F01D301230FE00A4A7B68013B07
:101CE00053600F214FF0FF30FFF78EFF054B0022AE
:101CF0009A60044B07221A60002318460837BD4635
:101D000080BD00BF10E000E080B582B000AF786019
:101D10007868FFF747FF00BF0837BD4680BD80B534
:101D200086B000AF0346B9607A60FB81FFF75EFFC3
:101D3000034603F007037B617A68B9687869FFF7A7
:101D40008DFF0246B7F90E3011461846FFF75CFFCB
:101D500000BF1837BD4680BD80B582B000AF786047
:101D60007868FFF7AFFF034618460837BD4680BDC9
:101D700080B584B000AF7860FFF7D4FEF8607B6870
:101D8000002B01D101236BE07B6893F85430DBB268
:101D9000022B08D07B6820229A657B68002283F89A
:101DA0004C2001235CE07B681B685A697B681B68D8
:101DB00042F004025A617B68052283F8542020E037
:101DC000FFF7B0FE0246FB68D31A052B19D97B68D2
:101DD0009B6D43F010027B689A657B68032283F851
:101DE00054207B681B6D03F08003002B03D07B68BD
:101DF0005B6F01221A737B68002283F84C20012359
:101E00002EE07B681B681B6903F40053002BD7D0BE
:101E10007B681B685A697B681B6842F002025A6142
:101E20007B68042283F854207B681B684FF4FE42D1
:101E3000DA607B68012283F854207B681B6D03F015
:101E40008003002B07D07B685B6F01221A737B68CD
:101E50001B6800229A647B68002283F84C200023D0
:101E600018461037BD4680BD80B487B000AF78609B
:101E7000396000237B6180E13B681A6801217B693E
:101E800001FA03F31340FB60FB68002B00F0728142
:101E90003B685B6803F00303012B05D03B685B687C
:101EA00003F00303022B30D17B689B683B617B69A5
:101EB0005B00032202FA03F3DB433A6913403B6100
:101EC0003B68DA687B695B0002FA03F33A69134303
:101ED0003B617B683A699A607B685B683B61012281
:101EE0007B6902FA03F3DB433A6913403B613B68C9
:101EF0005B681B0903F001027B6902FA03F33A698C
:101F000013433B617B683A695A603B685B6803F046
:101F10000303032B09D13B685B6803F00303032B26
:101F20001BD13B689B68012B17D07B68DB683B614A
:101F30007B695B00032202FA03F3DB433A69134037
:101F40003B613B689A687B695B0002FA03F33A697C
:101F500013433B617B683A69DA603B685B6803F076
:101F60000303022B23D17B69DA087B68083253F81C
:101F700022303B617B6903F007039B000F2202FACA
:101F800003F3DB433A6913403B613B681A697B69A1
:101F900003F007039B0002FA03F33A6913433B6122
:101FA0007B69DA087B680832396943F822107B685C
:101FB0001B683B617B695B00032202FA03F3DB438E
:101FC0003A6913403B613B685B6803F003027B693D
:101FD0005B0002FA03F33A6913433B617B683A6999
:101FE0001A603B685B6803F44033002B00F0C2804A
:101FF000694A7B699B08183352F823303B617B693F
:1020000003F00303DB000F2202FA03F3DB433A6918
:1020100013403B617B68614A934243D07B68604ACE
:1020200093423DD07B685F4A934237D07B685E4ADB
:10203000934231D07B685D4A93422BD07B685C4AE7
:10204000934225D07B685B4A93421FD07B685A4AF3
:10205000934219D07B68594A934213D07B68584AFF
:1020600093420DD07B68574A934207D07B68564A0B
:10207000934201D10B2316E0102314E00A2312E04F
:10208000092310E008230EE007230CE006230AE0F2
:10209000052308E0042306E0032304E0022302E012
:1020A000012300E000237A6902F00302D20093408A
:1020B0003A6913433B6138497B699B0818333A6995
:1020C00041F82320344BD3F880303B61FB68DB437D
:1020D0003A6913403B613B685B6803F48033002B33
:1020E00003D03A69FB6813433B612B4A3B69C2F852
:1020F0008030294BD3F884303B61FB68DB433A697D
:1021000013403B613B685B6803F40033002B03D052
:102110003A69FB6813433B611F4A3B69C2F884304C
:102120001D4B1B683B61FB68DB433A6913403B6115
:102130003B685B6803F48013002B03D03A69FB68AB
:1021400013433B61144A3B691360134B5B683B616B
:10215000FB68DB433A6913403B613B685B6803F40F
:102160000013002B03D03A69FB6813433B610A4A12
:102170003B6953607B6901337B613B681A687B690B
:1021800022FA03F3002B7FF477AE00BF00BF1C37A9
:10219000BD465DF8047B70470050025600000256B1
:1021A0000004025600080256000C025600100256A7
:1021B0000014025600180256001C02560034025643
:1021C00000380256003C02560040025680B485B0EA
:1021D00000AF78600023FB730B4B1B6803F0010317
:1021E000002B02D00123FB7307E0074B1B6823F091
:1021F000040205497B6813430B60FB7B18461437C8
:10220000BD465DF8047B70470050035880B400AFB2
:10221000054B1B68044A43F0010313600023184672
:10222000BD465DF8047B70470050035880B584B00C
:1022300000AF7860104B1B6823F004020E497B68E6
:1022400013430B60FFF76EFCF86009E0FFF76AFCD0
:102250000246FB68D31AB3F57A7F01D9012306E061
:10226000054B1B6A03F40033002BEFD00023184604
:102270001037BD4680BD00BF0048025680B400AF95
:10228000054BDB6B044A43F48073D36300BFBD4648
:102290005DF8047B704700BF0048025680B400AF71
:1022A000054BDB6B044A43F40073D36300BFBD46A8
:1022B0005DF8047B704700BF0048025680B400AF51
:1022C000054B5B6B044A43F48073536300BFBD4608
:1022D0005DF8047B704700BF0048025680B400AF31
:1022E000064B5B6803F01003002B01D0012300E0D4
:1022F00000231846BD465DF8047B704700800256F7
:1023000080B400AF044B0822C3F8002800BFBD46CC
:102310005DF8047B704700BF0080025680B400AFB8
:10232000054B03F580531A460823136000BFBD46D2
:102330005DF8047B704700BF0080025680B400AF98
:10234000064B5B6803F00803002B01D0012300E07B
:1023500000231846BD465DF8047B70470080025696
:1023600080B483B000AF7860064B9B6C23F4C072DE
:1023700004497B6813438B6400BF0C37BD465DF88E
:10238000047B70470080025680B400AF044B9B6C06
:1023900003F4C0731846BD465DF8047B704700BF68
:1023A0000080025680B483B000AF7860074B9B6C0E
:1023B00023F4FE027B681B04044913438B6400BFB3
:1023C0000C37BD465DF8047B704700BF00800256A5
:1023D00080B400AF044B0422C3F8002800BFBD4600
:1023E0005DF8047B704700BF0080025680B400AFE8
:1023F000054B03F580531A460423136000BFBD4606
:102400005DF8047B704700BF0080025680B400AFC7
:10241000064B5B6803F00403002B01D0012300E0AE
:1024200000231846BD465DF8047B704700800256C5
:1024300080B483B000AF7860064B5B6C23F400720D
:1024400004497B6813434B6400BF0C37BD465DF8FD
:10245000047B70470080025680B400AF044B5B6C75
:1024600003F400731846BD465DF8047B704700BF57
:102470000080025680B483B000AF7860074B5B6C7D
:1024800023F4F8127B681B04044913434B6400BF18
:102490000C37BD465DF8047B704700BF00800256D4
:1024A00080B400AF064B5B6803F00203002B01D041
:1024B000012300E000231846BD465DF8047B704709
:1024C0000080025680B400AF044B0122C3F80028FC
:1024D00000BFBD465DF8047B704700BF0080025618
:1024E00080B400AF054B03F580531A4601231360F7
:1024F00000BFBD465DF8047B704700BF00800256F8
:1025000080B400AF044B5B6803F001031846BD467E
:102510005DF8047B704700BF0080025680B400AFB6
:10252000044B1B6A03F440131846BD465DF8047B58
:10253000704700BF0080025680B400AF044B1B6A96
:1025400003F040531846BD465DF8047B704700BF5A
:102550000080025680B400AF044BD3F8803003F003
:10256000E0431846BD465DF8047B70470080025684
:1025700080B400AF074B5B6803F48073B3F5807FD2
:1025800001D1012300E000231846BD465DF8047B1D
:10259000704700BF0080025680B400AF074BD3F8ED
:1025A000803003F00063B3F1006F01D1012300E03C
:1025B00000231846BD465DF8047B70470080025634
:1025C00080B400AF044BD3F8903003F0E0431846DA
:1025D000BD465DF8047B70470080025680B400AFB2
:1025E000074B5B6803F40073B3F5007F01D101234F
:1025F00000E000231846BD465DF8047B704700BF2D
:102600000080025680B400AF074BD3F8903003F03F
:102610000063B3F1006F01D1012300E000231846ED
:10262000BD465DF8047B70470080025680B400AF61
:10263000044BD3F8A03003F0E0431846BD465DF8E4
:10264000047B70470080025680B400AF074B5B6884
:1026500003F48063B3F5806F01D1012300E0002310
:102660001846BD465DF8047B704700BF00800256E7
:1026700080B400AF074BD3F8A03003F00063B3F190
:10268000006F01D1012300E000231846BD465DF82C
:10269000047B70470080025680B400AF044BD3F82F
:1026A000B03003F0E0431846BD465DF8047B704748
:1026B0000080025680B400AF074B5B6803F40063F0
:1026C000B3F5006F01D1012300E000231846BD4699
:1026D0005DF8047B704700BF0080025680B400AFF5
:1026E000074BD3F8B03003F00063B3F1006F01D1B2
:1026F000012300E000231846BD465DF8047B7047C7
:102700000080025680B400AF044B0122C3F8402A77
:1027100000BFBD465DF8047B704700BF00800256D5
:1027200080B400AF044BD3F8C43003F040531846D4
:10273000BD465DF8047B70470080025680B400AF50
:10274000054BD3F8C4301B0CDBB201331846BD4631
:102750005DF8047B704700BF0080025680B400AF74
:10276000044BD3F8C83003F040531846BD465DF81B
:10277000047B70470080025680B400AF054BD3F84D
:10278000C8301B0CDBB201331846BD465DF8047B34
:10279000704700BF0080025680B400AF044BD3F8EE
:1027A000D83003F040531846BD465DF8047B7047AF
:1027B0000080025680B400AF044BD3F8EC3003F035
:1027C00040531846BD465DF8047B704700800256B2
:1027D00080B5A2B000AF78607B68002B01D10123E7
:1027E000D1E3FFF79BFEC7F88400FFF7A5FEC7F80B
:1027F0008000FFF7AFFEF867FFF7E2FEB867FFF76C
:1028000015FF7867FFF748FF3867914B5B68FB66F9
:102810007B681B6803F00103002B00F0A880D7F849
:102820008430B3F5001F28D0D7F88030B3F1005FB3
:1028300023D0FB6FB3F1005F04D1FB6E03F4807310
:10284000002B1AD1BB6FB3F1005F04D1FB6E03F410
:102850000073002B11D17B6FB3F1005F04D1FB6ECD
:1028600003F48063002B08D13B6FB3F1005F0AD102
:10287000FB6E03F40063002B05D07B685B68002BC4
:1028800075D101237FE37B685B68102B04D1704B0B
:102890001022C3F8002843E07B685B68002B0CD152
:1028A0006B4B03F580531A4610231360684B5B6D26
:1028B000674A23F4C033536532E07B685B6848F2B3
:1028C0001002934210D1624B5B6D614A43F40043A6
:1028D00053655F4B5B6D5E4A23F4803353655C4BFD
:1028E0001022C3F800281BE07B685B68594A9342BA
:1028F0000AD1574B5B6D564A43F4C0335365544B72
:102900001022C3F800280BE0514B03F580531A4600
:10291000102313604E4B5B6D4D4A23F4C033536557
:10292000FFF700F9B8667B685B68002B19D008E0F8
:10293000FFF7F8F80246BB6ED31A642B01D90323C4
:1029400021E3434B5B6803F01003002BF0D00EE053
:10295000FFF7E8F80246BB6ED31A642B01D90323B4
:1029600011E33B4B5B6803F01003002BF0D17B6855
:102970001B6803F00203002B73D0D7F88430002BC0
:1029800023D0D7F88030002B1FD0FB6F002B04D151
:10299000FB6E03F48073002B17D1BB6F002B04D1A7
:1029A000FB6E03F40073002B0FD17B6F002B04D15F
:1029B000FB6E03F48063002B07D13B6F002B15D116
:1029C000FB6E03F40063002B10D07B68DB68002BE8
:1029D00001D10123D7E27B681B691846FFF7C0FCD1
:1029E0007B685B691846FFF7DDFC3AE07B68DB68D3
:1029F000002B1ED0FFF784FCFFF794F8B86608E0C0
:102A0000FFF790F80246BB6ED31A012B01D90323BE
:102A1000B9E2FFF793FC0346002BF1D07B681B69FA
:102A20001846FFF79DFC7B685B691846FFF7BAFC08
:102A300017E0FFF773FCFFF775F8B8660CE0FFF7D7
:102A400071F80246BB6ED31A012B05D903239AE213
:102A50000080025610800100FFF770FC0346002B37
:102A6000EDD17B681B6803F01003002B70D0D7F802
:102A70008430B3F5801F28D0D7F88030B3F1805F61
:102A800023D0FB6FB3F1805F04D1FB6E03F480733E
:102A9000002B1AD1BB6FB3F1805F04D1FB6E03F43E
:102AA0000073002B11D17B6FB3F1805F04D1FB6EFB
:102AB00003F48063002B08D13B6FB3F1805F10D12A
:102AC000FB6E03F40063002B0BD07B68DB69002BEB
:102AD00001D1012357E27B685B6A1846FFF7CAFC05
:102AE00036E07B68DB69002B1ED07B681B6A1846CA
:102AF000FFF79EFCFFF76CFCFFF714F8B86608E0E0
:102B0000FFF710F80246BB6ED31A012B01D903233D
:102B100039E2FFF77BFC0346002BF1D07B685B6A50
:102B20001846FFF7A7FC13E0FFF760FCFEF7FAFF7B
:102B3000B86608E0FEF7F6FF0246BB6ED31A012B1B
:102B400001D903231FE2FFF761FC0346002BF1D1FB
:102B50007B681B6803F00803002B2CD07B689B6903
:102B6000002B14D0FFF7AEFCFEF7DCFFB86608E0E0
:102B7000FEF7D8FF0246BB6ED31A012B01D90323FF
:102B800001E2FFF7BDFC0346002BF1D013E0FFF795
:102B9000A7FCFEF7C7FFB86608E0FEF7C3FF0246D2
:102BA000BB6ED31A012B01D90323ECE1FFF7A8FC7C
:102BB0000346002BF1D17B681B6803F00403002B54
:102BC00000F08C807B689B68022B04D1964B02221C
:102BD000C3F8002855E07B689B68002B12D1924B0C
:102BE00003F580531A46022313608F4B1B6C8E4AE9
:102BF00023F4803313648C4B1B6C8B4A23F4004307
:102C000013643EE07B689B6848F20202934210D155
:102C1000854B1B6C844A43F400431364824B1B6C4A
:102C2000814A23F4803313647F4B0222C3F80028C7
:102C300027E07B689B687D4A934210D17A4B1B6CDE
:102C4000794A43F400431364774B1B6C764A43F490
:102C500080331364744B0222C3F8002811E0724BD6
:102C600003F580531A46022313606F4B1B6C6E4AA8
:102C700023F4004313646C4B1B6C6B4A23F48033C6
:102C800013647B689B68002B14D0FEF74BFFB8667B
:102C90000AE0FEF747FF0246BB6ED31A41F28832C4
:102CA000934201D903236EE1FFF7FAFB0346002BA1
:102CB000EFD013E0FEF736FFB8660AE0FEF732FF0A
:102CC0000246BB6ED31A41F28832934201D90323E4
:102CD00059E1FFF7E5FB0346002BEFD17B689B6AC8
:102CE000002B4CD07B6828331946002000F022FED0
:102CF0007866FFF73DFC38667B6E012B30D1FFF71D
:102D00000FFDF865FFF72AFDB865FFF745FD78650B
:102D1000FFF750FD3865D7F88430B3F5401F04D174
:102D2000FB6D002B01D101232DE1D7F88030B3F1E9
:102D3000405F0AD1BB6D002B05D07B6D002B02D00C
:102D40003B6D002B01D101231DE17B68283319461F
:102D5000002000F093FC0346002B10D0012312E169
:102D60007B689B6A022B0AD13B6E002B07D10020A7
:102D700000F0B4FD0346002B01D0012303E17B6882
:102D80005B6C002B54D07B6844331946012000F063
:102D9000D1FDF864FFF722FCB864FB6C012B34D141
:102DA000FFF7BEFC7864FFF7D9FC3864FFF7F4FC4A
:102DB000F863FFF7FFFCB863D7F88430B3F5401F22
:102DC00005D17B6CB3F1805F01D10123DBE0D7F843
:102DD0008030B3F1405F0DD13B6CB3F1805F07D021
:102DE000FB6BB3F1805F03D0BB6BB3F1805F01D1AC
:102DF0000123C8E07B6844331946012000F03EFC03
:102E00000346002B14D00123BDE07B685B6C022BD2
:102E10000ED1BB6C002B0BD1012000F05FFD0346EF
:102E2000002B05D00123AEE0008002560280010095
:102E30007B681B6E002B50D07B68603319460220E4
:102E400000F078FD7863FFF793FB38637B6B012B11
:102E500034D1FFF765FCF862FFF780FCB862FFF73A
:102E60009BFC7862FFF7A6FC3862D7F88430B3F594
:102E7000401F05D1FB6AB3F1005F01D1012382E05D
:102E8000D7F88030B3F1405F0DD1BB6AB3F1005F7A
:102E900007D07B6AB3F1005F03D03B6AB3F1005FF8
:102EA00001D101236FE07B6860331946022000F0F6
:102EB000E5FB0346002B10D0012364E07B681B6E0A
:102EC000022B0AD13B6B002B07D1022000F006FD3C
:102ED0000346002B01D0012355E07B68DB6F002BFC
:102EE00050D07B687C331946032000F023FDF86145
:102EF000FFF7E0FBB861FB69012B34D1FFF710FC51
:102F00007861FFF72BFC3861FFF746FCF860FFF7AC
:102F100051FCB860D7F88430B3F5401F05D17B6908
:102F2000B3F1405F01D101232DE0D7F88030B3F138
:102F3000405F0DD13B69B3F1405F07D0FB68B3F14F
:102F4000405F03D0BB68B3F1405F01D101231AE0B9
:102F50007B687C331946032000F090FB0346002B6E
:102F600010D001230FE07B68DB6F022B0AD1BB6915
:102F7000002B07D1032000F0B1FC0346002B01D049
:102F8000012300E0002318468837BD4680BD00BFFE
:102F900080B584B000AF78607B68002B01D101233D
:102FA000F2E17B681B6803F00803002B10D07B68FC
:102FB0001A69A34B5B6A03F007039A4208D9A04B36
:102FC0005B6A23F007027B681B699D4913434B62D0
:102FD0007B681B6803F01003002B10D07B685A69D4
:102FE000974B5B6A03F070039A4208D9944B5B6A73
:102FF00023F070027B685B69914913434B627B68E5
:103000001B6803F02003002B10D07B689A698C4B5F
:103010005B6A03F4E0439A4208D9894B5B6A23F464
:10302000E0427B689B69864913434B627B681B685F
:1030300003F04003002B10D07B68DA69804B5B6A99
:1030400003F4E0239A4208D97D4B5B6A23F4E02223
:103050007B68DB697A4913434B627B681B6803F02A
:103060000403002B10D07B68DA68754B5B6A03F4AD
:10307000E0039A4208D9724B5B6A23F4E0027B6852
:10308000DB686F4913434B627B681B6803F00103E5
:10309000002B63D07B685B68B3F5003F06D1FFF778
:1030A0001DF90346002B34D101236DE17B685B6879
:1030B000B3F5403F1AD1FFF733FB02467B681B6A2A
:1030C0001946104600F0EAFC0346012B01D001230B
:1030D0005AE17B681A6A7B685B6A013B1B045849AA
:1030E0001343C1F8C430FFF70DFB12E07B685B6847
:1030F000B3F5803F06D1FFF789F90346002B08D1CD
:10310000012341E1FFF71AF90346002B01D1012306
:103110003AE14B4B1B6A23F440327B685B684849B9
:1031200013430B62FEF7FEFCF8600AE0FEF7FAFCC0
:103130000246FB68D31A41F28832934201D9032335
:1031400022E1FFF7EBF902467B685B681B019A42BC
:10315000ECD100F021F903463A4A13607B681B6802
:1031600003F00203002B00F096807B689B68B3F1AC
:10317000007F06D1FFF7B2F80346002B6BD1012385
:1031800002E17B689B68B3F1407F4DD1FFF7E6FA1F
:1031900002467B689B6A1946104600F07FFC034696
:1031A000012B01D00123EFE0FFF7F6FA02467B681E
:1031B0001B6B1946104600F071FC0346012B01D031
:1031C0000123E1E0FFF7F6FA02467B689B6B1946A4
:1031D000104600F063FC0346012B01D00123D3E02D
:1031E0007B689A6A7B68DB6A013B1B0414491343C2
:1031F000C1F8C8307B681A6B7B685B6B013B1B04B2
:103200000F491343C1F8D8307B689A6B7B68DB6B3E
:10321000013B1B040A491343C1F8EC30084B40F250
:103220002242C3F8402A16E07B689B68002B0BD132
:10323000FFF784F80346002B0DD10123A4E000BF63
:103240000080025600001C34FFF7E0F80346002B14
:1032500001D1012398E04E4B1B6A23F040727B683A
:103260009B684B4913430B62FEF75CFCF8600AE075
:10327000FEF758FC0246FB68D31A41F288329342AB
:1032800001D9032380E0FFF757F902467B689B686A
:103290001B019A42ECD17B681B6803F00403002BEE
:1032A00010D07B68DA683A4B5B6A03F4E0039A4219
:1032B00008D2374B5B6A23F4E0027B68DB68344951
:1032C00013434B627B681B6803F00803002B10D08C
:1032D0007B681A692E4B5B6A03F007039A4208D297
:1032E0002B4B5B6A23F007027B681B692849134359
:1032F0004B627B681B6803F01003002B10D07B68C7
:103300005A69234B5B6A03F070039A4208D2204B40
:103310005B6A23F070027B685B691D4913434B6253
:103320007B681B6803F02003002B10D07B689A6930
:10333000174B5B6A03F4E0439A4208D2144B5B6A72
:1033400023F4E0427B689B69114913434B627B681D
:103350001B6803F04003002B10D07B68DA690C4B2C
:103360005B6A03F4E0239A4208D2094B5B6A23F4B8
:10337000E0227B68DB69064913434B62054B1B68FF
:103380001846FEF785FB034618461037BD4680BD3C
:10339000008002560C001C3480B582B000AF0023C0
:1033A0007B60FFF7BBF80346B3F5401F25D0B3F5AC
:1033B000401F60D8B3F5001F1CD0B3F5001F5AD8CA
:1033C000002B03D0B3F5801F09D054E0FEF7DCFFDB
:1033D0000346DB092B4A22FA03F37B604CE0FFF73C
:1033E0003BF80346002B02D1274B7B6044E0274B80
:1033F0007B6041E0264B7B603EE0FFF79FF9386041
:10340000FFF78EF90346B3F1405F29D0B3F1405F77
:103410002FD8B3F1005F1AD0B3F1005F29D8002B89
:1034200003D0B3F1805F09D023E004F0ABFE7860F5
:103430007A683B68B2FBF3F37B601BE004F0E8FEC4
:1034400078607A683B68B2FBF3F37B6012E004F0CB
:1034500025FF78607A683B68B2FBF3F37B6009E094
:1034600004F062FF78607A683B68B2FBF3F37B603C
:1034700000E000BF00E000BF7B6818460837BD468B
:1034800080BD00BF0090D00300093D000024F4007F
:1034900000366E0180B582B000AF00237B60FFF77D
:1034A0004BF80346B3F1405F25D0B3F1405F60D8DD
:1034B000B3F1005F1CD0B3F1005F5AD8002B03D0EA
:1034C000B3F1805F09D054E0FEF75EFF0346DB09ED
:1034D0002B4A22FA03F37B604CE0FEF7BDFF034664
:1034E000002B02D1274B7B6044E0274B7B6041E0FF
:1034F000264B7B603EE0FFF73FF93860FFF72EF97F
:103500000346B3F1405F29D0B3F1405F2FD8B3F148
:10351000005F1AD0B3F1005F29D8002B03D0B3F1BC
:10352000805F09D023E004F02DFE78607A683B6864
:10353000B2FBF3F37B601BE004F06AFE78607A680C
:103540003B68B2FBF3F37B6012E004F0A7FE786007
:103550007A683B68B2FBF3F37B6009E004F0E4FEB9
:1035600078607A683B68B2FBF3F37B6000E000BFF1
:1035700000E000BF7B6818460837BD4680BD00BF2D
:103580000090D00300093D000024F40000366E01D5
:1035900080B485B000AF78607B687F221A60364BBC
:1035A0001B6AFB60FB681B0903F440327B685A60AE
:1035B000FB681B0903F040727B689A602E4B5B6AC4
:1035C000FB60FB6803F4E0027B68DA60FB6803F0F1
:1035D00007027B681A61FB6803F070027B685A611E
:1035E000FB6803F4E0427B689A61FB6803F4E02225
:1035F0007B68DA61204BD3F8C430FB60FB6803F0D2
:1036000040527B681A62FB681B0CDBB25A1C7B6859
:103610005A62194BD3F8C830FB60FB6803F0405284
:103620007B689A62FB681B0CDBB25A1C7B68DA620F
:10363000114BD3F8D830FB60FB6803F040527B6835
:103640001A63FB681B0CDBB25A1C7B685A630A4B7B
:10365000D3F8EC30FB60FB6803F040527B689A6360
:10366000FB681B0CDBB25A1C7B68DA6300BF1437A3
:10367000BD465DF8047B70470080025680B588B077
:1036800000AF786039600023FB777B681A018E4BAE
:103690001344BB617B681A018C4B13447B617B68CC
:1036A0001A018B4B13443B613B681B68022B40F0B3
:1036B0009180884A4FF480717B6801FA03F302F528
:1036C00080521360FEF72EFAF86008E0FEF72AFA3F
:1036D0000246FB68D31A012B01D90323F0E07D4B8E
:1036E0005A684FF480717B6801FA03F31A404FF473
:1036F00080717B6801FA03F39A42E7D03B691B684B
:1037000043F004023B691A60BB691B6823F0006246
:10371000BB691A60BB691A686F4B13403A685168FD
:103720003A689268120511433A68126912020A4314
:103730001A43BB691A603B691B6823F07C523B68E3
:103740005B69D9063B689B691B060B431A433B69BF
:103750001A607B691B6803F07F423B68DB681A4391
:103760007B691A603B691B6823F008023B691A6099
:103770003B68DB68002B05D03B691B6843F00A02FD
:103780003B691A603B691B6843F0804343F00103C7
:103790003A6913604F4A4FF480717B6801FA03F372
:1037A000C2F80038FEF7BEF9F86008E0FEF7BAF993
:1037B0000246FB68D31A012B01D9032380E0454B55
:1037C0005A684FF480717B6801FA03F31340002BB1
:1037D000ECD074E03B681B68032B3BD13B685B6813
:1037E000184600F021F90346012B30D1394A4FF435
:1037F00080717B6801FA03F302F580521360FEF7D3
:1038000091F9F86008E0FEF78DF90246FB68D31ADB
:10381000012B01D9032353E02E4B5A684FF48071DA
:103820007B6801FA03F31A404FF480717B6801FA58
:1038300003F39A42E7D0BB691B6823F0F0423B6870
:103840005B68134343F00062BB691A6037E00123F1
:10385000FB7734E03B681B68012B30D13B691B6868
:1038600023F080423B691A601A4A4FF480717B68EA
:1038700001FA03F302F580521360FEF753F9F86082
:1038800008E0FEF74FF90246FB68D31A012B01D975
:10389000032315E00F4B5A684FF480717B6801FADF
:1038A00003F31A404FF480717B6801FA03F39A42E4
:1038B000E7D0BB691B6823F00062BB691A60FB7F1D
:1038C00018462037BD4680BD80800256848002564F
:1038D0008880025600800256FF00008C80B584B0BC
:1038E00000AF78600023FB73114A4FF480717B684E
:1038F00001FA03F3C2F80038FEF714F9B86008E0E3
:10390000FEF710F90246BB68D31A012B01D9032335
:103910000AE0074B5A684FF480717B6801FA03F3A1
:103920001340002BECD0FB7B18461037BD4680BD02
:103930000080025680B489B000AF786039600023FF
:10394000FB617B681A01344B13447B617B681A016D
:10395000324B13443B617B681A01314B1344FB60CB
:103960007B691B6823F00C4323F0FF033A6851681E
:103970003A689268120511433A68126912020A43C2
:10398000934202D00123FB613EE03B691B6823F0B8
:103990007F423B68DB689A4202D00123FB6133E03F
:1039A000FB681B6803F07C523B685B69D9063B6887
:1039B0009B691B060B439A4202D00123FB6123E063
:1039C000184B5A684FF480717B6801FA03F31A4070
:1039D0004FF480717B6801FA03F39A4202D102230B
:1039E000BB610AE07B691B6803F00063002B02D017
:1039F0000323BB6101E00123BB613B681B68BA691B
:103A00009A4201D00123FB61FB6918462437BD4669
:103A10005DF8047B704700BF8080025684800256A8
:103A2000888002560080025680B584B000AF78606E
:103A30000123FB607B68B3F1005F1BD07B68B3F1AF
:103A4000005F1FD87B68002B04D07B68B3F1805FD8
:103A500008D017E0FEF772FC0346002B14D10023B8
:103A6000FB6011E0FEF7D2FC0346002B0ED10023D1
:103A7000FB600BE0FEF732FC0346002B08D100236D
:103A8000FB6005E000BF04E000BF02E000BF00E013
:103A900000BFFB6818461037BD4680BD80B584B0B6
:103AA00000AF786039600123FB607B68B3F1405F51
:103AB0003AD07B68B3F1405F43D87B68B3F1005FD5
:103AC00025D07B68B3F1005F3BD87B68002B04D026
:103AD0007B68B3F1805F0DD033E0FEF749FD03460C
:103AE000002B31D1FEF758FD0346002B2CD10023CB
:103AF000FB6029E0FEF772FD0346002B26D1FEF79E
:103B000081FD0346002B21D10023FB601EE0FEF760
:103B10009BFD0346002B1BD1FEF7AAFD0346002B9D
:103B200016D10023FB6013E0FEF7C4FD0346002B13
:103B300010D1FEF7D3FD0346002B0BD10023FB6011
:103B400008E00023FB6006E000BF04E000BF02E0E5
:103B500000BF00E000BF3B68B3F1405F3AD03B6874
:103B6000B3F1405F43D83B68B3F1005F25D03B68B9
:103B7000B3F1005F3BD83B68002B04D03B68B3F146
:103B8000805F0DD033E0FEF7F3FC0346002B31D10C
:103B9000FEF702FD0346002B2CD10023FB6029E039
:103BA000FEF71CFD0346002B26D1FEF72BFD034636
:103BB000002B21D10023FB601EE0FEF745FD0346EC
:103BC000002B1BD1FEF754FD0346002B16D100231A
:103BD000FB6013E0FEF76EFD0346002B10D1FEF7ED
:103BE0007DFD0346002B0BD10023FB6008E0002382
:103BF000FB6006E000BF04E000BF02E000BF00E0A1
:103C000000BFFB6818461037BD4680BD80B400AFCA
:103C1000054B5B6D044A23F04003536500BFBD466E
:103C20005DF8047B704700BF0080025680B400AF8F
:103C3000054B5B6D044A43F04003536500BFBD462E
:103C40005DF8047B704700BF0080025680B400AF6F
:103C5000064B5B6D03F04003402B01D1012300E0D4
:103C600000231846BD465DF8047B7047008002566D
:103C700080B400AF064B5B6803F01003002B01D04B
:103C8000012300E000231846BD465DF8047B704721
:103C90000080025680B400AF064B5B6803F0080357
:103CA000002B01D0012300E000231846BD465DF83B
:103CB000047B70470080025680B400AF044B9B6CBD
:103CC00003F4C0731846BD465DF8047B704700BF1F
:103CD0000080025680B400AF064B5B6803F004031B
:103CE000002B01D0012300E000231846BD465DF8FB
:103CF000047B70470080025680B400AF044B5B6CBD
:103D000003F400731846BD465DF8047B704700BF9E
:103D10000080025680B400AF064B5B6803F00203DC
:103D2000002B01D0012300E000231846BD465DF8BA
:103D3000047B70470080025680B400AF044B5B6880
:103D400003F001031846BD465DF8047B704700BFD1
:103D50000080025680B400AF044B5B6A03F4E003BA
:103D60001846BD465DF8047B704700BF00800256D0
:103D700080B400AF044B5B6A03F007031846BD46EE
:103D80005DF8047B704700BF0080025680B400AF2E
:103D9000044B5B6A03F070031846BD465DF8047B74
:103DA000704700BF0080025680B400AF044B5B6ACE
:103DB00003F4E0431846BD465DF8047B704700BF3E
:103DC0000080025680B400AF044B5B6A03F4E0232A
:103DD0001846BD465DF8047B704700BF0080025660
:103DE00080B485B000AF78607B68DAB2104B1344C2
:103DF000FB60FB681A687B68190E7B681B0A03F07E
:103E00001F0301FA03F3DB431A407B681B0CD9B292
:103E10007B681B0A03F01F0301FA03F31A43FB68D4
:103E20001A6000BF1437BD465DF8047B704700BFC1
:103E30004481025680B400AF044BD3F844311B0ACE
:103E4000DBB21846BD465DF8047B70470080025621
:103E500080B483B000AF7860074BD3F8443123F0CF
:103E6000070205497B681343C1F8443100BF0C3792
:103E7000BD465DF8047B70470080025680B483B075
:103E800000AF7860074BD3F85C3123F00702054997
:103E90007B681343C1F85C3100BF0C37BD465DF849
:103EA000047B70470080025680B483B000AF786016
:103EB000074BD3F8443123F4401205497B68134380
:103EC000C1F8443100BF0C37BD465DF8047B704734
:103ED0000080025680B483B000AF7860074BD3F8FF
:103EE000483123F4405205497B681343C1F84831F7
:103EF00000BF0C37BD465DF8047B7047008002565A
:103F000080B483B000AF7860074BD3F8483123F416
:103F1000E02205497B681343C1F8483100BF0C37E4
:103F2000BD465DF8047B70470080025680B400AF48
:103F3000044BD3F8483103F0F0031846BD465DF852
:103F4000047B70470080025680B483B000AF786075
:103F5000074BD3F8483123F4801205497B6813439B
:103F6000C1F8483100BF0C37BD465DF8047B70478F
:103F70000080025680B483B000AF7860074BD3F85E
:103F8000483123F0807205497B681343C1F84831FA
:103F900000BF0C37BD465DF8047B704700800256B9
:103FA00080B483B000AF7860074BD3F84C3123F076
:103FB000030205497B681343C1F84C3100BF0C373D
:103FC000BD465DF8047B70470080025680B483B024
:103FD00000AF7860074BD3F84C3123F0300205492D
:103FE0007B681343C1F84C3100BF0C37BD465DF808
:103FF000047B70470080025680B582B000AF7860C5
:104000007868FFF7EDFE00BF0837BD4680BD80B57C
:1040100082B000AF78607868FFF7E2FE00BF083733
:10402000BD4680BD80B582B000AF78607868FFF78C
:10403000D7FE00BF0837BD4680BD000080B483B006
:1040400000AF7860074BD3F8783123F4E06205497C
:104050007B681343C1F8783100BF0C37BD465DF86B
:10406000047B70470080025680B483B000AF786054
:10407000074BD3F8503123F0407205497B68134356
:10408000C1F8503100BF0C37BD465DF8047B704766
:104090000080025680B483B000AF7860074BD3F83D
:1040A000543123F4E02205497B681343C1F85431AD
:1040B00000BF0C37BD465DF8047B70470080025698
:1040C00080B582B000AF78607868FFF789FE00BFE6
:1040D0000837BD4680BD80B582B000AF7860786893
:1040E000FFF77EFE00BF0837BD4680BD80B483B0B9
:1040F00000AF7860074BD3F85C3123F030020549FC
:104100007B681343C1F85C3100BF0C37BD465DF8D6
:10411000047B70470080025680B582B000AF7860A3
:104120007868FFF75DFE00BF0837BD4680BD80B5EB
:1041300082B000AF78607868FFF752FE00BF0837A2
:10414000BD4680BD80B483B000AF7860074BD3F824
:10415000643123F0070205497B681343C1F86431D9
:1041600000BF0C37BD465DF8047B704700800256E7
:1041700080B582B000AF78607868FFF731FE00BF8D
:104180000837BD4680BD80B582B000AF78607868E2
:10419000FFF726FE00BF0837BD4680BD80B582B060
:1041A00000AF78607868FFF71BFE00BF0837BD4698
:1041B00080BD000080B485B000AF78607B68DAB263
:1041C0000E4B1344FB60FB681A687B68190E7B6812
:1041D0001B0A03F01F0301FA03F31A407B681B0A52
:1041E00003F01F0322FA03F31A047B6813431846F3
:1041F0001437BD465DF8047B704700BF448102560A
:1042000080B483B000AF7860054BD3F8443103F03D
:10421000700318460C37BD465DF8047B704700BF3D
:104220000080025680B483B000AF7860054BD3F8AD
:10423000443103F0070318460C37BD465DF8047B94
:10424000704700BF0080025680B483B000AF786032
:10425000054BD3F85C3103F0070318460C37BD4615
:104260005DF8047B704700BF0080025680B483B0C5
:1042700000AF7860054BD3F8443103F4401318467F
:104280000C37BD465DF8047B704700BF00800256C6
:1042900080B483B000AF7860054BD3F8483103F4A5
:1042A000405318460C37BD465DF8047B704700BF8D
:1042B0000080025680B483B000AF7860054BD3F81D
:1042C000483103F0030318460C37BD465DF8047B04
:1042D000704700BF0080025680B483B000AF7860A2
:1042E000054BD3F84C3103F0030318460C37BD4699
:1042F0005DF8047B704700BF0080025680B483B035
:1043000000AF7860054BD3F84C3103F0300318460A
:104310000C37BD465DF8047B704700BF0080025635
:1043200080B582B000AF78607868FFF743FF03463E
:1043300018460837BD4680BD80B582B000AF7860B2
:104340007868FFF737FF034618460837BD4680BD3B
:1043500080B582B000AF78607868FFF72BFF034626
:1043600018460837BD4680BD80B483B000AF786082
:10437000054BD3F8783103F4E06318460C37BD469B
:104380005DF8047B704700BF0080025680B483B0A4
:1043900000AF7860054BD3F8503103F040731846F6
:1043A0000C37BD465DF8047B704700BF00800256A5
:1043B00080B483B000AF7860054BD3F8543103F478
:1043C000E02318460C37BD465DF8047B704700BFFC
:1043D0000080025680B483B000AF7860054BD3F8FC
:1043E0005C3103F0300318460C37BD465DF8047BA2
:1043F000704700BF0080025680B582B000AF786081
:104400007868FFF7D7FE034618460837BD4680BDDB
:1044100080B582B000AF78607868FFF7CBFE0346C6
:1044200018460837BD4680BD80B483B000AF7860C1
:10443000054BD3F8643103F0070318460C37BD462B
:104440005DF8047B704700BF0080025680B582B0E3
:1044500000AF78607868FFF7ADFE0346184608376E
:10446000BD4680BD80B582B000AF78607868FFF748
:10447000A1FE034618460837BD4680BD80B582B010
:1044800000AF78607868FFF795FE03461846083756
:10449000BD4680BD80B582B000AF78607868FFF718
:1044A00089FE034618460837BD4680BD80B582B0F8
:1044B00000AF78607868FFF77DFE0346184608373E
:1044C000BD4680BD80B483B000AF7860074BD3F8A1
:1044D0005C3123F4407205497B681343C1F85C31B9
:1044E00000BF0C37BD465DF8047B70470080025664
:1044F00080B400AF044BD3F85C3103F4407318462A
:10450000BD465DF8047B70470080025680B483B0DE
:1045100000AF7860074BD3F85C3123F47C32054957
:104520007B681343C1F85C3100BF0C37BD465DF8B2
:10453000047B70470080025680B483B000AF78607F
:10454000074B5B6A23F040727B681B0604491343E8
:104550004B6200BF0C37BD465DF8047B704700BF5F
:104560000080025680B400AF044B5B6A1B0E03F060
:1045700003031846BD465DF8047B70470080025671
:1045800080B400AF044BD3F8803003F0E04318460A
:10459000BD465DF8047B70470080025680B400AFD2
:1045A000074B5B6803F48073B3F5807F01D101236F
:1045B00000E000231846BD465DF8047B704700BF4D
:1045C0000080025680B400AF074BD3F8803003F070
:1045D0000063B3F1006F01D1012300E0002318460E
:1045E000BD465DF8047B70470080025680B400AF82
:1045F000054BD3F880301B0AC3F30B031846BD46A6
:104600005DF8047B704700BF0080025680B400AFA5
:10461000054BD3F880301B0D03F03F031846BD4611
:104620005DF8047B704700BF0080025680B400AF85
:10463000054BD3F88830DB0E03F007031846BD4660
:104640005DF8047B704700BF0080025680B400AF65
:10465000054BD3F888301B0E03F007031846BD4600
:104660005DF8047B704700BF0080025680B400AF45
:10467000074BD3F8883003F08043B3F1804F01D16A
:10468000012300E000231846BD465DF8047B704717
:104690000080025680B400AF044BD3F8843023F07E
:1046A0007F431846BD465DF8047B70470080025684
:1046B00080B400AF044BD3F8903003F0E0431846C9
:1046C000BD465DF8047B70470080025680B400AFA1
:1046D000074B5B6803F40073B3F5007F01D101233E
:1046E00000E000231846BD465DF8047B704700BF1C
:1046F0000080025680B400AF074BD3F8903003F02F
:104700000063B3F1006F01D1012300E000231846DC
:10471000BD465DF8047B70470080025680B400AF50
:10472000054BD3F890301B0AC3F30B031846BD4664
:104730005DF8047B704700BF0080025680B400AF74
:10474000054BD3F890301B0D03F03F031846BD46D0
:104750005DF8047B704700BF0080025680B400AF54
:10476000054BD3F89830DB0E03F007031846BD461F
:104770005DF8047B704700BF0080025680B400AF34
:10478000054BD3F898301B0E03F007031846BD46BF
:104790005DF8047B704700BF0080025680B400AF14
:1047A000074BD3F8983003F08043B3F1804F01D129
:1047B000012300E000231846BD465DF8047B7047E6
:1047C0000080025680B400AF044BD3F8943023F03D
:1047D0007F431846BD465DF8047B70470080025653
:1047E00080B400AF044BD3F8A03003F0E043184688
:1047F000BD465DF8047B70470080025680B400AF70
:10480000074B5B6803F48063B3F5806F01D101232C
:1048100000E000231846BD465DF8047B704700BFEA
:104820000080025680B400AF074BD3F8A03003F0ED
:104830000063B3F1006F01D1012300E000231846AB
:10484000BD465DF8047B70470080025680B400AF1F
:10485000054BD3F8A0301B0AC3F30B031846BD4623
:104860005DF8047B704700BF0080025680B400AF43
:10487000054BD3F8A0301B0D03F03F031846BD468F
:104880005DF8047B704700BF0080025680B400AF23
:10489000054BD3F8A830DB0E03F007031846BD46DE
:1048A0005DF8047B704700BF0080025680B400AF03
:1048B000054BD3F8A8301B0E03F007031846BD467E
:1048C0005DF8047B704700BF0080025680B400AFE3
:1048D000074BD3F8A83003F08043B3F1804F01D1E8
:1048E000012300E000231846BD465DF8047B7047B5
:1048F0000080025680B400AF044BD3F8A43023F0FC
:104900007F431846BD465DF8047B70470080025621
:1049100080B400AF044BD3F8B03003F0E043184646
:10492000BD465DF8047B70470080025680B400AF3E
:10493000074B5B6803F40063B3F5006F01D10123FB
:1049400000E000231846BD465DF8047B704700BFB9
:104950000080025680B400AF074BD3F8B03003F0AC
:104960000063B3F1006F01D1012300E0002318467A
:10497000BD465DF8047B70470080025680B400AFEE
:10498000054BD3F8B0301B0AC3F30B031846BD46E2
:104990005DF8047B704700BF0080025680B400AF12
:1049A000054BD3F8B0301B0D03F03F031846BD464E
:1049B0005DF8047B704700BF0080025680B400AFF2
:1049C000054BD3F8B830DB0E03F007031846BD469D
:1049D0005DF8047B704700BF0080025680B400AFD2
:1049E000054BD3F8B8301B0E03F007031846BD463D
:1049F0005DF8047B704700BF0080025680B400AFB2
:104A0000074BD3F8B83003F08043B3F1804F01D1A6
:104A1000012300E000231846BD465DF8047B704783
:104A20000080025680B400AF044BD3F8B43023F0BA
:104A30007F431846BD465DF8047B704700800256F0
:104A400080B400AF044B0422C3F8402A00BFBD4627
:104A50005DF8047B704700BF0080025680B400AF51
:104A6000074BD3F8403203F00403042B01D1012398
:104A700000E000231846BD465DF8047B704700BF88
:104A80000080025680B400AF044BD3F8CC3003F062
:104A900040531846BD465DF8047B704700800256BF
:104AA00080B400AF054BD3F8CC301B0CDBB2013324
:104AB0001846BD465DF8047B704700BF0080025673
:104AC00080B400AF044B0822C3F8402A00BFBD46A3
:104AD0005DF8047B704700BF0080025680B400AFD1
:104AE000074BD3F8403203F00803082B01D1012310
:104AF00000E000231846BD465DF8047B704700BF08
:104B00000080025680B400AF044BD3F8D03003F0DD
:104B100040531846BD465DF8047B7047008002563E
:104B200080B400AF054BD3F8D0301B0CDBB201339F
:104B30001846BD465DF8047B704700BF00800256F2
:104B400080B400AF044B1022C3F8402A00BFBD461A
:104B50005DF8047B704700BF0080025680B400AF50
:104B6000074BD3F8403203F01003102B01D101237F
:104B700000E000231846BD465DF8047B704700BF87
:104B80000080025680B400AF044BD3F8D43003F059
:104B900040531846BD465DF8047B704700800256BE
:104BA00080B400AF054BD3F8D4301B0CDBB201331B
:104BB0001846BD465DF8047B704700BF0080025672
:104BC00080B400AF044B4022C3F8402A00BFBD466A
:104BD0005DF8047B704700BF0080025680B400AFD0
:104BE000074BD3F8403203F04003402B01D101239F
:104BF00000E000231846BD465DF8047B704700BF07
:104C00000080025680B400AF044BD3F8DC3003F0D0
:104C100040531846BD465DF8047B7047008002563D
:104C200080B400AF054BD3F8DC301B0CDBB2013392
:104C30001846BD465DF8047B704700BF00800256F1
:104C400080B400AF044B8022C3F8402A00BFBD46A9
:104C50005DF8047B704700BF0080025680B400AF4F
:104C6000074BD3F8403203F08003802B01D101239E
:104C700000E000231846BD465DF8047B704700BF86
:104C80000080025680B400AF044BD3F8E03003F04C
:104C900040531846BD465DF8047B704700800256BD
:104CA00080B400AF054BD3F8E0301B0CDBB201330E
:104CB0001846BD465DF8047B704700BF0080025671
:104CC00080B400AF044B4FF48072C3F8402A00BF99
:104CD000BD465DF8047B70470080025680B400AF8B
:104CE000074BD3F8403203F48073B3F5807F01D1D2
:104CF000012300E000231846BD465DF8047B7047A1
:104D00000080025680B400AF044BD3F8E43003F0C7
:104D100040531846BD465DF8047B7047008002563C
:104D200080B400AF054BD3F8E4301B0CDBB2013389
:104D30001846BD465DF8047B704700BF00800256F0
:104D400080B400AF044B4FF40072C3F8402A00BF98
:104D5000BD465DF8047B70470080025680B400AF0A
:104D6000074BD3F8403203F40073B3F5007F01D151
:104D7000012300E000231846BD465DF8047B704720
:104D80000080025680B400AF044BD3F8E83003F043
:104D900040531846BD465DF8047B704700800256BC
:104DA00080B400AF054BD3F8E8301B0CDBB2013305
:104DB0001846BD465DF8047B704700BF0080025670
:104DC00080B400AF044B4FF40062C3F8402A00BF28
:104DD000BD465DF8047B70470080025680B400AF8A
:104DE000074BD3F8403203F40063B3F5006F01D1F1
:104DF000012300E000231846BD465DF8047B7047A0
:104E00000080025680B400AF044BD3F8F03003F0BA
:104E100040531846BD465DF8047B7047008002563B
:104E200080B400AF054BD3F8F0301B0CDBB201337C
:104E30001846BD465DF8047B704700BF00800256EF
:104E400080B400AF044B4FF48052C3F8402A00BF37
:104E5000BD465DF8047B70470080025680B400AF09
:104E6000074BD3F8403203F48053B3F5805F01D190
:104E7000012300E000231846BD465DF8047B70471F
:104E80000080025680B400AF044BD3F8F43003F036
:104E900040531846BD465DF8047B704700800256BB
:104EA00080B400AF054BD3F8F4301B0CDBB20133F8
:104EB0001846BD465DF8047B704700BF008002566F
:104EC00080B400AF044B4FF40052C3F8402A00BF37
:104ED000BD465DF8047B70470080025680B400AF89
:104EE000074BD3F8403203F40053B3F5005F01D110
:104EF000012300E000231846BD465DF8047B70479F
:104F00000080025680B400AF044BD3F8F83003F0B1
:104F100040531846BD465DF8047B7047008002563A
:104F200080B400AF054BD3F8F8301B0CDBB2013373
:104F30001846BD465DF8047B704700BF00800256EE
:104F400080B400AF044B4FF48042C3F8402A00BF46
:104F5000BD465DF8047B70470080025680B400AF08
:104F6000074BD3F8403203F48043B3F5804F01D1AF
:104F7000012300E000231846BD465DF8047B70471E
:104F80000080025680B400AF044BD3F8FC3003F02D
:104F900040531846BD465DF8047B704700800256BA
:104FA00080B400AF054BD3F8FC301B0CDBB20133EF
:104FB0001846BD465DF8047B704700BF008002566E
:104FC00080B400AF044B4FF40042C3F8402A00BF46
:104FD000BD465DF8047B70470080025680B400AF88
:104FE000074BD3F8403203F40043B3F5004F01D12F
:104FF000012300E000231846BD465DF8047B70479E
:105000000080025680B400AF044BD3F8003103F0A7
:1050100040531846BD465DF8047B70470080025639
:1050200080B400AF054BD3F800311B0CDBB2013369
:105030001846BD465DF8047B704700BF00800256ED
:1050400080B400AF044B4FF48032C3F8402A00BF55
:10505000BD465DF8047B70470080025680B400AF07
:10506000074BD3F8403203F48033B3F5803F01D1CE
:10507000012300E000231846BD465DF8047B70471D
:105080000080025680B400AF044BD3F8043103F023
:1050900040531846BD465DF8047B704700800256B9
:1050A00080B400AF054BD3F804311B0CDBB20133E5
:1050B0001846BD465DF8047B704700BF008002566D
:1050C00080B400AF044B4FF40032C3F8402A00BF55
:1050D000BD465DF8047B70470080025680B400AF87
:1050E000074BD3F8403203F40033B3F5003F01D14E
:1050F000012300E000231846BD465DF8047B70479D
:105100000080025680B400AF044BD3F8083103F09E
:1051100040531846BD465DF8047B70470080025638
:1051200080B400AF054BD3F808311B0CDBB2013360
:105130001846BD465DF8047B704700BF00800256EC
:1051400080B400AF044B4FF48022C3F8402A00BF64
:10515000BD465DF8047B70470080025680B400AF06
:10516000074BD3F8403203F48023B3F5802F01D1ED
:10517000012300E000231846BD465DF8047B70471C
:105180000080025680B400AF044BD3F80C3103F01A
:1051900040531846BD465DF8047B704700800256B8
:1051A00080B400AF054BD3F80C311B0CDBB20133DC
:1051B0001846BD465DF8047B704700BF008002566C
:1051C00080B400AF044B4FF40022C3F8402A00BF64
:1051D000BD465DF8047B70470080025680B400AF86
:1051E000074BD3F8403203F40023B3F5002F01D16D
:1051F000012300E000231846BD465DF8047B70479C
:105200000080025680B400AF044BD3F8103103F095
:1052100040531846BD465DF8047B70470080025637
:1052200080B400AF054BD3F810311B0CDBB2013357
:105230001846BD465DF8047B704700BF00800256EB
:1052400080B400AF044B4022C3F8482A00BFBD46DB
:105250005DF8047B704700BF0080025680B400AF49
:10526000074BD3F8483203F04003402B01D1012310
:1052700000E000231846BD465DF8047B704700BF80
:10528000008002562DE9B04FF2B000AFC7F8B4016C
:10529000002387F8C731002387F8C631D7F8B43127
:1052A000D3E9002302F00064002554EA05036CD022
:1052B000FFF71EF9C7F8C001D7F8C031002B18D08E
:1052C000D7F8B431D3F8883103F44072D7F8C0313D
:1052D00093420ED0C34BDB6AC24A43F00103D36250
:1052E000C04BDB6A03F00103002B02D1012387F8D6
:1052F000C73197F8C731002B43D1D7F8B431D3F871
:105300008831B3F5807F17D1FCF70CFCC7F8BC01DE
:105310000DE0FCF707FC0246D7F8BC31D21A41F287
:1053200088339A4203D9032387F8C73104E0FEF794
:10533000F1FC0346002BECD097F8C731002B1BD1B2
:10534000D7F8B431D3F8883103F44073B3F5407F14
:1053500008D1D7F8B431D3F8883123F44073184614
:10536000FFF7D4F8D7F8B431D3F8883103F4407399
:105370001846FFF7A7F808E097F8C73187F8C63155
:1053800003E097F8C73187F8C631D7F8B431D3E9CD
:10539000002302F004084FF0000958EA090300F066
:1053A0009B80D7F8B431D3F8B830042B16D18E4B8C
:1053B000D3F8D43023F0435121F47C11D7F8B43121
:1053C0009A6AD7F8B431DB6A013B1B041343864A5F
:1053D0000B43C2F8D430FFF7B3FB76E0D7F8B43113
:1053E000D3F8B830052B16D17F4BD3F8E83023F033
:1053F000435121F47C11D7F8B4311A6DD7F8B43188
:105400005B6D013B1B041343774A0B43C2F8E83042
:10541000FFF796FC59E0D7F8B431D3F8B830062B33
:1054200016D1714BD3F8FC3023F0435121F47C1199
:10543000D7F8B4319A6FD7F8B431DB6F013B1B0456
:105440001343694A0B43C2F8FC30FFF779FD3CE097
:10545000D7F8B431D3F8B830032B18D1624BD3F856
:105460000C3123F0435121F47C11D7F8B431D3F837
:105470009820D7F8B431D3F89C30013B1B04134378
:10548000594A0B43C2F80C31FFF75AFE1DE0D7F81A
:10549000B431D3F8B830072B17D1534BD3F81031B0
:1054A00023F0435121F47C11D7F8B431D3F8A02074
:1054B000D7F8B431D3F8A430013B1B0413434A4A54
:1054C0000B43C2F81031FFF77BFED7F8B431D3F8A5
:1054D000B8301846FEF7D2FCD7F8B431D3E9002330
:1054E0004FF0000A03F4800B5AEA0B034BD0D7F8B5
:1054F000B431D3F8AC203D4B9A4216D13A4BD3F895
:10550000CC3023F0435121F47C11D7F8B4319A699F
:10551000D7F8B431DB69013B1B041343324A0B4318
:10552000C2F8CC30FFF78CFA26E0D7F8B431D3F8C4
:10553000AC202F4B9A4216D12B4BD3F8D03023F00E
:10554000435121F47C11D7F8B4311A6AD7F8B43139
:105550005B6A013B1B041343234A0B43C2F8D03060
:10556000FFF7AEFA08E0D7F8B431D3F8AC20214BFE
:105570009A4201D1FFF764FED7F8B431D3F8AC30CA
:105580001846FEF70BFED7F8B431D3E9002300210B
:10559000C7F8A81103F40003C7F8AC31D7E96A01D2
:1055A00003460A46134357D0D7F8B431D3F8B02096
:1055B000114B9A4222D10C4BD3F8CC3023F04351FB
:1055C00021F47C11D7F8B4319A69D7F8B431DB698A
:1055D000013B1B041343044A0B43C2F8CC30FFF7D2
:1055E0002FFA32E0004802560080025614000203EF
:1055F000140003031400010314040203D7F8B431A8
:10560000D3F8B020C54B9A4216D1C54BD3F8D03051
:1056100023F0435121F47C11D7F8B4311A6AD7F83A
:10562000B4315B6A013B1B041343BD4A0B43C2F810
:10563000D030FFF745FA08E0D7F8B431D3F8B020FE
:10564000B84B9A4201D1FFF7FBFDD7F8B431D3F83C
:10565000B0301846FEF7A2FDD7F8B431D3E90023E5
:105660000021C7F8A01103F08073C7F8A431D7E96F
:10567000680103460A4613434BD0D7F8B431D3F838
:10568000B420A94B9A4216D1A54BD3F8CC3023F0C5
:10569000435121F47C11D7F8B4319A69D7F8B43169
:1056A000DB69013B1B0413439D4A0B43C2F8CC301A
:1056B000FFF7C6F926E0D7F8B431D3F8B4209B4BF6
:1056C0009A4216D1964BD3F8D03023F0435121F4AF
:1056D0007C11D7F8B4311A6AD7F8B4315B6A013B50
:1056E0001B0413438E4A0B43C2F8D030FFF7E8F98E
:1056F00008E0D7F8B431D3F8B4208D4B9A4201D1E9
:10570000FFF79EFDD7F8B431D3F8B4301846FEF752
:1057100045FDD7F8B431D3E9002302F40063C7F89C
:1057200098310023C7F89C31D7E9660103460A4641
:10573000134348D0D7F8B431D3F8A830202B16D172
:10574000774BD3F8CC3023F0435121F47C11D7F8B8
:10575000B4319A69D7F8B431DB69013B1B041343B8
:105760006F4A0B43C2F8CC30FFF76AF924E0D7F850
:10577000B431D3F8A830302B16D1694BD3F8D030E0
:1057800023F0435121F47C11D7F8B4311A6AD7F8C9
:10579000B4315B6A013B1B041343614A0B43C2F8FB
:1057A000D030FFF78DF907E0D7F8B431D3F8A8303F
:1057B000102B01D1FFF744FDD7F8B431D3F8A8304E
:1057C0001846FEF703FCD7F8B431D3E9002302F002
:1057D0008043C7F890310023C7F89431D7E96401BA
:1057E00003460A4613434BD0D7F8B431D3F82C21E3
:1057F000504B9A4216D14A4BD3F8D03023F0435144
:1058000021F47C11D7F8B4311A6AD7F8B4315B6A45
:10581000013B1B041343424A0B43C2F8D030FFF74D
:105820004FF926E0D7F8B431D3F82C21424B9A42F5
:1058300016D13B4BD3F8D43023F0435121F47C11E3
:10584000D7F8B4319A6AD7F8B431DB6A013B1B044C
:105850001343334A0B43C2F8D430FFF771F908E021
:10586000D7F8B431D3F82C21344B9A4201D1FFF749
:10587000E7FCD7F8B431D3F82C311846FEF757FCC3
:10588000D7F8B431D3E9002302F00043C7F88831D8
:105890000023C7F88C31D7E9620103460A46134357
:1058A00062D0D7F8B431D3F83021254B9A4216D1C3
:1058B0001B4BD3F8D03023F0435121F47C11D7F89F
:1058C000B4311A6AD7F8B4315B6A013B1B04134345
:1058D000134A0B43C2F8D030FFF7F2F83DE0D7F897
:1058E000B431D3F83021174B9A422DD10C4BD3F859
:1058F000D43023F0435121F47C11D7F8B4319A6AA3
:10590000D7F8B431DB6A013B1B041343044A0B4351
:10591000C2F8D430FFF714F91FE000BF14040303EA
:105920000080025614040103140802031408030340
:10593000140801031C0002031C0003031C000103E4
:105940001C0402031C040303D7F8B431D3F830213C
:10595000B34B9A4201D1FFF773FCD7F8B431D3F8B7
:1059600030311846FEF7E3FBD7F8B431D3E9002312
:1059700002F00103C7F880310023C7F88431D7E96A
:10598000600103460A46134357D0D7F8B431D3F821
:10599000BC30202B16D1A34BD3F8DC3023F043517D
:1059A00021F47C11D7F8B4319A6BD7F8B431DB6BA2
:1059B000013B1B0413439B4A0B43C2F8DC30FFF747
:1059C000FFF824E0D7F8B431D3F8BC30302B16D12F
:1059D000944BD3F8E03023F0435121F47C11D7F8F5
:1059E000B4311A6CD7F8B4315B6C013B1B04134320
:1059F0008C4A0B43C2F8E030FFF722F907E0D7F8F2
:105A0000B431D3F8BC30102B01D1FFF719FC854B12
:105A1000D3F8443123F47F4121F07001D7F8B43139
:105A2000D3F8C030013B1A02D7F8B431D3F8BC30F8
:105A300013437C4A0B43C2F84431D7F8B431D3E95D
:105A4000002302F00203C7F878310023C7F87C3145
:105A5000D7E95E0103460A46134348D0D7F8B4316C
:105A6000D3F8C430022B16D16E4BD3F8DC3023F0C0
:105A7000435121F47C11D7F8B4319A6BD7F8B43183
:105A8000DB6B013B1B041343664A0B43C2F8DC305B
:105A9000FFF796F824E0D7F8B431D3F8C430032BDD
:105AA00016D1604BD3F8E03023F0435121F47C1140
:105AB000D7F8B4311A6CD7F8B4315B6C013B1B04D6
:105AC0001343584A0B43C2F8E030FFF7B9F807E038
:105AD000D7F8B431D3F8C430012B01D1FFF7B0FBB4
:105AE000D7F8B431D3F8C4301846FEF7B1F9D7F877
:105AF000B431D3E9002302F00803C7F87031002362
:105B0000C7F87431D7E95C0103460A46134317D03E
:105B1000444BD3F8083123F0435121F47C11D7F8DA
:105B2000B431D3F89020D7F8B431D3F89430013B96
:105B30001B0413433B4A0B43C2F80831FFF7C0FA7A
:105B4000D7F8B431D3E9002302F01003C7F8683165
:105B50000023C7F86C31D7E95A0103460A461343BC
:105B60002FD0D7F8B431D3F8C830B3F5001F18D10F
:105B70002C4BD3F8043123F0435121F47C11D7F896
:105B8000B431D3F88820D7F8B431D3F88C30013B46
:105B90001B041343234A0B43C2F80431FFF750FAA6
:105BA00008E0D7F8B431D3F8C830B3F5801F01D17D
:105BB000FFF746FBD7F8B431D3F8C8301846FEF7E4
:105BC00073F9D7F8B431D3E9002302F02003C7F802
:105BD00060310023C7F86431D7E9580103460A460B
:105BE000134331D0D7F8B431D3F8CC30B3F5005FDC
:105BF0001AD10C4BD3F8F03023F0435121F47C112F
:105C0000D7F8B4311A6ED7F8B4315B6E013B1B0480
:105C10001343044A0B43C2F8F030FFF7D1F80CE00D
:105C20001C04010300800256D7F8B431D3F8CC30FD
:105C3000B3F5805F01D1FFF703FBD7F8B431D3F898
:105C4000CC301846FEF746F9D7F8B431D3E9002333
:105C500002F04003C7F858310023C7F85C31D7E998
:105C6000560103460A46134306D0D7F8B431D3F899
:105C7000D0301846FEF744F9D7F8B431D3E9002301
:105C800002F08003C7F850310023C7F85431D7E938
:105C9000540103460A46134306D0D7F8B431D3F86B
:105CA000D4301846FEF750F9D7F8B431D3E90023C1
:105CB00002F48073C7F848310023C7F84C31D7E9A4
:105CC000520103460A46134306D0D7F8B431D3F83D
:105CD000D8301846FEF74EF9D7F8B431D3E900238F
:105CE00002F40073C7F840310023C7F84431D7E904
:105CF000500103460A46134338D0D7F8B431D3F8DD
:105D0000DC30022B16D1BC4BD3F8F43023F04351D6
:105D100021F47C11D7F8B4319A6ED7F8B431DB6E28
:105D2000013B1B041343B44A0B43C2F8F430FFF7A2
:105D300087F807E0D7F8B431D3F8DC30012B01D174
:105D4000FFF77EFAAC4BD3F8483123F0F301D7F8D4
:105D5000B431D3F8E030013B1A01D7F8B431D3F8AD
:105D6000DC301343A44A0B43C2F84831D7F8B431AE
:105D7000D3E9002302F48063C7F838310023C7F861
:105D80003C31D7E94E0103460A4613432DD0D7F8DC
:105D9000B431D3F8E430022B18D1974BD3F80C313F
:105DA00023F0435121F47C11D7F8B431D3F8982073
:105DB000D7F8B431D3F89C30013B1B0413438E4A0F
:105DC0000B43C2F80C31FFF7BBF907E0D7F8B43149
:105DD000D3F8E430012B01D1FFF732FAD7F8B43110
:105DE000D3F8E4301846FEF7DBF8D7F8B431D3E93E
:105DF000002302F48053C7F830310023C7F8343150
:105E0000D7E94C0103460A4613434BD0D7F8B431C7
:105E1000D3F8E820794B9A4216D1774BD3F8E83083
:105E200023F0435121F47C11D7F8B4311A6DD7F81F
:105E3000B4315B6D013B1B0413436F4A0B43C2F843
:105E4000E830FEF77DFF26E0D7F8B431D3F8E8203C
:105E50006B4B9A4216D1684BD3F8FC3023F0435178
:105E600021F47C11D7F8B4319A6FD7F8B431DB6FD5
:105E7000013B1B041343604A0B43C2F8FC30FFF79D
:105E80005FF808E0D7F8B431D3F8E8205D4B9A42C8
:105E900001D1FFF7D5F9D7F8B431D3F8E830184677
:105EA000FEF7AAF8D7F8B431D3E9002302F400537F
:105EB000C7F828310023C7F82C31D7E94A01034637
:105EC0000A4613434BD0D7F8B431D3F8EC204E4BED
:105ED0009A4216D1484BD3F8E83023F0435121F4CD
:105EE0007C11D7F8B4311A6DD7F8B4315B6D013B32
:105EF0001B041343404A0B43C2F8E830FEF720FF6F
:105F000026E0D7F8B431D3F8EC20404B9A4216D1B2
:105F1000394BD3F8FC3023F0435121F47C11D7F8EE
:105F2000B4319A6FD7F8B431DB6F013B1B041343D4
:105F3000314A0B43C2F8FC30FFF702F808E0D7F80B
:105F4000B431D3F8EC20324B9A4201D1FFF778F903
:105F5000D7F8B431D3F8EC301846FEF74DF8D7F83F
:105F6000B431D3E9002302F48043C7F82031002381
:105F7000C7F82431D7E9480103460A4613435DD0E8
:105F8000D7F8B431D3F8F020224B9A4216D11A4BED
:105F9000D3F8E83023F0435121F47C11D7F8B43121
:105FA0001A6DD7F8B4315B6D013B1B041343124AE1
:105FB0000B43C2F8E830FEF7C3FE38E0D7F8B4313F
:105FC000D3F8F020144B9A4228D10B4BD3F8FC3075
:105FD00023F0435121F47C11D7F8B4319A6FD7F8EC
:105FE000B431DB6F013B1B041343034A0B43C2F87C
:105FF000FC30FEF7A5FF1AE0008002560C000207F5
:106000000C0003070C0001070C0402070C04030733
:106010000C0401070C0802070C080307D7F8B43179
:10602000D3F8F020C84B9A4201D1FFF709F9D7F80D
:10603000B431D3F8F0301846FDF7DEFFD7F8B431AD
:10604000D3E9002302F40043C7F818310023C7F84E
:106050001C31D7E9460103460A4613434BD0D7F813
:10606000B431D3F8F420B94B9A4216D1B84BD3F8D7
:10607000E83023F0435121F47C11D7F8B4311A6D84
:10608000D7F8B4315B6D013B1B041343B04A0B439B
:10609000C2F8E830FEF754FE26E0D7F8B431D3F862
:1060A000F420AC4B9A4216D1A94BD3F8FC3023F024
:1060B000435121F47C11D7F8B4319A6FD7F8B43139
:1060C000DB6F013B1B041343A14A0B43C2F8FC30B6
:1060D000FEF736FF08E0D7F8B431D3F8F4209E4B32
:1060E0009A4201D1FFF7ACF8D7F8B431D3F8F430C5
:1060F0001846FDF781FFD7F8B431D3E9002302F445
:106100008033C7F810310023C7F81431D7E94401B0
:1061100003460A4613434BD0D7F8B431D3F8F820DE
:106120008E4B9A4216D18A4BD3F8E83023F0435174
:1061300021F47C11D7F8B4311A6DD7F8B4315B6D06
:10614000013B1B041343824A0B43C2F8E830FEF7BD
:10615000F7FD26E0D7F8B431D3F8F820804B9A4207
:1061600016D17B4BD3F8FC3023F0435121F47C1142
:10617000D7F8B4319A6FD7F8B431DB6F013B1B0409
:106180001343734A0B43C2F8FC30FEF7D9FE08E014
:10619000D7F8B431D3F8F820724B9A4201D1FFF707
:1061A0004FF8D7F8B431D3F8F8301846FDF72FFF81
:1061B000D7F8B431D3E9002302F40033C7F808312B
:1061C0000023C7F80C31D7E9420103460A461343BE
:1061D0004BD0D7F8B431D3F8FC20634B9A4216D198
:1061E0005B4BD3F8E83023F0435121F47C11D7F80E
:1061F000B4311A6DD7F8B4315B6D013B1B04134306
:10620000534A0B43C2F8E830FEF79AFD26E0D7F870
:10621000B431D3F8FC20554B9A4216D14C4BD3F8ED
:10622000FC3023F0435121F47C11D7F8B4319A6F3C
:10623000D7F8B431DB6F013B1B041343444A0B43D3
:10624000C2F8FC30FEF77CFE08E0D7F8B431D3F892
:10625000FC20474B9A4201D1FEF7F2FFD7F8B43148
:10626000D3F8FC301846FDF7D2FED7F8B431D3E9A5
:10627000002302F48023C7F800310023C7F804315B
:10628000D7E9400103460A4613432DD0D7F8B4316D
:10629000D3F80021374B9A4216D12D4BD3F8FC305E
:1062A00023F0435121F47C11D7F8B4319A6FD7F819
:1062B000B431DB6F013B1B041343254A0B43C2F887
:1062C000FC30FEF73DFE08E0D7F8B431D3F80021EA
:1062D000294B9A4201D1FEF7B3FFD7F8B431D3F876
:1062E00000311846FDF79EFED7F8B431D3E90023FC
:1062F00002F40023C7F8F8300023C7F8FC30D7E9D0
:106300003E0103460A4613434AD0D7F8B431D3F8C6
:1063100004211A4B9A4233D10D4BD3F8FC3023F0B1
:10632000435121F47C11D7F8B4319A6FD7F8B431C6
:10633000DB6F013B1B041343054A0B43C2F8FC30DF
:10634000FEF7FEFD25E000BF0C0801070C0C02075C
:10635000008002560C0C03070C0C01070C100207FE
:106360000C1003070C1001070C1402070C14030790
:106370000C1401072C0802072C0801072C0C02073B
:10638000D7F8B431D3F80421CA4B9A4201D1FEF7B1
:1063900057FFD7F8B431D3F804311846FDF742FE61
:1063A000D7F8B431D3E9002302F48013C7F8F030F2
:1063B0000023C7F8F430D7E93C0103460A461343EB
:1063C0002DD0D7F8B431D3F80821BB4B9A4216D15F
:1063D000BA4BD3F8FC3023F0435121F47C11D7F8A9
:1063E000B4319A6FD7F8B431DB6F013B1B04134310
:1063F000B24A0B43C2F8FC30FEF7A2FD08E0D7F822
:10640000B431D3F80821AE4B9A4201D1FEF718FF00
:10641000D7F8B431D3F808311846FDF703FED7F8A2
:10642000B431D3E9002302F40013C7F8E8300023A5
:10643000C7F8EC30D7E93A0103460A4613432DD09A
:10644000D7F8B431D3F80C219E4B9A4216D19B4B0E
:10645000D3F8FC3023F0435121F47C11D7F8B43148
:106460009A6FD7F8B431DB6F013B1B041343934A97
:106470000B43C2F8FC30FEF763FD08E0D7F8B431F7
:10648000D3F80C21904B9A4201D1FEF7D9FED7F8F0
:10649000B431D3F80C311846FDF7C4FDD7F8B43148
:1064A000D3E9002302F48003C7F8E0300023C7F8E3
:1064B000E430D7E9380103460A4613432DD0D7F814
:1064C000B431D3F81021814B9A4216D17B4BD3F8CB
:1064D000FC3023F0435121F47C11D7F8B4319A6F8A
:1064E000D7F8B431DB6F013B1B041343734A0B43F2
:1064F000C2F8FC30FEF724FD08E0D7F8B431D3F839
:106500001021734B9A4201D1FEF79AFED7F8B431AD
:10651000D3F810311846FDF785FDD7F8B431D3E92B
:10652000002302F40003C7F8D8300023C7F8DC309A
:10653000D7E9360103460A4613434BD0D7F8B431A6
:10654000D3F81431B3F5007F16D15C4BD3F8E430A7
:1065500023F0435121F47C11D7F8B4319A6CD7F869
:10656000B431DB6C013B1B041343544A0B43C2F8A8
:10657000E430FEF7A5FB26E0D7F8B431D3F81431A8
:10658000B3F5407F16D14D4BD3F8F83023F043518B
:1065900021F47C11D7F8B4311A6FD7F8B4315B6F9E
:1065A000013B1B041343454A0B43C2F8F830FEF786
:1065B00087FC08E0D7F8B431D3F81431B3F5807F05
:1065C00001D1FEF73DFED7F8B431D3F814311846A7
:1065D000FDF734FDD7F8B431D3E9002302F080731E
:1065E000C7F8D0300023C7F8D430D7E934010346C8
:1065F0000A4613432FD0D7F8B431D3F81831B3F18A
:10660000007F18D12D4BD3F8003123F0435121F4F2
:106610007C11D7F8B431D3F88020D7F8B431D3F84F
:106620008430013B1B041343244A0B43C2F800315E
:10663000FEF7C6FC08E0D7F8B431D3F81831B3F14F
:10664000807F01D1FEF7FCFDD7F8B431D3F81831C3
:106650001846FDF709FDD7F8B431D3E9002302F05D
:106660000073C7F8C8300023C7F8CC30D7E932012F
:1066700003460A4613435BD0D7F8B431D3F81C3134
:10668000B3F5003F26D10D4BD3F8DC3023F0435156
:1066900021F47C11D7F8B4319A6BD7F8B431DB6BA5
:1066A000013B1B041343054A0B43C2F8DC30FEF7E1
:1066B00087FA36E02C0C01072C10020700800256E6
:1066C0002C1001072C1402072C1401072C180207A8
:1066D0002C180107D7F8B431D3F81C31B3F5403F7B
:1066E00016D1B54BD3F8E03023F0435121F47C119F
:1066F000D7F8B4311A6CD7F8B4315B6C013B1B048A
:106700001343AD4A0B43C2F8E030FEF799FA08E0B4
:10671000D7F8B431D3F81C31B3F5803F01D1FEF77F
:106720008FFDD7F8B431D3F81C311846FDF7B2FC11
:10673000D7F8B431D3E9002302F08063C7F8C03042
:106740000023C7F8C430D7E9300103460A46134393
:106750002DD0D7F8B431D3F82031202B18D1964B57
:10676000D3F8103123F0435121F47C11D7F8B43120
:10677000D3F8A020D7F8B431D3F8A430013B1B04E0
:1067800013438D4A0B43C2F81031FEF719FD07E0A1
:10679000D7F8B431D3F82031102B01D1FEF750FDDA
:1067A000D7F8B431D3F820311846FDF79FFCD7F85D
:1067B000B431D3E9002302F08053C7F8B830002386
:1067C000C7F8BC30D7E92E0103460A4613434BD025
:1067D000D7F8B431D3F82421784B9A4216D1764BAE
:1067E000D3F8DC3023F0435121F47C11D7F8B431D5
:1067F0009A6BD7F8B431DB6B013B1B0413436E4A31
:106800000B43C2F8DC30FEF7DBF926E0D7F8B431F1
:10681000D3F824216A4B9A4216D1674BD3F8E03063
:1068200023F0435121F47C11D7F8B4311A6CD7F816
:10683000B4315B6C013B1B0413435F4A0B43C2F84A
:10684000E030FEF7FDF908E0D7F8B431D3F82421A1
:106850005C4B9A4201D1FEF7F3FCD7F8B431D3F880
:1068600024311846FDF758FCD7F8B431D3E900239A
:1068700002F00053C7F8B0300023C7F8B430D7E9AE
:106880002C0103460A4613434BD0D7F8B431D3F852
:1068900028214D4B9A4216D1474BD3F8DC3023F0D8
:1068A000435121F47C11D7F8B4319A6BD7F8B43145
:1068B000DB6B013B1B0413433F4A0B43C2F8DC3044
:1068C000FEF77EF926E0D7F8B431D3F828213F4B04
:1068D0009A4216D1384BD3F8E03023F0435121F4DB
:1068E0007C11D7F8B4311A6CD7F8B4315B6C013B2A
:1068F0001B041343304A0B43C2F8E030FEF7A0F903
:1069000008E0D7F8B431D3F82821314B9A4201D1AD
:10691000FEF796FCD7F8B431D3F828311846FDF7C6
:10692000FBFBD7F8B431D3E900230021C7F8A81046
:1069300003F00103C7F8AC30D7E92A0103460A4641
:10694000134356D0D7F8B431D3F84C31022B16D1BB
:10695000194BD3F8DC3023F0435121F47C11D7F8E4
:10696000B4319A6BD7F8B431DB6B013B1B04134392
:10697000114A0B43C2F8DC30FEF722F932E0D7F8B7
:10698000B431D3F84C31032B24D10B4BD3F8E03086
:1069900023F0435121F47C11D7F8B4311A6CD7F8A5
:1069A000B4315B6C013B1B041343034A0B43C2F835
:1069B000E030FEF745F915E0008002561814020792
:1069C00018140307181401071818020718180307EA
:1069D00018180107D7F8B431D3F84C31012B01D185
:1069E000FEF72EFCD7F8B431D3F84C311846FDF73A
:1069F000A9FBD7F8B431D3E900230021C7F8A010D0
:106A000003F00203C7F8A430D7E9280103460A4679
:106A100013434BD0D7F8B431D3F83421C64B9A4244
:106A200016D1C64BD3F8E03023F0435121F47C114A
:106A3000D7F8B4311A6CD7F8B4315B6C013B1B0446
:106A40001343BE4A0B43C2F8E030FEF7F9F826E0E4
:106A5000D7F8B431D3F83421B94B9A4216D1B74B99
:106A6000D3F8E43023F0435121F47C11D7F8B4314A
:106A70009A6CD7F8B431DB6C013B1B041343AF4A6B
:106A80000B43C2F8E430FEF71BF908E0D7F8B43145
:106A9000D3F83421AB4B9A4201D1FEF7D1FBD7F8A2
:106AA000B431D3F834311846FDF762FBD7F8B4316E
:106AB000D3E900230021C7F8981003F00403C7F8B6
:106AC0009C30D7E9260103460A4613434BD0D7F83A
:106AD000B431D3F838219C4B9A4216D1974BD3F856
:106AE000E03023F0435121F47C11D7F8B4311A6C13
:106AF000D7F8B4315B6C013B1B0413438F4A0B4343
:106B0000C2F8E030FEF79CF826E0D7F8B431D3F8AD
:106B100038218E4B9A4216D1884BD3F8E43023F0BB
:106B2000435121F47C11D7F8B4319A6CD7F8B431C1
:106B3000DB6C013B1B041343804A0B43C2F8E43077
:106B4000FEF7BEF808E0D7F8B431D3F83821804B0F
:106B50009A4201D1FEF774FBD7F8B431D3F838313B
:106B60001846FDF705FBD7F8B431D3E9002300211F
:106B7000C7F8901003F00803C7F89430D7E9240150
:106B800003460A4613434BD0D7F8B431D3F83C211F
:106B9000704B9A4216D1694BD3F8E03023F0435141
:106BA00021F47C11D7F8B4311A6CD7F8B4315B6C8E
:106BB000013B1B041343614A0B43C2F8E030FEF76C
:106BC0003FF826E0D7F8B431D3F83C21624B9A4223
:106BD00016D15A4BD3F8E43023F0435121F47C1101
:106BE000D7F8B4319A6CD7F8B431DB6C013B1B0495
:106BF0001343524A0B43C2F8E430FEF761F808E051
:106C0000D7F8B431D3F83C21544B9A4201D1FEF766
:106C100017FBD7F8B431D3F83C311846FDF7A8FA82
:106C2000D7F8B431D3E900230021C7F8881003F066
:106C30001003C7F88C30D7E9220103460A461343F4
:106C40004BD0D7F8B431D3F84021454B9A4216D1F6
:106C50003A4BD3F8E43023F0435121F47C11D7F8B8
:106C6000B4319A6CD7F8B431DB6C013B1B0413438D
:106C7000324A0B43C2F8E430FEF722F826E0D7F898
:106C8000B431D3F84021374B9A4216D12B4BD3F86D
:106C9000F83023F0435121F47C11D7F8B4311A6F46
:106CA000D7F8B4315B6F013B1B041343234A0B43FA
:106CB000C2F8F830FEF704F908E0D7F8B431D3F899
:106CC0004021294B9A4201D1FEF7BAFAD7F8B431E4
:106CD000D3F840311846FDF74BFAD7F8B431D3E971
:106CE00000230021C7F8801003F02003C7F8843088
:106CF000D7E9200103460A46134367D0D7F8B431D9
:106D0000D3F84421194B9A4232D10C4BD3F8E430DA
:106D100023F0435121F47C11D7F8B4319A6CD7F8A1
:106D2000B431DB6C013B1B041343044A0B43C2F830
:106D3000E430FDF7C5FF42E0200402070080025660
:106D40002004030720040107200802072008030786
:106D500020080107200C0207200C0307200C010764
:106D6000201002072010030720100107201402073B
:106D7000D7F8B431D3F84421C24B9A4216D1C24B52
:106D8000D3F8F83023F0435121F47C11D7F8B43113
:106D90001A6FD7F8B4315B6F013B1B041343BA4A37
:106DA0000B43C2F8F830FEF78BF808E0D7F8B4319F
:106DB000D3F84421B54B9A4201D1FEF741FAD7F8F6
:106DC000B431D3F844311846FDF7D2F9D7F8B431CD
:106DD000D3E900230021B96703F04003FB67D7E93B
:106DE0001E0103460A4613434BD0D7F8B431D3F8FB
:106DF0004821A74B9A4216D1A34BD3F8E03023F099
:106E0000435121F47C11D7F8B4311A6CD7F8B4315E
:106E10005B6C013B1B0413439B4A0B43C2F8E030FD
:106E2000FDF70EFF26E0D7F8B431D3F84821994B8F
:106E30009A4216D1944BD3F8E43023F0435121F415
:106E40007C11D7F8B4319A6CD7F8B431DB6C013BC4
:106E50001B0413438C4A0B43C2F8E430FDF730FFA8
:106E600008E0D7F8B431D3F848218B4B9A4201D1CE
:106E7000FEF7E6F9D7F8B431D3F848311846FDF7F4
:106E800077F9D7F8B431D3E900230021396703F447
:106E900080737B67D7E91C0103460A4613434BD036
:106EA000D7F8B431D3F850217C4B9A4216D1764BA7
:106EB000D3F8E43023F0435121F47C11D7F8B431F6
:106EC0009A6CD7F8B431DB6C013B1B0413436E4A58
:106ED0000B43C2F8E430FDF7F3FE26E0D7F8B431F7
:106EE000D3F850216E4B9A4216D1674BD3F8F83045
:106EF00023F0435121F47C11D7F8B4311A6FD7F83D
:106F0000B4315B6F013B1B0413435F4A0B43C2F870
:106F1000F830FDF7D5FF08E0D7F8B431D3F85021A9
:106F2000604B9A4201D1FEF78BF9D7F8B431D3F810
:106F300050311846FDF727F9D7F8B431D3E90023CB
:106F40000021B96603F40073FB66D7E91A01034612
:106F50000A4613434BD0D7F8B431D3F85421524BDF
:106F60009A4216D1484BD3F8E43023F0435121F430
:106F70007C11D7F8B4319A6CD7F8B431DB6C013B93
:106F80001B041343404A0B43C2F8E430FDF798FE5C
:106F900026E0D7F8B431D3F85421444B9A4216D1A5
:106FA000394BD3F8F83023F0435121F47C11D7F852
:106FB000B4311A6FD7F8B4315B6F013B1B04134334
:106FC000314A0B43C2F8F830FDF77AFF08E0D7F8F2
:106FD000B431D3F85421364B9A4201D1FEF730F93F
:106FE000D7F8B431D3F854311846FDF7CCF8D7F8B8
:106FF000B431D3E900230021396603F480637B6652
:10700000D7E9180103460A46134367D0D7F8B431CD
:10701000D3F85821274B9A4216D11B4BD3F8E430B2
:1070200023F0435121F47C11D7F8B4319A6CD7F88E
:10703000B431DB6C013B1B041343134A0B43C2F80E
:10704000E430FDF73DFE42E0D7F8B431D3F85821E3
:10705000194B9A4232D10C4BD3F8F83023F04351FC
:1070600021F47C11D7F8B4311A6FD7F8B4315B6FC3
:10707000013B1B041343044A0B43C2F8F830FDF7ED
:107080001FFF24E02014030700800256201401078C
:1070900020180207201803072018010730000207F4
:1070A00030000307300001073004020730040307F3
:1070B000300401073008020730080307D7F8B4315D
:1070C000D3F85821B34B9A4201D1FEF7B9F8D7F85B
:1070D000B431D3F858311846FDF755F8D7F8B43124
:1070E000D3E900230021B96503F40063FB65D7E908
:1070F000160103460A4613434BD0D7F8B431D3F8F0
:107100005C21A54B9A4216D1A44BD3F8E43023F06E
:10711000435121F47C11D7F8B4319A6CD7F8B431CB
:10712000DB6C013B1B0413439C4A0B43C2F8E43065
:10713000FDF7C6FD26E0D7F8B431D3F85C21984BB3
:107140009A4216D1954BD3F8F83023F0435121F4ED
:107150007C11D7F8B4311A6FD7F8B4315B6F013BAB
:107160001B0413438D4A0B43C2F8F830FDF7A8FE09
:1071700008E0D7F8B431D3F85C218A4B9A4201D1A8
:10718000FEF75EF8D7F8B431D3F85C311846FCF757
:10719000FAFFD7F8B431D3E900230021396503F4AD
:1071A00080537B65D7E9140103460A4613434BD04D
:1071B000D7F8B431D3F860217B4B9A4216D1774B84
:1071C000D3F8E43023F0435121F47C11D7F8B431E3
:1071D0009A6CD7F8B431DB6C013B1B0413436F4A44
:1071E0000B43C2F8E430FDF76BFD26E0D7F8B4316D
:1071F000D3F860216D4B9A4216D1684BD3F8F83022
:1072000023F0435121F47C11D7F8B4311A6FD7F829
:10721000B4315B6F013B1B041343604A0B43C2F85C
:10722000F830FDF74DFE08E0D7F8B431D3F860210F
:107230005F4B9A4201D1FEF703F8D7F8B431D3F887
:1072400060311846FCF79FFFD7F8B431D3E900232B
:107250000021B96403F40053FB64D7E9120103462B
:107260000A4613434BD0D7F8B431D3F86421514BBD
:107270009A4216D1494BD3F8E43023F0435121F41C
:107280007C11D7F8B4319A6CD7F8B431DB6C013B80
:107290001B041343414A0B43C2F8E430FDF710FDD1
:1072A00026E0D7F8B431D3F86421434B9A4216D183
:1072B0003A4BD3F8F83023F0435121F47C11D7F83E
:1072C000B4311A6FD7F8B4315B6F013B1B04134321
:1072D000324A0B43C2F8F830FDF7F2FD08E0D7F868
:1072E000B431D3F86421354B9A4201D1FDF7A8FFA0
:1072F000D7F8B431D3F864311846FCF744FFD7F817
:10730000B431D3E900230021396403F480437B6462
:10731000D7E9100103460A46134365D0D7F8B431C4
:10732000D3F86821264B9A4216D11C4BD3F8E4308F
:1073300023F0435121F47C11D7F8B4319A6CD7F87B
:10734000B431DB6C013B1B041343144A0B43C2F8FA
:10735000E430FDF7B5FC40E0D7F8B431D3F868214C
:10736000184B9A4230D10D4BD3F8F83023F04351EB
:1073700021F47C11D7F8B4311A6FD7F8B4315B6FB0
:10738000013B1B041343054A0B43C2F8F830FDF7D9
:1073900097FD22E030080107300C020700800256FA
:1073A000300C0307300C01073010020730100307C0
:1073B000301001073014020730140307301401079E
:1073C0003018020730180307D7F8B431D3F8682112
:1073D000C84B9A4201D1FDF733FFD7F8B431D3F847
:1073E00068311846FCF7CFFED7F8B431D3E9002353
:1073F0000021B96303F40043FB63D7E90E010346A0
:107400000A4613434BD0D7F8B431D3F86C21BA4BAA
:107410009A4216D1B94BD3F8E43023F0435121F40A
:107420007C11D7F8B4319A6CD7F8B431DB6C013BDE
:107430001B041343B14A0B43C2F8E430FDF740FC90
:1074400026E0D7F8B431D3F86C21AD4B9A4216D16F
:10745000AA4BD3F8F83023F0435121F47C11D7F82C
:10746000B4311A6FD7F8B4315B6F013B1B0413437F
:10747000A24A0B43C2F8F830FDF722FD08E0D7F826
:10748000B431D3F86C219F4B9A4201D1FDF7D8FE5D
:10749000D7F8B431D3F86C311846FCF774FED7F83E
:1074A000B431D3E900230021396303F480337B63D3
:1074B000D7E90C0103460A4613434BD0D7F8B43141
:1074C000D3F87031904A934216D18C4BD3F8E43004
:1074D00023F0435121F47C11D7F8B4319A6CD7F8DA
:1074E000B431DB6C013B1B041343844A0B43C2F8E9
:1074F000E430FDF7E5FB26E0D7F8B431D3F870317E
:10750000824A934216D17D4BD3F8F83023F0435191
:1075100021F47C11D7F8B4311A6FD7F8B4315B6F0E
:10752000013B1B041343754A0B43C2F8F830FDF7C7
:10753000C7FC08E0D7F8B431D3F87031744A9342ED
:1075400001D1FDF77DFED7F8B431D3F8703118467C
:10755000FCF719FED7F8B431D3E900230021B96252
:1075600003F40033FB62D7E90A0103460A461343DA
:107570004BD0D7F8B431D3F87431664A934216D160
:107580005E4BD3F8E43023F0435323F47C13D7F855
:10759000B421916CD7F8B421D26C013A12040A4399
:1075A00056491343C1F8E430FDF78AFB26E0D7F8CB
:1075B000B431D3F87431584A934216D14F4BD3F8B3
:1075C000F83023F0435323F47C13D7F8B421116F20
:1075D000D7F8B421526F013A12040A4347491343C2
:1075E000C1F8F830FDF76CFC08E0D7F8B431D3F8F7
:1075F00074314A4A934201D1FDF722FED7F8B431E3
:10760000D3F874311846FCF7BEFDD7F8B431D3E98E
:1076100000230021396203F480237B62D7E908014B
:1076200003460A46134314D0D7F8B431D3F878315F
:1076300023F000431846FCF74EFDD7F8B431D3F8D9
:107640007831DB0F012B02D1FCF7F0FA01E0FCF7F7
:10765000DDFAD7F8B431D3E900230021B96103F48E
:107660008013FB61D7E9060103460A46134314D091
:10767000D7F8B431D3F8803123F000431846FCF733
:107680002AFDD7F8B431D3F88031DB0F012B02D1BA
:10769000FCF7CCFA01E0FCF7B9FAD7F8B431D3E93A
:1076A00000230021396103F400237B61D7E9040141
:1076B00003460A46134353D0D7F8B431D3F87C318C
:1076C000174A93422ED10D4BD3F8FC3023F043538D
:1076D00023F47C13D7F8B421916FD7F8B421D26F7B
:1076E000013A12040A4305491343C1F8FC30FDF77F
:1076F00027FC20E030180107301C020700800256EA
:10770000301C0307301C0107340002073400030754
:10771000340001073404020734040307340401076A
:10772000140C0203D7F8B431D3F87C31434A9342A6
:1077300001D1FDF785FDD7F8B431D3F87C3123F0C2
:1077400000431846FCF7BCFCD7F8B431D3F87C31C1
:10775000DB0F012B02D1FCF769FA01E0FCF756FAC6
:10776000D7F8B431D3E900230021B96003F4001342
:10777000FB60D7E9020103460A4613433BD0D7F822
:10778000B431D3F884312E4A934216D12D4BD3F81D
:10779000FC3023F0435323F47C13D7F8B421916FCA
:1077A000D7F8B421D26F013A12040A432549134392
:1077B000C1F8FC30FDF7C4FB08E0D7F8B431D3F8CA
:1077C0008431214A934201D1FDF73AFDD7F8B43113
:1077D000D3F8843123F000431846FCF771FCD7F846
:1077E000B431D3F88431DB0F012B02D1FCF71EFA40
:1077F00001E0FCF70BFAD7F8B431D3E900230021FC
:10780000396003F080037B60D7E9000103460A4634
:10781000134306D0D7F8B431D3F88C311846FCF7AF
:107820008BFE97F8C631002B01D1002300E0012325
:10783000184607F5E477BD46BDE8B08F140C010388
:1078400014140203008002561414010390B585B08D
:1078500000AFC7E900010021F960D7E9000101F19B
:107860007F4450EA040100F03684D7E90001012882
:1078700071F1807180F03484D7E90001A1F5000432
:1078800050EA040100F02284D7E90001012871F5D3
:10789000000180F02584D7E90001A1F5800450EAB9
:1078A000040100F00E84D7E90001012871F5800180
:1078B00080F01684D7E90001A1F5001450EA040114
:1078C00000F0FA83D7E90001012871F5001180F07A
:1078D0000784D7E90001A1F5801450EA040100F003
:1078E000E683D7E90001012871F5801180F0F88363
:1078F000D7E90001A1F5002450EA040100F0D28389
:10790000D7E90001012871F5002180F0E983D7E96A
:107910000001A1F5802450EA040100F0BE83D7E9FC
:107920000001012871F5802180F0DA83D7E9000198
:10793000A1F5003450EA040100F0AA83D7E9000160
:10794000012871F5003180F0CB83D7E90001A1F562
:10795000803450EA040100F09683D7E90001012841
:1079600071F5803180F0BC83D7E90001A1F50044B6
:1079700050EA040100F08283D7E90001012871F583
:10798000004180F0AD83D7E90001A1F5804450EAC1
:10799000040100F06E83D7E90001012871F58041F0
:1079A00080F09E83D7E90001A1F5005450EA04015C
:1079B00000F05A83D7E90001012871F5005180F0E9
:1079C0008F83D7E90001A1F5805450EA040100F04B
:1079D0004683D7E90001012871F5805180F080834A
:1079E000D7E90001A1F5006450EA040100F03283F8
:1079F000D7E90001012871F5006180F07183D7E9B2
:107A00000001A1F5806450EA040100F01E83D7E96B
:107A10000001012871F5806180F06283D7E90001DF
:107A2000A1F5007450EA040100F00A83D7E90001CF
:107A3000012871F5007180F05383D7E90001A1F5A9
:107A4000807450EA040100F0F682D7E900010128B1
:107A500071F5807180F04483D7E90001A1F1400401
:107A600050EA040100F0E282D7E90001012871F137
:107A7000400180F03583D7E90001A1F1200450EAEC
:107A8000040100F0CE82D7E90001012871F1200144
:107A900080F02683D7E90001A1F1100450EA040127
:107AA00000F0BA82D7E90001012871F1100180F0DD
:107AB0001783D7E90001A1F1080450EA040100F09E
:107AC000A682D7E90001012871F1080180F008833E
:107AD000D7E900010C1F50EA040100F09382D7E9B6
:107AE0000001012871F1040180F0FA82D7E9000158
:107AF0008C1E50EA040100F08082D7E900010128C1
:107B000071F1020180F0EC82D7E900014C1E50EACD
:107B1000040100F06D82D7E90001012871F1010133
:107B200080F0DE82D7E9000100F10044214300F03B
:107B30005A82D7E90001DA4CA04271F1000180F0CD
:107B4000CF82D7E9000100F14044214300F0468292
:107B5000D7E90001D34CA04271F1000180F0C0824E
:107B6000D7E9000100F16044214300F03282D7E9F7
:107B70000001CD4CA04271F1000180F0B182D7E943
:107B8000000100F17044214300F01E82D7E900019A
:107B9000C64CA04271F1000180F0A282D7E9000139
:107BA00000F17844214300F00B82D7E90001C04C7A
:107BB000A04271F1000180F09382D7E9000100F149
:107BC0007C44214300F0F781D7E90001B94CA04281
:107BD00071F1000180F08482D7E9000100F17E4458
:107BE000214300F0E281D7E90001B34CA04271F1DA
:107BF000000180F07582D7E9000100F17F44214344
:107C000000F0CD81D7E90001AC4CA04271F1000138
:107C100080F06682D7E90001A0F50004214300F05E
:107C2000B881D7E90001A64CA04271F1000180F0B3
:107C30005782D7E90001A0F58004214300F0A48118
:107C4000D7E900019F4CA04271F1000180F0488209
:107C5000D7E90001A0F50014214300F09081D7E995
:107C60000001994CA04271F1000180F03982D7E9FE
:107C70000001A0F58014214300F07C81D7E90001C8
:107C8000924CA04271F1000180F02A82D7E90001F4
:107C9000A0F50024214300F06881D7E900018C4C55
:107CA000A04271F1000180F01B82D7E90001A0F52C
:107CB0008024214300F05481D7E90001854CA04283
:107CC00071F1000180F00C82D7E90001A0F50034C9
:107CD000214300F04081D7E900017F4CA04271F1BF
:107CE000000180F0FD81D7E90001A0F58034214337
:107CF00000F02C81D7E90001B0F1011F71F1000102
:107D000080F0EE81D7E90001A0F50044214300F0A6
:107D10001881D7E9000148F20104A04271F1000185
:107D200080F0DE81D7E90001A0F58044214300F016
:107D30000381D7E9000144F20104A04271F100017E
:107D400080F0CE81D7E90001A0F50054214300F076
:107D5000EE80D7E9000142F20104A04271F1000176
:107D600080F0BE81D7E90001A0F58054214300F0E6
:107D7000D980D7E9000141F20104A04271F100016C
:107D800080F0AE81D7E90001A0F50064214300F046
:107D9000C480D7E9000140F60104A04271F100015E
:107DA00080F09E81D7E90001A0F58064214300F0B6
:107DB000AF80D7E9000140F20144A04271F1000117
:107DC00080F08E81D7E90001212871F1000155D2A0
:107DD000D7E90001014300F08381D7E90001421E89
:107DE00041F1FF33202A73F1000180F079811F2ACD
:107DF00000F2768101A151F822F000BF8B7E183489
:107E0000957E1834E1801834E57E1834E18018340A
:107E1000E1801834E1801834DD7E1834E1801834B4
:107E2000E1801834E1801834E1801834E18018349E
:107E3000E1801834E1801834EF7E1834E180183482
:107E4000E1801834E1801834E1801834E18018347E
:107E5000E1801834E1801834E1801834E18018346E
:107E6000E1801834E1801834E1801834E18018345E
:107E7000E1801834E1801834FB7E1834D7E9002300
:107E8000A2F500710B433ED02AE1702000F090FB78
:107E9000F86026E1072000F08DFCF86021E100BFCA
:107EA00001000080010000400100002001000010DE
:107EB00001000008010000040100000201000001AF
:107EC00001008000010040000100200001001000BE
:107ED00001000800010004000100020000F00CFF96
:107EE000F860FEE0072000F051FDF860F9E04FF483
:107EF000401000F04DFFF860F3E04FF4405000F008
:107F0000D1FFF860EDE0032001F04CF8F860E8E004
:107F1000032001F0CBF8F860E3E0302001F046F9EF
:107F2000F860DEE0714801F0F9F9F860D9E07048D6
:107F300001F0F4F9F860D4E06E4801F0EFF9F86070
:107F4000CFE06D4801F0EAF9F860CAE06B4801F053
:107F50008DFBF860C5E06A4801F088FBF860C0E07E
:107F6000684801F0B7FCF860BBE0674801F0B2FC7C
:107F7000F860B6E0654801F0ADFCF860B1E0644837
:107F800001F0A8FCF860ACE0624801F0A3FCF860E6
:107F9000A7E04FF4E06001F047FEF860A1E04FF089
:107FA000407001F043FFF8609BE04FF4E02001F0E7
:107FB000C7FFF86095E0302002F0CCF8F86090E060
:107FC00002F04AF9F8608CE0534802F097F9F86043
:107FD00087E0524802F092F9F86082E0504802F0DF
:107FE000F3FAF8607DE04F4802F0EEFAF86078E0CE
:107FF000072002F0D3FBF86073E04B4802F0B2FCBC
:10800000F8606EE0494802F0ADFCF86069E048486D
:1080100002F0A8FCF86064E0464802F0A3FCF860B7
:108020005FE0454802F09EFCF8605AE0434802F0E9
:1080300099FCF86055E0424803F090F9F86050E090
:10804000404803F08BF9F8604BE03F4803F086F9B5
:10805000F86046E03D4802F057FFF86041E03C48D8
:1080600002F052FFF8603CE03A4803F077F9F8601C
:1080700037E0394802F048FFF86032E0374802F054
:1080800043FFF8602DE0364802F03EFFF86028E03C
:10809000344803F063F9F86023E0334803F03EFC12
:1080A000F8601EE0314803F083FBF86019E03048C7
:1080B00003F034FCF86014E02E4803F079FBF8601C
:1080C0000FE02D4803F07AFCF8600AE02B4803F03B
:1080D00075FCF86005E02A4803F070FCF86000E0E9
:1080E00000BFFB6818461437BD4690BD0C00000762
:1080F0000C0400070C0800070C0C00070C1000070C
:108100000C1400072C0800072C0C00072C1000078B
:108110002C1400072C180007181400071818000763
:108120001C0000031C0400032004000720080007B3
:10813000200C00072010000720140007201800075B
:10814000300000073004000730080007300C00073B
:10815000301000073014000730180007301C0007EB
:10816000340000073404000714100001140C00034D
:108170001418000114140003140000031404000375
:1081800014080003F0B587B002AF0023FB60FCF7D2
:1081900005FA0346002B2AD0FCF768FA0346002BA9
:1081A00031D0FCF7EDF90346184600F057F9B860F6
:1081B000BB68002B27D0FCF729FA78607B68002B7E
:1081C00021D0FCF713FA0546FCF764FA0646FCF7E3
:1081D0002DFA0446FCF73AFA03460193009433461D
:1081E0002A467968B86800F097F9F8600BE0FCF768
:1081F000E9F90346002B06D0FCF7C2F903461846FE
:1082000000F02CF9F860FB6818461437BD46F0BD45
:10821000F0B587B002AF0023FB60FCF757FA0346C6
:10822000002B2AD0FCF7BAFA0346002B31D0FCF71A
:108230003FFA0346184600F011F9B860BB68002BFE
:1082400027D0FCF77BFA78607B68002B21D0FCF705
:1082500065FA0546FCF7B6FA0646FCF77FFA0446CF
:10826000FCF78CFA03460193009433462A4679685A
:10827000B86800F051F9F8600BE0FCF73BFA0346F0
:10828000002B06D0FCF714FA0346184600F0E6F877
:10829000F860FB6818461437BD46F0BDF0B587B0EE
:1082A00002AF0023FB60FCF7A9FA0346002B2AD09B
:1082B000FCF70CFB0346002B31D0FCF791FA034688
:1082C000184600F0CBF8B860BB68002B27D0FCF74D
:1082D000CDFA78607B68002B21D0FCF7B7FA054611
:1082E000FCF708FB0646FCF7D1FA0446FCF7DEFA79
:1082F00003460193009433462A467968B86800F033
:108300000BF9F8600BE0FCF78DFA0346002B06D062
:10831000FCF766FA0346184600F0A0F8F860FB6820
:1083200018461437BD46F0BDF0B587B002AF002344
:10833000FB60FCF7FBFA0346002B2AD0FCF75EFB40
:108340000346002B31D0FCF7E3FA0346184600F051
:1083500085F8B860BB68002B27D0FCF71FFB78605E
:108360007B68002B21D0FCF709FB0546FCF75AFB84
:108370000646FCF723FB0446FCF730FB034601935B
:10838000009433462A467968B86800F0C5F8F8606A
:108390000BE0FCF7DFFA0346002B06D0FCF7B8FA37
:1083A0000346184600F05AF8F860FB681846143780
:1083B000BD46F0BD80B582B000AF7860FBF7CAFC67
:1083C00003461B0D03F007037A6822FA03F31846ED
:1083D0000837BD4680BD80B582B000AF7860FBF73E
:1083E000C7FC034603F007037A6822FA03F3184632
:1083F0000837BD4680BD80B582B000AF7860FBF71E
:10840000C5FC03461B0903F007037A6822FA03F34D
:1084100018460837BD4680BD80B582B000AF786091
:10842000FBF7C2FC03461B0B03F007037A6822FA32
:1084300003F318460837BD4680BD80B582B000AF53
:108440007860FBF7BFFC03461B0C03F007037A6858
:1084500022FA03F318460837BD4680BD80B584B0C4
:1084600000AF78600023FB607B68B3F1405F39D0D8
:108470007B68B3F1405F38D87B68B3F1005F29D0E7
:108480007B68B3F1005F30D87B68002B04D07B6839
:10849000B3F1805F0ED028E0FBF7FCFB0346002B16
:1084A00025D0FBF709FC0346DB09164A22FA03F341
:1084B000FB601CE0FBF70EFC0346002B19D0FBF71A
:1084C0001BFC0346002B02D10F4BFB6011E00F4B4E
:1084D000FB600EE0FBF7CCFB0346002B0BD00C4BF4
:1084E000FB6008E00B4BFB6006E000BF04E000BF50
:1084F00002E000BF00E000BFFB6818461037BD4631
:1085000080BD00BF0090D00300093D000024F400AE
:1085100000366E010080BB0080B487B000AFF86009
:10852000B9607A603B60FB6807EE903AB8EE677A14
:108530007B6807EE903AF8EE676A3B6807EE903A80
:10854000B8EE676ADFED195AC6EE257A76EEA77A9D
:1085500067EE276ABB6807EE903AB8EE677AC6EE18
:10856000877AC7ED057A3B6A07EE903AB8EE677AEC
:10857000D7ED056AC6EE877AC7ED057A7B6A07EE06
:10858000903AB8EE677AD7ED056AC6EE877AC7EDFE
:10859000057AD7ED057AFCEEE77A17EE903A1846A1
:1085A0001C37BD465DF8047B704700BF0000804B60
:1085B00090B585B000AF78600023FB607868FBF76A
:1085C0001FFE0346702B00F0D180702B00F2D88084
:1085D000602B00F0C880602B00F2D280502B00F09E
:1085E000AC80502B00F2CC80402B00F0B480402BAC
:1085F00000F2C680302B5DD0302B00F2C180202BE2
:1086000014D0202B00F2BC80002B02D0102B08D0FD
:10861000B6E0FAF73FFF03461846FFF7CBFEF860D7
:10862000B7E0072000F0B2F9F860B2E0FCF7D6FA44
:108630000346002B00F0A680FCF7F2FAB860FCF7C6
:10864000E1FA0346B3F1405F29D0B3F1405F2FD880
:10865000B3F1005F1AD0B3F1005F29D8002B03D02B
:10866000B3F1805F09D023E0FFF78CFDF860FA6872
:10867000BB68B2FBF3F3FB601BE0FFF7C9FDF860DA
:10868000FA68BB68B2FBF3F3FB6012E0FFF706FE8B
:10869000F860FA68BB68B2FBF3F3FB6009E0FFF730
:1086A00043FEF860FA68BB68B2FBF3F3FB6000E0DE
:1086B00000BF67E0FCF7D2FA0346002B64D0FCF75A
:1086C000EFFAB860FCF7DEFA0346B3F1405F29D059
:1086D000B3F1405F2FD8B3F1005F1AD0B3F1005F60
:1086E00029D8002B03D0B3F1805F09D023E0FFF736
:1086F00049FDF860FA68BB68B2FBF3F3FB601BE06E
:10870000FFF786FDF860FA68BB68B2FBF3F3FB6025
:1087100012E0FFF7C3FDF860FA68BB68B2FBF3F341
:10872000FB6009E0FFF700FEF860FA68BB68B2FB87
:10873000F3F3FB6000E000BF26E0FBF7ABFA034673
:10874000002B23D0FBF7B8FA0346DB09164A22FABE
:1087500003F3FB601AE0FBF7BDFA0346002B17D0CA
:10876000124BFB6014E0124BFB6012E0FAF792FE32
:108770000446FBF7F7FE034624FA03F3FB6008E028
:1087800000BF06E000BF04E000BF02E000BF00E061
:1087900000BFFBF74FFB03460133FA68B2FBF3F36C
:1087A00018461437BD4690BD0090D00300093D0027
:1087B0000080BB0090B585B000AF78600023FB60FF
:1087C0007868FBF72FFD0346072B00F2CA8001A251
:1087D00052F823F0F5871834058818340F881834B8
:1087E00097881834398918341D8918344989183400
:1087F0004F891834FAF74EFE03461846FFF7DAFDA4
:10880000F860B7E0072000F0C1F8F860B2E0FCF7CC
:10881000E5F90346002B00F0A680FCF701FAB860EA
:10882000FCF7F0F90346B3F1405F29D0B3F1405FA4
:108830002FD8B3F1005F1AD0B3F1005F29D8002B15
:1088400003D0B3F1805F09D023E0FFF79BFCF86011
:10885000FA68BB68B2FBF3F3FB601BE0FFF7D8FCE0
:10886000F860FA68BB68B2FBF3F3FB6012E0FFF755
:1088700015FDF860FA68BB68B2FBF3F3FB6009E032
:10888000FFF752FDF860FA68BB68B2FBF3F3FB60D8
:1088900000E000BF67E0FCF7E1F90346002B64D07D
:1088A000FCF7FEF9B860FCF7EDF90346B3F1405F61
:1088B00029D0B3F1405F2FD8B3F1005F1AD0B3F1E4
:1088C000005F29D8002B03D0B3F1805F09D023E0EB
:1088D000FFF758FCF860FA68BB68B2FBF3F3FB6083
:1088E0001BE0FFF795FCF860FA68BB68B2FBF3F396
:1088F000FB6012E0FFF7D2FCF860FA68BB68B2FBDD
:10890000F3F3FB6009E0FFF70FFDF860FA68BB685E
:10891000B2FBF3F3FB6000E000BF26E0FBF7BAF91F
:108920000346002B23D0FBF7C7F90346DB09144AA3
:1089300022FA03F3FB601AE0FBF7CCF90346002BA5
:1089400017D0104BFB6014E00F4BFB6012E0FAF7FE
:10895000A1FD0446FBF706FE034624FA03F3FB6081
:1089600008E000BF06E000BF04E000BF02E000BF77
:1089700000E000BFFB6818461437BD4690BD00BF3D
:108980000090D00300093D000080BB0080B584B09A
:1089900000AF78600023FB60FCF760FC0346012B0E
:1089A00040F0A5817868FBF74FFC0346072B00F2E7
:1089B0008D8101A252F823F0D9891834F78918342F
:1089C000098A1834B38B18341B8A1834A38A1834D4
:1089D0002B8B18343B8C1834FBF75CF90346002BC7
:1089E00000F07681FBF768F90346DB09A14A22FA19
:1089F00003F3FB606CE1FBF76DF90346002B00F01D
:108A000069819D4BFB6065E1FBF732F90346002B62
:108A100000F06281994BFB605EE1FCF79FF8034632
:108A2000002B00F05B81FCF7BBF8B860FCF7AAF8FC
:108A30000346B3F1405F29D0B3F1405F2FD8B3F1C3
:108A4000005F1AD0B3F1005F29D8002B03D0B3F137
:108A5000805F09D023E0FFF795FBF860FA68BB68F8
:108A6000B2FBF3F3FB601BE0FFF7D2FBF860FA68A0
:108A7000BB68B2FBF3F3FB6012E0FFF70FFCF8609A
:108A8000FA68BB68B2FBF3F3FB6009E0FFF74CFC4C
:108A9000F860FA68BB68B2FBF3F3FB6000E000BF6C
:108AA0001CE1FCF75BF90346002B00F01981FCF791
:108AB00077F9B860FCF766F90346B3F1405F29D057
:108AC000B3F1405F2FD8B3F1005F1AD0B3F1005F6C
:108AD00029D8002B03D0B3F1805F09D023E0FFF742
:108AE00051FBF860FA68BB68B2FBF3F3FB601BE074
:108AF000FFF78EFBF860FA68BB68B2FBF3F3FB602C
:108B000012E0FFF7CBFBF860FA68BB68B2FBF3F347
:108B1000FB6009E0FFF708FCF860FA68BB68B2FB8D
:108B2000F3F3FB6000E000BFDAE0FCF717FA03465E
:108B3000002B00F0D780FCF733FAB860FCF722FA7C
:108B40000346B3F1405F29D0B3F1405F2FD8B3F1B2
:108B5000005F1AD0B3F1005F29D8002B03D0B3F126
:108B6000805F09D023E0FFF70DFBF860FA68BB686F
:108B7000B2FBF3F3FB601BE0FFF74AFBF860FA6817
:108B8000BB68B2FBF3F3FB6012E0FFF787FBF86012
:108B9000FA68BB68B2FBF3F3FB6009E0FFF7C4FBC4
:108BA000F860FA68BB68B2FBF3F3FB6000E000BF5B
:108BB00098E0FCF7D3FA0346002B00F09580FCF711
:108BC000EFFAB860FCF7DEFA0346B3F1405F29D054
:108BD000B3F1405F2FD8B3F1005F1AD0B3F1005F5B
:108BE00029D8002B03D0B3F1805F09D023E0FFF731
:108BF000C9FAF860FA68BB68B2FBF3F3FB601BE0EC
:108C0000FFF706FBF860FA68BB68B2FBF3F3FB60A2
:108C100012E0FFF743FBF860FA68BB68B2FBF3F3BE
:108C2000FB6009E0FFF780FBF860FA68BB68B2FB05
:108C3000F3F3FB6000E000BF56E0FCF7CFFA034619
:108C4000002B53D0FCF7ECFAB860FCF7DBFA0346D4
:108C5000B3F1405F2FD0B3F1405F35D8B3F1005F7F
:108C600020D0B3F1005F2FD8002B09D0B3F1805F83
:108C70000FD029E00090D00300093D0000366E01BE
:108C8000FFF780FAF860FA68BB68B2FBF3F3FB60A9
:108C90001BE0FFF7BDFAF860FA68BB68B2FBF3F3BC
:108CA000FB6012E0FFF7FAFAF860FA68BB68B2FB03
:108CB000F3F3FB6009E0FFF737FBF860FA68BB6885
:108CC000B2FBF3F3FB6000E000BF0FE000BF0EE07B
:108CD00000BF0CE000BF0AE000BF08E000BF06E0F4
:108CE00000BF04E000BF02E000BF00E000BFFB687F
:108CF00018461037BD4680BD80B582B000AF002356
:108D00007B60FCF7EBF90346002B3CD0FCF708FA3C
:108D10003860FCF7F7F90346B3F1405F29D0B3F1AF
:108D2000405F2FD8B3F1005F1AD0B3F1005F29D8AC
:108D3000002B03D0B3F1805F09D023E0FFF722FAC4
:108D400078607A683B68B2FBF3F37B601BE0FFF767
:108D50005FFA78607A683B68B2FBF3F37B6012E0FD
:108D6000FFF79CFA78607A683B68B2FBF3F37B60AC
:108D700009E0FFF7D9FA78607A683B68B2FBF3F351
:108D80007B6000E000BF7B6818460837BD4680BDA9
:108D900080B584B000AF78600023FB607868FBF793
:108DA00065FA0346B3F5401F62D0B3F5401F6DD896
:108DB000B3F5001F19D0B3F5001F67D8002B03D0FF
:108DC000B3F5801F0CD061E0FAF764FB0346184648
:108DD000FFF7F0FA03461846FFF72FFBF8605AE05A
:108DE0000720FFF7D3FDF86055E0FCF737F903469D
:108DF000002B4DD0FCF754F9B860FCF743F903465B
:108E0000B3F1405F29D0B3F1405F2FD8B3F1005FD9
:108E10001AD0B3F1005F29D8002B03D0B3F1805FE3
:108E200009D023E0FFF7AEF9F860FA68BB68B2FB3F
:108E3000F3F3FB601BE0FFF7EBF9F860FA68BB683F
:108E4000B2FBF3F3FB6012E0FFF728FAF860FA6870
:108E5000BB68B2FBF3F3FB6009E0FFF765FAF8606B
:108E6000FA68BB68B2FBF3F3FB6000E000BF0FE001
:108E7000FAF710FF0346002B0CD0FAF71DFF03464C
:108E8000DB09074A22FA03F3FB6003E000BF02E0BC
:108E900000BF00E000BFFB6818461037BD4680BD2C
:108EA0000090D00380B584B000AF78600023FB60F1
:108EB0007868FBF7EDF90346B3F5405F5ED0B3F594
:108EC000405F63D8B3F5005F15D0B3F5005F5DD8A0
:108ED000002B03D0B3F5805F08D057E0FAF7DAFA39
:108EE00003461846FFF766FAF86054E00720FFF7DC
:108EF0004DFDF8604FE0FBF771FF0346002B47D0B4
:108F0000FBF78EFFB860FBF77DFF0346B3F1405FD0
:108F100029D0B3F1405F2FD8B3F1005F1AD0B3F17D
:108F2000005F29D8002B03D0B3F1805F09D023E084
:108F3000FFF728F9F860FA68BB68B2FBF3F3FB604F
:108F40001BE0FFF765F9F860FA68BB68B2FBF3F362
:108F5000FB6012E0FFF7A2F9F860FA68BB68B2FBA9
:108F6000F3F3FB6009E0FFF7DFF9F860FA68BB682C
:108F7000B2FBF3F3FB6000E000BF09E0FAF778FE14
:108F80000346002B06D0064BFB6003E000BF02E067
:108F900000BF00E000BFFB6818461037BD4680BD2B
:108FA00000366E0180B584B000AF78600023FB60AE
:108FB0007868FBF77FF90346032B63D801A252F8C8
:108FC00023F000BFD58F1834E58F1834EF8F183495
:108FD00075901834FAF75EFA03461846FFF7EAF977
:108FE000F86054E00720FFF7D1FCF8604FE0FBF792
:108FF00035FF0346002B47D0FBF752FFB860FBF765
:1090000041FF0346B3F1405F29D0B3F1405F2FD851
:10901000B3F1005F1AD0B3F1005F29D8002B03D061
:10902000B3F1805F09D023E0FFF7ACF8F860FA688D
:10903000BB68B2FBF3F3FB601BE0FFF7E9F8F860F5
:10904000FA68BB68B2FBF3F3FB6012E0FFF726F9A6
:10905000F860FA68BB68B2FBF3F3FB6009E0FFF766
:1090600063F9F860FA68BB68B2FBF3F3FB6000E0F9
:1090700000BF09E0FAF7FCFD0346002B06D00A4BBF
:10908000FB6003E000BF02E000BF00E000BFFAF7B2
:109090004DFF03461B090133FA68B2FBF3F3184690
:1090A0001037BD4680BD00BF00366E0180B584B06C
:1090B00000AF78600023FB607868FBF70DF903468A
:1090C000032B67D801A252F823F000BFDD901834BB
:1090D000F5901834FF90183485911834FAF7DAF9BE
:1090E00003461846FFF766F903461846FFF773F97B
:1090F000F86054E00720FFF749FCF8604FE0FCF708
:109100002DF80346002B47D0FCF74AF8B860FCF76F
:1091100039F80346B3F1405F29D0B3F1405F2FD84F
:10912000B3F1005F1AD0B3F1005F29D8002B03D050
:10913000B3F1805F09D023E0FFF724F8F860FA6804
:10914000BB68B2FBF3F3FB601BE0FFF761F8F8606C
:10915000FA68BB68B2FBF3F3FB6012E0FFF79EF81E
:10916000F860FA68BB68B2FBF3F3FB6009E0FFF755
:10917000DBF8F860FA68BB68B2FBF3F3FB6000E071
:1091800000BF09E0FAF774FD0346002B06D0064B3A
:10919000FB6003E000BF02E000BF00E000BFFB682F
:1091A00018461037BD4680BD00366E0180B584B0CC
:1091B00000AF78600023FB607868FBF79FF80346F8
:1091C000302B5DD0302B00F29E80202B14D0202B32
:1091D00000F29980002B02D0102B08D093E0FAF710
:1091E00059F903461846FFF7E5F8F86090E00720C4
:1091F000FFF7CCFBF8608BE0FBF730FC0346002B5D
:1092000000F08380FBF74CFCB860FBF73BFC0346A7
:10921000B3F1405F29D0B3F1405F2FD8B3F1005FC5
:109220001AD0B3F1005F29D8002B03D0B3F1805FCF
:1092300009D023E0FEF7A6FFF860FA68BB68B2FB2E
:10924000F3F3FB601BE0FEF7E3FFF860FA68BB682E
:10925000B2FBF3F3FB6012E0FFF720F8F860FA6866
:10926000BB68B2FBF3F3FB6009E0FFF75DF8F86061
:10927000FA68BB68B2FBF3F3FB6000E000BF44E0B8
:10928000FBF72CFC0346002B41D0FBF749FCB860F0
:10929000FBF738FC0346B3F1405F29D0B3F1405FE0
:1092A0002FD8B3F1005F1AD0B3F1005F29D8002B9B
:1092B00003D0B3F1805F09D023E0FEF763FFF860CD
:1092C000FA68BB68B2FBF3F3FB601BE0FEF7A0FF9C
:1092D000F860FA68BB68B2FBF3F3FB6012E0FEF7DC
:1092E000DDFFF860FA68BB68B2FBF3F3FB6009E0EE
:1092F000FFF71AF8F860FA68BB68B2FBF3F3FB609B
:1093000000E000BF03E000BF02E000BF00E000BFDC
:10931000FB6818461037BD4680BD000080B584B09C
:1093200000AF78600023FB607868FAF7F9FF034626
:10933000A24A934200F07281A04A934200F28481D3
:109340009F4A934200F06A819D4A934200F27C81D9
:109350009C4A934200F062819A4A934200F27481DF
:10936000994A934200F05A81974A934200F26C81E5
:10937000964A934200F06081944A934200F26481DD
:10938000934A934200F05881914A934200F25C81E3
:10939000904A934200F050818E4A934200F25481E9
:1093A0008D4A934200F048818B4A934200F24C81EF
:1093B0008A4A934200F0BE80884A934200F2448178
:1093C000874A934200F0B680854A934200F23C817E
:1093D000844A934200F0AE80824A934200F2348184
:1093E000814A934200F0A6807F4A934200F22C818A
:1093F0007E4A93425AD07D4A934200F225817C4AAC
:10940000934253D07A4A934200F21E81794A9342A2
:109410004CD0784A934200F21781774A934245D064
:10942000754A934200F21081744A934239D0734ACC
:10943000934200F20981724A934232D0704A9342B9
:1094400000F202816F4A93422BD06E4A934200F29F
:10945000FB806D4A934224D06B4A934200F2F48021
:109460006A4A934211D0694A934200F2ED80684AF9
:1094700093420AD0664A934200F2E680654A9342DC
:1094800003D0654A934240F0DF80FAF703F80346C1
:109490001846FEF78FFF03461846FEF79CFFF8605C
:1094A000DBE00720FFF772FAF860D6E0FBF756FC26
:1094B0000346002B00F0CA80FBF772FCB860FBF794
:1094C00061FC0346B3F1405F29D0B3F1405F2FD870
:1094D000B3F1005F1AD0B3F1005F29D8002B03D09D
:1094E000B3F1805F09D023E0FEF74CFEF860FA6824
:1094F000BB68B2FBF3F3FB601BE0FEF789FEF8608C
:10950000FA68BB68B2FBF3F3FB6012E0FEF7C6FE3D
:10951000F860FA68BB68B2FBF3F3FB6009E0FEF7A2
:1095200003FFF860FA68BB68B2FBF3F3FB6000E08E
:1095300000BF8BE0FBF712FD0346002B00F0888094
:10954000FBF72EFDB860FBF71DFD0346B3F1405F4E
:1095500029D0B3F1405F2FD8B3F1005F1AD0B3F137
:10956000005F29D8002B03D0B3F1805F09D023E03E
:10957000FEF708FEF860FA68BB68B2FBF3F3FB6025
:109580001BE0FEF745FEF860FA68BB68B2FBF3F338
:10959000FB6012E0FEF782FEF860FA68BB68B2FB7F
:1095A000F3F3FB6009E0FEF7BFFEF860FA68BB6802
:1095B000B2FBF3F3FB6000E000BF49E00C0C0507D1
:1095C0000C0805070C0405070C0005070C0C040724
:1095D0000C0804070C0404070C0004070C0C030718
:1095E0000C0803070C0403070C0003070C0C02070C
:1095F0000C0802070C0402070C0002070C0C010700
:109600000C0801070C0401070C0001070C0C0007F3
:109610000C0800070C0000070C040007FAF73AFBDF
:109620000346002B16D0FAF747FB0346DB090D4A29
:1096300022FA03F3FB600DE0FAF74CFB0346002B24
:109640000AD0094BFB6007E000BF06E000BF04E062
:1096500000BF02E000BF00E000BFFB681846103703
:10966000BD4680BD0090D00300093D0080B584B0A8
:1096700000AF78600023FB607868FAF75DFE034670
:10968000864A934200F0E680844A934200F2F880D2
:10969000834A934200F0DE80814A934200F2F080D8
:1096A000804A934200F0E4807E4A934200F2E880D0
:1096B0007D4A934200F0DC807B4A934200F2E080D6
:1096C0007A4A934200F08380784A934200F2D8802D
:1096D000774A93427BD0764A934200F2D180754A12
:1096E000934230D0734A934200F2CA80724A934246
:1096F00029D0714A934200F2C380704A93421DD030
:109700006E4A934200F2BC806D4A934216D06C4A76
:10971000934200F2B5806B4A934203D06A4A934267
:1097200040F0AE80F9F7B6FE03461846FEF742FE5B
:1097300003461846FEF74FFEF860AAE00720FFF741
:1097400025F9F860A5E0FBF709FB0346002B00F0C4
:109750009980FBF725FBB860FBF714FB0346B3F1D8
:10976000405F29D0B3F1405F2FD8B3F1005F1AD02A
:10977000B3F1005F29D8002B03D0B3F1805F09D08B
:1097800023E0FEF7FFFCF860FA68BB68B2FBF3F376
:10979000FB601BE0FEF73CFDF860FA68BB68B2FBBB
:1097A000F3F3FB6012E0FEF779FDF860FA68BB683E
:1097B000B2FBF3F3FB6009E0FEF7B6FDF860FA6870
:1097C000BB68B2FBF3F3FB6000E000BF5AE0FBF7BD
:1097D000C5FB0346002B57D0FBF7E2FBB860FBF755
:1097E000D1FB0346B3F1405F29D0B3F1405F2FD8DE
:1097F000B3F1005F1AD0B3F1005F29D8002B03D07A
:10980000B3F1805F09D023E0FEF7BCFCF860FA6892
:10981000BB68B2FBF3F3FB601BE0FEF7F9FCF860FA
:10982000FA68BB68B2FBF3F3FB6012E0FEF736FDAB
:10983000F860FA68BB68B2FBF3F3FB6009E0FEF77F
:1098400073FDF860FA68BB68B2FBF3F3FB6000E0FD
:1098500000BF19E0FAF71EFA0346002B16D0FAF7FC
:109860002BFA0346DB09194A22FA03F3FB600DE0E9
:10987000FAF730FA0346002B0AD0154BFB6007E0DD
:1098800000BF06E000BF04E000BF02E000BF00E050
:1098900000BFFB6818461037BD4680BD0C14050795
:1098A0000C1005070C1404070C1004070C14030714
:1098B0000C1003070C1402070C1002070C1401070C
:1098C0000C1001070C1000070C1400070090D003C7
:1098D00000093D0090B585B000AF78600023FB60C3
:1098E0007868FAF735FD0346A14A934200F0858176
:1098F0009F4A934200F28B819E4A934200F07D8101
:109900009C4A934200F283819B4A934200F0758106
:10991000994A934200F27B81984A934200F06D810C
:10992000964A934200F27381954A934200F0658112
:10993000934A934200F26B81924A934200F0548121
:10994000904A934200F263818F4A934200F04C8127
:109950008D4A934200F25B818C4A934200F044812D
:109960008A4A934200F25381894A934200F03C8133
:10997000874A934200F24B81864A934200F0348139
:10998000844A934200F24381834A934200F0E78085
:10999000814A934200F23B81804A934200F0DF808B
:1099A0007E4A934200F233817D4A934200F0D78091
:1099B0007B4A934200F22B817A4A934200F0CF8097
:1099C000784A934200F22381774A934200F0C7809D
:1099D000754A934200F21B81744A93427BD0734ACA
:1099E000934200F21481724A934274D0704A9342B7
:1099F00000F20D816F4A93426DD06E4A934200F29D
:109A000006816D4A934266D06B4A934200F2FF8012
:109A10006A4A93425FD0694A934200F2F880684AEA
:109A2000934253D0664A934200F2F180654A9342D2
:109A30004CD0644A934200F2EA80634A934245D094
:109A4000614A934200F2E380604A93423ED05F4A0B
:109A5000934200F2DC805E4A934237D05C4A9342E4
:109A600000F2D5805B4A934224D05A4A934200F2D6
:109A7000CE80594A93421DD0574A934200F2C78084
:109A8000564A934216D0554A934200F2C080544A37
:109A9000934203D0534A93420CD0B8E0F9F7FAFC52
:109AA00003461846FEF786FC03461846FEF793FC6D
:109AB000F860B3E0F9F7EEFC03461846FEF77AFCCF
:109AC00003461846FEF7A8FCF860A7E00720FEF75B
:109AD0005DFFF860A2E0FBF741FA0346002B00F0BF
:109AE0009880FBF75DFAB860FBF74CFA0346B3F1D8
:109AF000405F29D0B3F1405F2FD8B3F1005F1AD097
:109B0000B3F1005F29D8002B03D0B3F1805F09D0F7
:109B100023E0FEF737FBF860FA68BB68B2FBF3F3AB
:109B2000FB601BE0FEF774FBF860FA68BB68B2FBF1
:109B3000F3F3FB6012E0FEF7B1FBF860FA68BB6874
:109B4000B2FBF3F3FB6009E0FEF7EEFBF860FA68A6
:109B5000BB68B2FBF3F3FB6000E000BF59E0FAF72B
:109B6000D9F80346002B56D04FF40043FB6052E077
:109B70002C1805072C1405072C1005072C0C0507BD
:109B80002C0805072C1804072C1404072C100407B4
:109B90002C0C04072C0804072C1803072C140307AB
:109BA0002C1003072C0C03072C0803072C180207A2
:109BB0002C1402072C1002072C0C02072C08020799
:109BC0002C1801072C1401072C1001072C0C01077D
:109BD0002C0801072C1800072C1400072C10000774
:109BE0002C0800072C0C0007FAF7A6F80346002BF8
:109BF00013D04FF4FA43FB600FE0F9F74BFC044637
:109C0000FAF7B0FC034624FA03F3FB6006E000BF5A
:109C100004E000BF02E000BF00E000BFFB681846A0
:109C20001437BD4690BD00BF80B584B000AF7860EA
:109C30000023FB607868FAF797FB0346B3F5C06F23
:109C400000F0C080B3F5C06F00F2DB80B3F5A06F09
:109C500000F0C680B3F5A06F00F2D380B3F5806F3B
:109C600000F0C680B3F5806F00F2CB80B3F5407F83
:109C700065D0B3F5407F00F2C480B3F5007F1AD001
:109C8000B3F5007F00F2BD80002B03D0B3F5807FD9
:109C90000CD0B6E0F9F7FEFB03461846FEF78AFB48
:109CA00003461846FEF7B8FBF860B5E00720FEF75C
:109CB0006DFEF860B0E0FBF711F80346002B00F0F2
:109CC000A280FBF72DF8B860FBF71CF80346B3F150
:109CD000405F29D0B3F1405F2FD8B3F1005F1AD0B5
:109CE000B3F1005F29D8002B03D0B3F1805F09D016
:109CF00023E0FEF747FAF860FA68BB68B2FBF3F3BB
:109D0000FB601BE0FEF784FAF860FA68BB68B2FB00
:109D1000F3F3FB6012E0FEF7C1FAF860FA68BB6883
:109D2000B2FBF3F3FB6009E0FEF7FEFAF860FA68B5
:109D3000BB68B2FBF3F3FB6000E000BF63E0FBF73E
:109D4000CDF80346002B60D0FBF7EAF8B860FBF7CC
:109D5000D9F80346B3F1405F29D0B3F1405F2FD863
:109D6000B3F1005F1AD0B3F1005F29D8002B03D004
:109D7000B3F1805F09D023E0FEF704FAF860FA68D7
:109D8000BB68B2FBF3F3FB601BE0FEF741FAF8603F
:109D9000FA68BB68B2FBF3F3FB6012E0FEF77EFAF1
:109DA000F860FA68BB68B2FBF3F3FB6009E0FEF70A
:109DB000BBFAF860FA68BB68B2FBF3F3FB6000E043
:109DC00000BF22E0F9F766FF0346002B1FD0F9F72A
:109DD00073FF0346DB09134A22FA03F3FB6016E024
:109DE000F9F778FF0346002B13D00F4BFB6010E010
:109DF000F9F790FF0346002B0DD04FF40043FB60B2
:109E000009E000BF08E000BF06E000BF04E000BFBB
:109E100002E000BF00E000BFFB6818461037BD46F7
:109E200080BD00BF0090D00300093D0080B584B024
:109E300000AF78600023FB607868FAF7A7FA034662
:109E4000B3F1407F62D0B3F1407F6DD8B3F1007FB2
:109E500019D0B3F1007F67D8002B03D0B3F1807F16
:109E60000CD061E0F9F716FB03461846FEF7A2FA9C
:109E700003461846FEF7E1FAF8605AE00720FEF7BD
:109E800085FDF86055E0FBF7A9F80346002B4DD09F
:109E9000FBF7C6F8B860FBF7B5F80346B3F1405FCF
:109EA00029D0B3F1405F2FD8B3F1005F1AD0B3F1DE
:109EB000005F29D8002B03D0B3F1805F09D023E0E5
:109EC000FEF760F9F860FA68BB68B2FBF3F3FB6079
:109ED0001BE0FEF79DF9F860FA68BB68B2FBF3F38C
:109EE000FB6012E0FEF7DAF9F860FA68BB68B2FBD3
:109EF000F3F3FB6009E0FEF717FAF860FA68BB6855
:109F0000B2FBF3F3FB6000E000BF0FE0F9F7C2FE25
:109F10000346002B0CD0F9F7CFFE0346DB09074AB6
:109F200022FA03F3FB6003E000BF02E000BF00E0A1
:109F300000BFFB6818461037BD4680BD0090D003B7
:109F400090B585B000AF78600023FB607868FAF7C1
:109F50002FFA0346B3F5E02F00F0DD80B3F5E02FD4
:109F600000F2E380B3F5C02F00F0D280B3F5C02F2C
:109F700000F2DB80B3F5A02F00F0B480B3F5A02F82
:109F800000F2D380B3F5802F00F0BA80B3F5802FB4
:109F900000F2CB80B3F5403F61D0B3F5403F00F213
:109FA000C480B3F5003F16D0B3F5003F00F2BD808A
:109FB000002B03D0B3F5803F08D0B6E0F9F76AFA7A
:109FC00003461846FEF7F6F9F860B7E00720FEF7FB
:109FD000DDFCF860B2E0FAF701FE0346002B00F06A
:109FE000A680FAF71DFEB860FAF70CFE0346B3F13F
:109FF000405F29D0B3F1405F2FD8B3F1005F1AD092
:10A00000B3F1005F29D8002B03D0B3F1805F09D0F2
:10A0100023E0FEF7B7F8F860FA68BB68B2FBF3F329
:10A02000FB601BE0FEF7F4F8F860FA68BB68B2FB6F
:10A03000F3F3FB6012E0FEF731F9F860FA68BB68F1
:10A04000B2FBF3F3FB6009E0FEF76EF9F860FA6823
:10A05000BB68B2FBF3F3FB6000E000BF67E0FAF718
:10A06000FDFD0346002B64D0FAF71AFEB860FAF73C
:10A0700009FE0346B3F1405F29D0B3F1405F2FD80A
:10A08000B3F1005F1AD0B3F1005F29D8002B03D0E1
:10A09000B3F1805F09D023E0FEF774F8F860FA6846
:10A0A000BB68B2FBF3F3FB601BE0FEF7B1F8F860AE
:10A0B000FA68BB68B2FBF3F3FB6012E0FEF7EEF860
:10A0C000F860FA68BB68B2FBF3F3FB6009E0FEF7E7
:10A0D0002BF9F860FA68BB68B2FBF3F3FB6000E0B1
:10A0E00000BF26E0F9F7D6FD0346002B23D0F9F791
:10A0F000E3FD0346DB09144A22FA03F3FB601AE08E
:10A10000F9F7E8FD0346002B17D0104BFB6014E075
:10A110000F4BFB6012E0F9F7BDF90446FAF722FA9B
:10A12000034624FA03F3FB6008E000BF06E000BF2B
:10A1300004E000BF02E000BF00E000BFFB6818467B
:10A140001437BD4690BD00BF0090D00300093D000C
:10A150000080BB0080B584B000AF78600023FB6056
:10A160007868FAF737F90346302B5AD0302B66D887
:10A17000202B13D0202B62D8002B02D0102B08D01C
:10A180005DE0F9F787F903461846FEF713F9F86022
:10A190005AE00720FEF7FAFBF86055E0FBF71EF8DF
:10A1A0000346002B4DD0FBF73BF8B860FBF72AF8CD
:10A1B0000346B3F1405F29D0B3F1405F2FD8B3F12C
:10A1C000005F1AD0B3F1005F29D8002B03D0B3F1A0
:10A1D000805F09D023E0FDF7D5FFF860FA68BB681F
:10A1E000B2FBF3F3FB601BE0FEF712F8F860FA68CD
:10A1F000BB68B2FBF3F3FB6012E0FEF74FF8F860C8
:10A20000FA68BB68B2FBF3F3FB6009E0FEF78CF879
:10A21000F860FA68BB68B2FBF3F3FB6000E000BFD4
:10A220000FE0F9F737FD0346002B0CD0F9F744FD9A
:10A230000346DB09074A22FA03F3FB6003E000BF91
:10A2400002E000BF00E000BFFB6818461037BD46C3
:10A2500080BD00BF0090D00380B582B000AF002366
:10A260007B60FAF745F90346B3F5407F20D0B3F59C
:10A27000407F30D8B3F5007F11D0B3F5007F2AD8E6
:10A28000002B2AD0B3F5807F00D024E0F9F742FDFF
:10A290000346002B23D04FF400437B601FE0F9F707
:10A2A0004BFD0346002B1CD04FF4FA437B6018E0B3
:10A2B000F9F7DEFC0346002B15D00E4BD3F85C31CA
:10A2C0001B0B03F03F0301333B600B4A3B68B2FBBF
:10A2D000F3F37B6007E000BF06E000BF04E000BFCF
:10A2E00002E000BF00E000BF7B6818460837BD46AB
:10A2F00080BD00BF0080025600366E0180B584B07C
:10A3000000AF78600023FB607868FAF775F80346C1
:10A310009A4A934200F01F81984A934200F22081AA
:10A32000974A934200F01781954A934200F21881B0
:10A33000944A934200F00C81924A934200F21081B9
:10A34000914A934200F004818F4A934200F20881BF
:10A350008E4A934200F0E6808C4A934200F20081DC
:10A360008B4A934200F0DE80894A934200F2F880E3
:10A37000884A934200F0E480864A934200F2F080DB
:10A38000854A934200F0DC80834A934200F2E880E1
:10A39000824A934200F08380804A934200F2E08038
:10A3A0007F4A93427BD07E4A934200F2D9807D4A15
:10A3B000934230D07B4A934200F2D2807A4A934251
:10A3C00029D0794A934200F2CB80784A93421DD03B
:10A3D000764A934200F2C480754A934216D0744A7A
:10A3E000934200F2BD80734A934203D0724A934273
:10A3F00040F0B680F9F74EF803461846FDF7DAFF4D
:10A4000003461846FDF7F7FFF860B2E00720FEF7B5
:10A41000BDFAF860ADE0FAF7E1FB0346002B00F06F
:10A42000A180FAF7FDFBB860FAF7ECFB0346B3F145
:10A43000405F29D0B3F1405F2FD8B3F1005F1AD04D
:10A44000B3F1005F29D8002B03D0B3F1805F09D0AE
:10A4500023E0FDF797FEF860FA68BB68B2FBF3F300
:10A46000FB601BE0FDF7D4FEF860FA68BB68B2FB46
:10A47000F3F3FB6012E0FDF711FFF860FA68BB68C8
:10A48000B2FBF3F3FB6009E0FDF74EFFF860FA68FA
:10A49000BB68B2FBF3F3FB6000E000BF62E0FAF7D9
:10A4A000DDFB0346002B5FD0FAF7FAFBB860FAF742
:10A4B000E9FB0346B3F1405F29D0B3F1405F2FD8E9
:10A4C000B3F1005F1AD0B3F1005F29D8002B03D09D
:10A4D000B3F1805F09D023E0FDF754FEF860FA681D
:10A4E000BB68B2FBF3F3FB601BE0FDF791FEF86085
:10A4F000FA68BB68B2FBF3F3FB6012E0FDF7CEFE37
:10A50000F860FA68BB68B2FBF3F3FB6009E0FDF7A3
:10A510000BFFF860FA68BB68B2FBF3F3FB6000E086
:10A5200000BF21E0F9F7B6FB0346002B1ED0F9F778
:10A53000C3FB0346DB09214A22FA03F3FB6015E063
:10A54000F9F7C8FB0346002B12D01D4BFB600FE050
:10A550001C4BFB600DE0072000F020F9F86008E0DC
:10A5600000BF06E000BF04E000BF02E000BF00E063
:10A5700000BFFB6818461037BD4680BD1818070796
:10A5800018140707181806071814060718180507DF
:10A5900018140507181804071814040718180307D7
:10A5A00018140307181802071814020718180107CF
:10A5B0001814010718140007181800070090D0039A
:10A5C00000093D000080BB0080B584B000AF78601A
:10A5D0000023FB607868F9F71BFF0346674A934244
:10A5E0007ED0664A934200F2BE80654A934277D09D
:10A5F000634A934200F2B780624A93422CD0614A88
:10A60000934200F2B080604A934225D05E4A934262
:10A6100000F2A9805D4A934219D05C4A934200F24D
:10A62000A2805B4A934212D0594A934200F29B8027
:10A63000584A934203D0584A934240F09480F8F726
:10A6400029FF03461846FDF7B5FEF86090E00720A5
:10A65000FEF79CF9F8608BE0FAF740FA0346002B0E
:10A6600000F08380FAF75CFAB860FAF74BFA034619
:10A67000B3F1405F29D0B3F1405F2FD8B3F1005F51
:10A680001AD0B3F1005F29D8002B03D0B3F1805F5B
:10A6900009D023E0FDF776FDF860FA68BB68B2FBED
:10A6A000F3F3FB601BE0FDF7B3FDF860FA68BB68ED
:10A6B000B2FBF3F3FB6012E0FDF7F0FDF860FA681F
:10A6C000BB68B2FBF3F3FB6009E0FDF72DFEF86019
:10A6D000FA68BB68B2FBF3F3FB6000E000BF44E044
:10A6E000FAF73CFA0346002B41D0FAF759FAB86062
:10A6F000FAF748FA0346B3F1405F29D0B3F1405F5F
:10A700002FD8B3F1005F1AD0B3F1005F29D8002B26
:10A7100003D0B3F1805F09D023E0FDF733FDF8608B
:10A72000FA68BB68B2FBF3F3FB601BE0FDF770FD5A
:10A73000F860FA68BB68B2FBF3F3FB6012E0FDF768
:10A74000ADFDF860FA68BB68B2FBF3F3FB6009E0AB
:10A75000FDF7EAFDF860FA68BB68B2FBF3F3FB6053
:10A7600000E000BF03E000BF02E000BF00E000BF68
:10A77000FB6818461037BD4680BD00BF1C040303AC
:10A780001C0003031C0402031C0002031C0401033D
:10A790001C0001031C0000031C04000380B584B0EE
:10A7A00000AF78600023FB607868F9F73DFE034650
:10A7B000062B00F2C28001A252F823F0D9A7183468
:10A7C000F1A71834FBA7183483A8183425A9183426
:10A7D00009A9183435A91834F8F75CFE0346184661
:10A7E000FDF7E8FD03461846FDF7F5FDF860ADE01E
:10A7F0000720FEF7CBF8F860A8E0FAF7EFF9034678
:10A80000002B00F09C80FAF70BFAB860FAF7FAF91F
:10A810000346B3F1405F29D0B3F1405F2FD8B3F1C5
:10A82000005F1AD0B3F1005F29D8002B03D0B3F139
:10A83000805F09D023E0FDF7A5FCF860FA68BB68EB
:10A84000B2FBF3F3FB601BE0FDF7E2FCF860FA6893
:10A85000BB68B2FBF3F3FB6012E0FDF71FFDF8608D
:10A86000FA68BB68B2FBF3F3FB6009E0FDF75CFD3F
:10A87000F860FA68BB68B2FBF3F3FB6000E000BF6E
:10A880005DE0FAF7EBF90346002B5AD0FAF708FA25
:10A89000B860FAF7F7F90346B3F1405F29D0B3F196
:10A8A000405F2FD8B3F1005F1AD0B3F1005F29D811
:10A8B000002B03D0B3F1805F09D023E0FDF762FCE9
:10A8C000F860FA68BB68B2FBF3F3FB601BE0FDF7CE
:10A8D0009FFCF860FA68BB68B2FBF3F3FB6012E020
:10A8E000FDF7DCFCF860FA68BB68B2FBF3F3FB60D1
:10A8F00009E0FDF719FDF860FA68BB68B2FBF3F3F5
:10A90000FB6000E000BF1CE0F9F7C4F90346002B30
:10A9100019D0F9F7D1F90346DB090F4A22FA03F3FC
:10A92000FB6010E0F9F7D6F90346002B0DD00B4B76
:10A93000FB600AE00A4BFB6008E000BF06E000BFD6
:10A9400004E000BF02E000BF00E000BFFB68184663
:10A950001037BD4680BD00BF0090D00300093D0008
:10A960000080BB0080B584B000AF78600023FB603E
:10A970007868F9F76BFD0346A74A934200F09E8280
:10A98000A54A934200F2A582A44A934200F099821C
:10A99000A24A934200F29D82A14A934200F0918222
:10A9A0009F4A934200F295829E4A934200F086822B
:10A9B0009C4A934200F28D829B4A934200F07E8231
:10A9C000994A934200F28582984A934200F0768237
:10A9D000964A934200F27D82954A934200F0588253
:10A9E000934A934200F27582924A934200F0508259
:10A9F000904A934200F26D828F4A934200F048825F
:10AA00008D4A934200F265828C4A934200F0408264
:10AA10008A4A934200F25D82894A934200F038826A
:10AA2000874A934200F25582864A934200F0308270
:10AA3000844A934200F24D82834A934200F0368268
:10AA4000814A934200F24582804A934200F02E826E
:10AA50007E4A934200F23D827D4A934200F0268274
:10AA60007B4A934200F235827A4A934200F01E827A
:10AA7000784A934200F22D82774A934200F0168280
:10AA8000754A934200F22582744A934200F00E8286
:10AA9000724A934200F21D82714A934200F0718122
:10AAA0006F4A934200F215826E4A934200F0AD81E4
:10AAB0006C4A934200F20D826B4A934200F0A581EA
:10AAC000694A934200F20582684A934200F0598134
:10AAD000664A934200F2FD81654A934200F051813B
:10AAE000634A934200F2F581624A934200F0498141
:10AAF000604A934200F2ED815F4A934200F0FD808C
:10AB00005D4A934200F2E5815C4A934200F039814C
:10AB10005A4A934200F2DD81594A934200F0318152
:10AB2000574A934200F2D581564A934200F0E5809D
:10AB3000544A934200F2CD81534A934200F0DD80A3
:10AB4000514A934200F2C581504A934200F0D580A9
:10AB50004E4A934200F2BD814D4A934200F0C880B4
:10AB60004B4A934200F2B5814A4A934200F0C080BA
:10AB7000484A934200F2AD81474A934200F0B880C0
:10AB8000454A934200F2A581444A934200F0B080C6
:10AB9000424A934200F29D81414A934200F0A880CC
:10ABA0003F4A934200F295813E4A934200F0A080D2
:10ABB0003C4A934200F28D813B4A934200F08C80E4
:10ABC000394A934200F28581384A934278D0374A15
:10ABD000934200F27E81364A934271D0344A9342C6
:10ABE00000F27781334A93420AD0324A934200F20C
:10ABF0007081314A934263D0304A934240F0698178
:10AC0000F8F748FC03461846FDF7D4FB0346184600
:10AC1000FDF7E1FBF86069E120180607201406073C
:10AC200020100607200C0607200806072004060748
:10AC3000201805072014050720100507200C05071C
:10AC4000200805072004050720180407201404071E
:10AC500020100407200C0407200804072004040720
:10AC6000201803072014030720100307200C0307F4
:10AC700020080307200403072018020720140207F6
:10AC800020100207200C02072008020720040207F8
:10AC9000201801072014010720100107200C0107CC
:10ACA00020080107200401072018000720140007CE
:10ACB00020100007200C00072004000720080007D0
:10ACC000F8F7E8FB03461846FDF774FB0346184601
:10ACD000FDF791FBF86009E1F8F7DCFB0346184645
:10ACE000FDF768FB03461846FDF796FBF860FDE0AC
:10ACF0000720FDF74BFEF860F8E0F9F7AFFF0346D9
:10AD0000002B00F0E880F9F7CBFFB860F9F7BAFF45
:10AD10000346B3F1405F29D0B3F1405F2FD8B3F1C0
:10AD2000005F1AD0B3F1005F29D8002B03D0B3F134
:10AD3000805F09D023E0FDF725FAF860FA68BB6868
:10AD4000B2FBF3F3FB601BE0FDF762FAF860FA6810
:10AD5000BB68B2FBF3F3FB6012E0FDF79FFAF8600B
:10AD6000FA68BB68B2FBF3F3FB6009E0FDF7DCFABD
:10AD7000F860FA68BB68B2FBF3F3FB6000E000BF69
:10AD8000A9E0F9F7ABFF0346002B00F0A680F9F726
:10AD9000C7FFB860F9F7B6FF0346B3F1405F29D0AB
:10ADA000B3F1405F2FD8B3F1005F1AD0B3F1005F69
:10ADB00029D8002B03D0B3F1805F09D023E0FDF741
:10ADC000E1F9F860FA68BB68B2FBF3F3FB601BE0E3
:10ADD000FDF71EFAF860FA68BB68B2FBF3F3FB609C
:10ADE00012E0FDF75BFAF860FA68BB68B2FBF3F3B8
:10ADF000FB6009E0FDF798FAF860FA68BB68B2FBFF
:10AE0000F3F3FB6000E000BF67E0FAF767F8034682
:10AE1000002B64D0FAF784F8B860FAF773F80346A9
:10AE2000B3F1405F29D0B3F1405F2FD8B3F1005F99
:10AE30001AD0B3F1005F29D8002B03D0B3F1805FA3
:10AE400009D023E0FDF79EF9F860FA68BB68B2FB11
:10AE5000F3F3FB601BE0FDF7DBF9F860FA68BB6811
:10AE6000B2FBF3F3FB6012E0FDF718FAF860FA6842
:10AE7000BB68B2FBF3F3FB6009E0FDF755FAF8603D
:10AE8000FA68BB68B2FBF3F3FB6000E000BF26E0AA
:10AE9000F8F700FF0346002B23D0F8F70DFF034619
:10AEA000DB09154A22FA03F3FB601AE0F8F712FFF8
:10AEB0000346002B17D0114BFB6014E0104BFB60D6
:10AEC00014E0F8F7D5FE0346002B0ED00D4BFB60C7
:10AED0000BE000BF0AE000BF08E000BF06E000BFD3
:10AEE00004E000BF02E000BF00E000BFFB681846BE
:10AEF0001037BD4680BD00BF0090D00300093D0063
:10AF00000080BB0000366E0180B584B000AF786071
:10AF10000023FB607868F9F7B1FA0346A24A93422E
:10AF200000F0E881A04A934200F203829F4A9342D4
:10AF300000F0E0819D4A934200F2FB819C4A9342DB
:10AF400000F0D8819A4A934200F2F381994A9342E1
:10AF500000F0D081974A934200F2EB81964A9342E7
:10AF600000F0C881944A934200F2E381934A9342ED
:10AF700000F0CE81914A934200F2DB81904A9342E5
:10AF800000F0C6818E4A934200F2D3818D4A9342EB
:10AF900000F0BE818B4A934200F2CB818A4A9342F1
:10AFA00000F0B681884A934200F2C381874A9342F7
:10AFB00000F0AE81854A934200F2BB81844A9342FD
:10AFC00000F0AE81824A934200F2B381814A9342FB
:10AFD00000F0A6817F4A934200F2AB817E4A934201
:10AFE00000F09E817C4A934200F2A3817B4A934207
:10AFF00000F09681794A934200F29B81784A93420D
:10B0000000F08E81764A934200F29381754A934212
:10B0100000F02D81734A934200F28B81724A934271
:10B0200000F02581704A934200F283816F4A934277
:10B0300000F01D816D4A934200F27B816C4A93427D
:10B0400000F015816A4A934200F27381694A934283
:10B0500000F00D81674A934200F26B81664A934289
:10B060007BD0654A934200F26481644A934274D073
:10B07000624A934200F25D81614A93426DD0604A18
:10B08000934200F256815F4A934266D05D4A9342F2
:10B0900000F24F815C4A93425FD05B4A934200F2D8
:10B0A00048815A4A934253D0584A934200F2418110
:10B0B000574A93424CD0564A934200F23A81554A3D
:10B0C000934245D0534A934200F23381524A93420D
:10B0D0003ED0514A934200F22C81504A934237D0DD
:10B0E0004E4A934200F225814D4A934218D04C4A71
:10B0F000934200F21E814B4A934211D0494A934237
:10B1000000F21781484A93420AD0474A934200F21C
:10B110001081464A93420FD0454A934240F009813C
:10B12000F8F7B8F903461846FDF744F90346184600
:10B13000FDF751F9F86007E1F8F7ACF90346184656
:10B14000FDF738F903461846FDF755F9F860FBE0BE
:10B150000720FDF71BFCF860F6E0F9F7BFFD03469A
:10B16000002B00F0E880F9F7DBFDB860F9F7CAFDC5
:10B170000346B3F1405F6FD0B3F1405F75D8B3F1D0
:10B18000005F60D0B3F1005F6FD8002B03D0B3F144
:10B19000805F4FD069E0FCF7F5FFF860FA68BB68A4
:10B1A000B2FBF3F3FB6061E0301C060730180607C2
:10B1B00030100607300C060734000607301C050760
:10B1C0003018050730100507300C05073400050757
:10B1D000301C04073018040730100407300C040733
:10B1E00034000407301C030730180307301003072E
:10B1F000300C030734000307301C02073018020725
:10B2000030100207300C020734000207301C01071F
:10B210003018010730100107300C01073400010716
:10B22000301C0007301800073010000734000007FA
:10B23000300C0007FCF7ECFFF860FA68BB68B2FB63
:10B24000F3F3FB6012E0FDF729F8F860FA68BB68D9
:10B25000B2FBF3F3FB6009E0FDF766F8F860FA680B
:10B26000BB68B2FBF3F3FB6000E000BF63E0F9F7FB
:10B2700035FE0346002B60D0F9F752FEB860F9F7AF
:10B2800041FE0346B3F1405F29D0B3F1405F2FD8B0
:10B29000B3F1005F1AD0B3F1005F29D8002B03D0BF
:10B2A000B3F1805F09D023E0FCF76CFFF860FA6827
:10B2B000BB68B2FBF3F3FB601BE0FCF7A9FFF8608F
:10B2C000FA68BB68B2FBF3F3FB6012E0FCF7E6FF41
:10B2D000F860FA68BB68B2FBF3F3FB6009E0FDF7C6
:10B2E00023F8F860FA68BB68B2FBF3F3FB6000E098
:10B2F00000BF22E0F8F7CEFC0346002B1FD0F8F782
:10B30000DBFC0346DB09134A22FA03F3FB6016E079
:10B31000F8F7E0FC0346002B13D00F4BFB6010E066
:10B32000F8F7F8FC0346002B0DD04FF40043FB6008
:10B3300009E000BF08E000BF06E000BF04E000BF76
:10B3400002E000BF00E000BFFB6818461037BD46B2
:10B3500080BD00BF0090D00300093D0080B584B0DF
:10B3600000AF78600023FB607868F9F77BF803464C
:10B37000A24A934200F0E881A04A934200F203827D
:10B380009F4A934200F0E0819D4A934200F2FB8184
:10B390009C4A934200F0D8819A4A934200F2F3818A
:10B3A000994A934200F0D081974A934200F2EB8190
:10B3B000964A934200F0C881944A934200F2E38196
:10B3C000934A934200F0CE81914A934200F2DB818E
:10B3D000904A934200F0C6818E4A934200F2D38194
:10B3E0008D4A934200F0BE818B4A934200F2CB819A
:10B3F0008A4A934200F0B681884A934200F2C381A0
:10B40000874A934200F0AE81854A934200F2BB81A5
:10B41000844A934200F0AE81824A934200F2B381A3
:10B42000814A934200F0A6817F4A934200F2AB81A9
:10B430007E4A934200F09E817C4A934200F2A381AF
:10B440007B4A934200F09681794A934200F29B81B5
:10B45000784A934200F08E81764A934200F29381BB
:10B46000754A934200F02D81734A934200F28B811A
:10B47000724A934200F02581704A934200F2838120
:10B480006F4A934200F01D816D4A934200F27B8126
:10B490006C4A934200F015816A4A934200F273812C
:10B4A000694A934200F00D81674A934200F26B8132
:10B4B000664A93427BD0654A934200F26481644AB3
:10B4C000934274D0624A934200F25D81614A934292
:10B4D0006DD0604A934200F256815F4A934266D033
:10B4E0005D4A934200F24F815C4A93425FD05B4ACF
:10B4F000934200F248815A4A934253D0584A9342A9
:10B5000000F24181574A93424CD0564A934200F28E
:10B510003A81554A934245D0534A934200F23381CF
:10B52000524A93423ED0514A934200F22C81504AF3
:10B53000934237D04E4A934200F225814D4A9342BE
:10B5400018D04C4A934200F21E814B4A93421DD0C0
:10B55000494A934200F21781484A93420AD0474A27
:10B56000934200F21081464A934203D0454A9342E7
:10B570000CD008E1F7F78EFF03461846FCF71AFFD8
:10B5800003461846FCF737FFF86007E1F7F782FF3C
:10B5900003461846FCF70EFF03461846FCF71BFF50
:10B5A000F860FBE00720FDF7F1F9F860F6E0F9F745
:10B5B00095FB0346002B00F0E880F9F7B1FBB8607B
:10B5C000F9F7A0FB0346B3F1405F6FD0B3F1405FE2
:10B5D00075D8B3F1005F60D0B3F1005F6FD8002B76
:10B5E00003D0B3F1805F4FD069E0FCF7CBFDF8608A
:10B5F000FA68BB68B2FBF3F3FB6061E03014060746
:10B600003008060734040607300406073000060732
:10B610003014050730080507340405073004050712
:10B620003000050730140407300804073404040709
:10B630003004040730000407301403073008030700
:10B6400034040307300403073000030730140207F3
:10B6500030080207340402073004020730000207F2
:10B6600030140107300801073404010730040107D2
:10B6700030000107301400073008000734040007C9
:10B680003000000730040007FCF7C2FDF860FA68DC
:10B69000BB68B2FBF3F3FB6012E0FCF7FFFDF86060
:10B6A000FA68BB68B2FBF3F3FB6009E0FCF73CFE11
:10B6B000F860FA68BB68B2FBF3F3FB6000E000BF20
:10B6C00063E0F9F70BFC0346002B60D0F9F728FC88
:10B6D000B860F9F717FC0346B3F1405F29D0B3F126
:10B6E000405F2FD8B3F1005F1AD0B3F1005F29D8C3
:10B6F000002B03D0B3F1805F09D023E0FCF742FDBB
:10B70000F860FA68BB68B2FBF3F3FB601BE0FCF780
:10B710007FFDF860FA68BB68B2FBF3F3FB6012E0F0
:10B72000FCF7BCFDF860FA68BB68B2FBF3F3FB60A2
:10B7300009E0FCF7F9FDF860FA68BB68B2FBF3F3C7
:10B74000FB6000E000BF22E0F8F7A4FA0346002BFC
:10B750001FD0F8F7B1FA0346DB09134A22FA03F3C4
:10B76000FB6016E0F8F7B6FA0346002B13D00F4B38
:10B77000FB6010E0F8F7CEFA0346002B0DD04FF433
:10B780000043FB6009E000BF08E000BF06E000BF27
:10B7900004E000BF02E000BF00E000BFFB68184605
:10B7A0001037BD4680BD00BF0090D00300093D00AA
:10B7B00080B584B000AF78600023FB607868F8F74C
:10B7C00069FE03464B4A934235D04A4A934200F2FF
:10B7D0008580494A93422ED0474A93427ED8474AB1
:10B7E000934238D0454A934278D8454A934232D062
:10B7F000434A934272D8434A93420FD0414A9342FC
:10B800006CD8414A934209D03F4A934266D83F4A96
:10B81000934208D03E4A934205D05FE00720FDF7EF
:10B82000B5F8F86061E0F8F723FA0346002B57D02B
:10B83000384BFB6054E0F8F71BFA0346002B51D05D
:10B84000F8F704FA0346002B02D1334BFB6049E0C2
:10B85000304BFB6046E0F9F781FB0346002B43D0F9
:10B86000F9F79EFBB860F9F78DFB0346B3F1405F33
:10B8700029D0B3F1405F2FD8B3F1005F1AD0B3F1F4
:10B88000005F29D8002B03D0B3F1805F09D023E0FB
:10B89000FCF778FCF860FA68BB68B2FBF3F3FB6076
:10B8A0001BE0FCF7B5FCF860FA68BB68B2FBF3F389
:10B8B000FB6012E0FCF7F2FCF860FA68BB68B2FBD0
:10B8C000F3F3FB6009E0FCF72FFDF860FA68BB6852
:10B8D000B2FBF3F3FB6000E000BF05E000BF04E053
:10B8E00000BF02E000BF00E000BFFB681846103751
:10B8F000BD4680BD14140303140C03031414020387
:10B90000140C020314140103140C0103140C00039F
:10B9100014140003001BB70000366E0180B584B01C
:10B9200000AF78600023FB607868F8F7B3FD03464A
:10B930001A4A93420FD0194A934226D8184A934282
:10B9400009D0174A934220D8164A934213D0164A78
:10B95000934215D019E0F8F78BF90346002B16D067
:10B96000F8F774F90346002B02D1104BFB600EE090
:10B970000F4BFB600BE00F48FFF71AFFF86007E082
:10B980000D48FFF715FFF86002E000BF00E000BFC0
:10B99000FB6818461037BD4680BD00BF1418010172
:10B9A00014100101141000011418000100366E017A
:10B9B000001BB700140C00031414000380B584B0FE
:10B9C00000AF78600023FB607868F8F76FFD0346EE
:10B9D000764A934200F09D80744A934200F2DC80E4
:10B9E000734A934200F09580714A934200F2D480EA
:10B9F000704A934200F08D806E4A934200F2CC80F0
:10BA00006D4A934241D06C4A934200F2C5806B4A22
:10BA100093423AD0694A934200F2BE80684A934208
:10BA200033D0674A934200F2B780664A934227D0E8
:10BA3000644A934200F2B080634A934220D0624A43
:10BA4000934200F2A980614A934219D05F4A93421F
:10BA500000F2A2805E4A93420AD05D4A934200F20D
:10BA60009B805C4A934203D05B4A934240F09480AF
:10BA7000F7F710FD03461846FCF79CFCF86090E0D1
:10BA80000720FCF783FFF8608BE0F8F7E7FF034639
:10BA9000002B00F08380F9F703F8B860F8F7F2FFA5
:10BAA0000346B3F1405F29D0B3F1405F2FD8B3F123
:10BAB000005F1AD0B3F1005F29D8002B03D0B3F197
:10BAC000805F09D023E0FCF75DFBF860FA68BB6893
:10BAD000B2FBF3F3FB601BE0FCF79AFBF860FA683B
:10BAE000BB68B2FBF3F3FB6012E0FCF7D7FBF86036
:10BAF000FA68BB68B2FBF3F3FB6009E0FCF714FCE7
:10BB0000F860FA68BB68B2FBF3F3FB6000E000BFCB
:10BB100044E0F8F7E3FF0346002B41D0F9F700F8C3
:10BB2000B860F8F7EFFF0346B3F1405F29D0B3F1F7
:10BB3000405F2FD8B3F1005F1AD0B3F1005F29D86E
:10BB4000002B03D0B3F1805F09D023E0FCF71AFB90
:10BB5000F860FA68BB68B2FBF3F3FB601BE0FCF72C
:10BB600057FBF860FA68BB68B2FBF3F3FB6012E0C6
:10BB7000FCF794FBF860FA68BB68B2FBF3F3FB6078
:10BB800009E0FCF7D1FBF860FA68BB68B2FBF3F39D
:10BB9000FB6000E000BF03E000BF02E000BF00E088
:10BBA00000BFFB6818461037BD4680BD140803036C
:10BBB000140403031400030314080203140402030F
:10BBC0001400020314080103140401031400010308
:10BBD00014080003140000031404000380B582B0AD
:10BBE00000AF78607B68002B01D1012342E07B68C5
:10BBF000D3F88830002B06D17B68002283F884209C
:10BC0000786800F03BF87B682422C3F888207B68C2
:10BC10001B681A687B681B6822F001021A607B6847
:10BC20009B6A002B02D0786800F01EFA786800F05A
:10BC30002FF80346012B01D101231BE07B681B6811
:10BC40005A687B681B6822F490425A607B681B68C4
:10BC50009A687B681B6822F02A029A607B681B68DE
:10BC60001A687B681B6842F001021A60786800F06D
:10BC70009DFA034618460837BD4680BD80B483B0A0
:10BC800000AF786000BF0C37BD465DF8047B70479D
:10BC90002DE9B04F90B000AF7861002387F82F30C6
:10BCA0007B691B68A34A93427B699A687B691B691D
:10BCB0001A437B695B691A437B69DB691343FB6346
:10BCC0007B691B681A689C4B13407A691268F96B90
:10BCD0000B4313607B691B685B6823F440517B69ED
:10BCE000DA687B691B680A435A607B699B69FB635E
:10BCF0007B691B688F4A934209D07B691B688F4A16
:10BD0000934204D07B691B6AFA6B1343FB637B6924
:10BD10001B689B6823F06E4323F430637A691268D2
:10BD2000F96B0B4393607B691B68DB6A23F00F019F
:10BD30007B695A6A7B691B680A43DA627B691B6804
:10BD40007F4A934206D14FF000024FF48073C7E957
:10BD50000C237DE07B691B687A4A934206D14FF041
:10BD600000024FF40073C7E90C2371E07B691B6884
:10BD7000754A934206D14FF000024FF48063C7E941
:10BD80000C2365E07B691B68704A934206D14FF033
:10BD900000024FF40063C7E90C2359E07B691B687C
:10BDA000B3F1502F06D14FF000024FF48053C7E992
:10BDB0000C234DE07B691B68654A934206D14FF026
:10BDC00000024FF40053C7E90C2341E07B691B6874
:10BDD000604A934206D14FF000024FF48043C7E916
:10BDE0000C2335E07B691B685B4A934206D14FF018
:10BDF00000024FF40043C7E90C2329E07B691B686C
:10BE0000564A934206D14FF000024FF48033C7E9FF
:10BE10000C231DE07B691B68514A934206D14FF009
:10BE200000024FF40033C7E90C2311E07B691B6863
:10BE3000404A934206D14FF400024FF00003C7E995
:10BE40000C2305E04FF000024FF00003C7E90C237C
:10BE50007B691B68374A934205D07B691B68374A68
:10BE6000934240F08180D7E90C01FBF7EFFCB86208
:10BE7000BB6A002B00F0E0807B695B6A394A32F8CC
:10BE800013301A46BB6AB3FBF2F3FB617B695A6855
:10BE900013465B001344FA699A4205D37B695B68D9
:10BEA0001B03FA699A4203D9012387F82F3040E037
:10BEB000BB6A0022BB60FA607B695B6A294A32F880
:10BEC00013309BB200223B607A60D7E90023D7E9A8
:10BED0000201F4F75BFC02460B4652EA0F23796934
:10BEE0004968490800200C46054612EB040843EB5C
:10BEF00005097B695B6800229A46934652465B4679
:10BF000040464946F4F742FC02460B4613467B6224
:10BF10007B6AB3F5407F08D37B6AB3F5801F04D2F8
:10BF20007B691B687A6ADA6003E0012387F82F30A7
:10BF300082E081E0000C0056F369FFCF000C004660
:10BF4000001000520044005000480050004C0050C7
:10BF50000014005200780050007C0050001800527D
:10BF6000001C0052E4FE18347B69DB69B3F5004F16
:10BF700038D1D7E90C01FBF769FCB862BB6A002B2A
:10BF80005AD07B695B6A374A32F813301A46BB6A6B
:10BF9000B3FBF2F35A007B695B685B081A447B6968
:10BFA0005B68B2FBF3F37B627B6A0F2B16D97B6A6B
:10BFB000B3F5803F12D27B6A9BB223F00F037B84E0
:10BFC0007B6A5B089BB203F007039AB27B8C134336
:10BFD0007B847B691B687A8CDA602DE0012387F80B
:10BFE0002F3029E0D7E90C01FBF730FCB862BB6ABF
:10BFF000002B21D07B695B6A1A4A32F813301A464B
:10C00000BB6AB3FBF2F27B695B685B081A447B692D
:10C010005B68B2FBF3F37B627B6A0F2B09D97B6A07
:10C02000B3F5803F05D27B6A9AB27B691B68DA6000
:10C0300002E0012387F82F307B690122A3F86A20F0
:10C040007B690122A3F868207B6900225A677B691B
:10C0500000229A6797F82F3018464037BD46BDE852
:10C06000B08F00BFE4FE183480B483B000AF7860B6
:10C070007B689B6A03F00803002B0AD07B681B686F
:10C080005B6823F400417B689A6B7B681B680A43FA
:10C090005A607B689B6A03F00103002B0AD07B681F
:10C0A0001B685B6823F400317B68DA6A7B681B6875
:10C0B0000A435A607B689B6A03F00203002B0AD094
:10C0C0007B681B685B6823F480317B681A6B7B6834
:10C0D0001B680A435A607B689B6A03F00403002BC9
:10C0E0000AD07B681B685B6823F480217B685A6BED
:10C0F0007B681B680A435A607B689B6A03F01003E5
:10C10000002B0AD07B681B689B6823F480517B68F6
:10C11000DA6B7B681B680A439A607B689B6A03F052
:10C120002003002B0AD07B681B689B6823F4005116
:10C130007B681A6C7B681B680A439A607B689B6A01
:10C1400003F04003002B1AD07B681B685B6823F464
:10C1500080117B685A6C7B681B680A435A607B6855
:10C160005B6CB3F5801F0AD17B681B685B6823F4A6
:10C17000C0017B689A6C7B681B680A435A607B68C5
:10C180009B6A03F08003002B0AD07B681B685B6806
:10C1900023F400217B68DA6C7B681B680A435A60D1
:10C1A00000BF0C37BD465DF8047B704780B598B082
:10C1B00002AF78607B680022C3F89020F5F7B2FCEC
:10C1C00078657B681B681B6803F00803082B2FD178
:10C1D0006FF07E4300937B6D00224FF4001178686E
:10C1E00000F08EF80346002B22D07B681B68BB63EF
:10C1F000BB6B53E8003F7B637B6B23F080033B65A5
:10C200007B681B681A463B6D7B643A64396C7A6CB8
:10C2100041E80023FB63FB6B002BE6D17B68202207
:10C22000C3F888207B68002283F88420032363E01E
:10C230007B681B681B6803F00403042B49D16FF073
:10C240007E4300937B6D00224FF48001786800F0FC
:10C2500057F80346002B3CD07B681B687B627B6AE7
:10C2600053E8003F3B623B6A23F49073FB647B68B6
:10C270001B681A46FB6C3B63FA62F96A3A6B41E849
:10C280000023BB62BB6A002BE6D17B681B680833C6
:10C290003B613B6953E8003FFB60FB6823F001030F
:10C2A000BB647B681B680833BA6CFA61BB61B9690F
:10C2B000FA6941E800237B617B69002BE5D17B684B
:10C2C0002022C3F88C207B68002283F8842003237B
:10C2D00012E07B682022C3F888207B682022C3F804
:10C2E0008C207B680022DA667B6800221A677B68F4
:10C2F000002283F88420002318465837BD4680BDAD
:10C3000080B584B000AFF860B9603B601346FB7144
:10C310004FE0BB69B3F1FF3F4BD0F5F703FC02469A
:10C320003B68D31ABA699A4202D3BB69002B01D188
:10C3300003234EE0FB681B681B6803F00403002B1B
:10C3400037D0BB68802B34D0BB68402B31D0FB6822
:10C350001B68DB6903F00803082B10D1FB681B681E
:10C3600008221A62F86800F038F8FB680822C3F85F
:10C370009020FB68002283F88420012329E0FB68D9
:10C380001B68DB6903F40063B3F5006F11D1FB6830
:10C390001B684FF400621A62F86800F01EF8FB6830
:10C3A0002022C3F89020FB68002283F88420032316
:10C3B0000FE0FB681B68DA69BB681340BA689A42F1
:10C3C0000CBF01230023DBB21A46FB799A42A0D0AE
:10C3D000002318461037BD4680BD80B495B000AF2D
:10C3E00078607B681B687B637B6B53E8003F3B6333
:10C3F0003B6B23F49073FB647B681B681A46FB6CF1
:10C400003B64FA63F96B3A6C41E80023BB63BB6B96
:10C41000002BE6D17B681B6808333B623B6A53E81C
:10C42000003FFB61FB6923F0805323F00103BB64F1
:10C430007B681B680833BA6CFA62BB62B96AFA6A35
:10C4400041E800237B627B6A002BE3D17B68DB6ED3
:10C45000012B18D17B681B68FB60FB6853E8003F29
:10C46000BB60BB6823F010037B647B681B681A46C3
:10C470007B6CBB617A617969BA6941E800233B61F1
:10C480003B69002BE6D17B682022C3F88C207B68B7
:10C490000022DA667B6800225A6700BF5437BD4627
:10C4A0005DF8047B7047000080B483B000AF786013
:10C4B000084BD3F860227B6813407A689A4201D116
:10C4C000012300E0002318460C37BD465DF8047BCD
:10C4D000704700BF0080025680B586B002AF78601A
:10C4E0000023FB73F5F71EFBB8607B68002B02D1BD
:10C4F0000123FB73EFE07B680022DA657B689B6DAC
:10C50000002B40F0E8807868F4F7A4FD41F2883110
:10C51000786800F016FC7B681B689A68704B1340C3
:10C520007A68D1687A681269120411437A6852698C
:10C53000013A120211437A68D26911437A6812688B
:10C540000B4393607B681B68DB6823F4E0217B6806
:10C550001A6A7B681B680A43DA607B681B681B6980
:10C5600023F4F8117B681B6B1A047B681B680A4371
:10C570001A617B681B681B6923F0FF017B685A6B9B
:10C580007B681B680A431A617B681B687A68926B38
:10C590005A617B681B681B6823F47C517B685B686D
:10C5A000013B1A027B681B680A431A607B681B6E9A
:10C5B0000093BB6800222021786800F0FDFC034650
:10C5C000FB73FB7B002B40F086807B681B68DB687D
:10C5D00023F0FF017B685A6A7B681B680A43DA60B4
:10C5E0007B681B683F4A934218D07B681B683E4AB1
:10C5F000934213D07B681B683C4A93420ED07B6801
:10C600001B683B4A934209D07B681B68394A9342B6
:10C6100004D07B681B68384A93420FD17B681B6E3D
:10C620000093BB6800222021786800F0C5FC034617
:10C63000FB73FB7B002B01D0FB7B4DE07B681B6811
:10C640001B6823F0807323F040037A6891687A684E
:10C65000D26B11437A6812680B4313607B681B68C6
:10C66000D3F8083123F0A0417B689A6A7B68DB6AC3
:10C670001A437B681B680A43C3F808217B681B6860
:10C680001A687B681B6842F001021A607B689B692C
:10C69000022B07D17B681B689A687B681B6842F095
:10C6A00002029A607B681B6CB3F5001F07D17B68A0
:10C6B0001B689A687B681B6842F400129A607B686A
:10C6C000DB68B3F1806F03D17B6801229A6502E0D9
:10C6D0007B6802229A65FB7B18461037BD4680BDF9
:10C6E000FCC0E0F8005002580050024800A0025878
:10C6F00000A0024800D0025800D0024880B58AB09D
:10C7000002AFF860B9607A60F5F70CFAB861BB68FF
:10C710009B6B002BFB689B6D7B617B69022B04D1BB
:10C72000FB68DB68B3F1806F15D17B69142B07D1EF
:10C73000BB681B68022B0ED0BB681B68032B0AD09A
:10C740007B69242B5ED1BB681B68012B03D0BB68BF
:10C750001B68032B56D17B680093BB690022202104
:10C76000F86800F029FC0346FB77FB7F002B46D1DD
:10C77000FB680022DA65B968F86800F053FC0346EC
:10C78000FB77FB7F002B43D1BB689B6B002B0ED14B
:10C790007B680093BB6900222021F86800F00CFC44
:10C7A0000346FB77FB681B6802225A6230E0BB68D5
:10C7B0001B68002B03D1FB6804229A6528E0BB6844
:10C7C0001B68012B0BD1FB689B6D242B03D1FB68ED
:10C7D00004229A651CE0FB6814229A6518E0BB6885
:10C7E0001B68022B14D1FB689B6D142B03D1FB68D3
:10C7F00004229A650CE0FB6824229A6508E0022373
:10C80000FB7705E00123FB77FB681022DA6500E087
:10C8100000BFFB7F18462037BD4680BD80B58AB07B
:10C8200002AFF860B9607A60F5F77CF9B861FB682F
:10C830001B6850337B61BB68002B05D10123FB775C
:10C84000FB680822DA6557E0FB689B6D042B4ED12C
:10C85000FB681B681B6C5A1CFB68DA64FB68DA6CAB
:10C86000FB689A64FB68BA685A64FB681B681A68BC
:10C87000FB681B6822F040521A607B680093BB691A
:10C8800001220421F86800F097FB0346FB77FB7F49
:10C89000002B13D1FB685B6C1A787B691A70FB68FC
:10C8A0005B6C5A1CFB685A64FB68DB6C5A1EFB68A5
:10C8B000DA64FB68DB6C002BDFD100E000BFFB7F9C
:10C8C000002B19D17B680093BB6901220221F86813
:10C8D00000F072FB0346FB77FB7F002B0CD1FB685B
:10C8E0001B6802225A62FB6802229A6504E0012357
:10C8F000FB77FB681022DA65FB7F18462037BD46C0
:10C9000080BD80B58CB002AFF860B9607A60F5F791
:10C9100009F93862FB681B685033FB61FB681B68D0
:10C920009B6CBB61FB681B68D3F810317B61BB68F3
:10C93000002B06D1012387F82730FB680822DA652F
:10C940007CE0FB689B6D042B72D1FB681B681B6C41
:10C950005A1CFB68DA64FB68DA6CFB689A64FB6853
:10C96000BA685A64FB681B681B6823F04052FB6876
:10C970001B6842F080521A60FB68DB68B3F1806F7D
:10C9800004D1FB681B68BA699A6411E0FB681B68F4
:10C99000D3F8003103F4E063002B04D0FB681B687C
:10C9A000BA699A6404E0FB681B687A69C3F81021CD
:10C9B0007B6800933B6A01220621F86800F0FCFACC
:10C9C000034687F8273097F82730002B14D1FB68EF
:10C9D0005B6CFA691278D2B21A70FB685B6C5A1CF5
:10C9E000FB685A64FB68DB6C5A1EFB68DA64FB6800
:10C9F000DB6C002BDCD100E000BF97F82730002B68
:10CA00001CD17B6800933B6A01220221F86800F088
:10CA1000D3FA034687F8273097F82730002B0DD13B
:10CA2000FB681B6802225A62FB6802229A6505E0D5
:10CA3000012387F82730FB681022DA6597F8273042
:10CA400018462837BD4680BD80B58AB002AFF86071
:10CA5000B9607A60F5F766F8B861FB681B689B6C93
:10CA60007B61FB681B68D3F810313B61FB689B6DF1
:10CA7000042B67D1BB68DB68B3F5800F62D17B689C
:10CA80000093BB6900222021F86800F095FA034664
:10CA9000FB77FB7F002B52D1FB681B68BA681268DA
:10CAA000C3F88820FB681B68BA685268C3F8802006
:10CAB000FB681B68BA681269C3F89020FB681B68A2
:10CAC0001B6823F04352BB689968BB68DB680B4363
:10CAD0001A43FB681B6842F000521A60FB68DB686F
:10CAE000B3F1806F04D1FB681B687A699A6411E026
:10CAF000FB681B68D3F8003103F4E063002B04D01B
:10CB0000FB681B687A699A6404E0FB681B683A69F1
:10CB1000C3F810217B680093BB6901220821F868E3
:10CB200000F04AFA0346FB77FB7F002B10D1FB682D
:10CB30001B6808225A62FB6802229A6508E00223F9
:10CB4000FB7705E00123FB77FB681022DA6500E044
:10CB500000BFFB7F18462037BD4680BD80B586B03C
:10CB600002AF78603960F4F7DDFFB8607B689B6DD9
:10CB7000042B55D17B681B6E0093BB6800222021DB
:10CB8000786800F019FA0346FB73FB7B002B4CD14D
:10CB90007B6888229A653B689B68B3F1007F0BD164
:10CBA0007B681B681B6823F000713B689A687B6890
:10CBB0001B680A431A600DE07B681B681B6823F042
:10CBC000C0613B689A683B68DB681A437B681B68F6
:10CBD0000A431A603B681B68082B11D17B681B68ED
:10CBE0003A685268C3F830217B681B6810225A6289
:10CBF0007B681B681A687B681B6842F480121A60A5
:10CC00007B681B681B6823F0405323F008033A68D5
:10CC100012681A437B681B6842F040521A6004E0B5
:10CC20000123FB737B681022DA65FB7B1846103703
:10CC3000BD4680BD80B586B002AF78600023FB732F
:10CC4000F4F770FFB8607B689B6D002B6FD07B683A
:10CC50001B681B6803F00403002B21D07B681B6852
:10CC60001A687B681B6822F004021A607B681B6DDF
:10CC70001846F5F77DF80346FB73FB7B002B02D0CB
:10CC80007B680422DA657B685B6D1846F5F770F8FF
:10CC90000346FB73FB7B002B02D07B680422DA6522
:10CCA0007B681B681B6A03F02003002B33D07B6872
:10CCB0001B681A687B681B6842F002021A607B6876
:10CCC0001B6E0093BB6801220221786800F074F9A2
:10CCD0000346FB73FB7B002B2ED17B681B68022273
:10CCE0005A627B681B6E0093BB6800222021786823
:10CCF00000F062F90346FB73FB7B002B1CD17B68C1
:10CD00001B681A687B681B6822F040521A607B68B7
:10CD100002229A6510E07B681B681A687B681B68B2
:10CD200022F040521A607B6802229A6504E00123D7
:10CD3000FB737B681022DA65FB7B18461037BD4613
:10CD400080BD80B483B000AF786039607B683A689A
:10CD50001A66002318460C37BD465DF8047B704701
:10CD600080B58EB000AFF860B9607A60002387F8B4
:10CD70003530002387F8363007F1100324220021D4
:10CD8000184603F053F8002387F8373014E097F87B
:10CD900037300133D8B297F8372007F11001134626
:10CDA0005B0013449B000B44194600F0D5FA97F83A
:10CDB0003730013387F8373097F83730022BE6D910
:10CDC0002020FFF771FB0346002B11D0764B1B6828
:10CDD00003F00103002B0BD0734B1B68724A23F046
:10CDE0000103136097F8363043F0010387F83630BB
:10CDF0004FF48050FFF758FB0346002B11D06B4BCC
:10CE00001B6803F00103002B0BD0684B1B68674ABB
:10CE100023F00103136097F8363043F0020387F8DC
:10CE200036304FF40030FFF73FFB0346002B11D0A4
:10CE30005F4B1B6803F00103002B0BD05B4B1B689F
:10CE40005A4A23F00103136097F8363043F0040385
:10CE500087F83630574B00221A60564B1B6823F474
:10CE60007F02BB689B68013B1B04524913430B6064
:10CE7000FB681B684C4A934210D1BB685B687B61BE
:10CE8000BB681B68002B3ED04A4B1B6823F0300266
:10CE9000BB681B68474913430B6034E0FB681B68A1
:10CEA000424A934210D1BB685B683B62BB681B6817
:10CEB000002B28D03F4B1B6823F05002BB681B6837
:10CEC0003C4913430B601EE0FB681B68384A9342E1
:10CED00011D1BB685B68002B04D101237B61012366
:10CEE0003B6210E0BB685B68012B0CD100237B61C7
:10CEF00000233B6207E0FB68DB6D43F00802FB6840
:10CF0000DA6501234CE0002387F837302AE097F8F0
:10CF1000372013465B0013449B0038333B44243BCB
:10CF2000196897F837305A1C13465B0013449B006E
:10CF300038333B44243B1B68994205D11D4B1B6889
:10CF40001C4A43F0010313607B69012B05D1194B87
:10CF50001B68184A43F00203136097F83730013317
:10CF600087F8373097F83730002BD0D097F8363025
:10CF700003F00103002B05D00B4B1B680A4A43F05A
:10CF80000103136097F8363003F00203002B05D03D
:10CF9000064B1B68054A43F00103136097F83530D0
:10CFA00018463837BD4680BD0050025800A00258D0
:10CFB00000D0025800B4025880B584B000AFF860C9
:10CFC000B9603B601346FB7119E0BB69B3F1FF3FE9
:10CFD00015D0F4F7A7FD02463B68D31ABA699A4206
:10CFE00002D3BB69002B0AD1FB6802229A65FB6859
:10CFF000DB6D43F00102FB68DA6503230EE0FB689A
:10D000001B681A6ABB681340002B14BF012300235E
:10D01000DBB21A46FB799A42D7D100231846103763
:10D02000BD4680BD80B489B000AF78603960002310
:10D03000FB777B681B681A687B681B6822F040528C
:10D040001A607B689B68002B0AD17B681B681B6891
:10D0500023F040413B685A687B681B680A431A60AA
:10D060003B681B68022B14D17B681B6803F5C073F7
:10D07000BB617B681B6803F5C4737B617B681B68BD
:10D0800003F5C8733B617B681B6803F5D073FB60D5
:10D090002CE03B681B68032B14D17B681B6803F5ED
:10D0A000A073BB617B681B6803F5A4737B617B681D
:10D0B0001B6803F5A8733B617B681B6803F5B073BD
:10D0C000FB6013E07B681B6803F58073BB617B68C2
:10D0D0001B6803F584737B617B681B6803F58873A9
:10D0E0003B617B681B6803F59073FB603B689A6C3F
:10D0F000BB691A603B68DB6A002B12D03B689A6AF6
:10D10000FB681A60BB691B6823F47C123B68D96A10
:10D110003B685B6B19433B681B6B0B431A43BB6952
:10D120001A607B691B6823F01F023B685B6C1A4323
:10D130007B691A603B689B6B002B09D03B681B68BE
:10D14000002B05D13B68DA6B7B681B68013A1A64D7
:10D150003B689B6B002B1ED03B681B6CB3F1006FD0
:10D160000AD17B681B68D3F808217B681B6822F012
:10D170008042C3F808210EE07B689B6AB3F1804FC0
:10D1800009D17B681B68D3F808217B681B6842F0D3
:10D190008042C3F808213B68DB68002B00F09980CF
:10D1A0003B68DB69002B55D03B689B6B002B1ED086
:10D1B000BB691A68674B13403A68D1683A6852698C
:10D1C00011433A68126911433A68D26911433A68C7
:10D1D000526A11433A68126A11433A68926B1143DA
:10D1E0003A68126C0A431A43BB691A6028E0BB69AB
:10D1F0001B6823F47C5323F03F033A68D1683A68F4
:10D20000526911433A68126911433A68D26911436D
:10D210003A68526A11433A68126A0A431A43BB6970
:10D220001A607B68DB6AB3F1805F09D13B685B6998
:10D23000082B05D1BB691B6843F00062BB691A600B
:10D240003B689A683B691A607B681B683A68926918
:10D250009A6478E03B689B6B002B17D0BB691B6816
:10D2600023F0706323F03F033A68D1683A6852694B
:10D2700011433A68126911433A68926B11433A6854
:10D28000126C0A431A43BB691A601DE0BB691B6834
:10D2900023F03F023B68D9683B685B6919433B68F0
:10D2A0001B690B431A43BB691A607B68DB6AB3F1E5
:10D2B000805F09D13B685B69082B05D1BB691B689E
:10D2C00043F00062BB691A603B689A683B691A6068
:10D2D00039E03B68DB69002B30D03B689B6B002B4F
:10D2E00017D0BB691B6823F0706323F47C533A6842
:10D2F000D1693A68526A11433A68126A11433A682E
:10D30000926B11433A68126C0A431A43BB691A6064
:10D310000EE0BB691B6823F47C523B68D9693B680B
:10D320005B6A19433B681B6A0B431A43BB691A606B
:10D330007B681B683A6892699A6404E00123FB7772
:10D340007B680822DA65FB7F18462437BD465DF806
:10D35000047B7047C0C0FFF080B485B000AF0346C7
:10D360003960FB71FB79012B24D12C4B1B6803F036
:10D370000203002B03D13B6800225A6002E03B68A5
:10D3800001225A60254B1B6803F01003102B03D0B9
:10D390003B6800221A603AE0204B1B6803F0200330
:10D3A000202B03D13B6870221A6030E03B681022CA
:10D3B0001A602CE0194B1B6803F00103FB60174B4C
:10D3C0001B685B0803F00103BB60FA68BB689A4204
:10D3D00003D03B6800225A6002E03B6801225A6099
:10D3E0000E4B1B6803F01003102B03D03B68002288
:10D3F0001A600CE0094B1B6803F04003402B03D17B
:10D400003B6870221A6002E03B6810221A6000BF7D
:10D410001437BD465DF8047B704700BF00B4025866
:10D4200080B582B000AF00F00EF80346FB71FB79C7
:10D43000002B03D100F036F80346FB71FB79184648
:10D440000837BD4680BD80B582B000AF0023FB71B8
:10D450000023BB711DE0BB790021184600F042F9A2
:10D460000346B3F1FF3F02D0002B0ED00AE0BB7998
:10D47000002B02D10423FB7107E0BB79184600F0B2
:10D4800005F902E00323FB7100E000BFBB79013323
:10D49000BB71BB79002BDED0FB7918460837BD463F
:10D4A00080BD000090B591B000AF07F14003403B54
:10D4B0001F335B095C0107F128031946002000F0C7
:10D4C0005FF90346002B01D0042395E0F4F75AFBE3
:10D4D0004B4B5B6903F40033002B16D0BFF34F8F27
:10D4E00000BFBFF36F8F00BF454B5B69444A23F415
:10D4F00000335361424B0022C3F85022BFF34F8FD9
:10D5000000BFBFF36F8F00BF00BF3D4B5B6903F4EB
:10D510008033002B43D03A4B0022C3F88420BFF362
:10D520004F8F00BF364B5B69354A23F4803353611C
:10D53000BFF34F8F00BF324B2246C3F87022BFF3B8
:10D540004F8F00BFBFF36F8F00BF2D4BD3F88030DC
:10D55000236023685B0BC3F30E0363602368DB085F
:10D56000C3F30903A36063685A0143F6E0731340F1
:10D57000A268920722491343C1F87432A3685A1E65
:10D58000A260002BEFD163685A1E6260002BE5D1C8
:10D59000BFF34F8F00BFBFF36F8F00BF00BFEFF32C
:10D5A0001083FB62FB6AFB6372B600BFBB6A03F5C4
:10D5B000801303F58063BB62114ABB6A9360BB6A48
:10D5C00004331B681A460F4B1A6000233B633B6B06
:10D5D00083F30A8800BFBB6A1B687B637B6B83F3A2
:10D5E000088800BFFB6BBB63BB6B83F3108800BF75
:10D5F000044B1B689847002318464437BD4690BD2E
:10D6000000ED00E03C021C3480B584B000AF7860CF
:10D610003960FB23FB737B68002B2FD10023FB7346
:10D62000194A7B68AC2101FB03F313441B78002BE0
:10D6300020D1154A7B68AC2101FB03F3134404336A
:10D640001868114A7B68AC2101FB03F313440833CB
:10D6500019787B68AC2202FB03F308330A4A1344AF
:10D6600004333A6802F0E2FA0346002B05D0FD23AA
:10D67000FB7302E0FE23FB7300E000BF97F90F305D
:10D6800018461037BD4680BD40021C3480B584B0BA
:10D6900000AF7860FB23FB737B68002B19D100235C
:10D6A000FB730F4A7B68AC2101FB03F313441B7827
:10D6B000002B0BD17B68AC2202FB03F30833084A32
:10D6C00013440433184602F06BFB02E0FE23FB73A5
:10D6D00000BF97F90F3018461037BD4680BD00BF18
:10D6E00040021C3480B584B000AF78600B46FB70FC
:10D6F000FB23FB737B68002B39D10023FB731F4A8C
:10D700007B68AC2101FB03F313441B78002B02D090
:10D71000032B25D027E0FB78002B10D17B68AC22AF
:10D7200002FB03F30833154A13440433184602F08E
:10D7300046FB0346002B19D06FF0020319E07B680B
:10D74000AC2202FB03F308330C4A1344043318469B
:10D7500002F056FB0346002B08D06FF0020308E0EE
:10D76000FF23FB7303E0FE23FB7300E000BF97F988
:10D770000F3018461037BD4680BD00BF40021C3434
:10D7800080B485B000AF78603960FB23FB737B68A1
:10D79000002B45D10023FB73254A7B68AC2101FB9C
:10D7A00003F313441B78002B01D0022B35D1204A00
:10D7B0007B68AC2101FB03F3134404331B681B6833
:10D7C0001C4A934204D13B684FF010421A6027E094
:10D7D000174A7B68AC2101FB03F3134404331B6835
:10D7E0001B68154A934204D13B684FF0E0421A602F
:10D7F00016E00F4A7B68AC2101FB03F313440433AA
:10D800001B681B680D4A934204D13B684FF00042ED
:10D810001A6005E0FD23FB7302E0FE23FB7300BFEB
:10D8200097F90F3018461437BD465DF8047B7047F2
:10D8300040021C340050025800A0025800D0025888
:10D8400080B487B000AFF860B9607A603B600023B5
:10D85000FB757B68002B02D10123FB7528E0BA68B9
:10D860007B68B2FBF3F33B613B69002B0DD0BA68D8
:10D870003B69B2FBF3F23B681A603B681B687A684D
:10D880009A4202D33B69013B3B613B690133BA6871
:10D89000B2FBF3F23B681A60FB681B681B68DB682D
:10D8A00023F0FF01FB681B681B683A690A43DA60D2
:10D8B000FB7D18461C37BD465DF8047B704780B57C
:10D8C00096B000AF7860396007F10C034C2200215C
:10D8D000184602F0ABFA5A237B610123BB614FF477
:10D8E0008073BB624FF40053FB624FF080737B6424
:10D8F00008233B657B683A681A607B68043307F14C
:10D900000C014C22184602F0BDFA7B68002283F815
:10D9100050207B68002283F8522000231846583795
:10D92000BD4680BD80B598B000AFF8600B467A6008
:10D93000FB72002387F85F30FB6807F110000433A7
:10D940004C22194602F09EFAFB7A042B00F22A813F
:10D9500001A252F823F000BF6DD9183495DB1834BA
:10D9600067DB1834A5DB18346FDB18347B681A7852
:10D97000FB6883F85220FB6893F852300B2B00F2BF
:10D98000ED8001A252F823F0B9D91834B9D918346E
:10D99000B9D91834B9D91834E9D91834E9D91834AF
:10D9A00019DA18344DDA18347DDA1834B3DA183449
:10D9B000E9DA183423DB18340123FB6100233B62CE
:10D9C00000237B624FF48073FB624FF400533B6390
:10D9D00000237B634FF08073BB6400233B65082307
:10D9E0007B650023BB65BDE00323FB6100233B6235
:10D9F00000237B624FF44073FB6200237B634FF490
:10DA000000533B634FF04073BB6400233B65062328
:10DA10007B650023BB65A5E00323FB6100233B621C
:10DA200008237B624FF44073FB624FF400533B6367
:10DA30004FF400637B634FF04073BB644FF00063AF
:10DA40003B6506237B650023BB658BE00123FB61FF
:10DA500000233B6200237B624FF48063FB624FF440
:10DA600040533B6300237B634FF08063BB64002320
:10DA70003B6508237B650023BB6573E00423FB61E2
:10DA800000233B6200237B624FF48063FB624FF410
:10DA900040533B634FF400637B634FF08063BB6490
:10DAA0004FF000633B6508237B654FF00053BB6577
:10DAB00058E00423FB6110233B6208237B624FF490
:10DAC0008063FB624FF440533B634FF400637B631E
:10DAD0004FF08063BB644FF000633B6514237B65AC
:10DAE0004FF00053BB653DE00423FB6100233B6224
:10DAF00000237B624FF48063FB624FF440533B632F
:10DB00004FF400637B630023FB634FF08063BB64CF
:10DB10004FF000633B650A237B654FF00053BB6504
:10DB200020E00423FB6100233B6200237B624FF46F
:10DB30008063FB624FF440533B634FF400637B63AD
:10DB40000023FB634FF0A063BB644FF000633B65B1
:10DB50000A237B654FF00053BB6503E0012387F880
:10DB60005F3000BF22E04FF440533B631EE07B6810
:10DB70001B7887F85E30FB681B681B689B6823F482
:10DB8000F81197F85E301A04FB681B681B680A439B
:10DB90009A600BE07B681B7887F85D3097F85D3002
:10DBA0007B6503E0012387F85F3000BFFB68043327
:10DBB00007F110014C22184602F064F997F85F3023
:10DBC00018466037BD4680BD80B598B000AFF8609C
:10DBD000B9607A603B60FB6807F1100004334C22A7
:10DBE000194602F04FF9FB6893F85030396A5A220F
:10DBF000184600F07AFB0346BB61BB68BB623B681A
:10DC0000FB64FB6893F851307B65FB6AB3F5807F5A
:10DC100002D14FF400533B633B6DB3F1006F03D16E
:10DC20004FF00053BB6501E00023BB65FB681B6838
:10DC300007F1100164221846FEF760FD034687F8DD
:10DC40005F3097F85F30002B0AD1FB681B686422B5
:10DC500079681846FEF755FE034687F85F3000E006
:10DC600000BF97F85F30002B04D0FB681B68184694
:10DC7000FEF7E0FF97F85F3018466037BD4680BD7D
:10DC800080B598B000AFF860B9607A60FB6807F1C2
:10DC9000100004334C22194602F0F4F8FB6893F8A4
:10DCA0005030396A9F22184600F01FFB0346BB61C3
:10DCB0007B68FB640023FB62FB69012B05D1002319
:10DCC0007B654FF08073BB6403E00023BB620823D5
:10DCD0007B65FB681B6807F1100164221846FEF79C
:10DCE0000DFD034687F85F3097F85F30002B0AD1AF
:10DCF000FB681B686422B9681846FEF702FE0346FB
:10DD000087F85F3000E000BF97F85F30002B04D049
:10DD1000FB681B681846FEF78DFF97F85F301846C2
:10DD20006037BD4680BD80B598B000AFF8607A60BE
:10DD30003B600B46FB72FB6807F1100004334C227A
:10DD4000194602F09FF8FB6893F85030396AFA7A66
:10DD5000184600F0CAFA0346BB617B68BB62BB6E23
:10DD6000FB64FB6893F85230052B06D0052B1ADCB8
:10DD7000012B14D0022B0BD015E04FF400637B6312
:10DD80004FF000633B65FB6893F853307B650BE015
:10DD90004FF40073FB624FF00073BB6404E04FF07C
:10DDA0000073BB6400E000BFFB681B6807F1100153
:10DDB00064221846FEF7A2FC034687F85F3097F806
:10DDC0005F30002B07D13968F86800F0CAFA0346C3
:10DDD00087F85F3000E000BF97F85F30002B04D079
:10DDE000FB681B681846FEF725FF97F85F3018465A
:10DDF0006037BD4680BD80B598B000AFF8607A60EE
:10DE00003B600B46FB72FB6807F1100004334C22A9
:10DE1000194602F037F8FB6893F85030396AFA7AFD
:10DE2000184600F062FA0346BB617B68BB62BB6EBA
:10DE3000FB6400237B650023BB65FB681B6807F15F
:10DE4000100164221846FEF759FC034687F85F303C
:10DE500097F85F30002B07D13968F86800F06EFA48
:10DE6000034687F85F3000E000BF97F85F30002B73
:10DE700004D0FB681B681846FEF7DCFE97F85F309D
:10DE800018466037BD4680BD80B598B000AFF860D9
:10DE90007A601A460B46FB7213463B81FB6807F11A
:10DEA000100004334C22194601F0ECFFFB6893F894
:10DEB0005030396AFA7A184600F017FA0346BB6107
:10DEC0000023FB6200237B653B89FB640023BB6569
:10DED0003B89002B01D10023BB64FB681B6807F161
:10DEE000100164221846FEF709FC034687F85F30EC
:10DEF00097F85F30002B0CD13B89002B09D0FB68D1
:10DF00001B68642279681846FEF788FC034687F888
:10DF10005F3097F85F30002B04D0FB681B68184611
:10DF2000FEF788FE97F85F3018466037BD4680BD23
:10DF300080B598B000AFF8607A601A460B46FB7265
:10DF400013463B81FB6807F1100004334C2219464D
:10DF500001F098FFFB6893F85030396AFA7A184656
:10DF600000F0C3F90346BB610023FB6200237B651D
:10DF70003B89FB640023BB653B89002B01D1002357
:10DF8000BB64FB681B6807F1100164221846FEF7AA
:10DF9000B5FB034687F85F3097F85F30002B0CD154
:10DFA0003B89002B09D0FB681B68642279681846FE
:10DFB000FEF7A7FC034687F85F3097F85F30002B29
:10DFC00004D0FB681B681846FEF734FE97F85F30F4
:10DFD00018466037BD4680BD80B598B000AFF86088
:10DFE0007A603B600B46FB72FB6807F1100004335C
:10DFF0004C22194601F046FFFB6893F85030396A0D
:10E00000FA7A184600F071F90346BB617B68BB627F
:10E01000FB6893F851307B65B7F86830FB640023E8
:10E02000BB65FB681B6807F1100164221846FEF708
:10E0300065FB034687F85F3097F85F30002B09D106
:10E04000FB681B68642239681846FEF75AFC0346D1
:10E0500087F85F3097F85F30002B04D0FB681B68AF
:10E060001846FEF7E7FD97F85F3018466037BD4663
:10E0700080BD80B59EB000AFF8607A601A460B464E
:10E08000FB721346BB72FB6807F1280004334C2275
:10E09000194601F0F7FEBB7A7B6197F88030BB61CF
:10E0A0000023FB614FF480033B6210237B62FB681B
:10E0B00093F85030B96BFA7A184600F016F9034617
:10E0C0003B6301237B6600233B677B6B012B06D1FF
:10E0D0004FF080733B6600237B640023FB663B6E3E
:10E0E000B3F1806F07D14FF480637B644FF44053EA
:10E0F000BB647B683B64FB681B6807F128016422F2
:10E100001846FEF7FBFA034687F8773097F8773022
:10E11000002B0BD1FB681B6807F11401D7F8842092
:10E120001846FEF791FC034687F8773097F877306A
:10E13000002B04D0FB681B681846FEF77BFD97F8A0
:10E14000773018467837BD4680BD80B59AB000AFAD
:10E150007860084611461A460346FB700B46BB70B2
:10E1600013467B707B6807F1180004334C22194674
:10E1700001F088FE07F1080300221A605A609A60D5
:10E18000DA600123BB617B6893F85030B96AFA7892
:10E19000184600F0AAF803463B62BB78FB657B6833
:10E1A0001B6807F1180164221846FEF7A7FA034618
:10E1B00087F8673097F86730002B2DD10223BB61B9
:10E1C0007B6893F85030B96A7A78184600F08DF879
:10E1D00003463B6297F87030FB657B681B6807F16C
:10E1E000180164221846FEF789FA034687F867305B
:10E1F00097F86730002B11D10023BB605023FB60E0
:10E200007B681B6807F1080211461846FEF7A6FC5A
:10E21000034687F8673002E000BF00E000BF97F8D0
:10E220006730002B04D07B681B681846FEF702FDA0
:10E2300097F8673018466837BD4680BD80B582B014
:10E2400000AF7860BFF34F8F00BF7B681B68184634
:10E25000FEF7F0FC034618460837BD4680BD80B483
:10E2600085B000AF78600B46FB700023FB737B68C2
:10E270001B681B689B6803F0E063BB60FB78002BA6
:10E280001ED1BB68002B03D14FF08073BB6008E048
:10E29000BB68B3F1807F02D10023BB6001E00123A2
:10E2A000FB737B681B681B689B6823F0E0617B68DD
:10E2B0001B681B68BA680A439A6000BFFB7B00E0DA
:10E2C000012318461437BD465DF8047B704780B5BE
:10E2D00082B000AF78607B681B681846FEF7AAFC26
:10E2E000034618460837BD4680BD80B485B000AFF0
:10E2F00003463960FB711346BB713B68102B14D188
:10E30000BB799BB21B02FB81FB79012B07D1BB7947
:10E31000DB43DBB21A46FB891343FB8107E0BB7981
:10E320009AB2FB891343FB8101E0BB79FB81FB8936
:10E3300018461437BD465DF8047B704780B584B03D
:10E3400000AF786039607B681B68642239681846C2
:10E35000FEF764FA0346FB73FB7B18461037BD4695
:10E3600080BD80B584B000AF786039607B681B6881
:10E37000642239681846FEF7C4FA0346FB73FB7B38
:10E3800018461037BD4680BD80B584B000AF7860B8
:10E3900039600023BB733B6800221A607B6803F17D
:10E3A000080008233A680021FFF70EFC0346002B03
:10E3B00002D00323FB731FE03B681B681946786893
:10E3C00001F00AFC0346002B02D0052B05D00AE021
:10E3D0000023FB730223BB730AE00423FB73BB7BA4
:10E3E0000133BB7304E00423FB730223BB7300BF40
:10E3F000BB7B012BCFD900BFFB7B18461037BD4636
:10E4000080BD000090B589B000AF7860396004230A
:10E41000FB772A4B07F10C040FCB84E80F00002395
:10E42000BB7740E0BB7F5B0020333B4413F8142CE8
:10E430007B6883F864207B6803F108007B686433A1
:10E440001A460021FFF76EFABB7F5B0020333B4486
:10E4500013F8132C7B6883F8592000237B7717E08F
:10E460007B687A7F83F8582039687868FFF78CFFDB
:10E470000346002B01D10023FB77BB7F5B002033D9
:10E480003B4413F8143C032B09D97B7F01337B7782
:10E490007B7F012B04D8FB7F042BE1D000E000BF81
:10E4A000BB7F0133BB77BB7F072B02D8FB7F042BDD
:10E4B000B8D0FB7F18462437BD4690BDB8FE18344F
:10E4C00080B588B000AF78600023FB770823BB617C
:10E4D0007B680022C3F89420782200215F4801F075
:10E4E000A5FC0023FB7527E0FA7D13465B0013446F
:10E4F0009B005A4A13441A46B969786800F0AEFF87
:10E500000346FB77FB7F002B40F0A2807B68D3F8AB
:10E510009410FA7D514813465B0013449B0003445A
:10E520001B6841EA03027B68C3F89420BB69083387
:10E53000BB61FB7D0133FB75FA7D7B6893F89C30F2
:10E5400001339A42D0D30023BB7575E000233B61B1
:10E55000BA7D424913465B0013449B000B440833C9
:10E560001B78FB60BA7D3D4913465B0013449B005A
:10E570000B441B68B3F5805F29D0B3F5805F29D8C1
:10E58000B3F5007F1DD0B3F5007F23D8802B1BD0BF
:10E59000802B1FD8082B02D0402B0FD01AE0BA7D59
:10E5A0002E4913465B0013449B000B4408331B7831
:10E5B0001A462B4B1A602B4B3B610CE02A4B3B61FC
:10E5C00009E02A4B3B6106E0294B3B6103E0294B04
:10E5D0003B6100E000BF3B69002B16D07B6803F174
:10E5E0000800BA7D1D4913465B0013449B000B4491
:10E5F00004331968FB689B003A69FFF7E5FA0346A4
:10E60000002B02D00C23FB7722E0BA7D134913467E
:10E610005B0013449B000B441B68082B09D1104B73
:10E6200093F84130C3F30503DBB21A467B68C3F8A5
:10E630009820BB7D0133BB75BA7D084913465B004A
:10E6400013449B000B441B68002B7FF47FAF00BF7B
:10E65000FB7F18462037BD4680BD00BFEC021C344E
:10E6600064031C3468031C34C4031C34E4031C34EA
:10E67000CC031C3454041C3480B586B000AF7860E1
:10E680000723BB7508233B610023FB730023BB7387
:10E690002EE0644A3969786800F0E0FE0346BB75F5
:10E6A000BB7D002B18D15F4B1B68082B14D17B68F6
:10E6B00003F108005B4B59685A4B1B7A9B005A4A7E
:10E6C000FFF782FA0346002B02D00C23BB7503E050
:10E6D0000023BB750123FB73BB7D002B0FD1FB7B9C
:10E6E000012B0CD03B6908333B61BB7B0133BB730F
:10E6F000BA7B7B6893F89C3001339A42C9D3BB7DC7
:10E70000002B02D1FB7B002B02D10C23BB7583E0D5
:10E71000464B93F8413003F03F03DBB2002B02D1AC
:10E720000023FB7553E0414B93F84130C3F30503DD
:10E73000DBB203F00103DBB2002B02D00123FB7537
:10E7400045E03A4B93F84130C3F30503DBB203F0E5
:10E750000203DBB2002B02D00223FB7537E0334B00
:10E7600093F84130C3F30503DBB203F00403DBB2DB
:10E77000002B02D00323FB7529E02C4B93F841308A
:10E78000C3F30503DBB203F00803DBB2002B02D0B6
:10E790000423FB751BE0254B93F84130C3F30503BD
:10E7A000DBB203F01003DBB2002B02D00523FB75B4
:10E7B0000DE01E4B93F84130C3F30503DBB21F2B72
:10E7C00002D90F23BB7527E00C23BB7524E0FB7D2A
:10E7D000052B09D0052B1BDC002B1CD0002B17DBD5
:10E7E000013B032B14D810E07B6803F108000023E1
:10E7F00000226621FFF748FB7B6803F10800002335
:10E8000000229921FFF740FB06E00F23BB7503E0D0
:10E810000123BB7500E000BFBB7D18461837BD461D
:10E8200080BD00BFEC021C3468031C3464031C343C
:10E83000B0B58CB002AF78603960002387F827301C
:10E84000002387F826307B68D3F8943003F0080360
:10E85000002B04D1072387F8273000F093BDBA4B73
:10E860009B68002B13DBB84B9B680133BB61BB6912
:10E87000002B01D1202303E0BB69B3FA83F3DBB2A1
:10E88000C3F11F03DAB27B6883F85E2005E0AE4B6C
:10E890009B68DAB27B6883F85E207B6893F85E3011
:10E8A000033BDAB27B6883F85E207B6893F85E30C6
:10E8B000013BDBB2FB747B68083307F113020421D0
:10E8C0001846FFF72FF8A04B93F82C30C3F303132F
:10E8D000DBB21A46012303FA02F27B681A667B68F0
:10E8E000022283F87520984B93F820207B6883F8E8
:10E8F0007720954B93F821207B6883F87820924B02
:10E9000093F822207B6883F879208F4B93F823209B
:10E910007B6883F87A208C4B93F824207B6883F8FB
:10E920007B20894B93F825207B6883F87C20864BDD
:10E9300093F826207B6883F87D20834B93F827206B
:10E940007B6883F87E207B6893F87830002B1DD09D
:10E950007D4B93F82830C3F30303DBB21A467A4B9E
:10E960001B8DC3F30413DBB2013302FB03F3764ABE
:10E9700092F82920C2F34102D2B21146734A32F80A
:10E98000112003FB02F27B68C3F880207B6893F8B8
:10E990007A30002B1ED06C4B93F82830C3F303035E
:10E9A000DBB21A46684B93F82930C3F3C403DBB2D9
:10E9B000013302FB03F3644A92F82A20C2F30102F6
:10E9C000D2B21146614A32F8112003FB02F27B6891
:10E9D000C3F884207B6893F87C30002B1DD05A4B01
:10E9E00093F82830C3F30303DBB21A46564B93F86F
:10E9F0002A30C3F38403DBB2013302FB03F3524A30
:10EA0000528DC2F3C112D2B21146504A32F81120CF
:10EA100003FB02F27B68C3F888207B6893F87E30A2
:10EA2000002B1ED0484B93F82830C3F30303DBB20E
:10EA30001A46454B93F82B30C3F34403DBB2013342
:10EA400002FB03F3404A92F82B20C2F38112D2B2A8
:10EA500011463E4A32F8112003FB02F27B68C3F8EC
:10EA60008C20394B93F82830C3F30303DBB21A46EA
:10EA7000354B93F82F30C3F30403DBB2013302FBB1
:10EA800003F3314A92F82F20C2F34112D2B2114659
:10EA90002F4A52F8212003FB02F27B68C3F8902032
:10EAA0007B68052283F871207B68052283F86C203F
:10EAB000254B1B7903F01003DBB2002B04D17B68DC
:10EAC000502283F8702003E07B68062283F87020D0
:10EAD0001D4B93F84030C3F30603DBB203F0010390
:10EAE000002B04D07B68062283F8702046E0164B8A
:10EAF00093F84030C3F30603DBB203F00203002BAC
:10EB000004D07B68062283F8702037E00E4B93F820
:10EB10004030C3F30603DBB203F00403002B04D040
:10EB20007B68502283F8702028E0074B93F8403030
:10EB3000C3F30603DBB203F00803002B0AD07B68A3
:10EB4000062283F8702019E064031C34FCFE18349C
:10EB500004FF1834664B93F84030C3F30603DBB26E
:10EB600003F01003002B04D07B68062283F870208A
:10EB700004E00A2387F8273000F004BC7B68D3F850
:10EB8000943003F40073002B78D05A4BDB7C23F0D5
:10EB90007F03DBB2002B34D0564B5A7C7B6883F862
:10EBA0006C20544BDB7CC3F30203DBB21A467B6858
:10EBB00083F86D204F4BDB7CC3F38013DBB21A4626
:10EBC0007B6883F86E204B4BDB7CC3F30203DBB224
:10EBD0001A467B6883F86D20464BDB7C03F01003FC
:10EBE000DBB2002B09D0434BDB7CC3F3C003DBB2A9
:10EBF0001A467B6883F86F2003E07B68FF2283F866
:10EC00006F203C4BDB7D23F07F03DBB2002B73D006
:10EC1000384B5A7D7B6883F87120364BDB7DC3F31C
:10EC20000203DBB21A467B6883F87220314BDB7D2E
:10EC3000C3F38013DBB21A467B6883F873202D4B35
:10EC4000DB7DC3F30203DBB21A467B6883F87220D4
:10EC5000284BDB7C03F01003DBB2002B09D0254BE3
:10EC6000DB7DC3F3C003DBB21A467B6883F87420F4
:10EC700042E07B68FF2283F874203DE07B6801223C
:10EC800083F872207B68002283F87320184B93F876
:10EC90003830C3F38503DBB203F00103002B0CD043
:10ECA0007B68052283F86C207B68002283F86D2046
:10ECB0007B68002283F86E201EE00D4B93F83830FD
:10ECC000C3F38503DBB203F00203002B0CD07B6897
:10ECD000702283F86C207B68072283F86D207B68A4
:10ECE000002283F86E2007E0092387F8273049E3E4
:10ECF00064031C34E4031C347B68032283F876200D
:10ED00007B68D3F89430082B40F0A98000237B6106
:10ED10007B68002283F864207B6893F85C30002BCA
:10ED20004CD0B44B5B7C002B15D0B24B1B7CC3F397
:10ED30000403DBB21A46AF4B1B7CC3F34213DBB2B6
:10ED400013447B61AB4B5A7C7B6883F876207B68ED
:10ED5000012283F86420A74BDB7C002B15D0A54B48
:10ED60009B7CC3F30403DBB21A46A24B9B7CC3F328
:10ED70004213DBB213447B619E4BDA7C7B6883F8E1
:10ED800076207B68022283F864209A4B1B7D03F077
:10ED90000103DBB2002B11D0964B9B7EC3F304031F
:10EDA000DBB21A46934B9B7EC3F34213DBB2134490
:10EDB0007B61904BDA7E7B6883F876207B6893F8E2
:10EDC0005C30012B2CD98B4B1B7D03F01003DBB285
:10EDD000002B20D0874B9B7FC3F30403DBB21A4682
:10EDE000844B9B7FC3F34213DBB213447B61814BA3
:10EDF000DA7F7B6883F876207B68042283F86420BE
:10EE0000786800F0ABFE034687F8273097F8273084
:10EE1000002B40F0B4827B69DAB27B6883F859201A
:10EE20007B6803F108007B6864331A460021FEF713
:10EE300079FD0346002B03D00C2387F82730A1E28D
:10EE40007B68083307F1140201211846FEF76AFDBA
:10EE50000346002B03D00C2387F8273092E27B680F
:10EE6000D3F8943003F48053002B69D07B6893F877
:10EE70005C30032B64D17B6893F86430092B03D199
:10EE8000012387F826303AE0786800F0DBFB034680
:10EE9000002B34D1012387F826307B68092283F8C0
:10EEA00064207B6803F108007B6864331A46002104
:10EEB000FEF738FD0346002B03D00C2387F82730DC
:10EEC00060E27B6893F89D30FD2B09D114237B61B0
:10EED0007B68083307F1140201211846FEF722FD72
:10EEE0007B6893F89D30FE2B09D108237B617B68FA
:10EEF000083307F1140201211846FEF713FD7B6861
:10EF0000D3F8943003F00803002B19D0394B1B6859
:10EF1000102B15D9374B93F84B30C3F34113DBB2A9
:10EF2000012B03D90F2387F827302BE2314B93F8BD
:10EF30004B30C3F34113DBB21A467B6883F8582089
:10EF40007B68D3F8943003F04003002B00F03C8141
:10EF500097F82630002B40F09E80264B93F84330E4
:10EF600003F00103002B1CD07B6803F10800002391
:10EF70000022B721FEF788FF0346002B03D00C23A5
:10EF800087F82730FEE17B6808330022022118460B
:10EF9000FEF7C8FC0346002B6BD00C2387F8273004
:10EFA000F0E1144B93F8433003F00203002B4ED0F2
:10EFB0007B6803F108007B6893F87010002300223F
:10EFC000FEF762FF0346002B03D00C2387F827309F
:10EFD000D8E17B6803F108007B6893F871107B68C7
:10EFE00093F874301D467B6893F87330002B03D17F
:10EFF000012302E064031C3400237A6892F8722033
:10F000009340DAB27B6893F872301C460123A34028
:10F01000DBB24FF47A740194009313462A46FFF74B
:10F0200028F80346002B03D00C2387F82730A9E1EA
:10F030007B6803F1080000230022B721FEF724FFBC
:10F040000346002B15D00C2387F827309AE1A34BF9
:10F0500093F8433003F04003002B0AD19F4B93F801
:10F06000433003F02003002B03D10F2387F8273010
:10F0700088E17B680833002202211846FEF752FC23
:10F080000346002B03D00C2387F827307AE17B68F6
:10F09000132283F876207B6893F85C30032B2ED103
:10F0A0007B6893F86430002B29D18D4B9B7803F05B
:10F0B0002003DBB2002B22D0894BDB7803F0010365
:10F0C000DBB2002B1BD07B68072283F864207B68AF
:10F0D00003F108007B6864331A460021FEF722FC26
:10F0E0000346002B03D00C2387F827304AE17B68C6
:10F0F000CC2283F876207B688E2283F875207B688B
:10F1000093F86430092B04D07B6893F86430002BAB
:10F1100020D1734B1B7803F04003DBB2002B03D0EC
:10F120007B68122283F875206D4B1B7803F0010376
:10F13000DBB2002B03D07B68132283F87620684B68
:10F140001B7803F00203DBB2002B03D07B680C2298
:10F1500083F876207B6893F86430082B20D1604BCD
:10F16000DB7803F00103DBB2002B03D07B680222C3
:10F1700083F875205A4B9B7803F02003DBB2002BF9
:10F1800003D07B68CC2283F87620554B9B7803F024
:10F190004003DBB2002B03D07B68FD2283F876208E
:10F1A0004F4B1A797B6883F878204D4B5A797B68EE
:10F1B00083F87A204A4B9A797B6883F87C20484B05
:10F1C000DA797B6883F87E207B68D3F8943003F08B
:10F1D0008003002B00F0D5807B6893F86430092B06
:10F1E00005D07B6893F86430082B40F0CA80002378
:10F1F000FB603C4B5B78002B04D03A4B5A787B6821
:10F2000083F87620374B1B7D03F01F03DBB2002B06
:10F210000DD0344B1B7DC3F30403DBB27B617B68F1
:10F22000083307F1140201211846FEF77BFB2B4B34
:10F2300093F85330C3F30313DBB2184600F0E8F839
:10F24000F8617B689B6EFA699A4202D97B689B6E73
:10F25000FB617B6803F108007B68996E07F10C0382
:10F26000FA69FEF7EDFA0346002B03D00D2387F869
:10F27000273087E03B6801221A70FB681A4A9342E4
:10F2800013D9184B9B8903F478639BB2002B0CD0E5
:10F29000144B9B89C3F3C413DBB27B61114B1B7B03
:10F2A000C3F38403DBB23B6246E0FB680F4A934240
:10F2B0001ED90C4BDB7C23F00703DBB2002B17D0ED
:10F2C000084BDB7CC3F3C403DBB27B61054B5B8A79
:10F2D000C3F38413DBB23B622EE000BF64031C3433
:10F2E000C4031C34CC031C34FFC1EB0B7FF5E409D1
:10F2F000FB68274A934213D9264B9B7C03F03E03BD
:10F30000DBB2002B0CD0234B9B7CC3F34403DBB25A
:10F310007B61204B1B69C3F30433DBB23B620BE020
:10F320001C4B1B8AC3F3C413DBB27B61194B1B7CE0
:10F33000C3F38403DBB23B627B68D3F8943003F4FD
:10F340000073002B17D0144B93F8233023F07F0366
:10F35000DBB2002B0FD0396A786800F061FA0346FF
:10F36000002B0FD17B68083307F1140201211846E6
:10F37000FEF7D8FA06E00E2387F8273002E000BF38
:10F3800000E000BF97F8273018462837BD46B0BDCB
:10F390003F6BED07CC031C34E4031C34B0B586B0DE
:10F3A00002AF78603960FB23FB737B6893F86C30A5
:10F3B000002B26D07B6803F108007B6893F86C1063
:10F3C0007B6893F86F301D467B6893F86E301A4661
:10F3D0007B6893F86D3002FA03F3DCB27B6893F834
:10F3E0006D301A4601239340DBB23A6801920093D4
:10F3F00023462A46FEF73DFE0346002B01D100239B
:10F40000FB7397F90F3018461037BD46B0BD0000AA
:10F41000B0B48BB000AF78600E4B07F10C041D4602
:10F420000FCD0FC495E8070003C422807B68092B29
:10F430000AD87B685B0028333B4433F81C3C1A46EF
:10F44000054B02FB03F300E0002318462C37BD46B2
:10F45000B0BC7047C8FE183440420F0080B588B079
:10F4600000AFF860B9607A600023FB7707F11403FE
:10F4700000221A605A60FB6803F1080007F11402C9
:10F480000823B968FEF7A0FB0346002B02D0032334
:10F49000FB77D1E07B6800221A60FA7D7B681A72E4
:10F4A000BB7E1A047B7E1B0213433A7E1A437B68A1
:10F4B0005A60FB7E002B10D0FB7E5BB2002B0CDB76
:10F4C000FB7E03F00103002B03D07B6801221A604E
:10F4D000B2E07B6802221A60AEE03B7D03F00103DC
:10F4E000002B02D17B6804221A60FB7EFF2B40F0C8
:10F4F000A2803B7D0F2B4BDC002B23DA9AE0813B73
:10F500000D2B00F2978001A252F823F0B1F51834C8
:10F5100035F6183435F61834C1F5183435F6183484
:10F5200035F61834DBF51834E5F5183435F61834AB
:10F5300035F6183403F6183435F6183417F618343F
:10F5400021F618340F2B75D801A252F823F000BF12
:10F550009BF5183435F6183435F61834B9F51834E7
:10F5600035F61834C9F51834D1F5183435F6183491
:10F5700035F61834EFF51834F9F5183435F6183433
:10F580000DF6183435F6183435F618342BF61834D1
:10F590008E2B4FDC812BB2DA4CE07B6808221A609C
:10F5A000FB7D102B38BF1023DAB27B681A7242E061
:10F5B0007B6810221A603EE07B6820221A603AE0E5
:10F5C0007B6840221A6036E07B6880221A6032E055
:10F5D0007B684FF480721A602DE07B684FF40072F4
:10F5E0001A6028E07B684FF480621A6023E07B6831
:10F5F0004FF400621A601EE07B684FF480521A607C
:10F6000019E07B684FF400521A6014E07B684FF4F5
:10F6100080421A600FE07B684FF400421A600AE0F3
:10F620007B684FF480321A6005E07B684FF400324B
:10F630001A6000E000BF00BFFB7F18462037BD46C0
:10F6400080BD00BF90B585B000AF78600023FB732C
:10F65000724BDB78002B32D0704B9B783B726F4B38
:10F660005B787B726D4B1B78BB726C4BDB79FB72EA
:10F670006A4B9B793B73694B5B797B73674B1B7957
:10F68000BB737B6803F10800397A644BDB78013B7C
:10F690009CB207F108035A1C2346FEF7F5FB03460C
:10F6A000002B02D00B23FB73B3E064217868FFF7D3
:10F6B00075FE0346002B02D00C23FB73A9E0574BC9
:10F6C000DB7A002B32D0554B9B7A3B72534B5B7AE3
:10F6D0007B72524B1B7ABB72504BDB7BFB724F4BE6
:10F6E0009B7B3B734D4B5B7B7B734C4B1B7BBB739F
:10F6F0007B6803F10800397A484BDB7A013B9CB206
:10F7000007F108035A1C2346FEF7BEFB0346002BF5
:10F7100002D00B23FB737CE064217868FFF73EFE88
:10F720000346002B02D00C23FB7372E03B4BDB7CC7
:10F73000002B32D0394B9B7C3B72384B5B7C7B720D
:10F74000364B1B7CBB72354BDB7DFB72334B9B7D99
:10F750003B73324B5B7D7B73304B1B7DBB737B6894
:10F7600003F10800397A2D4BDB7C013B9CB207F199
:10F7700008035A1C2346FEF787FB0346002B02D0E2
:10F780000B23FB7345E064217868FFF707FE03460F
:10F79000002B02D00C23FB733BE0204BDB7E002BC5
:10F7A00032D01E4B9B7E3B721C4B5B7E7B721B4B95
:10F7B0001B7EBB72194BDB7FFB72184B9B7F3B732D
:10F7C000164B5B7F7B73154B1B7FBB737B6803F111
:10F7D0000800397A114BDB7E013B9CB207F108032C
:10F7E0005A1C2346FEF750FB0346002B02D00B2386
:10F7F000FB730EE064217868FFF7D0FD0346002B11
:10F8000002D00C23FB7304E07B6808331846FEF734
:10F810005EFDFB7B18461437BD4690BD54041C3476
:10F82000B0B588B002AF786039606D4BFB600023E3
:10F83000FB7500233B816B4B93F8233003F01003DF
:10F84000DBB2002B0AD1674B93F8233023F07F0300
:10F85000DBB2002B02D00C23FB75BBE0614B93F8AD
:10F86000233003F00803DBB2002B05D05D4B93F887
:10F8700022301B023B6101E001233B617B6803F105
:10F880000800584B93F8211007F108030222009258
:10F890003A69FEF7A1FB0346002B02D00C23FB754F
:10F8A00098E07B6803F108007B6893F870100023F0
:10F8B0000022FEF7E9FA0346002B02D00C23FB7569
:10F8C00088E07B6803F108007B6893F871107B681F
:10F8D00093F874301D467B6893F87330002B01D188
:10F8E000012300E000237A6892F872209340DAB294
:10F8F0007B6893F872301C460123A340DBB24FF4BF
:10F900007A740194009313462A46FEF7B2FB03462D
:10F91000002B02D00C23FB755CE03B7A5AB2314BD2
:10F9200093F82330C3F34113DBB218333B4413F88D
:10F930000C3C19462B4B93F82330C3F30203DBB284
:10F9400001FA03F35BB2DB435BB213405BB2DBB2A1
:10F950003B723A7A234B93F82330C3F30203DBB2B2
:10F9600019463B688B40DBB21343DBB23B723B7AF8
:10F970007B727B6803F108001A4B93F8201007F1A3
:10F980000803022200923A69FEF735FA0346002B7B
:10F9900002D00C23FB751DE064217868FFF7FEFCA4
:10F9A0000346002B02D00C23FB7513E07B6803F1A8
:10F9B00008000C4B93F8211007F108030222009273
:10F9C0003A69FEF7B0F90346002B02D00C23FB7511
:10F9D00000E000BFFB7D18461837BD46B0BD00BF34
:10F9E00003070F1FE4031C3480B584B000AF7860B8
:10F9F0000F23FB73584B93F83E30C3F30213DBB273
:10FA0000072B00F2A18001A252F823F049FB183421
:10FA100049FB18342DFA183449FB1834ADFA183460
:10FA200049FB183449FB183449FB18347B6803F14F
:10FA300008007B6893F8701000230022FEF778FA24
:10FA40000346002B02D00C23FB7380E07B6803F19C
:10FA5000080007F10C0201230521FEF769FA0346AD
:10FA6000002B02D00C23FB7371E03B7B43F040037F
:10FA7000DBB23B737B6803F1080007F10C02012342
:10FA80000121FEF701FA0346002B02D00C23FB7381
:10FA90005DE064217868FFF781FC0346002B02D00B
:10FAA0000C23FB7353E00023FB7350E07B6803F1EE
:10FAB000080007F10C0202230521FEF739FA03467C
:10FAC000002B02D00C23FB7341E07B7B43F002034D
:10FAD000DBB27B737B6803F108007B6893F87010DE
:10FAE00000230022FEF724FA0346002B02D00C2349
:10FAF000FB732CE07B6803F1080007F10C02022382
:10FB00000121FEF7C1F90346002B02D00C23FB7341
:10FB10001DE064217868FFF741FC0346002B02D00A
:10FB20000C23FB7313E0FF237B737B6803F1080056
:10FB300007F10C0202230521FEF7FAF90346002B18
:10FB400004D00C23FB7302E000BF00E000BFFB7B8E
:10FB500018461037BD4680BD64031C3480B584B0A0
:10FB600000AF78600F23FB730023BB73194B9B8F8F
:10FB7000C3F30413DBB203F00103002B07D0786852
:10FB8000FFF732FF0346FB733823BB730CE0114BC6
:10FB90009B8FC3F30413DBB203F00403002B03D0E9
:10FBA0000023FB733523BB73FB7B002B0CD1BB7B8A
:10FBB000002B09D07B6803F10800B97B00230022E9
:10FBC000FEF7B6F90023FB73FB7B18461037BD46E2
:10FBD00080BD00BF64031C3480B584B000AF786082
:10FBE00039600423FB733B680E4A934206D03B689E
:10FBF0000D4A93420ED10023FB730EE07B6808335D
:10FC000000211846FEF72BFB0346002B04D10523E9
:10FC1000FB7301E000BF00E000BFFB7B184610371C
:10FC2000BD4680BD465350445346445080B58AB0CB
:10FC300000AFF8607A603B600B46FB72002387F8E8
:10FC400027300023FB763B680833982200211846B2
:10FC500000F0ECF83B68FA7A83F85C203B680022FD
:10FC600083F864203B687A689A663B68082283F8C8
:10FC700059203B680833F9681846FDF720FE3B68B9
:10FC800003F1080007F11003444A7968FDF7D8FD35
:10FC90003B6808331846FEF7D1FA07F11C031946F2
:10FCA0003868FEF7AFFB0346002B03D0FF2387F82D
:10FCB00027306CE03868FEF7DFFC0A20F1F73EFFE2
:10FCC00007F11C0319463868FEF79CFB0346002B1E
:10FCD00003D0FF2387F8273059E097F822203B68AC
:10FCE00083F89C2097F823203B6883F89D203B688D
:10FCF000083307F1140104221846FDF7C1FF3A7DCD
:10FD00003B6883F85D203868FEF7DAFB0346002B7A
:10FD100003D0FF2387F8273039E007F11B0319468A
:10FD20003868FEF785FD0346002B03D0FD2387F8D6
:10FD300027302CE0FB7E002B0DD13B681B68002B8D
:10FD400009D03B6803F108003B681A6807F110030B
:10FD50007968FDF775FD07F11C0319463868FEF751
:10FD600013FB0346002B03D0F22387F827300EE065
:10FD700007F114030622AA21184600F057F83B6841
:10FD8000083307F1140104221846FDF779FF97F9AB
:10FD9000273018462837BD4680BD00BF80F0FA02E4
:10FDA00080B483B000AF78607B68002283F85E2067
:10FDB000002318460C37BD465DF8047B704790B5AC
:10FDC00087B002AF78600023FB737B6803F1080003
:10FDD0007B6893F876107B681B6DDAB27B6893F8CA
:10FDE000753000240094FEF7B0F90346002B01D0D3
:10FDF000F323FB7397F90F3018461437BD4690BDB7
:10FE000080B584B000AF78600023FB737B68083353
:10FE10001846FEF713FA0346002B01D0F323FB73B9
:10FE200097F90F3018461037BD4680BD024403468F
:10FE3000934200D1704703F8011BF9E770B50D4DEF
:10FE400000260D4C641BA410A64209D10B4D0026C0
:10FE50000B4C00F025F8641BA410A64205D170BD20
:10FE600055F8043B01369847EEE755F8043B013658
:10FE70009847F2E71CFF18341CFF18341CFF183495
:10FE800020FF18340A44431E914200D1704710B538
:10FE900011F8014B914203F8014FF9D110BD000058
:10FEA000F8B500BFF8BC08BC9E467047F8B500BF67
:10FEB000F8BC08BC9E46704700080402040804060B
:10FEC00009080914090A0910000021003200420043
:10FED000500064008500A600C800FA000A014D0128
:10FEE00090010000010002000400060008000A0062
:10FEF0000C001000200040008000000110000001F4
:10FF0000A00F00FA1000000000010000A00F000088
:10FF100000FA0000A808FF7F0100000071071834F4
:10FF20004D0718340090D00300100052000000006C
:10FF300010000000010000000000000000000000B0
:10FF40007FE97FE9F1F730BC00000000000000000D
:10FF500000000000000000000000000000000000A1
:00000001FF
