:02000004703852
:100000000B8DDEBE3F636DBD309644BF3F636DBE5A
:10001000000000003F636D3C075E94BE6F0A323EF5
:10002000559F2A3F3B3423BE6F0AB23DEDF28CBE92
:1000300073397CBEF121D7BEEDF28C3E075E14BE53
:10004000075E14BE3B34233E73397CBE73397CBEDD
:10005000559FAA3E075E943E6F0A32BD3F63ED3D59
:100060003F636DBCD7B6CFBD075E14BE59CEF4BE9C
:100070003F63ED3CD38705BE6F0A323D7339FC3ECA
:1000800025F8E5BE3F63ED3C25F8E5BE3F636DBE58
:100090003F63EDBD3F636D3D6F0A32BE6F0AB2BD77
:1000A00021C99B3E46D201BF6F0A323E075E943D96
:1000B0003B34A3BEEDF28CBE8975B9BE73397C3E6C
:1000C0003F63ED3C075E14BE3F63EDBDD7B6CFBDC9
:1000D000D7B6CF3D6F0AB2BD075E94BD8975B9BE74
:1000E0003B3423BE3F63ED3D6F0AB23E0B8D5E3E57
:1000F000D387053E075E94BD075E143EEDF28C3E4D
:100100003F636D3CD7B6CF3D6F0A32BD8975B93EAE
:100110003B3423BEEDF28C3E3B34A33E6F0A32BD2E
:100120006F0AB23E3F63EDBC3F636D3E3B3423BE7E
:100130007339FCBE6F0A323D73397CBE000000008B
:100140003F636D3CD38705BE075E943E3B34233F3F
:10015000D38705BED7B6CFBD0B8D5EBE6F0AB2BDCD
:10016000EDF28CBE7339FCBE3F63EDBD3F636DBEE7
:10017000EDF28C3ED38705BE3F636DBD0B8D5E3EB9
:100180006F0A323E3F63ED3DD7B6CF3D25F8E53EE1
:100190003F63EDBC3B34233ED7B6CF3E075E943E73
:1001A000075E143F6F0AB23E6F0A32BE6F0A32BE5C
:1001B00000000000D7B64FBE3F636D3C0B8D5EBEA6
:1001C0003B3423BE3F636D3DF121D7BEEDF28C3E43
:1001D000075E143E3F636D3D3F63ED3C3F63ED3C86
:1001E000D7B64FBE559F2ABF3F636DBF6F0A323DE2
:1001F0003F63EDBC075E143E559FAA3ED387053F83
:10020000075E14BEA3E0403EA3E040BE73397C3ECF
:100210003F63ED3CA3E0403E3F636D3D3F63EDBD7A
:10022000075E943DF121D7BEA3E040BE0000000070
:100230003F63EDBCD387053E6F0AB23D3F636DBDA2
:100240000B8D5EBE0B8D5E3EBD4BC8BE6F0AB23DD0
:10025000075E143E6F0AB2BD075E943E3F63ED3DFC
:10026000AE7E1FBF075E14BE46D201BF6F0A32BE0C
:10027000D38705BE25F8E53E7AA8103F3F636DBDE4
:10028000075E943D0B8D5E3EA3E040BE21C99BBE40
:10029000000000006F0A323EA3E0C0BE075E14BE3D
:1002A000A3E040BE075E94BD000000000B8D5EBE63
:1002B0006F0AB2BE3F636DBDD7B64FBEF121D7BE48
:1002C000D38705BFD7B6CF3DD7B64FBEA3E0C0BEDC
:1002D00021C99BBE21C99B3E3F636DBD3B34233E7C
:1002E000BD4BC8BE3F636D3E075E94BE6F0A323D94
:1002F000D7B6CFBD7AA810BFEDF28CBE3F63EDBC80
:100300003F63ED3D3F63ED3DD38705BE075E94BD82
:10031000D7B64FBE3F63ED3DD38705BE3B34A33E0A
:100320003B34A33E646C53BF00000000075E943D65
:10033000075E94BD73397CBED7B6CFBD6F0A323D20
:10034000D7B64FBE3B34A3BE075E94BDA3E0C0BE8C
:100350000B8D5EBE6F0AB23D6F0A32BD3F63EDBDCD
:1003600046D201BF075E143E3F63ED3C0000000033
:100370003F636D3CD38705BF3F63ED3DD7B64FBEAE
:10038000D7B6CF3D0B8D5E3E21C99BBE25F8E53E1D
:10039000D38705BE3F636DBD3F636D3E3F63EDBCDC
:1003A0003F63EDBC603D09BFD7B64FBE3B3423BEB3
:1003B000075E94BED387053E6F0A32BD0B8D5E3E4D
:1003C000A3E0C0BEA3E0C0BED387053E3F636D3C43
:1003D000D7B6CFBD6F0AB2BE075E94BD075E94BDAF
:1003E0006F0A323D21C91BBF3B3423BE3B3423BEC1
:1003F000D7B6CF3D8975B9BE000000003B34A33E9F
:10040000075E14BE559FAA3E075E94BDEDF28C3E7A
:100410006F0AB2BD3F636D3C075E943D3B3423BE23
:10042000559F2A3F3F636D3D559FAABEA3E0C0BEC6
:10043000075E94BE3F636D3D6F0A323D3F63EDBD85
:10044000E2542EBFD7B64FBE3F63ED3DEDF28CBEFA
:10045000F121D73ED38785BE6F0A32BD3F63EDBC25
:10046000559FAABEF12157BF3B34A33E8975B93EC3
:10047000EDF28CBE603D09BF075E143E8975B93E42
:100480003F63EDBD3F636D3D075E943D6F0A323DB6
:10049000075E143E3F636D3D6F0A32BE6F0AB23D88
:1004A000D7B6CFBD3B34A3BE6F0AB2BD6F0AB23D13
:1004B000603D09BF075E94BD0B8D5E3E6F0AB2BD05
:1004C000075E943D3F636D3C3F636DBD6F0AB23D77
:1004D0003F63ED3E3F636DBC6F0AB23D73397C3EB6
:1004E000D7B64FBE075E94BED7B6CFBD3F636DBCD7
:1004F000D7B6CF3DD38785BE21C99B3E8975B9BE8E
:100500003F636D3E3F636D3E3B34233FD7B6CFBD67
:100510003F636DBC6F0A32BED38785BE075E94BD54
:10052000559FAABE6F0A32BDD387853E3B3423BE9A
:100530003B3423BE6F0AB23D00000000F121D7BE5C
:10054000EDF28CBED7B6CFBD6F0A32BDD38705BEE4
:100550003B3423BEEDF28CBE6F0A32BDD38705BE9D
:1005600073397CBED7B6CF3D3F63EDBD00000000C0
:100570006F0A32BDD38705BE0B8D5EBED38785BEA5
:100580003F636DBED7B6CF3D21C99BBE3F636D3C77
:100590006F0AB2BD3F636DBE6F0A323E3F636D3E70
:1005A0003F63ED3D4A014CBF075E14BED7B6CF3D59
:1005B000559FAABE000000006F0AB2BE3F636D3CAB
:1005C0003F63EDBC6F0A32BDEDF28C3E3F63EDBE82
:1005D0006F0AB2BD3F636DBD3F636D3D6F0AB23EB2
:1005E000D38785BEF121D7BE075E143ED7B6CF3D77
:1005F0006F0AB23ED7B6CFBD6F0A32BF559F2ABF32
:10060000EDF20CBF075E94BD603D09BF6F0AB23EBC
:100610006F0A32BD6F0AB2BD0B8D5E3E6F0A323D6E
:10062000D387053FD38705BE559F2ABF25F8E5BE72
:10063000603D09BF3F636DBDD7B6CFBDD387853E53
:10064000075E94BE0B8D5EBE3F636D3EF121D7BE4B
:100650003F63ED3C3F636DBE075E143E3F63EDBC00
:10066000075E14BED7B64FBE897539BF73397CBEDD
:10067000075E943DD7B64F3ED387053ED7B6CF3DF4
:1006800025F8E5BE6F0A32BE3F63ED3E3F636DBCA9
:10069000000000006F0AB23D075E94BDAE7E1FBF32
:1006A0000B8DDE3E3F63ED3D3B34A3BE3F63EDBDAE
:1006B000F121D7BE3F63ED3D6F0A323EA3E0403EDD
:1006C000D7B6CF3D8975B9BE3F636D3EBD4BC8BE41
:1006D0003F63ED3D7339FCBE075E143E3F636D3DE5
:1006E000F121D7BED7B64FBE075E943D075E143EDC
:1006F0000B8DDEBED7B64F3E075E94BD3F63ED3D2A
:10070000D7B6CFBD3F63EDBD3F63EDBD73397CBE52
:100710000B8D5E3E6F0AB2BD6F0AB2BEEDF28CBEAB
:1007200073397CBE559F2ABF3F63EDBC3F63EDBD6F
:10073000D38705BE73397C3E6F0A32BD3F636DBD02
:100740003F636DBD603D09BF3B3423BE3F636D3DDC
:10075000D7B6CF3DE2542EBF3F63EDBC6F0AB23D2A
:10076000075E14BE59CEF4BEEDF20C3F3F636D3D03
:100770006F0AB23D3F63ED3C0B8D5EBEEDF28CBE69
:10078000941318BF3F63ED3C7339FCBEA3E040BE39
:100790006F0AB2BD6F0AB23D3F636DBD3F636D3CF2
:1007A00073397CBED7B6CF3DA3E0403E075E943D93
:1007B000EDF28CBED38705BE8975B93ED7B64FBE64
:1007C0006F0AB2BDA3E040BE3B34233E3B34233E20
:1007D0000B8D5E3E075E14BE3F63EDBDD7B64F3E48
:1007E000000000003F63ED3E46D201BF0000000064
:1007F0003B34A33EEDF28C3ED7B6CFBD3F63EDBD9B
:10080000D38705BE3F636DBDA3E0403E3F63EDBCB3
:10081000075E94BD6F0AB2BDD7B64F3ED38785BE83
:100820006F0A32BD6F0A323D3B3423BED7B6CFBD0F
:10083000000000000B8DDE3E075E94BE3F636D3C02
:10084000D387853ED7B6CFBDD7B6CFBD6F0A32BEF0
:10085000075E143E3F63EDBD6F0A323D59CEF43E54
:10086000D7B6CF3DD7B64FBEEDF20CBFD38705BE8E
:100870003F636DBDD387053ED7B64FBED38705BF57
:10088000075E143E3F63EDBD3F636D3E3F636D3DCC
:10089000D7B6CF3DA3E040BE6F0A323D3B34A3BE86
:1008A0003F63EDBCD387053E3F636DBD6F0A32BD2C
:1008B000D7B6CF3DA3E0403EEDF28CBE3B34233EA5
:1008C0006F0AB2BD3F636D3D6F0A323E7AA810BF1A
:1008D0003B34233ED7B6CFBDD387053E3F636D3D46
:1008E000075E14BE73397CBE6F0A32BD075E94BECC
:1008F00025F8E5BE075E94BDF121D73E6F0AB2BE72
:100900006F0AB23D6F0A32BE3B34A33E21C99BBE83
:100910003F636D3C6F0A323D6F0AB2BE25F8E5BEFB
:100920000B8DDEBE73397CBE73397C3E075E14BE10
:100930003F636D3DD7B64FBE3F63ED3C075E943DD0
:100940006F0A323E6F0A323E3F63ED3DD7B64FBE6F
:100950003F636DBD3F636D3DD7B6CFBDD7B64F3E4C
:100960003F63ED3DD7B6CF3D075E943D3F636D3DA0
:100970003F636DBDEDF28C3E3B34233E3F63EDBCE7
:10098000075E943E6F0A32BED387053E6F0AB2BE41
:100990003F636DBC075E943D6F0AB2BE3F636D3C22
:1009A0006F0A32BDF12157BF3F636DBC3B3423BE9C
:1009B0003F636DBD3F636DBED7B64F3E3B34233EB4
:1009C000D7B6CFBD73397CBE3F636D3C075E143E26
:1009D000A3E040BE00000000D38705BE075E143EC2
:1009E0003B34A33EFCBF35BFD387053E6F0A323D83
:1009F0003F636D3C3F63ED3C3F636D3C3F63EDBD4A
:100A0000075E94BED38705BEEDF28C3E0B8D5EBEB5
:100A1000D7B64F3ED7B6CFBD3F63EDBDBD4BC8BEC9
:100A2000A3E040BF3B34233ED7B6CF3E0B8D5E3EA6
:100A3000D7B6CFBDD7B64F3E0B8D5E3E3F63ED3D83
:100A40003F63EDBC6F0AB2BDF121D73E6F0AB23DE4
:100A5000F121D73E6F0A323D3F636D3E075E94BD84
:100A60003F636DBD3F636DBEBD4BC8BE3F636D3C14
:100A70003F63ED3ED7B6CF3DA3E0403EA3E0C0BE0E
:100A8000D7B64F3ED38705BE8975B93E6F0AB23DD2
:100A9000D7B64F3E3F63EDBC8975B93E7339FCBE96
:100AA00025F8E5BE3F636D3DD7B64FBE0B8D5EBEEC
:100AB0003F636DBC7339FC3E3F63ED3CD7B6CF3D21
:100AC0003F636DBD3F63EDBDD7B6CF3D3F636DBDA9
:100AD0006F0A323E075E94BDD387053EEDF20C3FB0
:100AE0008975B9BEE2542EBF46D201BF3B34233EC6
:100AF0003F636D3C6F0AB23DD7B6CF3D21C91BBFE6
:100B00006F0A323D3F63ED3C3B3423BEEDF28C3E39
:100B10003F63ED3D73397CBEEDF28C3E3F636DBEAD
:100B2000BD4BC8BE3F63EDBC6F0A32BE6F0A323D9B
:100B3000D7B6CF3DF121D73E00000000D7B64F3EDB
:100B40003F636D3D6F0A323D075E94BD73397CBED5
:100B5000075E143E3F63EDBD6F0A323ED7B64F3E8F
:100B600025F8E5BE3F636DBEEDF28C3E3B3423BFFE
:100B700021C99BBE3F636DBC0B8D5E3E59CEF4BE5A
:100B80006F0AB23D6F0A323D559FAA3E3F636D3DED
:100B90003F63ED3C3F636D3C3F636D3C559FAABE98
:100BA000EDF20CBF0B8D5EBE6F0AB23DD7B6CFBD66
:100BB0003F63EDBD3F636DBDEDF28C3ED38705BE57
:100BC00073397CBEEDF28C3ED387053E3F63ED3D2D
:100BD0006F0A323D6F0A323D3F63EDBDD387053E5C
:100BE000559FAABE6F0A32BE3F636D3CD38785BE58
:100BF000075E143E075E94BDD7B64FBE075E14BFB6
:100C00000B8D5EBE3F636D3D00000000D7B64FBE4A
:100C10006F0A32BDA3E0403E3B3423BE603D09BFB6
:100C2000941318BFD38785BE8975B93E075E943D7E
:100C30003F636DBC6F0AB2BE3F636D3D6F0AB2BDCC
:100C4000075E143E3F636DBC075E943E3B34A33E9B
:100C5000075E94BD0B8D5E3ED7B6CFBDD387853E74
:100C60003B3423BE162B3DBF73397CBE3B3423BEC1
:100C7000075E94BD075E94BDD7B64FBEBD4BC8BEE0
:100C8000D631073E1118983ED63107BED631073D02
:100C90004CFE283E4CFE283ED63187BEC1CACABD96
:100CA00036976CBED631073DD631873D111898BEB8
:100CB0002E8B20BFC1CACABD4CFE283E717DFD3EB1
:100CC000C1CA4A3EC1CA4A3E2E8B203FD63187BE9A
:100CD000D631073DC1CACA3DFCB0DBBE36976CBEFB
:100CE0004CFEA8BED63107BED63107BFD631873DF0
:100CF000D631073D3697ECBED631073ED631873D1B
:100D0000D63107BE717DFDBEC1CA4ABE00000000DB
:100D1000D631073E4CFEA83E111898BEC1CA4A3EC5
:100D2000000000004CFEA83ED631873ED63107BEFB
:100D3000111818BFD63107BDD63107BEC1CACA3E89
:100D4000D631073D3697EC3ED63187BE4CFE28BEE5
:100D50004CFE283E36976C3E36976CBE4CFE283EC5
:100D60004CFEA8BEC1CACABE4CFE28BED63107BEC4
:100D7000C1CACA3DFCB0DBBEC1CACA3DC1CA4A3EF7
:100D8000D63107BF697131BF00000000D631873D01
:100D9000D631873ED631873D4CFE28BEC1CACABD7A
:100DA000FCB0DB3ED631873E36976C3ED63187BEEF
:100DB000192464BFD631073DFCB0DBBE1118183FC3
:100DC000D631873D4CFE283EA45742BFC1CA4ABE19
:100DD0004CFE283E4CFE283EC1CA4ABE86E4B9BE3F
:100DE000111898BE86E439BFC1CA4ABE36976CBE98
:100DF000D63107BDC1CACABED631073ED631073D7E
:100E00003697ECBE4CFEA8BED63107C04CFE283E3D
:100E1000D631873E4CFE28BED631073D4CFE28BE5B
:100E2000C1CA4A3EC1CA4A3EC1CA4A3ED63187BE3D
:100E3000C1CACABD000000004CFE28BEC1CACA3EDD
:100E4000D631873DC1CACABD86E439BF86E4B9BE82
:100E5000D631073ED631873DD63187BE717DFDBE86
:100E6000111898BEA45742BF86E4B9BE4CFE28BEF6
:100E7000D63187BDD63187BE36976C3ED63187BE18
:100E8000C1CACA3D36976CBED63107BE4CFE283E5D
:100E900036976C3EFCB0DBBED631073DC1CACABD39
:100EA000C1CACA3E4CFEA8BEC1CA4A3ED63187BEA0
:100EB000FCB0DB3ED631073D36976CBE000000002B
:100EC0004CFE283F00000000F3A48FBFC1CA4ABEF9
:100ED00086E4B93ED631073DD63187BD4CFE28BEEB
:100EE000C1CACA3D86E4B93E4CFEA8BE111818BF5F
:100EF00036976CBE86E4B9BE4CFE283ED63187BE1E
:100F000086E4B93E4CFEA83E36976CBE1118983E5A
:100F10000000000000000000C1CA4A3ED631073D73
:100F2000D63107BD86E4B9BED63107BDFCB0DBBE05
:100F30003697ECBED631873D86E4B9BED631073E42
:100F40000000000000000000C1CACA3DD63107BE43
:100F5000717DFD3ED631073D697131BF4CFEA8BEA3
:100F600036976C3ED63107BE36976CBFD631873D7B
:100F700086E4B9BE36976C3E1118983E1118983E1B
:100F80004CFEA83EC1CACA3D4CFEA8BEC1CA4A3EDC
:100F9000D63187BDD63187BED631073DD631073E23
:100FA0003697ECBE36976CBED631873DD631073DBD
:100FB000C1CACABDC1CACABDD63187BDD631873DF7
:100FC000FCB0DB3E86E439BF4CFE28BED63107BDFF
:100FD0002E8B203FC1CA4A3EF3A40FBF2E8B20BFE9
:100FE0001118983EFCB0DBBED63187BD0000000072
:100FF000D631073ED631073DC1CACA3DD63107BEFC
:101000004CFE283E000000004CFEA8BED631073D35
:10101000C1CACABDD63107BF00000000D631873D26
:10102000D63107BD36976CBEC1CACA3DD63187BE20
:10103000C1CACABDC1CACA3DD63187BEC1CACA3E2D
:10104000D631073EA45742BF4CFEA8BED63187BE5C
:10105000C1CA4A3ED63107BE3697ECBED63107BE6E
:10106000C1CA4A3ED63107BED631073E0000000055
:10107000C1CACABDD63107BEC1CA4ABE4CFEA8BE4F
:10108000D631073DD63107BD2E8B20BFD63187BD67
:10109000000000004CFE28BEC1CACABDD63107BD43
:1010A000FCB0DB3EC1CACABD000000004CFEA8BFB8
:1010B000D631873E36976C3ED63187BD86E4B93E41
:1010C000C1CA4A3ED63187BEFCB05BBFF3A40FBF96
:1010D000D631073D36976CBE86E4B9BED631073EA1
:1010E000C1CACABDD63107BED63107BDD63107BE8B
:1010F000111898BEC1CACA3DD63187BDD63107BEC8
:101100004CFE283EC1CACA3DF3A40FBF0000000038
:10111000D631073DC1CA4ABED63107BED63187BDDA
:101120004CFE28BED63187BEC1CACA3D2E8B20BF19
:1011300036976C3E1118983E36976CBE36976CBE4B
:10114000D631073E4CFE283EC5D0F0BFD63107BE93
:101150004CFE283ED63107BF4CFE28BED631073D97
:10116000D63107BDD631873EC1CACABD111898BE57
:10117000D63107BFD63107BD36976CBED63107BE14
:1011800086E4B93ED631073D4CFE28BE0000000083
:10119000D63187BD4CFE28BF36976C3E192464BFFC
:1011A000C1CACA3D111898BEC1CACABDD63187BED0
:1011B000D63107BED631873DC1CACABDFCB05BBFC0
:1011C000D63107BED63187BD36976CBEC1CA4ABE7E
:1011D000D631873D111898BE00000000D63107BEF9
:1011E000C1CACA3E4CFE283E717D7DBF4CFE28BE62
:1011F000D631073DC1CACA3D717DFDBED631873E9D
:1012000086E4B93ED631873ED63187BDC1CACA3DD4
:1012100000000000C1CA4ABED631073D540A75BF5E
:101220003697ECBED631873DD631873DC1CACA3D1F
:10123000D63107BEC1CACA3DD63107BDC1CACABE72
:10124000D631873D4CFE283E111898BE4CFE28BE74
:10125000D63107BD111898BED63107BD4CFE28BE49
:10126000D631073ED63107BE3697ECBE4CFE28BEBF
:10127000D631073ED631873D4CFEA8BE4CFE283EF7
:10128000D631873E4CFEA83EC1CACABDC1CA4ABEBD
:10129000D631073DC1CA4ABED631073D86E4B9BE44
:1012A000717DFDBED63187BD1118983EC1CA4ABEB8
:1012B000111898BEC1CACA3DD63107BD111818BF52
:1012C000D63187BE4CFEA83ED631073E36976CBE5F
:1012D000D63187BD3697ECBED63107BED631073D35
:1012E000C1CACABDFCB0DBBED63107BDD63187BD91
:1012F00000000000C1CACABD697131BF4CFE28BEE2
:10130000D63107BD36976C3EC1CACABED63107BEBC
:10131000D63187BDD63187BDC1CACA3D36976CBEAE
:10132000D63187BDFCB0DBBED631873E111818BF61
:101330004CFE28BED631073ED631873D86E4B9BE85
:10134000F3A40FBFF3A40F3F4CFEA83EC1CACABD11
:10135000C1CA4ABE111898BEC1CACABDD631873E9D
:1013600036976CBEFCB0DBBE4CFEA83EC1CA4ABE7E
:10137000D63107BE4CFEA8BEFCB0DB3E86E4B9BE4B
:101380004CFE28BED63107BDFCB05BBFD63107BDD1
:10139000D63187BD00000000D631073ED63187BE6A
:1013A000D63187BEC1CACABD4CFE283E717DFDBE86
:1013B000C1CACA3D00000000D631073D86E4B9BE6F
:1013C000A45742BF2E8B203F111818BF0000000009
:1013D000D631073ED63187BED63107BE1118983EAA
:1013E0004CFE283ED63107BFC1CACABD4CFE28BE3E
:1013F0002E8B20BFD63187BD86E4B9BE4CFE28BEF9
:1014000086E4B93ED63187BE1118983E111898BEB1
:1014100036976CBE1118983E00000000D631073D8B
:10142000FCB0DB3E111898BED63187BE4CFE28BEFC
:10143000C1CACABE4CFEA8BED63107BDD631873D53
:10144000D63107BD111898BEC1CACABED63187BEF3
:101450004CFE28BFD63107BED631073E36976C3ECC
:10146000C1CA4ABED631073EC1CA4ABFD63187BDBE
:1014700000000000C1CA4A3E4CFE283ED63107BDDE
:10148000D631073D4CFE28BE4CFEA83ED63107BEE5
:10149000C1CA4ABEFCB0DB3EC1CACA3DC1CA4ABECF
:1014A0004CFE28BE4CFE28BEC1CACABED63187BD7E
:1014B000C1CACABEC1CACABDC1CACABD1118983EF6
:1014C000C1CA4A3E00000000D63107BFC1CA4ABEA9
:1014D000111818BFC1CA4A3EC1CA4ABEC1CACA3DD4
:1014E000F3A40FBFFCB0DBBE111898BE00000000D3
:1014F000D631073DD631073DD631873ED63107BDBF
:10150000F3A40FBF4CFE28BED631073DD63187BDB0
:101510004CFE28BEC1CACABDD631873D4CFE28BE8E
:101520001118983EC1CACA3D111898BED63187BE5F
:10153000D63187BED63187BED63187BDC1CACA3E35
:10154000D631073ED631073FD63187BE4CFE28BE86
:10155000717DFDBE000000004CFE28BED631873EE6
:101560004CFEA8BEC1CACABE540A75BF4CFEA8BE76
:10157000C1CA4A3E111898BED63187BEFCB0DBBE48
:10158000717DFDBE4CFE28BE111898BED631873D38
:10159000C1CACABDD63107BED631073ED63187BDD6
:1015A00036976C3EC1CACABE4CFEA8BE86E4B9BE20
:1015B000D63107BD4CFE28BE0000000036976C3EB9
:1015C000D631073ED631073F2E8B203F4CFE283EBA
:1015D0003697ECBED63187BDD63107BED631073E31
:1015E0004CFEA8BE36976CBE3697ECBED63107BD12
:1015F000D631073F86E4B9BEFCB0DBBE4CFEA8BEC8
:10160000D63107BDD63107BD111898BED631873DFA
:10161000C1CACABDC1CA4ABED63187BD36976CBEE3
:10162000D63107BE86E439BFFCB0DBBEC1CA4ABEB4
:10163000C1CA4A3ED63107BDD63187BDD631073E35
:10164000D63107BF86E4B93E86E4B93E36976C3E94
:1016500086E4B9BE111898BED63187BED631073E92
:10166000C1CACA3DD63187BDD63107BED631073D86
:101670004CFE283F4CFE28BE86E4B9BE4CFE28BE78
:101680004CFE28BFFCB0DBBEC1CACA3E86E4B9BE70
:10169000D63107BD36976C3ED631073DD63107BEF1
:1016A00086E4B9BE36976CBFD63187BDD63107BE4A
:1016B000D63187BDC1CACABDD63187BD4CFEA8BED2
:1016C000C1CACA3D00000000717D7DBFD63187BE12
:1016D000111818BFFCB0DBBED63107BED631073EAD
:1016E000D63107BF4CFE283EC1CA4ABF00000000E9
:1016F000D63187BD4CFE283E4CFE28BE4CFEA8BE0F
:1017000047F882BFFCB05BBFD631873E4CFE28BE97
:10171000D63107BED631073DD631073E4CFEA8BEB6
:10172000111898BED63187BFC1CACABDD63107BD10
:1017300000000000D631073DD631073DD63187BDC8
:10174000D631073EFCB0DBBEFCB0DBBE36976CBECC
:10175000D63187BE111898BE4CFE28BED63187BD43
:101760003697ECBED631873DFCB0DBBEC1CA4ABE5F
:10177000C1CA4ABEC1CACABD00000000D63187BD79
:10178000697131BFDE3D53BF3697EC3E36976CBE74
:10179000C1CA4ABED63107BD00000000D63107BD20
:1017A00086E4B9BEDE3D53BFD63187BD86E4B9BEFF
:1017B000D631073ED631073D00000000D63187BD47
:1017C000D631073ED63187BED63187BDD63187BEEA
:1017D00036976CBEC1CACABDD63107BED631873D69
:1017E000FCB0DBBED631073DDA37ADBFD631873D21
:1017F0000000000036976CBED63107BED63107BF59
:1018000086E439BF86E439BFD631873D36976CBE52
:10181000D63107BEC1CA4ABED63107BDD63107BDD3
:10182000D63107BD5004CFBFD63187BEA45742BFC3
:10183000C1CA4ABED63187BDD631873DC1CACABDED
:101840004CFE283E4CFEA83E111898BE111898BEBA
:10185000111898BE36976CBE36976CBEC1CACA3E88
:10186000111898BE00000000D63187BF00000000AC
:101870004CFE283ED63187BE36976CBE3697ECBEFE
:101880002E8BA0BFD63107BFC1CA4ABEC1CA4ABE4D
:10189000D63187BDD63187BED63107BD111898BE67
:1018A000111898BE80DB00C086E4B9BE4CFE28BE8D
:1018B0001118983ED63107BEC1CACABD36976CBE54
:1018C000111898BEC1CA4A3E111818BF36976C3E0F
:1018D000D63187BEFCB0DBBE111898BEC1CACA3E65
:1018E000D63187BED631073D82DE93BFC1CACABE9C
:1018F000D63107BE36976CBEC1CA4ABEC1CACABE7F
:101900005216CE3E843493BE3A87EB3D6BA5303EF3
:101910003A876BBDD1049DBCD1041DBD3A876BBE17
:10192000D1049DBCD4277F3E3A87EB3D3A87EB3DFF
:10193000376409BE3A87EB3D3A876B3E0546443E25
:10194000D1049D3D1ED5263F9FE6573E3A876BBE8C
:101950008757F53E3764093E6BA5303ED1041DBD67
:10196000D1041DBD8757F5BE5216CEBE0546443E76
:101970006BA530BED4277F3E6BA530BE3A87EB3DCA
:10198000D1041DBED1049DBD0546C43ED4277FBEF3
:10199000D1049D3CD1049DBC9FE6D7BED427FFBE99
:1019A000D1041D3E0546443ED1041DBDD1049D3CDD
:1019B0003A876BBD054644BFD1041DBD3A87EBBED7
:1019C0000546C4BE45BD2B3F376409BED1049DBD4D
:1019D000D1049D3C000000006BA5303E376409BE79
:1019E000000000000546C43D843493BE0546C4BDD6
:1019F000D1041DBED1041D3D9FE657BE3A87EB3D85
:101A00009FE6D7BE054644BE00000000376489BE8D
:101A10000546C4BD376409BED1041DBED1049D3C3A
:101A20000546C4BE0546443ED1049DBD9FE657BE53
:101A3000D1049DBD3A87EBBDD1049DBCD4277FBEA8
:101A40000546C4BD3764893ED1041DBED1049DBE88
:101A50006BA5303ED1041DBED1049D3E3A87EBBD3F
:101A60006BA5303E00000000D1049DBCD1041DBD1B
:101A7000D1049DBD3A87EB3D0546C43DD1041D3ED2
:101A80001ED5A6BED1049DBCD1049DBD6BA5303E24
:101A9000D1049D3C9FE657BED1049D3DECB6E1BE0E
:101AA0001ED5A6BE3A87EB3DD1049DBCD1049DBD99
:101AB000D1041DBD8434933E8434933E3A876B3DFC
:101AC0009FE657BE0546443E3A876B3D054644BFF8
:101AD0005D4C0E3F6BA530BE3764893ED1049DBE80
:101AE000D1049D3C3A876BBD3A876BBD3A876B3D0D
:101AF0003A87EBBD3A876B3ED1049D3E6BA530BE65
:101B00003A876BBED1041DBEF8EC21BF3A876B3D0E
:101B1000D1049D3DD1049DBDD1049D3C6BA530BF3A
:101B20003A87EBBDD1041D3E0546C43DD1041DBD21
:101B30000546C43D3764893ED1049DBD5216CEBED4
:101B40009FE6573ED1041DBDD1049D3CD1041DBE6E
:101B5000ECB6E13ED1041DBD3764093E9FE657BE99
:101B6000376489BED427FFBE376409BF0546C43D2C
:101B7000B875BABE3A87EB3DD1049DBD0546C4BEDB
:101B8000D1049DBCB8753ABFD1041D3DD1041DBE22
:101B9000D4277F3E843493BE3A876BBD0546C4BECE
:101BA0000546C4BD3A87EB3D0546C43D3A87EB3D4B
:101BB0000546C4BDD1041D3E000000003A876B3EBF
:101BC0006BA530BED427FF3ED1041D3D928D35BF9D
:101BD0009FE6D73E0546C4BDD1041D3D3A87EB3D87
:101BE0003764093E5216CEBED1049D3C0000000071
:101BF0000546C43D3A876B3D1ED5A6BED1041D3DAA
:101C000024F086BFDF5D3FBF376409BEB875BABE3A
:101C10009FE6573E376409BE8757F5BE843413BF2D
:101C20000546C43D3764093E3A876B3D3A87EBBDB4
:101C30003A87EBBD054644BF9FE6573E6BA5B0BE55
:101C4000B875BABE3A87EB3D9FE657BED427FFBEB4
:101C50003A876B3D00000000D1049D3CD1041DBEBD
:101C60006BA5303E376409BED1041DBDF8EC21BF21
:101C70006BA5303ED1049DBDB875BABE3A876BBD29
:101C800052164EBF5D4C0EBF000000009FE657BECF
:101C9000D1041D3D3A876BBE376489BE9FE6573E2F
:101CA000D1049DBC3A876BBDD1041D3DD1041DBE3E
:101CB0003A87EBBDF8EC21BF3764093E3A87EBBDAC
:101CC0006BA530BED1041D3E376489BE0546C4BE37
:101CD0009FE6573ED1041D3D6BA5303E3A87EBBDD4
:101CE0003A876B3D00000000054644BE5216CEBE4A
:101CF000D1049D3DD1049D3D6BA5B03ED1041D3E58
:101D00000546C4BED1041D3D3A876BBDD1041D3DBF
:101D10006BA530BEB875BABED1041D3D9FE657BE57
:101D20009FE6573E0546C43D3A876BBDB875BABEBF
:101D30009FE657BE0546443E3A876B3D6BA5303E55
:101D40000546443E0546443E054644BED1041DBFFB
:101D50006BA5B03E3764093E3764093E1ED5A6BE6A
:101D6000AA1C18BF000000009FE6573ED1041D3D8D
:101D7000D1041DBD3A876BBD8434933E3A87EBBED8
:101D80009FE657BE9FE6573EF8EC21BFD1041D3EAB
:101D90003A87EB3D3A87EB3D3A87EB3D5D4C0EBF12
:101DA000B875BA3E6BA5303ED1041DBE6BA5B0BE62
:101DB00000000000D1049D3D6BA5303ED4277FBEBE
:101DC0009FE6573E376409BE3A87EBBD0546C43DE2
:101DD0006BA5303ED1041D3D0546443ED1049DBE59
:101DE0006BA530BFD4277FBE843413BFD4277F3E7A
:101DF000376489BE3A876BBD00000000107C04BFC9
:101E00003A876B3ED1049DBD0546C4BD0546C4BEA0
:101E10003A87EB3D000000003A87EBBD3A876BBE86
:101E20000546C4BDD1049D3C3A876B3DD1041DBD20
:101E30001ED5A6BED1049D3D00000000D1041D3E6C
:101E4000376489BE3764093ED1041D3DD427FFBEE7
:101E50005D4C0E3FD1049DBD00000000D1041D3D2E
:101E60003A87EB3D3A876BBE0546C4BDD4277F3E1B
:101E70003A87EBBDD1049D3DD1049D3C3A876BBDB3
:101E8000054644BE6BA530BE6BA5B0BE0000000089
:101E90006BA5303E3A87EBBD5216CEBED427FFBEAF
:101EA000D1049D3DD1049D3DD1049DBC376409BE44
:101EB000D1049DBED4277FBFD1041D3D1ED526BFB2
:101EC000D4277FBED1041DBD000000000546C4BE5E
:101ED000D1049D3DD1041DBDD1049DBC6BA5B0BEF8
:101EE0000546C43D843493BED427FFBE054644BF97
:101EF0003A87EBBD376409BE843493BED1049DBDDF
:101F00009FE6573E376489BE107C04BFD1049DBD57
:101F1000D1049DBDD1049DBED1041DBED1041D3E82
:101F2000928D35BF6BA5B0BED1041D3D376409BE8F
:101F30003A87EBBDD1049DBF376489BED1049DBEF5
:101F4000376409BED1041DBE6BA530BE376409BF1E
:101F50000546443E3A876BBE3A87EB3DD1049D3C33
:101F60005216CEBE1ED5A63ED1041D3ED1049DBD47
:101F70003A87EB3D3A876BBD9FE657BE376409BE93
:101F8000D4277F3E3A876B3DD1049D3C0546C4BDB6
:101F90003A876BBE0546C4BE3A876B3E3A876BBD37
:101FA000D1049D3D3764893E3A87EBBDD427FFBEFF
:101FB0003A876B3D0546C4BD3A876BBD3764893EA1
:101FC0000546443ED1041DBE0546C4BEDF5D3FBF8D
:101FD0006BA5303E376489BE0546C43DD1041DBEA5
:101FE000843493BED1041D3DD1049D3D3A87EB3D21
:101FF000054644BED1041DBDD1049D3D376409BED4
:10200000D1049D3CD4277F3E3A87EBBE3764093E1E
:1020100000000000D1049D3ED1041D3E6BA530BEE2
:10202000D4277F3E9FE6573E6BA530BE0546C43D94
:102030003A876B3DD1041D3DD1041D3E054644BE8B
:102040003A876BBE843493BE9FE657BED1041DBE53
:102050006BA530BE376409BE000000003A87EBBEB6
:10206000054644BE3A87EBBE3A87EBBE6BA5303ED1
:10207000D1041DBD3A876BBD3A876B3D3A876BBE75
:102080000546C43D0546C43D3A876BBE9FE657BE34
:102090003764093ED1049DBCD1049DBC376489BE20
:1020A0000546C43DD1041D3D3764093ED1049D3D24
:1020B0000546C4BD45BD2BBFD1049DBCD1041DBD8B
:1020C0001ED5A6BED1049D3D000000003A876B3DA1
:1020D000D1049D3E3A876BBDD1041D3E6BA5B03E39
:1020E0003A876B3ED1041DBE9FE657BED1049DBD0D
:1020F000D1049DBE0546443ED1049DBD3764093ED2
:102100003A876BBD00000000D1041DBFD4277F3E7D
:10211000D4277F3E3764093ED1041D3D00000000F6
:102120003A876B3DD1049D3C0546443E3A876B3D62
:10213000376409BE107C04BFD1049DBD8757F5BE2E
:1021400000000000D1041DBD3A87EB3D3A87EB3D0E
:10215000D1041DBDB875BABE0546C43DD1049DBEAF
:10216000376409BED1041DBD5216CEBE843493BE61
:1021700000000000376409BE6BA530BE0546C43DB3
:102180006BA5303ED1041DBEB875BABE3A87EB3D93
:102190006BA5303ED1049DBCD1049D3C3A876B3D7C
:1021A000D1041DBD3A87EBBDD1041D3ED1041D3DB8
:1021B000D1049DBC3A876BBFD1041DBD3A876BBE6D
:1021C0003764893E0546C43D376409BED1049DBECF
:1021D0006BA5303E1ED5A6BE0546443E8434933ED4
:1021E0009FE6D7BE3A876B3EB8753ABFD1049DBC17
:1021F0001ED5A63E3A876BBDECB6E1BE3A87EB3DF5
:10220000376409BE3A876BBD3A876BBE3A87EB3DB0
:10221000054644BE9FE657BE3764893E0000000075
:10222000D1049D3DD4277F3E376409BED1049DBEB5
:102230008434933E376409BFD1041DBD6BA5B03E05
:10224000D1049D3D0546443E3A87EBBE79FE52BF20
:102250003764093EB8753ABF3764093E9FE6573E7A
:10226000D1041DBE3A876B3DECB6E1BED1041DBE64
:102270000546C4BDD1049DBDD1049D3CD427FFBEFD
:102280009FE657BED1049D3DB875BABE3A87EB3D77
:10229000D4277FBE3A87EBBD0546443E376409BE6E
:1022A000376409BED1041D3E376489BE9FE6573EA0
:1022B000D1049D3DD1049DBDD1041D3E0546C4BD44
:1022C0003A876B3D00000000D1049D3C0546C4BD2B
:1022D0003A876BBE0546C4BE3A876B3D45BD2BBFF2
:1022E0003764093ED4277FBE0546C4BEB875BA3EE2
:1022F0003A87EBBDD1049D3CD1041D3D9FE657BEFE
:10230000D1049D3E3764893E1ED5A6BE0000000064
:102310003A87EBBE0546443ED1049D3C6BA530BEDA
:10232000D1049D3E000000003A876BBDD1041D3EE4
:10233000D1041D3E3A876BBDD1041D3DD1041D3D26
:102340000546C4BE376489BED1041D3DD1049DBD80
:102350005216CE3ED1041DBD0546C4BD3A876B3D25
:10236000D1049DBCD1049DBC054644BED1049DBD95
:10237000843493BE0546C4BD6BA530BED1049D3DDB
:10238000D1049D3C3764093EB8753ABF0546C43D4B
:10239000ECB6E1BED1041D3DD1049D3DD1041D3DEF
:1023A0003A876B3DD1041DBD3764093ED1049DBC05
:1023B000D1049DBDB875BABE843493BE376489BE5E
:1023C000D1049D3D376489BED4277F3E00000000C4
:1023D000D1049DBC376409BED1049DBDB875BABE99
:1023E000000000000546C4BE3A876BBD6BA530BE39
:1023F000D1041D3E376409BE3A87EBBD3A876BBDF9
:102400003A876B3DD1049D3C3A87EBBD6BA5303ECE
:102410009FE657BED1049D3ED1041D3ED1049D3C94
:102420003A87EB3D9FE6573E3764093E00000000C7
:10243000D1049DBDD4277FBF3764093E054644BE05
:10244000D1041DBD3A876BBDD1041D3ED1041DBE14
:10245000B875BA3ED1049DBCD1049D3C3A87EB3D92
:102460000546443ED4277FBE2C2E49BFD1041DBE55
:102470003764893E3A876BBD6BA5303E0000000093
:102480003764093E3A876B3DD1041DBED1049D3DA2
:102490003A876BBE3A876BBD9FE6573E3A876B3DE6
:1024A0003A87EB3D9FE6573E3A876B3D376489BEDE
:1024B0003764093E139F66BF0546C43D3764893EB5
:1024C000054644BED1049D3C376409BE9FE6D7BE95
:1024D000D1049D3E376409BFD1049DBC9FE6D73E21
:1024E0009FE6573E3764893ED1049D3C9FE657BE28
:1024F000376409BED1041D3D0546C43D376409BE9D
:102500003A87EBBDD1041D3DD427FFBED1041D3D4C
:10251000D1049DBED1041DBD0546C43D6BA530BE92
:102520009FE6573ED1041D3ED1049DBC9FE6573E19
:10253000D1049D3C0546C4BD3A87EB3D3A876BBD4F
:102540000546C4BD3A876BBE3A876B3D3A876B3D03
:10255000376409BE6BA5B0BED4277FBE843493BE5A
:10256000D1041DBDD1049DBC9FE6573ED1041D3E44
:102570003764093E9FE6573E9FE657BE0546443EF8
:10258000E720D3BC78AB3B3C093624BD78ABBBBD60
:1025900078ABBBBD093624BD0936A4BD527B183DBE
:1025A0009AC08C3C306647BDE720D3BD78AB3BBDBD
:1025B00078AB3BBB56966A3C78AB3BBCE720D3BCC0
:1025C0009EDB5EBD78AB3B3B527B183D78AB3BBCA2
:1025D0005696EABC78ABBB3BC0F02FBD00000000B4
:1025E000C0F0AFBDC0F02FBD78AB3BBD56966A3C86
:1025F000C0F02F3D78AB3BBB56966ABCE20581BD6F
:1026000056966ABDE720D33CC0F02F3D0E5176BDF3
:1026100078AB3BBE9AC08CBC3EE386BDC0F02FBDFC
:10262000E720D33C9EDB5EBD093624BEC0F02FBD43
:102630005696EABC78ABBB3BE20581BD56966ABDB7
:10264000E205013D9AC00C3D0936A43C56966ABD90
:10265000527B18BD5696EABDAD589EBD9AC08CBC43
:10266000E72053BD3066473D093624BD0E5176BD87
:1026700056966A3C527B183D78AB3BBBE72053BD76
:102680000000000078AB3BBC9AC00CBCAD589EBDAE
:10269000527B18BDC0F02FBD78AB3B3C0E5176BDD0
:1026A000E720D33C9AC00C3DF69D12BE5696EABC7C
:1026B00078ABBBBC78ABBBBC56966A3CE20581BD2F
:1026C00078ABBB3C56966ABC9AC08C3C78AB3B3B23
:1026D0009AC00CBD78AB3BBB9EDB5EBD0936A4BC8B
:1026E0001CCEB5BD56966ABC56966A3CE20501BD45
:1026F000E205013DC0F02F3D9AC08CBC527B98BDD5
:10270000E205013DC0F02FBDE20501BD56966A3CD1
:10271000527B98BDE720533DC0F0AFBD9AC08CBC42
:1027200000000000527B183D9EDBDEBD56966ABC61
:102730009AC00C3D9AC00C3CE720533D78AB3B3C23
:10274000306647BDE20501BD527B18BDC0F02F3D8C
:102750003EE386BD527B183D78ABBBBC5696EA3C47
:1027600078ABBBBC78AB3BBB78AB3B3C78ABBBBC82
:10277000527B183D527B183D9AC08CBDE720D3BCDC
:1027800000000000E20501BD9AC00CBDE720D33C6B
:10279000527B18BD56966ABCE20581BD78AB3BBD45
:1027A0000E5176BDE72053BD527B18BD9AC00C3D3B
:1027B0000936A4BD3066473D9AC00C3D78ABBB3BA3
:1027C00056966ABD9AC08CBC9AC08CBC78AB3BBB99
:1027D00078ABBBBCC0F02FBD1CCEB5BDE20501BDC2
:1027E0000936A4BDE720533D9AC00CBC527B18BDEE
:1027F000E205013D9AC00C3D78AB3BBC78AB3BBCDD
:1028000078ABBBBBAD589EBDC0F02F3DE20501BD0E
:102810000936A4BD9EDB5E3D78ABBBBC78AB3BBC50
:10282000093624BD9AC00C3C90F403BE093624BD81
:10283000527B18BD78AB3B3B093624BD78AB3BBD22
:10284000306647BD527B18BD0936243D9AC08CBD09
:102850009EDB5E3D78AB3BBC78AB3BBDE20501BD8A
:102860005696EABC78AB3BBDC0F02FBD9AC00CBDFC
:102870003066473D78ABBBBC9AC08C3CE72053BD6B
:10288000C0F02F3DE20501BD56966A3C5696EABC63
:102890003066C7BD5696EABC093624BD56966A3CDA
:1028A000E205013D78AB3BBCE20501BEE205013D1E
:1028B000E720533DE20501BD9AC08C3C9AC08C3C98
:1028C0001CCEB5BD78AB3B3BE20501BD9AC08C3C4C
:1028D000527B18BDC0F0AFBDE20581BDE205813D70
:1028E000E720D3BCE720533D9AC00CBC78AB3B3B00
:1028F0000936A4BC78ABBBBC9EDB5EBD9AC00CBDE8
:10290000093624BDE720D3BDE720D3BCD488C1BDA0
:10291000E72053BD78ABBBBC093624BD093624BDC6
:1029200056966A3D9AC08C3C48AF0FBE78AB3B3C94
:10293000C0F02FBDE720D33C9AC08CBC093624BD23
:10294000527B98BD0936A4BC78AB3BBD9EDB5E3D97
:1029500078ABBB3B0000000078ABBBBD78ABBB3BAA
:1029600056966A3CE72053BDE20581BD093624BD79
:1029700078ABBBBB9AC08CBD5696EABCE72053BD72
:10298000E20581BDE720D3BD5696EABCC0F02FBD5D
:10299000FAB8E4BD3066473DD488C1BD9AC00CBCCE
:1029A0009AC08CBCE20501BD9EDB5EBDE205013D27
:1029B000E72053BD78AB3B3C3EE386BD3066473DE8
:1029C0001CCEB5BD0936A4BC093624BD78AB3B3B53
:1029D00056966A3C9EDB5EBD9AC00CBC56966ABC9D
:1029E000E205013D78AB3BBC0E51763D9AC08CBCF4
:1029F0000E5176BD78AB3B3CE720D3BC78AB3BBDFA
:102A0000527B183D78ABBBBB9AC00CBC00000000E9
:102A10009EDB5EBD3066473D093624BD78ABBBBC4E
:102A200078AB3B3C0E51763D78AB3BBC56966ABCCE
:102A30005696EA3C5696EABC527B183DE20501BD2B
:102A40009AC08CBD78ABBB3BC0F02F3D527B183D8C
:102A50009EDB5EBD527B98BD9AC00CBD78ABBB3B84
:102A60000E5176BD9AC00CBD78AB3B3DE720D33C00
:102A700078ABBBBB78AB3BBD78ABBB3C9AC00CBD65
:102A8000E720D33CE720D3BC093624BDE20501BDD5
:102A900056966ABDE205013D00000000E720D3BC68
:102AA000C0F02F3D306647BDD488C1BD78AB3B3BFD
:102AB00078AB3BBD78AB3B3D78ABBB3C6513AABD67
:102AC00056966ABCC0F02F3D3EE386BD56966A3CE2
:102AD000E20581BD78AB3B3CC0F0AFBD0936243D7B
:102AE00000000000E72053BD3EE386BD9AC00CBC49
:102AF00056966ABC9AC08CBC5696EABCAD589EBD30
:102B0000E72053BD9AC00CBD78AB3BBDE720D3BCDA
:102B100078ABBB3BE720533D78ABBBBD9AC00CBD47
:102B20000936243DB273F0BDE20581BD527B183DEC
:102B30000936A4BD78AB3BBB78ABBB3C9AC08CBD1F
:102B4000E20581BD78ABBBBC56966ABD78AB3B3C19
:102B500078ABBBBC78ABBBBB093624BD78ABBB3C08
:102B60009AC00C3C527B18BD0936A43C9AC00CBCE0
:102B70003EE386BD56966A3C9AC00CBC3EE386BDD9
:102B80009AC08C3C0936A4BCAD589EBD78AB3B3C8A
:102B90005696EABD78ABBB3C306647BD0936A4BD4E
:102BA00078AB3B3B3066C7BD43FED8BD0936A4BCFD
:102BB0006513AABD56966ABC5696EABC5696EABC00
:102BC0000E5176BD527B183D78ABBBBB093624BD98
:102BD0009AC08CBC3EE386BD306647BD9AC00CBD32
:102BE00078AB3BBC9EDB5E3D3EE386BD306647BDB9
:102BF00078ABBB3B78AB3BBB9AC00CBC527B98BD5F
:102C0000AD589EBD78AB3BBC78AB3B3DF69D92BDCD
:102C1000093624BD56966A3C1CCEB5BDE72053BD8F
:102C200078AB3B3C00000000527B18BD306647BDCE
:102C30009AC08C3C9AC00CBD3066473D0936243D95
:102C40000E5176BD78AB3B3C3EE386BD78ABBB3BDB
:102C5000E20501BD78ABBB3C78AB3BBB0936A4BCFD
:102C6000F69D92BD0936A4BC306647BD9EDB5EBDB5
:102C70000000000056966ABD78AB3BBD78AB3BBB0D
:102C800056966ABC78AB3B3B78AB3B3C9AC08C3CDD
:102C90000E51F6BD9EDB5EBD78AB3BBD78ABBB3C59
:102CA00056966A3CE720D33C9AC08CBDE205013DB4
:102CB0009AC08CBC0E5176BD78ABBB3B9AC00C3C25
:102CC0003EE386BD0936A4BC0936A43C9AC00C3C40
:102CD0009AC00CBC3066C7BD527B18BDE720D3BC80
:102CE0001CCEB5BD527B183DE20501BD78AB3BBCA7
:102CF000C0F02FBDE720D3BC78ABBBBCE720D3BC72
:102D0000E720D33C3EE386BD78AB3BBB5696EABC9E
:102D1000093624BD56966ABC78ABBBBCE720D33CD1
:102D20009EDB5EBDE20501BDC0F02FBD78AB3B3B35
:102D30009AC00CBC5696EA3CE20581BD78ABBBBCA0
:102D40001CCEB5BD5696EA3C9AC00C3D78AB3B3CD8
:102D50003066473DE20581BD9AC00CBDE720D33CFB
:102D600078ABBB3C527B98BDE20581BDC0F02FBD66
:102D700078ABBBBB56966A3C78ABBBBC78AB3B3BF5
:102D8000C0F02FBDECD109BE78ABBBBCD488C1BDAF
:102D9000C0F02FBDC0F02F3D1CCEB5BD78ABBB3B06
:102DA000C0F02FBD093624BD5696EABCE720D3BC3F
:102DB0009AC08C3C5696EABC78AB3BBCE720533DAE
:102DC000E20501BE56966ABD3EE386BD9AC00CBDC3
:102DD000093624BD9AC08CBD0936A4BDE720533DF9
:102DE00078AB3BBB56966ABC78AB3B3C9EDB5EBD8A
:102DF000000000003EE386BD9AC00CBC9AC00CBD2A
:102E0000306647BD8B43CDBD093624BD56966ABD9D
:102E1000C0F02FBDE72053BD093624BD56966ABDCC
:102E200078ABBB3BAD589EBD527B98BD9EDB5E3DF3
:102E300078AB3BBDC0F02F3D78AB3B3B3066473DA8
:102E40000936A4BD78ABBB3BE20501BDE720533D8D
:102E5000E205013D9AC08C3C78AB3BBB78AB3BBBF9
:102E600078AB3BBB78ABBBBB56966ABC78ABBB3B85
:102E70005696EA3C9EDB5EBD9EDB5EBD9AC00CBDF5
:102E80003EE386BD3EE386BD78ABBB3BC0F0AFBD45
:102E900078ABBB3CE720533DFAB8E4BD56966A3C9C
:102EA0009AC00C3D78AB3B3DFAB8E4BD78AB3B3BF8
:102EB0005696EABCE720D33CE720D3BC78AB3BBBBB
:102EC00078AB3BBB5696EA3C78AB3B3C78AB3B3CA3
:102ED0009AC00C3D9EDB5EBD0936A4BD527B18BD79
:102EE000F69D92BDE205013DE72053BDE205813D1F
:102EF00078ABBB3C78AB3B3B093624BD56966ABCED
:102F0000527B98BD8B43CDBD78ABBBBB78ABBB3C94
:102F100078ABBBBBC0F02F3DE20501BD56966A3CC5
:102F2000E72053BD0000000078AB3B3C78ABBBBB57
:102F3000093624BD5696EA3C56966A3C527B18BD2B
:102F40009AC08CBD56966ABD9AC08C3C9AC00C3D06
:102F5000527B183DC0F02F3D0E5176BD9AC00C3DFE
:102F600056966ABC093624BD78ABBB3C78ABBB3BFC
:102F70005696EA3C9EDB5EBD9AC00CBC0000000089
:102F8000527B18BDF69D12BE78ABBB3CC0F02FBD86
:102F90000E5176BD78AB3B3D43FED8BD9AC00CBC0C
:102FA00078AB3BBC78ABBB3CC0F0AFBD9EDB5E3DBD
:102FB00056966A3C9AC00CBCE720D3BC00000000C7
:102FC00078ABBBBCE720D3BC78AB3BBC78AB3BBB9E
:102FD00078AB3BBDC0F02F3DE205013D9AC00C3CF3
:102FE000C0F02F3D78ABBB3B0936A4BD78ABBBBB73
:102FF00078ABBBBC0000000078AB3BBBE205013DF9
:10300000E20501BD0936A4BD9AC00CBCF69D92BD77
:103010000E5176BD527B18BD78AB3B3B093624BDC3
:103020009AC00CBCE72053BDE720D3BC9AC08C3CAF
:10303000E720533D78AB3BBB0936A4BC306647BDA7
:1030400078ABBBBC527B183D5696EABC9AC00CBD0F
:103050005696EABC78AB3B3BE20501BD093624BD80
:103060000E5176BD9AC00C3C78AB3B3B9AC08CBDF0
:1030700078AB3B3D0936A43C3066473DE720D3BCE6
:103080000936A4BC0936A4BCE20581BD00000000DD
:1030900043FED8BD0936A4BC000000000936A43C9C
:1030A000C0F02F3DE720D3BC6513AABD78AB3B3BF6
:1030B00056966A3C78AB3BBD56966ABD5696EA3C3E
:1030C00078AB3BBD78AB3BBD9AC00C3CE72053BD11
:1030D000000000000936243D5696EA3C0936A4BD9E
:1030E0009AC00CBC78ABBBBCC0F02FBD78AB3B3DED
:1030F000AD589EBD78ABBBBCE205013D3EE386BD4D
:10310000E720D33C78AB3BBD9AC08CBC306647BD52
:10311000AD589EBD78ABBBBCE720D33C78ABBBBB06
:103120009AC00C3D5696EABC527B98BDE205013D23
:1031300078AB3B3B9AC08CBC56966ABC78AB3BBB29
:10314000E20501BDE72053BD78AB3BBB9EDB5EBD16
:103150009AC00C3CE205013D0936A43CE720533DF2
:10316000527B183D78AB3B3DE720D33C78AB3B3BF3
:103170003066473D0936A4BC0936A4BC78ABBB3CDD
:103180009EDB5EBD527B18BDE20501BD0936A43C45
:1031900078ABBBBDE72053BD78ABBB3B9AC00C3DC1
:1031A000527B183DE720D3BC78AB3BBDE20581BD27
:1031B0005696EABC56966ABD3066473DC0F02F3D34
:1031C00056966ABD3066473D78AB3B3BE720D33C23
:1031D000E720533D9AC08CBC6513AABD9AC08C3CB5
:1031E00078AB3BBC78ABBBBB9AC00CBDE720D3BC73
:1031F0005696EA3CE205013D78AB3B3C527B18BD5C
:103200008CA289BC4D7793BD6E36A2BDB1B4BFBD53
:103210000E4C9DBB15F26BBD9348D8BC4D77133D4A
:10322000D6C675BD0E4C1D3BED8C8EBD0E4C1DBD26
:103230000E4C1DBCD6C675BD9348D8BC541D62BD8E
:10324000541D62BD51CA3ABD6E36A2BD8CA289BC66
:103250002CB884BD4D77133D15F2EB3B979BFFBC1B
:1032600090F5B0BC934858BD129FC4BC934858BD5C
:1032700090F5B03C8CA289BD8CA209BDED8C8EBDB1
:1032800015F26BBCD6C675BDAE6198BD129FC4BDAC
:103290000E4C9D3B9348D8BC51CA3ABD934858BD8B
:1032A0009348583D0E4C1DBCD2734E3D934858BDBB
:1032B000934858BD0E4C9DBC15F26BBD90F5B0BC4B
:1032C0000E4C1DBD90F530BD51CA3ABD934858BD56
:1032D0002CB884BD129F44BD15F2EBBB8CA2893C77
:1032E000F432DDBDCF2027BD90F5B03C129F44BC29
:1032F0008CA2893C0E4C9D3C51CABABD2F0BACBD73
:103300000E4C1DBDED8C8EBD6E36A2BDD2734EBD72
:103310000E4C1D3B9348583D000000000E4C9DBCD8
:10332000129F44BC6E36A2BDD2734EBD15F2EBBBEC
:103330000E4C9DBB4D7793BD4D7713BD979BFF3CC6
:10334000129FC4BC979B7FBD129F44BD0E4C9DBD78
:10335000D273CEBD9348D8BC8CA289BD90F530BD48
:1033600051CA3ABD0E4C9D3C934858BD129FC4BCF7
:1033700090F530BD0000000090F5B0BD15F26BBCBB
:1033800015F26BBC541DE2BD129F443D9348D8BC5E
:103390009348D8BC129FC43C8CA209BD0E4C9DBB67
:1033A000D6C6753DD2734E3D541D62BDCF20A7BD1C
:1033B00015F26BBDB1B4BFBD6E36A2BD2CB884BDD5
:1033C0000E4C9DBB15F2EBBCD2734E3D934858BDDD
:1033D0000E4C1DBD15F26BBD9348D8BC8CA289BCA8
:1033E00015F26BBD8CA289BC129F443CD2734E3D3A
:1033F00051CA3A3D90F5B0BC15F2EB3C8CA289BDA8
:103400000E4C9DBCAE6198BD129FC43C335ED3BDD3
:10341000D6C675BD15F2EB3B0E4C1DBD15F2EBBCCF
:103420000E4C1D3C15F2EBBB541DE2BDCF2027BD59
:1034300015F26B3CED8C8EBD15F2EB3B8CA289BC7A
:103440000E4C9D3CD6C675BD0E4C9DBBD2734EBD79
:1034500090F5B03C15F26BBD90F5B0BC8CA2893CE8
:103460000E4C9DBC90F5B03C90F5B03C90F5B0BCD6
:10347000979B7FBD8CA2893C90F5B03C15F26B3CCC
:10348000AE6198BD979BFFBD4D7713BDD6C6F5BD08
:103490009348D8BD4D77133D9348D8BC9348D8BCCA
:1034A00015F2EBBBAE6198BD90F5B0BC129F44BD68
:1034B00051CA3A3D0E4C1D3C8CA2893C0E4C9D3BA2
:1034C0000E4C1DBB15F26BBD90F5B0BC15F2EB3C7C
:1034D00051CA3ABD129F443CCF2027BDD6C6753D88
:1034E0008CA289BD51CA3ABD129FC43CD6C6753D57
:1034F000AE6198BD90F5303D2F0BACBD129FC43C22
:10350000B507E7BD51CABABD0E4C9D3BED8C8EBDD3
:1035100090F5B0BC934858BD0E4C1D3B15F2EB3CEA
:10352000129F44BD0E4C1DBD934858BD335ED3BDA4
:103530000E4C1D3C51CA3ABDD6C675BD90F5B0BD06
:103540000E4C9DBC15F26BBD0E4C1DBCCF2027BD93
:1035500015F2EB3C51CABABD2F0BACBD90F5B03C97
:10356000541D62BD0E4C9DBDCF20273D0E4C9DBB12
:10357000000000000E4C1DBB15F26BBD15F2EBBB3D
:1035800015F26BBDB1B4BFBD129FC43C4D7713BDE6
:1035900015F26BBD4D77133DD6C675BD979BFF3CAD
:1035A0000E4C1DBB0E4C1D3B9348D83C4D7713BDB4
:1035B0000000000090F5B0BC9348D83C4D7793BD17
:1035C0009348D8BC8CA2893C90F5B03C15F2EBBB7B
:1035D000AE6198BD90F5B0BDD2734EBDD2734E3D75
:1035E0004D7713BD8CA2893C0E4C1D3D15F2EBBCF2
:1035F00090F5303D90F5B0BCCF20A7BD7289C9BD14
:1036000090F5B03C0E4C1DBD4D7713BD90F5B0BD8F
:103610000E4C1DBD0E4C1D3D335ED3BD0E4C1D3CEE
:10362000129F443D90F530BD15F2EB3B0E4C9D3B97
:103630004D7713BD4D7713BD0E4C9DBD335ED3BD8D
:103640002CB884BDCF2027BDB1B4BFBD15F26BBC73
:1036500015F2EBBB0E4C9DBB129F44BC129F44BDA8
:103660000E4C9D3B129F44BC51CA3A3D979BFFBCF8
:10367000129FC4BC4D7713BD0E4C9DBB129F443CA2
:10368000CF2027BD8CA289BD0E4C1DBD979BFFBCD2
:10369000B1B4BFBD15F2EB3CD2734EBD90F5B03C5A
:1036A00015F2EBBC15F2EBBB0E4C1D3D6E36A2BD08
:1036B000541D62BD4D77133D934858BD8CA289BD02
:1036C000979B7FBD0E4C1DBC15F26BBD979BFF3CBD
:1036D000979BFF3C2F0BACBD129F443C8CA2893CB6
:1036E00051CA3ABD15F2EBBB15F2EBBC90F5B0BC7C
:1036F0009348D8BD129F44BD15F26BBC000000007A
:103700004D7713BDAE6118BE8CA289BC0E4C1DBE98
:10371000D273CEBD0E4C1DBB6E36A2BDD2734EBD54
:10372000129F443D4D7793BD0E4C1DBC4D7793BD0C
:1037300015F26BBD979B7FBDCF20A7BD90F5B0BDA7
:10374000541D62BD979BFFBC129FC4BC979BFFBCDE
:10375000000000000E4C1DBC000000000E4C1DBC03
:103760000E4C1DBC15F2EBBC129F443D979BFFBC59
:10377000129FC4BC0E4C1D3B8CA2893D979B7F3D84
:10378000934858BD0E4C9DBDB1B4BFBDDED61ABE28
:10379000934858BD15F2EB3B90F5B0BD15F26B3C6C
:1037A000D6C6753D6E36A2BD15F2EBBB934858BD2B
:1037B000D2734EBD15F26BBC0E4C9D3B90F5B0BD67
:1037C0000E4C1D3B129F44BD0E4C9D3B15F2EBBBB6
:1037D000541D62BD8CA289BC4D7793BDD2734E3D02
:1037E00015F26BBD6E36A2BD129F44BC90F5303D04
:1037F000D6C6F5BD90F530BD0E4C1DBB90F5B0BCE6
:10380000CF20A7BD0E4C9DBC15F26BBC2CB884BD5F
:10381000934858BD0E4C1DBC0000000015F26BBC57
:103820004D7713BDCF20A7BD15F2EBBC0E4C9D3CD0
:1038300015F2EBBC0E4C1DBC0E4C1DBDAE6198BD0F
:103840008CA2093D8CA289BD0E4C9D3B90F5B0BC6D
:103850002CB884BD979BFFBC0E4C9DBC90F5B03C32
:103860004D7713BD129FC43C541D62BD9348D83C94
:1038700090F530BD90F5B0BC541D62BD129F443D23
:103880000E4C1DBD15F2EBBC129F44BC7289C9BD24
:103890009348D8BD0E4C1D3C129F44BC129F443C23
:1038A000129F44BC8CA209BDED8C8EBD15F26BBD80
:1038B00090F5B03C15F2EBBC90F5B0BC15F26BBCCA
:1038C0000E4C9D3B129FC4BC15F26B3C0E4C1DBBB5
:1038D000979B7FBD934858BD0E4C1D3B0E4C1D3B26
:1038E00015F2EB3B129F443C51CA3A3DCF20273D95
:1038F00015F2EBBC00000000129FC4BD00000000E8
:10390000129FC4BC36B1FABD15F26BBC129F44BD08
:1039100090F5B0BD15F2EBBBD2734EBD9348D83CC9
:1039200015F26B3C4D7713BD934858BD8CA289BDF1
:10393000D2734E3D979B7FBD2F0BACBD15F26BBD77
:103940002CB884BD934858BD541D62BD9348D83CE3
:10395000979B7FBD129F443C129F44BC15F2EB3BEA
:10396000129F44BD2CB884BDD2734EBD129F44BD7E
:1039700015F2EB3B0E4C9DBC15F2EB3B8CA2893C47
:10398000541D62BD979BFFBD0E4C1D3C8CA209BE11
:10399000F0DFB5BD9348583D9348D8BD7289C9BD85
:1039A000D6C675BD15F26BBD541D62BD6E36A2BD87
:1039B000ED8C8EBD0E4C1D3B0E4C9DBDD2734EBD8D
:1039C00051CA3ABDCF20A7BD979B7FBD15F2EB3CF6
:1039D00090F5B03C51CA3A3DAE6198BDD6C675BDB2
:1039E0000E4C9D3BF0DFB5BD90F5B03C90F5B03C82
:1039F000129F44BD90F5B03C129FC43C0E4C1D3D3F
:103A00008CA289BC2CB804BE15F2EBBB0E4C1DBDBC
:103A1000D273CEBD0E4C9DBCCF2027BD0E4C1DBC1D
:103A2000129F443CED8C8EBD541DE2BD2CB884BD6C
:103A30000E4C1DBB15F2EBBB00000000979BFFBCBA
:103A40000E4C1DBC15F26BBC8CA289BD9348D8BC32
:103A5000934858BD129FC43C129F44BDD2734EBDC3
:103A60000E4C9DBD0E4C9D3C8CA289BCED8C8EBD38
:103A700051CABABD4D7793BD979BFFBC90F5B03C42
:103A800015F26BBC15F26BBD8CA289BDF432DDBDA5
:103A9000B1B4BFBD51CA3A3D979B7FBDF0DFB5BD04
:103AA0000E4C1DBB15F2EB3B4D7713BE0E4C9DBB70
:103AB00015F2EBBC15F2EB3B15F26BBD934858BD0C
:103AC000129F44BD541DE2BD51CABABD6E36A2BD9F
:103AD000D2734EBD979BFFBC4D77133D15F2EB3B68
:103AE00075DCF0BDCF2027BD2F0BACBD0000000062
:103AF000129F44BDCF2027BD0E4C9DBC15F2EBBBE1
:103B00004D7793BD0E4C9D3C8CA2893CED8C8EBDB7
:103B10000E4C9D3C0E4C1D3D0E4C9DBC2F0BACBD68
:103B200015F26B3C000000000E4C1DBD4D7793BD9F
:103B30000000000015F2EBBC8CA209BD9348D8BC74
:103B40008CA2093D8CA209BED6C675BD15F2EB3B11
:103B50000E4C9DBB129F44BD129F44BD15F26BBC21
:103B600015F2EB3B9348583DD6C675BD8CA2093D76
:103B7000D2734EBD9348D8BC90F5B03C51CA3ABD03
:103B80009348D83C15F2EBBC129F443D979BFFBC79
:103B9000934858BD0E4C9DBC8CA289BC51CA3ABDFD
:103BA00051CA3A3D15F26BBC129F44BC6E36A2BDA1
:103BB0000E4C9DBB0E4C1D3CED8C8EBD4D77133DC8
:103BC000129F44BD75DCF0BD90F5B0BC0E4C1D3DA0
:103BD0000E4C1DBC15F2EBBB15F2EBBC9348D83C68
:103BE0009348D8BC4D7713BD7289C9BD979B7FBDE3
:103BF0000E4C1D3C8CA289BC0E4C1D3D979B7FBD7D
:103C00000E4C1DBC51CABABD934858BDCF2027BD2C
:103C1000979BFF3CD2734E3DFC4202BE129F44BDB7
:103C20000E4C1DBB90F5303D335ED3BD541D62BDBF
:103C300015F2EB3B51CA3ABD979BFFBC0E4C9DBDA4
:103C4000541D62BD0E4C1DBBD2734EBD51CA3A3DD0
:103C50002CB884BDCF2027BD129F44BD0E4C1D3D06
:103C600015F2EB3C8CA2893C15F26BBDD6C6753DB6
:103C700015F2EBBB129F443C129FC43C979BFFBCC8
:103C80009348D83C90F5B0BD129FC4BC0E4C9DBD6E
:103C9000129FC4BDD2734E3D979BFF3C0E4C1D3B03
:103CA0004D77133D00000000541DE2BDB1B4BFBD0F
:103CB000979BFF3C934858BD8CA289BC129FC4BC03
:103CC000ED8C8EBD51CA3ABD2CB884BD51CA3ABDE7
:103CD00090F5B0BC15F2EB3C2CB884BDCF20273D4D
:103CE0000E4C1DBBD6C675BD0E4C1D3C90F5303D2F
:103CF000541DE2BD90F530BD129F44BD8CA209BD9C
:103D0000D2734EBD7289C9BD129F443C90F530BD3F
:103D10008CA289BD0E4C1DBDAE6198BD0E4C1D3CE4
:103D20000E4C9D3C979B7FBD129F44BCD2734EBDF1
:103D3000D6C6753D541D623D51CA3ABD6E36A2BD10
:103D400090F530BD9348D8BD90F5B0BD934858BDAF
:103D5000000000008CA2893C0E4C1DBB15F26BBD0F
:103D600090F5B0BC0E4C9DBC0E4C9DBBCF2027BD2A
:103D70004D7793BD51CA3ABD4D77133D15F2EBBC5B
:103D80000E4C1D3D90F5B0BC15F26B3C129FC4BCAF
:103D900015F2EBBB129FC43C15F2EB3B0E4C1DBC65
:103DA000D6C6753D15F26B3C4D77133D0E4C1DBDCF
:103DB000541D623D8CA2893C0E4C9DBD0E4C1D3B9A
:103DC00090F5B03C9348D8BC8CA209BD129FC4BCEE
:103DD0004D77133D4D7793BD0000000015F2EB3B8E
:103DE000D2734EBD9348D8BC129FC4BC8CA209BDEF
:103DF00015F26BBD129F44BD979BFF3C15F26BBC47
:103E0000979BFF3C15F26BBC15F26BBD8CA2093D74
:103E10004D7793BDD2734E3D4D77133D00000000AA
:103E200015F26B3C8CA2893C129F44BC0E4C1DBD0C
:103E3000000000008CA289BCD2734EBD15F2EB3B92
:103E4000129FC43C934858BDB1B4BFBD9348D8BC81
:103E50007289C9BD15F2EB3C15F26BBD8CA2093D10
:103E6000129F44BD129F443D90F5B03C15F2EBBC4F
:103E7000979BFF3C934858BD90F530BD4D7793BD5F
:103E80004EA69EBE071CDEBD2A61BEBD4EA69E3D4F
:103E9000E3D67D3C2A61BE3D071CDE3DE14FC6BE38
:103EA000E3D6FD3D2A613EBDE3D67DBD2A613EBD20
:103EB000E3D6FDBCE0C80E3EE3D67D3D2A613EBDA3
:103EC000983E4E3E4EA61E3EE3D6FDBC2A613EBD48
:103ED000E0C88E3E2A61BEBDE0C80E3E4EA61E3E24
:103EE000E0C80EBE071CDEBDBC832EBE2A61BEBD6F
:103EF0002A61BE3DE3D67D3C2A613E3D071C5EBE85
:103F0000E3D67D3D00000000071C5EBEE3D6FD3C0D
:103F1000E3D67DBCE3D6FD3C00000000E3D67DBEC9
:103F2000E3D6FDBDBC832E3E000000004EA69EBD24
:103F30004EA69E3D4EA69E3D071CDE3DE3D6FDBD32
:103F40004EA61E3EE3D6FDBC2A613E3DE3D6FDBC37
:103F5000E0C80E3E4EA61EBEE3D6FD3C983E4E3E49
:103F6000E3D67DBCE3D6FD3DE3D6FD3DE3D67D3C07
:103F7000071CDE3D2A613E3DE3D6FDBD000000008A
:103F80002A613E3E2A613EBDE3D67DBEE3D6FD3DBD
:103F9000071C5EBEE0C80EBE071CDEBDE3D67DBDBD
:103FA00084D10ABF2A61BEBDE3D6FD3CE3D67DBD08
:103FB000983E4EBEE3D6FDBD0595A6BE4EA61EBEDE
:103FC0002A61BEBDE3D67D3E4EA61E3E97B796BE85
:103FD000E3D6FDBC2A613E3D071C5E3E983E4E3E48
:103FE000071CDEBD75F9ED3EE0C80E3E97B796BEE4
:103FF0004EA61EBE4EA69EBDE3D67DBDE0C80EBF3A
:10400000983ECE3E2A613E3DE3D6FD3D2A61BE3D4F
:10401000BC832EBE983ECEBE4EA61E3E0595A6BEC5
:104020002A613E3DE3D6FDBCE3D6FD3C2A613EBE9F
:10403000E3D67DBC4EA69E3D071CDEBE2A61BEBDFA
:10404000071CDE3D4EA69E3E2A613EBEE3D6FD3CE9
:10405000E3D67D3C071C5E3EE0C80E3E75F96DBEA2
:10406000E3D6FDBC4EA69EBD29DA863E00000000C8
:1040700075F96D3EE0C80E3E2A613E3DBC832E3E82
:10408000BC83AE3EE3D67D3D4EA69EBE071CDE3D04
:104090002A61BEBD0595A6BE2A613E3D071CDEBD58
:1040A000BC83AE3E983E4EBEE0C80E3EE3D6FD3C1D
:1040B000E3D67DBDE3D6FD3DE3D67D3C0595A63E2A
:1040C000E3D6FD3D2A613E3D7372B6BE071CDE3D60
:1040D000983E4E3E2A61BE3EE0C80EBE983ECEBE21
:1040E000071CDEBD2A61BE3D071CDE3D4EA61E3EFE
:1040F0004EA69E3DE0C88E3E071CDE3D4EA69E3D70
:10410000983E4EBEE0C80E3EE0C88EBE00000000E5
:104110002A613E3D502DD6BEE3D6FD3DE3D6FDBC23
:104120002A613EBDE3D6FDBC071CDEBDE3D6FDBD66
:10413000E3D67D3E4EA61E3EBC832E3EE0C88E3E9C
:10414000E0C80E3EBC832E3EBC832E3E2A613EBD9F
:104150002A613E3DE3D6FDBC2A613EBD071CDE3D23
:10416000E3D6FDBDE14FC6BEE3D6FD3C2A613EBDB0
:10417000E0C80EBE071CDEBEE0C80E3EE3D6FD3C26
:104180004EA69E3E97B7963E071CDEBD75F96D3E66
:10419000071CDE3D75F96DBE2A613E3EBC832E3E96
:1041A0002A61BE3DE3D67DBDE3D6FD3CE3D6FD3CB2
:1041B000071CDE3DE3D67D3EE3D67D3CE3D6FD3CE9
:1041C000E3D67D3EE3D67D3EE3D67DBEE3D67DBC21
:1041D000BC832E3E071CDEBE071CDEBD29DA863EF0
:1041E000E3D6FDBC071C5EBE071CDE3D071C5E3E21
:1041F0002A613E3DE3D67DBE97B796BEBC832E3E78
:104200002CE875BF2A613E3DE3D6FDBC2A61BEBDE8
:104210002A613E3DE3D67DBC071CDEBDE3D6FD3EF4
:10422000983ECEBEE3D67DBC2A613E3E983E4EBE51
:10423000E0C88EBE00000000E14FC6BE071C5E3E17
:10424000071C5E3E071C5E3EE3D67D3E2A613EBEF5
:104250004EA69E3D4EA69EBEE3D6FD3C4EA69E3E7D
:104260002A61BEBD0000000075F96D3EE3D67DBD3C
:104270002A613E3D2A613EBE0595A6BE29DA86BE6C
:1042800097B716BF2A61BEBEE0C80E3EE3D67D3D9D
:10429000071C5E3EE3D6FDBEE0C88E3E75F96D3E5E
:1042A00075F9EDBEE3D67D3DE3D6FDBC4EA61EBE40
:1042B000E3D6FD3CE3D67DBC983E4EBEE0C88E3EC4
:1042C000BC832EBE75F96D3E2A61BE3D2A613EBD9E
:1042D000E3D67DBCE0C80EBEE3D67D3DE3D6FDBC93
:1042E0002A613E3D071C5EBEE3D67D3C983E4EBE35
:1042F0004EA61E3E75F96DBEE0C80EBE4EA61E3E11
:104300004EA61EBE983ECEBEE3D6FD3DBC832E3EDD
:104310004EA69E3EBE0AE6BE071CDE3D4EA61E3ED3
:10432000983E4E3E2A61BEBE071CDE3D2A61BEBEDF
:10433000E3D67DBE000000002A613E3D8658423F24
:10434000BC83AEBEE3D67D3CBC832EBEE3D6FDBCB3
:10435000E3D67D3D00000000BC832EBE983E4EBEDD
:10436000E3D6FDBD0595A6BE2A613EBE502DD6BE44
:10437000E3D6FD3DBE0AE6BE983E4E3E4EA69E3DAD
:10438000BC832EBEBC832E3E2A613E3DE3D67D3DDE
:104390002A613E3D4EA69EBDBC832E3EE3D67DBD2A
:1043A000071CDEBD2A61BEBD071CDEBDE3D6FDBD18
:1043B0002A613E3D983E4E3E97B716BF0595A63EF4
:1043C000E0C80EBEE0C80EBE071CDE3D2A613EBE40
:1043D0002A613E3E071CDE3D0000000097B796BEF6
:1043E0002A61BEBE2A61BEBD2A61BEBE071C5EBE7A
:1043F000983E4EBE4EA69EBD983ECE3E983E4EBEC8
:10440000BC83AEBEE3D67D3DE3D6FD3DE3D67D3D28
:10441000E3D67D3E071CDEBDBC832E3E2A613EBD39
:104420004EA61E3E2A613EBD983E4E3E071CDE3D16
:10443000E3D67DBC97B7963E2A61BEBE0595A63EE3
:104440002A613EBE4EA61EBEE3D6FDBD4EA61EBED2
:1044500029DA863EE3D67D3D071CDEBD071CDEBDA6
:10446000E3D67D3C97B796BEE3D6FD3CE0C88E3ED2
:104470002A613E3D983E4EBE2A61BE3D983E4EBEEC
:10448000502DD6BE071C5E3EE3D6FD3E3BC012BF9C
:104490000595A63EBC83AEBE97B716BF4EA69E3D01
:1044A000E3D6FD3DE3D6FDBCE14FC63E4EA61EBFA2
:1044B000E14FC6BEE0C80E3E4EA69EBEE14FC63ED0
:1044C00029DA86BE2A61BEBDE3D6FD3CE0C88EBEB9
:1044D000E3D6FD3D000000002A613E3D2A61BEBDDD
:1044E000BC832EBEF2AE1ABFE3D6FD3C983ECEBED4
:1044F000E3D6FDBDE3D6FDBD3BC012BFA99D22BFE3
:104500002A613E3E75F96DBEE3D67DBDE3D67DBE24
:10451000502DD63E071C5EBEE0C80EBEBC832EBE2C
:1045200075F96DBE2A61BE3D75F96DBE7372B6BE7A
:104530002A61BEBE4EA69E3E29DA06BF29DA063F94
:10454000E3D6FDBDE3D67DBE75F96D3EE0C80EBF76
:10455000E3D6FD3DBC832E3EE0C88E3EE3D6FD3C57
:10456000E3D67D3CE3D6FDBC2CE8F5BEE3D67DBFAB
:10457000502DD6BE4EA69EBD97B796BE2A61BEBD33
:10458000E0C80E3E4EA69EBEE3D67D3D2A613E3E6D
:104590007372B63EE3D67DBD4EA69EBDE3D67DBD0D
:1045A000E3D67DBD2A61BEBD2A613EBD4EA61E3E3C
:1045B0002A613EBE2A61BEBDE3D67DBD75F9ED3EE2
:1045C000071CDEBD2A61BEBE75F9EDBEE0C88EBE19
:1045D0002A61BEBDE3D6FD3D2A613E3EE3D6FDBD68
:1045E000E3D67DBC2A613EBDF2AE1ABF983E4EBFF7
:1045F000E3D67D3DE0C80EBEBC832EBEBC83AEBEFE
:104600004EA69E3D2A613EBE4EA69E3E2A613E3D7E
:104610004EA69E3D75F96DBEE3D67DBD2A613EBEB8
:104620004EA61E3EE3D6FDBD000000004EA69EBD78
:10463000BE0AE63E4EA61E3E84D10ABFE3D6FD3C2E
:104640002A613EBD4EA61EBEE3D67DBD2A61BEBD1B
:10465000E3D6FDBDE3D6FDBD29DA86BE4EA69E3D5E
:1046600000000000E0C80EBE4EA69EBD983E4EBEA5
:10467000E3D67D3C2A613E3DE0C88E3EE3D6FD3C5C
:104680002A613EBD071CDEBDBC832E3EE0C80EBEC7
:104690000595A63EE3D67DBD4EA61EBEE3D67DBDE6
:1046A000E3D6FD3D4EA61EBE0595A63E7372B6BE70
:1046B000BC83AE3EE0C80EBEF43552BFE0C80EBEAD
:1046C000E3D6FD3C983E4EBEE0C80EBE00000000A2
:1046D000E3D67DBD0595A6BE4EA69EBE4EA61E3E49
:1046E000E3D6FD3D29DA86BEBC832EBFE3D67DBD71
:1046F0002A61BE3E4EA61EBE75F96DBE97B7963EA8
:104700002A613E3D2A613E3EE0C80E3E7372B6BE4F
:104710002A61BEBD7372B6BEE14FC6BE4EA61EBFB5
:104720004EA61E3E071CDE3D0595A63E865842BF9E
:10473000E3D6FDBD4EA69EBEE3D67DBE187B32BF3E
:104740002A613EBEE3D67D3CE3D67D3D75F96DBE64
:10475000E3D67DBD29DA06BF2A61BEBDE14FC63E64
:104760002A61BEBEE3D6FD3C187B32BF2A61BEBEC5
:10477000E3D67D3EE3D6FDBCF2AE1ABF2A61BEBED3
:10478000E3D67D3C75F96D3E2A613EBDE3D67DBD25
:10479000E14FC6BE2A613E3E071CDE3D29DA06BF58
:1047A00075F9ED3E2A61BE3EE3D6FDBEE3D6FDBC03
:1047B000E3D67DBDE3D6FD3DE3D67D3C2A61BEBD9B
:1047C0002A613EBDE0C80EBEE3D6FD3D502DD6BEEB
:1047D000071CDE3DBC83AEBEE3D6FD3DE3D67DBD0A
:1047E000CDE202BF2A613E3D071CDEBE618C2ABFBE
:1047F000E3D6FDBC071C5E3E4EA61EBEE3D67DBEC4
:10480000E3D6FDBD071C5E3E2A613EBD071C5E3E31
:1048100000000000E3D67D3E29DA863E4EA69EBD0E
:10482000E3D67D3D4EA69E3D4EA69EBE2A61BE3D70
:10483000983ECEBEE3D67DBC4EA61E3E2A61BE3D4E
:10484000E0C88E3EE3D67D3CE3D67DBD0595A6BE91
:10485000E3D67D3CE3D6FDBD4EA61E3E071CDEBD65
:10486000071CDEBE4EA61E3EBC83AEBEE3D6FDBE1A
:10487000E3D67D3D2A61BE3EE3D67DBE2A613EBDC4
:10488000E14FC63EE3D6FDBDE3D6FDBCE3D67DBD1C
:10489000BC83AEBE502DD6BEBC832EBE2A613EBEAA
:1048A000983E4EBE2A61BE3D2A613EBD071C5EBEDB
:1048B000E3D67DBC2A613EBFE3D6FDBD983ECEBEA9
:1048C0002A613E3DE3D67D3C4EA61E3EE3D6FD3C2E
:1048D000983ECEBEE0C80E3E4EA61EBEE0C80E3EBE
:1048E000502DD63E97B796BEE14FC6BEE3D67D3D6E
:1048F000071CDE3D071CDEBDE3D6FD3C0595A63E4C
:10490000071C5E3EE3D6FDBD2A613E3D75F96DBED6
:10491000BC832EBE2A613EBE29DA86BE4EA61E3E4E
:10492000071CDEBD983ECE3EE3D6FDBCCDE202BF05
:104930002A61BE3D187B32BF84D10ABFE3D67D3CDD
:104940002A613EBEBC832E3E75F96D3E97B796BE7A
:1049500097B716BFBC83AE3E071C5EBE502DD63E39
:104960004EA69E3EE0C80E3EBC832E3E4EA61EBE08
:10497000983ECE3E4EA69EBDE14FC6BEE3D6FD3C60
:10498000071CDE3D4EA61E3EE3D6FDBC071CDEBD69
:10499000E0C88EBE4EA69EBD00000000E3D67DBEE0
:1049A0007372B6BEE0C88E3E2A613EBD865842BFD5
:1049B0002A613E3D75F96DBE983E4EBEE3D6FDBD03
:1049C000BC83AEBEE3D6FD3CE3D67DBC071C5EBE19
:1049D00097B716BFE3D6FD3D4EA61EBEE3D67DBCFF
:1049E0002A613EBDE0C88E3E071CDEBDE3D67DBE1B
:1049F0002A613EBEE3D6FDBDE3D6FDBD071CDEBD8C
:104A0000E3D67DBC75F96D3E983ECEBE4EA69E3D6A
:104A1000502DD6BE4EA69EBE2A613E3DE3D6FDBCBD
:104A200029DA063F97B796BE2A613E3DE0C80EBE22
:104A3000E0C80E3EE3D67DBC071CDE3D2A613EBDCC
:104A4000E3D67D3CE3D67D3CE3D67D3CE3D67DBC1E
:104A500029DA86BEE3D6FD3DE3D6FD3C983ECEBEC8
:104A60004EA69E3DE3D6FDBD4EA69E3DE3D6FDBDC2
:104A700097B796BEE3D6FD3D0595A63E071CDEBE64
:104A8000071CDE3D4EA69E3D4EA69EBD75F96D3EB1
:104A9000E14FC6BE00000000071CDE3D4EA69EBED4
:104AA000071C5E3EBC832E3E2A613E3DE3D6FDBD23
:104AB0002A61BE3D2A61BEBD2A61BEBD2A61BE3DDE
:104AC000E3D67D3E2A613EBDE3D67D3D2A613E3E72
:104AD000E3D6FDBCE0C88E3E4EA61EBE97B796BE7E
:104AE000BC832EBEE3D67DBC2A613EBD2A613EBE9C
:104AF0004EA61EBE2A613E3E983E4E3E2A613E3E76
:104B00001C875FBD7EA7A3BD6198BFBBE791CBBDEE
:104B1000BF8FCFBD9AB6073DB39CB7BD6198BF3B71
:104B2000B39C37BDD7757FBCCFAB9BBDF8AD17BD70
:104B300049B28FBC6198BF3B9AB687BDD775FF3B22
:104B4000D775FF3A6198BFBB6198BF3C1C87DF3CBB
:104B500061983FBDBF8F4F3D04A1AF3C6198BF3C02
:104B6000F8AD97BD7A7EEFBCD775FFBA49B28F3CDE
:104B7000F8AD17BD55A5273DC3B883BD49B28FBC5D
:104B80001C87DFBC287A77BDBF8FCFBCF8AD17BDBF
:104B9000109447BDD775FF3A6198BFBD0000000073
:104BA000D7757FBBD775FF3BD775FFBDBF8F4F3D17
:104BB00049B28F3C109447BDA6A99F3CCB8267BDEC
:104BC00049B28FBCD775FFBAD775FF3AA6A91F3D6A
:104BD000CB8267BD7A7E6F3DD775FFBA55A527BDDD
:104BE0001C87DFBDA6A91F3CCB82673D49B28F3C25
:104BF000A6A91F3DD775FFBAB39C373DA6A99F3C18
:104C00001C875FBC04A1AFBC6D8B573DD775FF3AC5
:104C10006198BF3B49B20F3D1C875FBC7A7EEF3C79
:104C2000BF8FCFBC55A5273DD775FFBAD775FFBB42
:104C30009AB607BD1C875F3CD7757FBD7A7E6FBD76
:104C4000287A77BDF8AD173D7A7E6FBD04A1AFBC61
:104C500049B20FBDBF8F4FBD000000006198BFBBC0
:104C60004589DBBD9AB607BD55A5A7BDCB8267BDFB
:104C700072B48BBDB39C37BD1C87DFBC7A7E6FBD21
:104C800049B20FBDD7757F3B1C87DF3C6198BF3BA6
:104C9000B39C37BD9AB6073D7A7EEFBCBF8F4FBD40
:104CA00004A1AF3CA6A99F3CA6A91F3C49B28F3CDA
:104CB00049B28FBCBF8F4FBDBF8FCF3C1C87DF3C3D
:104CC00061983FBD1C875F3D1C87DF3C7A7EEF3CCF
:104CD000D775FFBCA6A91FBD1C87DFBC61983F3DEF
:104CE00061983FBD1C87DFBCD7757F3C000000008A
:104CF00049B20F3D6198BFBC1C87DFBC6198BFBB48
:104D0000BF8FCFBCD775FF3B287A773DD7757FBB68
:104D1000CFAB9BBD1C87DF3C7A7E6FBD7A7EEFBC3C
:104D20007A7EEFBC1C875FBC1C87DFBCF8AD17BD6B
:104D3000D775FF3B55A5273D287A77BDA6A91F3D0E
:104D4000DB9EB3BDD7757FBC04A12FBDBF8FCFBC89
:104D5000D775FF3A72B48BBD55A5273D04A12F3DF1
:104D6000CFAB9BBD287A77BD1C87DF3C7A7E6FBDB9
:104D7000A6A91FBDBF8F4F3D04A12F3DD775FFBB17
:104D80007A7E6FBD7A7E6FBDA6A91F3C8A9ABBBD95
:104D900004A1AFBD04A1AF3CD775FFBC49B20FBDA4
:104DA00004A12FBDD7757F3CBF8F4FBD0000000011
:104DB000D775FF3BA6A99FBCD775FFBB61983FBCC9
:104DC0009AB607BD6198BFBC6D8B57BD1C875F3D10
:104DD0006D8B57BD49B20F3D7A7E6FBDA6A91FBC32
:104DE000BF8FCFBDA6A91FBCA6A91FBDDB9EB3BDAB
:104DF000109447BD1094473D61983FBD55A527BD10
:104E000055A527BDBF8F4FBDD775FF3AD7757FBB5F
:104E100049B20FBDB39C373DCB8267BDCB8267BD26
:104E20007A7EEFBCA6A91FBCF8AD17BDD7757FBCB5
:104E3000D775FF3A04A12FBDBF8F4F3D04A1AFBC72
:104E400020B093BD49B20FBD6198BFBBD775FFBA03
:104E5000D7757FBD6D8B57BDD7757FBBBF8FCF3CDF
:104E6000B39CB7BDD775FF3CD775FFBB8A9ABBBD56
:104E7000D775FF3C1C875FBD7A7EEFBC04A1AF3CB9
:104E80007A7EEF3CA6A91FBDCB8267BD55A5A7BD05
:104E9000D775FFBC1C87DFBC61983FBD04A1AFBCC8
:104EA000D7757F3B287A77BDBF8FCFBC49B28FBC07
:104EB000F8AD17BDA6A91F3DD7757F3BA6A91FBD9D
:104EC000CFAB9BBD1C875F3C1C875FBDA6A91FBCE9
:104ED00004A1AF3CD775FF3C04A12FBDBF8F4FBDD0
:104EE00049B28FBD04A1AF3C7A7EEFBDA6A91FBC1D
:104EF0001C875F3C1C875F3CBF8F4F3D72B48BBDEE
:104F0000D7757F3B9AB687BD6198BFBCBF8FCF3C3A
:104F10006198BF3B109447BDA6A99F3C6198BF3CD8
:104F2000B39C373D49B28F3CC3B883BD287A77BD67
:104F3000D7757FBC109447BDA6A99FBC61983FBCA4
:104F4000C3B883BD9AB6073D61983FBD04A1AFBC0D
:104F500049B20F3DD7757F3BD7757FBCC3B883BDC2
:104F600049B28FBCD775FFBB6198BF3B04A1AFBCF2
:104F7000A6A99FBC6D8B573D9AB687BDF8AD17BDEE
:104F80001C875FBCA6A99FBD61983FBCA6A91FBD99
:104F90006D8B57BD109447BD04A1AFBDD7757F3C45
:104FA00049B28F3CD775FF3C9AB687BDD7757FBB9A
:104FB000D7757FBD72B48BBD6198BF3CA6A91F3C5D
:104FC0007EA7A3BD9AB607BDD775FFBA55A5273DE5
:104FD00055A5273DA6A99FBD6198BFBB1C87DFBC17
:104FE000A6A91FBDD775FF3BB39C373D49B20FBD86
:104FF0001C875F3C6198BFBB72B48BBDD7757F3C8B
:1050000049B20FBD6D8B57BDD7757FBDD775FFBB3F
:105010009AB607BD61983F3D04A1AFBCCB8267BD86
:1050200004A12F3D49B28FBCBF8FCFBD7A7EEF3C2C
:10503000CFAB9BBDF8AD173D7A7EEFBCD775FF3B7C
:10504000C3B883BD109447BDD775FFBCA6A91F3D4B
:105050006D8B57BD7EA7A3BD6198BFBC000000004B
:1050600049B28F3C1C875FBCD7757FBBD7757F3B30
:10507000A6A91F3DD7757FBB55A527BDD7757FBB9B
:10508000D7757FBDD775FFBC1C875F3C6198BFBDDE
:10509000D7757FBD7A7EEF3C1C875FBD55A5273D48
:1050A000CB8267BD55A527BDD775FFBBD775FFBCA4
:1050B000CFAB9BBD1C875FBD9AB6073D61983FBDD6
:1050C0007EA7A3BD7A7EEF3C61983F3C1C875FBC06
:1050D00004A1AF3C49B20FBD49B20FBDD775FFBBAC
:1050E000D7757FBCD775FF3BF8AD17BDB39C37BDF7
:1050F00004A1AFBC61983F3D6198BF3CD775FF3AB2
:1051000049B20F3D49B28FBDD7757FBD04A1AF3CF9
:1051100049B28FBC04A1AFBCCB8267BDCFAB9BBDF6
:10512000F8AD173DD775FFBC1094C7BD55A527BD79
:10513000109447BD61983FBD49B28FBC6198BFBC18
:105140007EA7A3BDF8AD17BDD775FFBBD775FFBB55
:105150006D8B57BDA6A91F3DBF8FCFBC1C87DFBC81
:10516000F8AD97BDB39C37BD109447BDA6A91FBC31
:10517000D7757FBCD7757FBCD7757F3B49B28FBCD5
:10518000D7757FBD61983FBD6198BFBCA6A99FBC84
:10519000A6A91FBD55A5273DC3B883BDA6A99FBD20
:1051A000F8AD17BDD7757FBCA6A91F3CBF8F4FBDFB
:1051B00004A12FBDBF8FCFBC04A12F3D49B20F3D2D
:1051C0006198BFBBBF8F4FBD49B28FBCBF8F4FBD72
:1051D000BF8FCF3C72B48BBD61983FBDA6A99FBC69
:1051E00020B093BDA6A91FBCD7757F3B9AB687BDDB
:1051F0006198BFBBA6A99FBC287A77BD7EA7A3BD37
:10520000A6A91F3C49B28FBCA6A91FBDB39C37BD40
:10521000B39CB7BDD7757FBC7A7EEF3CD7757FBC9A
:1052200055A5273DA6A91FBC49B28F3C1094473D08
:1052300049B28FBC55A5273DBF8F4F3DD775FF3C69
:10524000D775FFBC6D8B57BDD7757F3BF8AD173D4C
:10525000D7757FBB1C875FBD49B28F3CD7757F3B3D
:1052600049B28FBDD775FF3A109447BDD775FF3B44
:1052700061983FBC1C875FBD20B093BDD775FF3AD6
:1052800061983FBC9AB607BD1C875F3C6198BFBD63
:105290006198BF3C49B20FBD1C87DFBD6198BFBCA0
:1052A00004A1AF3CD775FF3AD775FF3BD7757FBDDB
:1052B000D775FF3C04A12FBDA6A91FBCF8AD97BDB3
:1052C00055A527BD109447BDA6A91FBD1C875FBD6E
:1052D0006198BF3B04A1AFBC6198BF3CD7757F3BD1
:1052E00061983F3C6198BFBC3996C3BD61983F3C13
:1052F0001C875FBDBF8FCFBC9AB607BDD7757FBC7B
:10530000D775FF3C55A527BDA6A91FBD04A1AFBDFC
:10531000BF8F4FBD04A1AF3CA6A91F3CD7757F3CF2
:1053200061983F3DA6A99F3C7A7E6FBDB39C373DF7
:1053300061983FBCD7757FBC6198BF3CD7757FBB78
:10534000BF8FCFBC1C875FBCF8AD17BD109447BDA5
:10535000A6A99FBCA6A91F3CCB8267BDCB8267BD17
:10536000287A77BDD775FF3B61983FBDD7757F3BE6
:1053700049B28F3CD775FF3B49B28F3C1C87DF3C5D
:10538000000000006198BFBD49B28F3CBF8F4FBD88
:1053900004A1AFBD61983F3D49B20FBD1C875FBC02
:1053A000D775FFBB61983FBC2CA3ABBD61983FBCD8
:1053B00004A1AF3CD7757F3B6198BFBB49B28FBC9E
:1053C00061983FBDD775FF3B1C87DFBCD7757FBB9E
:1053D0006198BFBBD775FFBCD775FF3B04A12F3DBC
:1053E000A6A91FBDD775FF3A0000000020B093BDED
:1053F000F8AD17BD61983FBDD7757FBBB39C37BD76
:105400001C875FBCA6A99FBD7A7E6F3D1C875FBCD1
:105410006198BF3BBF8FCF3CA6A91F3CF8AD173D9D
:10542000A6A91F3C287A77BDD775FFBB49B20F3DAF
:10543000B39C373DD775FFBC04A1AFBC9AB687BDFE
:10544000F8AD17BDBF8FCFBCBF8FCFBC1094473D09
:105450007A7E6FBD1C875FBC04A1AFBDD7757FBBD3
:10546000A6A91FBD6198BF3BCB82673D1C87DF3C6F
:10547000D775FFBABF8FCFBC287A77BDCB8267BD07
:10548000F8AD17BD61983F3CD775FFBAA6A99FBD7F
:1054900055A527BD6198BFBC6198BF3B00000000C7
:1054A000A6A91F3C109447BD109447BDA6A91FBCD8
:1054B00049B20F3DA6A91FBC000000006198BF3B88
:1054C0007A7EEF3CD775FFBB9AB6073D109447BD77
:1054D000BF8FCFBCC3B883BDD7757FBD55A5273D52
:1054E000C3B883BDB39C37BDBF8F4FBDCB8267BDF3
:1054F00061983FBDD775FF3CA6A91FBD1C87DFBCC7
:1055000004A1AFBCF8AD17BD1C875F3D49B28F3C0D
:10551000D7757F3CBF8F4FBD55A5A7BD6D8B57BDC0
:10552000CB8267BDD775FFBA3996C3BD1C875FBDF7
:10553000000000006198BF3CF8AD17BD61983FBD09
:105540001C875FBD04A1AFBC287A77BD7A7EEFBC13
:1055500020B093BD6198BF3C00000000BF8F4F3D5D
:10556000C3B883BDD775FFBCBF8FCF3C04A1AF3C90
:105570009AB6073DD775FF3A000000006198BF3C1E
:105580009AB607BDD775FFBCD775FFBABF8F4FBDA1
:10559000D775FFBA49B20F3DD7757FBDD7757FBBB1
:1055A0006198BF3B6198BFBBD7757F3BD775FFBC88
:1055B000CB8267BDA6A91F3CBF8FCF3C7A7E6FBD53
:1055C000D775FF3AB39C373DD7757F3B55A527BDAF
:1055D000F8AD97BD49B28FBCD7757FBB61983FBD11
:1055E000D775FF3B6198BFBBF8AD97BDA6A99FBC1F
:1055F0001C875FBD6198BF3B1C87DF3C61983FBD46
:105600000000000055A527BD6198BFBB04A12FBDB8
:10561000D7757FBBA6A99FBC109447BDD775FFBBAC
:105620007A7E6FBD2CA3ABBDF8AD97BD72B48BBDB8
:105630001C875F3CBF8FCFBC6D8B573D6D8B57BDBB
:10564000D7757FBB6198BFBB1C875FBCB39C37BD60
:10565000A6A99FBD61983FBCBF8F4FBD1C87DFBC13
:1056600061983FBCBF8FCFBC1C87DF3C6D8B57BDA3
:1056700061983FBD49B28FBC287A77BDD775FF3A94
:105680009AB6073D3996C3BDD7757FBC49B28FBD69
:10569000D7757F3CD775FF3BDB9EB3BD61983FBCA0
:1056A0001C87DFBCBF8F4FBDD7757FBD04A12F3DC9
:1056B00004A1AFBC1C875F3CCB8267BD6198BFBBB8
:1056C00061983F3CD775FFBCBF8F4FBD7A7EEFBC62
:1056D0006198BFBD00000000517CF3BDD775FF3A53
:1056E000F8AD173DD7757FBCA6A91FBD1C875FBC51
:1056F000D7757FBD6198BF3C1C87DF3CA6A99FBCC6
:105700001094473DBF8F4FBD6198BFBCBF8F4FBD49
:10571000CB8267BDA6A99F3C6198BFBC6198BFBC06
:10572000BF8F4F3DA6A99FBC55A527BDD775FFBA12
:105730001C87DF3C6D8B57BD7A7E6FBDD775FF3AF6
:10574000287A77BD04A1AF3C49B28FBCD7757FBB27
:1057500072B48BBD20B093BD20B093BDCB8267BD2A
:10576000D7757FBB04A1AFBC49B28F3C6D8B573D51
:10577000A6A99FBD04A12F3D287A77BD1C87DF3CD9
:10578000384318BD701D83BD0069ADBD325807BEDA
:10579000B5CD0FBDBBB8203D3E2E29BD4B044BBC43
:1057A0003258073DF4928B3DCE7953BD3258073DB8
:1057B000325807BB3258073C58DA6C3D325807BCA8
:1057C0007DF3A4BD4B04CBBBD46464BD45193A3D05
:1057D0003E2EA9BC58DAEC3CD46464BD4B04CBBC6F
:1057E0003258873C3E2E293D4B04CBBB7DF3A4BDF4
:1057F00058DAECBC3258873C3258073D325887BCE7
:10580000CE7953BD3E2EA9BD51EF5BBDC88E42BDC2
:10581000100001BE00000000969FE8BDC2A331BD8C
:10582000BBB820BD51EF5BBD100001BE3E2E29BDAF
:105830003258073BD46464BD5EC5FD3C00000000E7
:105840005EC5FD3C3E2E293D384318BD51EF5BBD82
:105850004B04CBBB4B044B3C000000003258073BD1
:105860004B044BBDF4928BBD4B044BBC4519BABCE9
:105870003258873C770894BD5EC5FD3C325807BB63
:105880003258873B3258073C51EFDBBCC88EC2BD53
:105890000D3FCFBD4B04CBBC3E2EA9BDC2A331BD35
:1058A0003E2E29BC325807BBC2A3B1BD384398BDB8
:1058B00051EFDBBC51EF5B3D325887BC4B044BBD15
:1058C00051EF5BBD4B04CBBCB5CD0FBDBBB820BD0C
:1058D000C88E423D3258073D3E2E29BC3E2E29BD82
:1058E00058DA6CBC4B044B3D701D83BD4B044BBC64
:1058F0003E2E293D4B044BBC4B044BBCC88E42BDD5
:105900003E2EA9BD3E2EA93C4B04CB3C3258073B52
:105910003E2E29BD4B044B3DC88EC2BDB5CD0FBD3B
:105920005EC5FDBCB5CD0F3D325807BC4519BA3C2C
:10593000325807BC3843183D3258073B701D833D31
:10594000B5CD0FBD3258873C4B04CBBC58DAEC3C8C
:105950003258873BC88E42BD51EFDBBC45193A3DFA
:1059600058DA6CBC5EC5FDBC4B04CB3C58DAECBCD1
:10597000701D83BD3E2E293C3E2E29BD51EFDBBC60
:10598000325807BBB5CD8FBD4B04CB3C0069ADBDD4
:105990004B04CBBC5EC5FD3C3E2EA9BC384318BDB4
:1059A000C88E423D51EF5BBD4B04CBBC3E2EA9BC23
:1059B000384398BC3843983C5EC5FDBC00000000ED
:1059C000B5CD8FBD4B044BBC3843183D384398BC14
:1059D0004B044BBC58DA6CBD3258073C325887BB7D
:1059E00045193A3D4519BA3C3258073C0069ADBDEE
:1059F000B5CD0F3D0069ADBD325887BB5EC5FDBC5E
:105A000051EFDBBC384318BD384398BC3258873B54
:105A100051EFDBBC3E2E293C4B044BBD3843183DB7
:105A20003E2EA9BC00000000BBB8A0BD3E2EA93C84
:105A3000384398BD5EC5FDBC4B044B3CDB4F75BD88
:105A400058DAECBCBBB8A0BDD46464BD58DA6CBDF8
:105A500058DAECBC3258873B83DEB5BD58DAEC3CF3
:105A60000654BEBD4B044B3DBBB8203D3258873C6D
:105A7000325807BCDB4F753D58DA6C3C4B044BBDCC
:105A80003258073C4519BABC4B04CBBC384398BDCF
:105A9000C2A3B1BD3E2E293CD46464BD325887BB3D
:105AA0003258073C58DA6CBDB5CD0FBD3843183DB0
:105AB0003843983C51EFDBBC5EC5FD3C3E2EA93C13
:105AC0003258873B7DF3A4BD4B044B3C4B04CBBB0E
:105AD000D464643D51EF5B3DCE7953BD51EFDB3C67
:105AE00051EFDBBCBBB8203DB5CD0FBD4B044BBC6B
:105AF000BBB820BD58DAEC3C4519BABC3E2E293C57
:105B00004B04CB3B4B044BBD3843983C4519BABCC6
:105B100083DEB5BDBBB8203D3258073B3E2EA93CC5
:105B200058DA6C3C3843983C3258873B325807BBB4
:105B30000654BEBD58DA6CBC701D83BDCE7953BD12
:105B40000069ADBDBBB820BD384398BD325887BB96
:105B50004519BABC4B044BBDB5CD8FBD51EFDB3CF5
:105B6000C88E42BD4B04CBBB325887BCC88E42BDE9
:105B700051EF5BBD4B044BBDB5CD0F3D58DA6CBC4E
:105B8000325807BB83DEB5BDCE79533D83DEB5BD4C
:105B90005EC5FDBC0000000051EFDB3C5EC5FD3C76
:105BA0003258873B325887BC325807BDB5CD0FBD40
:105BB00058DA6C3C58DAECBC45193ABD3E2E29BD8A
:105BC000701D83BDDB4F75BD3E2E29BCB5CD0FBD0D
:105BD00051EFDBBC701D83BDF4928BBD0000000053
:105BE0003E2EA9BD000000004B04CBBC4519BABC39
:105BF000000000003E2E29BD45193ABD45193ABDA9
:105C0000325887BD3E2E29BD3258073C3E2E29BC56
:105C10007DF3A4BD3258073C3258073B3843983CCB
:105C20003258073B4B044B3CC88E42BD5EC57DBD20
:105C30003E2E293C3843983C4B044BBC5EC5FDBC12
:105C4000325887BCB5CD0F3D3E2E29BDB5CD0F3D99
:105C500058DA6C3CF4928BBD3E2EA93C3E2EA9BC7A
:105C60004B044BBC384398BC4B04CB3B00000000BA
:105C70004B044BBC325887BD51EFDB3C4B04CB3B54
:105C80004B04CBBB58DA6CBC4B044BBCDB4F75BD33
:105C90005EC5FDBDBBB820BD58DA6C3C325887BC30
:105CA00058DA6CBC3258073D325887BD4519BABC2A
:105CB000DB4F75BD4B044BBD51EFDBBC5EC57DBDFD
:105CC000BBB8A0BD58DAEC3C325807BC325887BB91
:105CD00058DAEC3C51EF5BBD4B04CB3C325807BC6F
:105CE0003E2E29BD58DAECBCD46464BD4B04CBBC59
:105CF0003843983C51EFDBBC3258873C325807BCE4
:105D0000384398BC384318BD3E2E293C4519BABCCF
:105D1000325807BBC2A331BD3843983C58DAECBCBB
:105D20003E2E293D770894BD3258873D384398BCB4
:105D3000325887BD3E2E293C3E2EA93CCE7953BD1C
:105D400089C9C6BD3843183DBBB8A0BDC2A331BD8B
:105D500058DA6CBC58DAECBC3E2E29BC58DA6CBD63
:105D6000325807BD4519BA3C3843983C51EF5BBDEA
:105D700051EF5B3D4B04CB3B3258873B4B04CB3C54
:105D80004B04CBBB701D03BE58DAECBC4B04CBBC40
:105D9000FA7D9CBD0000000051EFDB3C3258073C0F
:105DA0004B044B3C4B04CBBD7DF3A4BDD46464BD1C
:105DB0004B044BBC58DAEC3CC2A331BD58DA6C3C06
:105DC000D46464BDC2A331BD5EC5FD3C58DA6CBC71
:105DD000325807BD3258073B325807BDBBB8203D8B
:105DE00058DAECBCB5CD8FBD58DAECBD3258073D62
:105DF000325807BC4B044BBC325887BCC2A331BDE0
:105E00004B044B3C3E2E29BC4B044BBDC88EC2BD3F
:105E1000384398BD3258073B58DA6C3C51EFDB3CB5
:105E200058DA6C3C384318BD4B044B3CF4928BBDA4
:105E300000000000C2A331BD4519BA3C51EF5BBD63
:105E4000384398BD4B04CBBBC88E42BD58DAECBC7E
:105E50003E2E293DC88E42BD3843983CC2A331BD79
:105E60003E2E29BC58DA6C3C325807BD4519BABCE5
:105E70007DF3A4BD4519BABD58DA6C3C51EF5BBD4A
:105E80003258073B51EFDBBD3E2EA93C3258073C50
:105E90004B04CBBB4B044B3C58DAECBC4B04CB3C27
:105EA0003843183D45193ABD325807BC325807BB34
:105EB0004519BABC325807BC3258073BF4928BBD27
:105EC000C2A3B1BD3E2E293D4B04CB3B4B044BBC82
:105ED000325807BB4519BA3C384318BD3258873B86
:105EE000D46464BD4B044B3CBBB8203DB5CD0F3DE5
:105EF000701D83BD0069ADBD4519BABCDB4F75BDD2
:105F00004B04CB3B45193ABDFA7D9CBDD46464BDBE
:105F1000BBB8A0BD000000000D3FCFBD4B04CBBC03
:105F20004519BA3C4B04CBBC51EF5BBD325887BC22
:105F3000384398BC3E2E293DF4928BBD384398BC23
:105F40003E2E29BDBBB820BD4B04CBBD325807BC8B
:105F50004B04CB3C58DA6C3C325807BB3258873C78
:105F60003E2E29BC58DA6C3CF4928BBD701D83BD6B
:105F700058DA6C3C4B04CB3C4B04CBBB58DA6CBCC2
:105F80004B04CBBC90B4D7BD5EC5FDBC4B044BBC31
:105F900058DA6CBDCE79533DBBB820BDBBB8203DAF
:105FA0004B04CB3B3E2EA9BD3E2E293C3E2E29BDA7
:105FB000325887BB325807BD45193ABD4B044B3D9B
:105FC000C2A331BD325887BD5EC5FDBC3E2EA9BC03
:105FD000B5CD0F3DB5CD0F3DC88E42BDB5CD0F3D02
:105FE000BBB820BD3258873C4B044BBD770894BDED
:105FF000325807BCF4928BBDC88E423D3843983C62
:10600000325887BD3E2EA9BC7DF3A4BD45193ABDCB
:106010004B044BBDB5CD0FBD58DAECBD58DA6C3C26
:10602000BBB820BDCE7953BD325887BC3258073B30
:106030004B04CB3B4B044BBD4B044BBD3E2E293C8C
:10604000F4928BBD5EC5FDBC4519BABD4B044BBD7A
:106050005EC5FDBC325887BC3E2E293CB5CD0F3DF8
:106060003258073D384318BD4B04CBBD3E2EA9BC6A
:10607000C88E42BDB5CD8FBD58DA6CBD3258873B56
:1060800051EF5BBD3E2E29BD325887BD3258073BCC
:106090005EC5FDBD3258073BC88E42BD5EC57DBDA5
:1060A0003258073D51EF5BBD7DF3A4BD3258873BAD
:1060B0004B044B3DD46464BDCE7953BDC88E423D84
:1060C00058DA6CBD4B044B3C4B04CB3C325887BC7C
:1060D00045193ABD51EFDBBC58DA6CBD701D83BD6C
:1060E00045193ABDC88E423DBBB8A03D701D83BD69
:1060F0003E2EA9BD4B04CBBDBBB8A0BD58DA6C3C4D
:10610000384398BCF4928BBDB5CD0FBD83DEB5BDD1
:106110001915F1BD58DA6C3C0069ADBD00000000F6
:106120003843983C3258073C325887BD4B044BBC2F
:10613000C88E423D3258873C00000000BBB820BDED
:106140004B04CBBD58DA6CBDD46464BD4B044BBD6D
:106150003258873B58DA6C3D384398BCD464643D70
:10616000325807BB4519BABC4B04CB3B325887BCED
:10617000384398BC701D83BD58DA6CBD325887BD5A
:106180003258073BC88EC2BD45193ABD384398BC4A
:1061900058DA6CBC5EC5FDBC4519BABD384398BC25
:1061A000CE79533D58DA6CBD701D83BD4B044BBD99
:1061B000384398BC45193ABDB5CD0F3D45193A3D18
:1061C0004B044B3C4B04CBBB4B044B3C4B044B3D77
:1061D0003258873C384318BDB5CD0FBD325807BB88
:1061E00058DAEC3CD46464BD51EF5BBD3E2EA9BCD3
:1061F0004B04CBBC51EF5BBDC2A331BD45193A3D49
:1062000045193A3DBBB8A0BD58DA6CBDF4928BBDC0
:10621000B5CD8FBD45193A3D0069ADBD5EC5FD3CAC
:10622000325807BC325887BD4519BA3C4B04CBBC29
:106230003E2E29BD45193A3D5EC5FDBC58DAECBC81
:10624000DB4F75BD325887BB4519BABC58DAEC3CF8
:106250005EC57DBD701D833D58DAECBC3843983C6B
:106260003E2E29BC384398BD3E2E29BC325887BCEF
:10627000701D83BDB5CD8FBD325887BB3258073DE9
:10628000CE79533D4B04CBBD4B04CB3BFA7D9CBD3B
:10629000384398BC384318BD51EFDBBC51EF5BBDB0
:1062A000C2A331BD3E2E293C701D83BD58DAEC3CA3
:1062B0003258873CC2A3313D325887BD45193A3D1B
:1062C000325887BCBBB8203D3E2E29BDCE7953BD88
:1062D000325807BB4B04CB3B0069ADBD51EF5BBDF2
:1062E0003E2EA9BC7DF3A4BD325807BD58DA6CBD63
:1062F000CE7953BD4B04CBBC325807BDC2A331BDD0
:10630000BBB820BDC2A331BD3258073B325887BD50
:10631000D46464BD58DA6CBDC2A331BD3258873B2A
:10632000B5CD0FBD5EC57D3D3E2EA9BD4519BA3C1C
:106330004519BABC4B044BBDBBB8203D3258073C95
:10634000384398BD701D83BD3E2E293CCE7953BD88
:10635000325807BC4B044B3D325807BB00000000CD
:106360005EC5FDBC325807BD58DA6CBDC2A331BD55
:10637000B5CD0FBD4B044BBC00000000BBB820BD29
:106380003E2E293C969FE8BDF4928BBD7DF3A4BDC3
:1063900090B4D7BDD46464BDDB4FF5BDB5CD0FBDA2
:1063A0005EC57DBD51EFDBBCBBB820BD3258073C9C
:1063B0003E2E293D58DAEC3C4B04CBBB3258073C0F
:1063C00089C9C6BD58DAECBC384398BD325887BD80
:1063D000C88E42BD4B04CBBC58DAECBCB5CD0FBD6A
:1063E0007DF3A4BD5EC5FDBC45193A3D000000002B
:1063F00045193ABD3258073B4519BA3CB5CD0F3D5A
:106400008F98D3BE46EA7D3ECCB361BDCCB3E13CB0
:10641000D946A9BDD94629BECCB3E1BC8F98D33E9D
:10642000527DC53EFE1D14BF9C2B9BBECCB3E13CF0
:10643000CCB3613DD946A9BD0000000000000000BA
:1064400046EA7D3ECCB3613D2204C9BF60100D3EDB
:10645000527DC5BE527D453E527DC53E46EA7D3EDB
:1064600060108DBE9C2B9B3ED94629BFCCB3E1BDAD
:10647000D94629BECCB3E1BDCCB3613EC10206BF53
:10648000527D45BECCB361BD60108D3E527D45BE90
:10649000CCB3E1BDCCB3E1BDD94629BED946A93EB6
:1064A000CCB3613E9C2B9BBECCB361BD9C2B9B3E71
:1064B000CCB3E13C000000009C2B9B3ECCB361BD03
:1064C000CCB3E13DCCB3E13CCCB3E1BECCB361BED7
:1064D0001662B7BE00000000CCB3E13D1662B73EC5
:1064E000D946A93D46EA7D3E60100DBFCCB3E1BC64
:1064F00046EA7D3ED946A9BDCCB3E13DCCB3E13DF2
:106500003B3922BFCCB3E13D46EA7D3ECCB361BD11
:1065100000000000CCB3E1BC00000000CCB361BDC2
:10652000CCB3E13CD946A9BD60100D3ECCB3E1BD72
:10653000527D45BECCB3613DCCB3613D000000004F
:10654000CCB3E13CD946A93D09CF6F3FCCB3E1BD07
:1065500046EA7DBE60100DBE0000000060100D3EDA
:10656000CCB3E1BDD94629BE527DC5BED946A93DB1
:10657000CCB3E1BC9C2B9B3ED946293ECCB361BE3B
:106580001662B7BE8F98D33ECCB361BDD946A9BDC4
:10659000CCB3E1BC0000000000000000CCB3E13D42
:1065A00009CFEFBECCB3613ECCB3613DCCB3E1BD0E
:1065B000527D45BED94629BED946293ECCB361BEDF
:1065C000CCB3E13D00000000B46F3EBFCCB3613EF0
:1065D0008F98D3BECCB361BECCB3E1BD60108D3E0D
:1065E00000000000D94629BE9C2B9BBECCB3613E67
:1065F000CCB3613DD946A93ECCB3E13CCCB3613DBF
:10660000CCB361BDFE1D143FCCB3E13CCCB361BD46
:10661000CCB3613DD946A9BD00000000D946A9BD53
:10662000CCB3E1BD527D453ECCB3E13D000000005E
:10663000D946A9BD527D453E60100D3E8F98D3BE10
:10664000D946A93D60100D3E09CF6FBFD946A93E7E
:1066500046EA7DBECCB3E13C46EA7D3E0000000048
:10666000CCB3E13C527D45BE46EA7DBECCB3E1BC35
:10667000000000007754303FD946A9BD000000005B
:10668000D94629BFCCB3613DCCB3613DD946A9BD44
:10669000CCB3E1BDD946A9BED946A9BD60108D3E97
:1066A000D946293F46EAFDBE8F98D3BE1662B7BED3
:1066B00060100D3ED946A93D60100DBECCB3E1BDC2
:1066C000CCB3E13DCCB3613DF27B82BF1662B7BE75
:1066D000527D45BE1662B73E60100D3E60108D3E85
:1066E000B46F3EBF8F98D33EF18A4CBF46EA7DBE61
:1066F00060100DBECCB361BE09CFEFBE527D45BF69
:106700006BB29EBFD946A9BDCCB3613E9C2B9BBE4C
:106710009C2B9BBE60100D3E60108DBECCB3613EC5
:106720009C2B9B3ECCB3E13D8F98D3BE60100D3EB9
:1067300060100D3ECCB361BDCCB3613DCCB3E1BDC7
:1067400000000000CCB3E1BC9C2B9BBF46EA7DBEA1
:10675000CCB361BD60108D3ED946A9BD46EA7D3EF1
:106760001662B7BECCB3E13DF18A4CBFCCB361BE7B
:10677000527D453E1662B7BE166237BF46EA7DBE01
:10678000CCB3E1BF60100DBECCB3613DCCB3E1BD75
:1067900060108DBECCB3E13C46EA7DBECCB3613D1A
:1067A000D946293E46EA7DBED946A9BDCCB3E13CD7
:1067B00046EA7DBE527D453ED946293E60108D3E5B
:1067C000CCB3E13CD946A9BD60100DBECCB3E1BD50
:1067D0009C2B9B3ED946293ECCB3E1BC9C2B9BBE57
:1067E000CCB361BE60100DBE527DC5BECCB3613D61
:1067F000D94629BE527DC5BECCB3E1BC46EA7DBEBA
:10680000527D45BFCCB3613D0000000060100D3EDD
:10681000D94629BED94629BECCB3E13CD946A93DCB
:10682000CCB3613ED946A93ECCB3613DD94629BE21
:1068300046EA7DBED946293E00000000CCB3E13DCA
:106840001662B73ECCB3E1BCF27B82BFCCB3E13E73
:10685000CCB3613ED946293ECCB3E1BDCCB3613D5A
:1068600060100D3E60100DBECCB3E1BDD946A93E0F
:10687000D946A93D9C2B9BBECCB3E13C60100DBE1C
:10688000D94629BED946A93E00000000CCB3E13C60
:10689000CCB361BDCCB3E13DCCB361BDCCB3E1BC05
:1068A0009C2B9B3ED946293ED946A93DD946293E37
:1068B00060108DBE527D453EFE1D14BF60100D3E22
:1068C00060100D3ECCB3E1BC60100DBF9C2B9B3E15
:1068D000CCB3E13C60108D3ED946A93DD94629BED6
:1068E000D946293ECCB3613DCCB3E13C527DC53E97
:1068F000CCB3E13DCCB3E13C60108DBED946A93D9F
:1069000046EA7DBFD946A9BE00000000CCB3E1BC79
:10691000CCB3E1BCCCB361BECCB3E13CD946A93D1C
:106920009C2B9B3E60100DBF527D45BECCB3E1BD9C
:10693000D946A9BECCB3E1BD60100DBED946A9BDF4
:10694000527D453E60100DBECCB3E1BE527DC5BE4A
:1069500060108DBED94629BED946293ED946A93DEB
:1069600009CFEFBE60100DBEC10206BF527DC5BE8D
:10697000CCB361BECCB3E1BC8F98D3BE527D45BED3
:106980000AC0A5BFCCB3E1BECCB3E13CCCB3E1BC03
:10699000CCB3E1BDCCB3E13DCCB3E13CCCB361BD04
:1069A000D94629BECCB3613DCCB361BE527D453ED4
:1069B000C10206BFCCB3E1BE9C2B9B3ED946A9BE0B
:1069C00046EA7D3E1662B7BE60100D3F527D45BE61
:1069D00000000000CCB361BECCB3E1BCCCB3613EDF
:1069E000527D45BED946A9BD8F98D3BE60100DBE5D
:1069F000D94629BE527D45BEF27B82BF60100DBED6
:106A0000D946A9BFCCB3E1BECCB3E1BD60100D3F08
:106A1000527D45BED946A93E60108D3E0000000063
:106A200060108DBECCB3E1BD9C2B1B3FCCB3613E4F
:106A300060108DBE09CFEFBE9C2B9B3ECCB3E13CDA
:106A4000D946A9BDD946A9BE3B3922BF60100DBEAB
:106A5000D946A93ECCB3E1BDCCB3613D527D45BE24
:106A6000D946A93DD946A9BD60108D3ECCB361BEC3
:106A7000CCB3613D60108DBE6AC168BFD946A93DE7
:106A800060108DBFCCB3E1BECCB361BDD946A93E89
:106A9000D946A9BDCCB3E1BC9C2B9B3ECCB3613D98
:106AA0008F98D33ECCB361BDCCB3613ECCB3E1BCD7
:106AB000CCB361BE9C2B9BBE60100DBECCB361BD40
:106AC00060108D3E60108DBE1662B7BED946293E5D
:106AD000CCB3613E00000000D946A93DD94629BE8D
:106AE000527DC53ECCB3613DCCB3E13D60108D3EDF
:106AF000D946A93D60100DBED946A9BECCB3E1BDB3
:106B0000D946A9BE46EA7DBECCB3E13DD946A93DF2
:106B1000CCB361BDD946A93D00000000CCB361BD36
:106B2000C102063F527DC53E60100DBECCB361BDB3
:106B3000CCB361BE000000001662B7BECCB3613EAC
:106B400046EAFDBE527D45BE09CFEFBE0000000003
:106B5000D94629BECCB3E13C527D453E9C2B9BBE21
:106B6000CCB3E13CCCB3613E527D453ED94629BE13
:106B700000000000CCB3E13D1662B73ECCB3E13C6F
:106B80008F98D3BE60108D3E60100DBECCB3613DBA
:106B9000CCB3E13DD946A9BDD946293ECCB3E1BD30
:106BA00060108D3E8F9853BF46EA7DBECCB3E1BDE9
:106BB000CCB361BE60108D3ED946A93DD946293E71
:106BC000CCB361BD9C2B9B3E527DC5BE527D45BE64
:106BD000000000009C2B9BBE60100D3E00000000DA
:106BE000D94629BE9C2B1BBF46EA7DBECCB3E1BD76
:106BF000D946A9BE1662B73ECCB3613D9C2B1BBFE4
:106C000009CFEFBECCB3E1BD0000000060100D3E27
:106C1000CCB3613ECCB3E13CD946293E60100DBEF9
:106C20008F98D3BE60108D3ECCB3E1BC0000000055
:106C30009C2B9BBE46EA7D3E00000000CCB3E13CAD
:106C400046EA7DBED946A93E60108D3ECCB3E1BC7C
:106C5000D946293E9C2B9BBECCB3E1BCD946293EEC
:106C60001662B7BE9C2B1BBF527D45BFCCB361BE25
:106C7000D946A9BE00000000527D45BE3B39223FE7
:106C80003B3922BF527D45BECCB361BD0000000040
:106C90009C2B9B3E60100D3ED94629BE527DC5BE41
:106CA00060100DBECCB3E1BD46EA7D3FCCB3613D83
:106CB00060100D3ED946A9BDCCB3E13C60100DBEBD
:106CC000CCB3613D527D453EFE1D14BF60100DBE2C
:106CD000527D453E527D45BE00000000D946293E0A
:106CE0009C2B9B3E60108DBE8F9853BF1662B7BE23
:106CF000D946A93ECCB3E13C1662B7BECCB3613EE7
:106D00009C2B9BBED946A9BDCCB3613E46EA7DBE55
:106D1000D946293ECCB361BDCCB3E1BC527D453EE2
:106D2000CCB361BE46EA7D3E9C2B9B3ECCB3E13C9E
:106D3000CCB3E13D60108DBE00000000D946A9BE75
:106D4000CCB361BD46EA7D3E527DC53ED946A9BD64
:106D500060108D3ECCB3E13C00000000CCB361BDBF
:106D6000D946A93DCCB3E13C60100D3F60108DBE0B
:106D7000D946A93DCCB3E1BC60108DBECCB3E1BD1A
:106D8000CCB3E1BDD946293E46EA7D3ECCB3E1BC59
:106D9000CCB3613D60108D3ECCB3E13CD946A93DFA
:106DA000CCB3613ED946293ED94629BECCB3E1BD1C
:106DB000CCB361BE527D45BE527D45BECCB3E13DF4
:106DC00060108DBED946A93DCCB3E13CCCB3E13DCA
:106DD000D946293ECCB3613DCCB3E13DD946A9BEED
:106DE0008F98D3BE527D453ED946293E60108DBE58
:106DF000D94629BE46EA7D3E1662B73E527D45BE63
:106E000060100DBED946A93DCCB3E1BDCCB3613D08
:106E1000CCB3613E60100DBE1662B73E527D45BEDA
:106E2000D946A9BD527D45BE9C2B9BBED946A93DE6
:106E3000CCB3613D09CFEF3E8F98D3BE1662B73E0B
:106E4000527D453E60100D3EF27B82BFCCB361BDEA
:106E5000CCB3E1BDCCB3E1BCCCB3613E60100DBEA0
:106E6000CCB3E13CCCB361BECCB3E13E527DC5BEF8
:106E7000D946A93D1662B73ED946A93ECCB361BDFD
:106E8000D946A9BD527D45BED946A9BDD94629BE20
:106E900060108D3ECCB3E1BDCCB3E1BC60100DBE43
:106EA000CCB3E13ECCB3613DCCB3613DCCB3E13C6E
:106EB000CCB3613DCCB3E13DFE1D14BFCCB3E13D8D
:106EC000CCB361BE60100D3ED94629BE60100DBE28
:106ED000CCB3E1BDCCB361BECCB3613D60108D3E9F
:106EE000CCB3E1BDCCB3E1BEB46F3EBF9C2B9BBE27
:106EF00060100D3E60100D3E00000000D946293E96
:106F000009CFEFBE46EA7DBE60108DBE1662B7BEE9
:106F100060108D3E8F98D3BECCB361BDD946A9BE5B
:106F20008F98D3BE1662B73E60100D3ED946293EFB
:106F3000527D453ECCB3E1BCD946293ECCB3E1BC41
:106F4000D94629BECCB3613D2EA65ABFD946293EAB
:106F50000000000060108DBED946A93DCCB3E13DD4
:106F6000CCB3E1BD8F98D33E6AC168BFCCB3E13CDE
:106F7000D946A93DCCB3E13C00000000D946293EEA
:106F8000FE1D14BFCCB3E1BCCCB3613D9C2B9BBEBA
:106F900060108D3ECCB3E1BCCCB3E13CCCB3613EE0
:106FA000CCB3E1BE00000000D94629BE60108D3E82
:106FB00060108D3ECCB3E13CCCB3613DCCB361BD40
:106FC000CCB361BE60100D3ED946293E09CFEFBE5D
:106FD000527D453ECCB361BECCB3613DCCB3E1BD87
:106FE000FE1D14BFD946A9BD46EA7DBECCB361BD26
:106FF000D946A9BD00000000D946A93D09CFEFBE82
:10700000CCB3E1BE60100D3E527D453E9C2B1BBFB4
:10701000527D453ED946A9BDD94629BE60100D3ED8
:1070200046EA7D3ECCB3613DCCB3E1BC527D453EEA
:10703000CCB3E13DCCB3E1BD60100DBECCB3E13DBE
:10704000CCB3613D527D453E1662B73ECCB361BDC7
:10705000CCB3613ECCB3E13C1662B73E527DC5BEB7
:10706000B46F3EBFCCB3E13D60100D3E60108DBEED
:10707000CCB3613D00000000CCB3613E09CFEFBE50
:107080006FC312BDA54A81BDB5A3DF3BC8BAA7BC7B
:10709000AABDA0BDB5A3DF3BC8BAA73BB5A35F3C63
:1070A000B5A3DF3A8CC099BC51C60B3CC8BAA7BB8C
:1070B000B5A35FBCB5A3DF3A8CC019BD2625DCBDE6
:1070C000C24788BDC24788BD0E9B74BD51C60BBC6C
:1070D000B5A3DF3BC8BAA7BB03B5B5BC3EAFC33C45
:1070E0007436B2BD3EAF433C1B3F9DBD51C68B3C89
:1070F0007AA951BD51C60BBDB5A35F3C5739ABBD95
:1071000003B5B53CAABD20BD7AA9D13CB5A3DFBC6F
:10711000E0448FBD21B23C3DC8BAA7BB0E9B74BDF5
:10712000D3A0663D51C68B3C51C68BBCE5B7AEBD06
:107130008CC0993C97A658BDB5A3DF3B5CAC4ABD5B
:10714000B5A3DFBCC24788BDC8BAA7BCB5A35F3C26
:10715000B5A3DFBB51C60BBCB5A3DFBBC8BA27BC08
:10716000C8BAA7BDB5A35FBBC8BA273D33C904BD24
:10717000B5A3DFBB3EAFC33CC8BA27BC7AA9D1BC1C
:10718000AABDA0BDE5B7AEBDB5A3DFBB51C68BBDE3
:1071900033C984BDF09DEDBCF09DEDBC8CC019BD24
:1071A000C8BAA7BC51C68BBC51C68BBC3EAFC3BCD2
:1071B000B5A3DFBC21B23CBDB5A35FBCB5A35FBC2A
:1071C0007AA9D1BCC8BAA7BB5CAC4ABDC8BA27BCB7
:1071D0003EAF43BD0E9B74BD7AA9513D97A658BDE5
:1071E000E5B7AEBD3EAF433C000000000E9B74BD52
:1071F000AABD203D3EAF43BCC8BA273D6FC312BDF8
:10720000B5A35FBCB5A35F3CB5A3DFBB2C987BBD2A
:107210008CC019BD03B5B5BC7AA951BD00000000F2
:10722000E5B72EBD8CC0993C33C904BD33C9043DBC
:10723000F09DEDBCE5B72EBD1B3F9DBD1B3F9DBD29
:107240003EAFC3BC9233B9BD7AA951BD8CC0193DC4
:10725000F09D6DBD2C987BBC3EAF43BD2C98FBBC14
:1072600003B5B5BCC8BA27BDB5A3DF3BF09DED3C67
:10727000B5A35F3C2C98FBBC5CAC4ABD51C60BBCB3
:107280003EAFC3BC8CC0993CB5A3DF3BE5B7AEBDF8
:107290002C987BBD6FC3123D33C904BD00000000B4
:1072A0003EAF43BDB5A35FBD393CA4BD2C987BBDAB
:1072B0003EAF433C51C68BBCA54A81BDB5A3DFBAE6
:1072C00003B535BD3EAF43BC8CC099BCC8BA273DA1
:1072D0008CC019BDB5A35F3B51C60B3C51C68B3C5E
:1072E0002C987BBD3EAF43BDC8BA273DD3A066BD39
:1072F00051C68BBD21B23C3DB5A35F3C9233B9BDB5
:10730000D3A066BD7AA951BD8CC099BC2C987B3C9A
:10731000B5A3DFBBC8BAA73B3EAF43BC3EAF43BC3F
:10732000C8BA273CB5A35F3BB5A3DFBDB5A35F3BA0
:10733000C8BA27BD8CC099BD03B535BDF09DEDBC65
:107340005739ABBD0E9B74BD03B5B53CC8BAA73C5D
:107350007AA951BD7AA951BDB5A3DF3B2C987B3CDE
:1073600033C984BDAABD20BD3EAF43BCB5A35FBB3E
:10737000B5A3DFBB33C984BD5CAC4ABD393CA4BDF9
:107380002C987BBDA54A81BDB5A35FBD33C904BDA3
:1073900021B23CBDB5A35F3B21B23C3D6FC312BDE2
:1073A0003EAF43BC2C987BBC8CC099BDAABDA0BD90
:1073B00051C68B3CB5A3DF3AB5A3DF3A7AA9D1BC5D
:1073C000B5A3DF3C8CC019BD000000008CC099BC87
:1073D00000000000F09DED3C2C987B3C21B23CBDB0
:1073E00051C68BBD6FC312BD8CC019BD51C60B3CBD
:1073F000B5A3DFBBB5A3DF3AB5A3DF3B51C68BBD59
:107400003EAFC3BC03B5353D3EAF43BD8CC099BD57
:10741000C8BA27BDAABD203D2C987BBC03B5B5BD1D
:107420007AA9D13CB5A35F3CB5A35F3B8CC0993C26
:10743000D3A066BD3EAFC33C51C68B3C51C60BBD0D
:10744000C8BA273CB5A35FBCF09DEDBCA54A81BD81
:107450003EAF43BC3EAFC33C3EAF43BDB5A3DF3CF4
:107460007436B2BD33C904BD5CAC4A3DB5A3DFBCC4
:107470003EAF433C0000000003B5B5BCB5A3DF3C04
:107480003EAFC33C51C60BBC2C98FBBC00000000B7
:10749000C8BA27BC51C60BBC51C60B3CC8BAA73CE6
:1074A00003B535BDAABD20BD21B2BCBDE5B72EBD1B
:1074B000B5A35F3D33C904BD6FC312BDD3A066BD84
:1074C0002C987BBD3EAF43BC8CC099BD6FC3123DB1
:1074D000C8BAA7BB2C98FB3C5CAC4A3D8CC099BC9D
:1074E00003B5B5BD7AA9D13CC8BA27BCB5A35FBB6B
:1074F000D3A066BDF09D6DBDB5A35FBCC8BAA73C67
:1075000097A658BDAABD203DB5A3DFBBF09D6DBDBC
:107510003EAF43BDB5A3DFBB2C987B3C97A658BDBF
:107520000E9B743D3EAF43BCAABD20BDE5B72E3DCA
:1075300051C68BBCAABD203D51C68BBCFE4196BD39
:1075400033C9043D3EAFC3BC2C98FBBCB5A35F3D23
:1075500021B2BCBDC8BAA73B3EAFC3BC8CC0193D6D
:10756000C8BA273C2C987BBCC8BAA73C33C904BD19
:10757000B5A3DFBC2C98FB3C3EAF43BDB5A3DFBC3D
:1075800051C60BBC51C60B3C2C98FB3C3EAF43BDD7
:1075900033C984BDB5A3DFBCB5A3DFBA0E9B74BDF0
:1075A00051C60BBD8CC0993CF09D6DBDB5A3DF3AB3
:1075B0006FC312BDC8BAA7BB03B535BDE0448FBDCC
:1075C0003EAFC33CB5A3DF3CC8BAA73B8CC099BC57
:1075D0008CC019BD000000007AA9D1BC3EAFC33CED
:1075E0002C987BBD33C9043D2C987B3D7AA9D1BC36
:1075F000C8BA273D393CA4BD8CC0193DB5A35FBBBB
:1076000021B23CBD7AA9D1BC7AA9D1BC97A658BDFC
:10761000C8BA27BDC8BA27BD2C987BBD8CC019BD80
:107620002C987BBCB5A35F3B7AA951BD0E9B74BD62
:10763000C8BAA73C33C984BDFE4196BD6FC312BD15
:107640002C987BBDC8BAA7BC000000007AA9D1BCA9
:107650005739ABBD8CC0993CB5A35F3D3EAF43BD30
:107660002C987B3CC8BAA7BBB5A35FBD2C987B3DCB
:10767000C8BA273C2C987B3C97A658BDE5B72EBDD1
:10768000F09DED3C51C60BBC5CAC4A3D8CC019BDB5
:1076900051C60BBD21B23CBDB5A35FBD2C987BBCD0
:1076A00051C60BBDF09DEDBCC8BA273C51C60BBC02
:1076B0008CC099BD1B3F9DBD3EAFC33C03B5B5BD5E
:1076C000393CA4BD7AA9D1BCC8BA27BCE5B72E3DC8
:1076D00051C68BBD2C987B3D8CC0993CB5A3DFBBBC
:1076E0005CAC4ABD21B23CBD3EAF433C21B23CBD87
:1076F0002C987BBCB5A35FBC03B5B5BCC8BA273C0E
:10770000C8BAA73CAABD20BD97A6583DC8BAA7BC19
:10771000CD2DC7BDD3A066BD5CAC4A3DC8BA273CE1
:10772000C8BAA7BBAABD20BD8CC0993C21B23CBD44
:10773000B5A35F3BB5A3DF3C51C68B3CB5A35F3B14
:107740005CAC4ABDB5A3DF3CC8BAA73BB5A3DF3CE0
:10775000C8BAA7BCC8BAA73CC8BAA7BCC8BAA73C95
:10776000D3A066BD2C987BBD8CC0193D5CAC4ABDD6
:10777000B5A3DFBCB5A35F3CE5B72E3D0E9B74BD42
:10778000B5A35FBDE5B7AEBDB5A3DFBA8CC019BD6B
:10779000C8BA273C2C987BBC3EAF433CC24788BD4F
:1077A0008CC019BD6FC312BD3EAF433C6FC392BDC9
:1077B000B5A3DF3A7AA9D1BCB5A3DFBC2C987BBDB9
:1077C0002C987BBD0000000003B535BDB5A35FBCA0
:1077D000C8BAA7BCC8BA27BC3EAF433C3EAF43BC07
:1077E000B5A3DFBBC8BAA73CB5A3DFBC7AA951BD1E
:1077F00003B535BD3EAF433CC8BA27BDB5A3DF3B9B
:1078000051C68BBDC8BA27BC3EAF433DC24788BDF9
:107810002C987BBCB5A3DFBC21B2BCBDC24788BDE0
:1078200033C904BDF09D6DBDB5A3DFBBB5A35FBB80
:10783000B5A35FBD2C987BBD2C987BBDC8BAA7BCF7
:10784000C24788BDC8BAA7BB51C68B3C2C98FBBCAD
:10785000F09DEDBCFE4196BD7AA951BDF09DED3C79
:1078600097A658BDF09D6DBD03B5B53C6FC3123DE5
:107870009233B9BDB5A35FBCFE4196BDB5A3DF3A57
:1078800051C68BBDC8BAA73B51C60BBD51C68BBCF8
:1078900051C68BBCB5A3DF3BC8BAA7BCE5B7AEBD2C
:1078A0003EAF43BC7AA9D1BCC8BAA73BB5A3DFBCE5
:1078B0002C98FB3CC8BAA73BAABD203DE5B72E3D9E
:1078C000F09DEDBCB5A35F3B0E9B74BDB030C0BD59
:1078D0001B3F9DBD33C904BD21B23C3D7AA951BDBA
:1078E000B5A3DFBC3EAF433C5739ABBD21B23C3DF5
:1078F0001B3F9DBDAABD20BDC8BA273CB5A35FBD37
:1079000033C904BDC24788BD3EAFC3BC393CA4BD2A
:107910000000000021B23CBD6FC392BD0E9B74BD40
:1079200033C9043D33C904BD51C68BBD51C68B3C20
:107930003EAFC3BC5CAC4ABDE5B72EBD2C987B3CCA
:107940007AA9D1BCFE4196BD7AA9D1BCB5A35FBDD1
:1079500051C60B3CC8BAA7BB2C98FBBC000000006A
:10796000A54A81BD03B5B53CB5A3DF3BB5A35FBD5B
:10797000C24788BD3EAFC3BC3EAFC33C51C68B3C83
:10798000C8BA27BD51C60BBD51C60BBD6FC312BDD2
:1079900051C68BBCE0448FBD03B5B53CAABD203DAC
:1079A0002C987B3C51C60B3C3EAF433CC8BA273DAC
:1079B0002C987BBCB5A3DF3BC8BAA73C2C98FBBC7A
:1079C00051C68BBC7AA951BD03B5353DAABD20BDBA
:1079D000E0448FBDB5A3DFBAB5A3DF3BAABD203D10
:1079E000B5A35F3C51C68BBC97A658BD2C98FBBC79
:1079F0003EAFC3BC51C68B3CB5A3DFBB7436B2BD32
:107A0000C8BAA7BB2C987BBD03B5B53CF09D6DBD36
:107A10000E9B74BDB5A35FBBC8BA27BD21B23CBDE8
:107A200097A658BDB5A3DFBA33C9043D2C98FB3CDB
:107A300097A658BDF09D6DBD7AA9513DC8BA27BD26
:107A40002C987BBDC8BAA7BD3EAF43BC0000000068
:107A50008CC099BDE5B7AEBD51C60B3CB5A35F3D2B
:107A60005739ABBD2C987B3CC8BA273C33C9043D81
:107A700000000000C8BA27BC51C68BBCC24788BDF5
:107A8000C8BA27BCAABDA0BD03B5B53C51C60B3DC5
:107A90008CC0993C7AA9513D3EAFC3BD8CC099BD05
:107AA000F09D6D3D7AA951BDA54A81BD2C987B3CC6
:107AB00033C904BDAABDA0BDC8BA27BC03B535BD36
:107AC000C8BA273C6FC392BDF09D6DBDB5A35FBD25
:107AD000FE4196BDC8BAA73CB5A3DFBCB5A35F3CC9
:107AE000B5A35F3C97A658BD6FC392BDB5A3DFBCDD
:107AF00051C68BBC5CAC4ABD2C987BBC7AA9D1BC6E
:107B0000E5B72EBD97A658BD8CC0193D33C984BDBD
:107B10002C98FBBCC8BAA73BA54A81BD03B5B5BD2F
:107B2000C8BA27BD2C98FB3CA54A81BD8CC099BD25
:107B300021B23C3D21B23CBDFE4196BD7AA9D1BCEB
:107B4000B5A35FBBAABD20BDC8BAA7BBB5A3DF3B29
:107B50008CC0993C3EAFC3BC51C60B3DF09D6DBD82
:107B60001B3F9DBD51C68B3D21B23CBD33C904BDF9
:107B700003B5B5BD8CC0193D51C60BBCFE4196BDC9
:107B80002C987BBCB5A3DFBAAABD203D8CC0993C24
:107B900051C68BBD0E9B74BD33C984BD33C904BDB2
:107BA000AABD203DB5A35FBBC8BAA73C3EAF43BC4E
:107BB00033C904BD393CA4BD3EAFC33C03B5B53C9D
:107BC0007AA9D1BC51C68B3CB5A3DFBBC8BA27BDCF
:107BD000C8BA273C51C68BBD5CAC4ABDF09DEDBC1C
:107BE00051C60BBDC8BA273D3EAF433DC8BA273C7E
:107BF000B5A35F3CAABD203DC8BA273CAABDA0BD25
:107C000097A6583D7436B2BDB5A3DF3A8CC019BDF6
:107C1000B5A35FBD97A6583DB030C0BD21B23CBDF5
:107C2000D3A0663D2C987B3C1B3F9DBDAABD20BDCB
:107C3000C8BA273DE5B7AEBD51C60BBCF09D6DBDC2
:107C4000AABD20BDD3A066BD2C987BBD21B23CBD92
:107C5000C8BAA7BB2C987B3CC24788BDAABD203DB3
:107C6000C24788BDC8BA273C33C984BDD3A0663D8E
:107C700051C60BBC5CAC4ABDE5B72EBDF09DEDBC5A
:107C80003EAF433C0E9B74BDC8BAA7BB3EAFC33CDE
:107C9000C8BAA73B8CC099BC9233B9BDB5A3DFBAB3
:107CA0003EAFC3BC2C98FB3CB5A3DF3C21B23CBD2E
:107CB000D3A066BDB5A3DF3A51C60B3D3EAF433DF1
:107CC000F09D6DBDC8BA273C51C68BBC0E9B743D60
:107CD00021B23CBD9233B9BDC8BA273C6FC312BDB7
:107CE0002C98FB3C3EAFC3BCB5A3DF3AC8BA273CD7
:107CF000FE4196BDF09DED3CB5A35FBC6FC312BDC8
:107D00004744BA3E6C03153F47443A3E2285DF3D67
:107D10006C0315BE0000000022855F3E2285DF3D1A
:107D2000FE62823EDAA3A73E47443A3E6C0315BD8D
:107D30002285DFBD00000000000000006C03953DBF
:107D40006C03153E2285DF3E2285DF3D47443A3EE7
:107D50006C0315BD2285DFBD6C03153E6C03153E1B
:107D60002285DFBE6C03153EFE62823E2285DF3D2A
:107D700035B30BBF4744BABE6C0315BE2285DFBEC8
:107D8000DAA3A73E2285DF3E6C0395BD22855F3EC8
:107D90006C0315BD47443ABE22855F3E6C0315BE99
:107DA000000000006C0315BD9025F23E00000000AD
:107DB0006C0395BD6C03953D47443ABE6C03953DFD
:107DC0006C03153D6C03953EB4E4CCBE6C03153ECC
:107DD0006C03953D22855FBE6C03953D47443A3E5A
:107DE000000000006C03153E000000006C03953D90
:107DF0006C0395BD2285DFBE6C03153E2285DFBE78
:107E0000000000006C03153D47443ABF22855F3EE9
:107E10006C0315BD6C03953D6C03953D6C03953D5E
:107E20009025F2BE6C0315BD47443ABE22855FBE65
:107E30006C0315BD2285DFBD47443A3E00000000BB
:107E40000000000000000000BEFBA2BF6C0315BDD7
:107E500047443A3E6C0315BE6C03953D6C03953D5B
:107E6000000000004744BABE2285DF3E47443A3E48
:107E70004744BA3EFE6282BE2285DF3D6C0315BDDB
:107E8000DAA327BF22855FBE7E9443BF6C0395BDF6
:107E900047443ABEFE6282BE000000006C03153EFD
:107EA0006C0315BD7E9443BF000000006C0395BDBC
:107EB0006C0315BE2285DFBDFE6282BE6C03153EDB
:107EC0002285DFBE6C0315BD59D5E8BF4744BABE55
:107ED000FE62823E00000000000000002285DFBD3F
:107EE0002285DF3D9025F2BE2285DF3E47443ABE23
:107EF0006C03953DDAA3A7BE6C0315BD6C03953DDD
:107F00006C0315BD10F4303F10F430BF6C0395BD09
:107F1000DAA3A7BE6C0315BF2285DFBD47443A3EF6
:107F200022855F3E2285DFBE6C03153D47443ABE85
:107F30002285DFBD6C03153E6C03153E6C03153EB8
:107F4000FE62823E0000000007DDDABF6C03953E52
:107F50006C03953E6C03953D6C03153EFE6282BE3C
:107F60006C03153DB4E4CCBE6C0315BE6C03953EAA
:107F7000B4E4CCBE4744BABE6C0395BD6C0315BED9
:107F80006C03953DB4E4CCBE6C03153D6C03953D8C
:107F900022855FBE6C0395BD6C03153E6C03153DD9
:107FA0006C03953D2285DFBD515B90BF6C0395BD91
:107FB0006C0315BE6C03153D47443ABE6C03153D7A
:107FC0000000000047443A3E4744BABE00000000AB
:107FD0006C03153D6C0395BD000000006C03153D5E
:107FE0006C0315BD6C0395BD6C0315BE2285DFBD0A
:107FF0009025F2BE2285DFBD4744BA3E6C0315BE14
:10800000DAA3A73E4744BA3E000000006C03953D4A
:108010006C0315BE6C03953E6C03953D2285DFBD58
:10802000000000004744BABEA3531EBF6C0395BDB9
:10803000FE6202BF6C03153D6C03153D47443ABE1A
:108040006C03953E6C0315BEB4E44CBF2285DF3D46
:108050006C03953D47443ABE6C0315BE6C03153D59
:108060006C03153E00000000DAA327BF6C03153E29
:108070002285DF3D2285DFBE2285DF3E2285DF3D72
:10808000FE6282BE6C03953DDAA327BF6C03953D6B
:108090002285DF3DDAA3A73E6C0395BDFE62823EDA
:1080A0006C0315BE00000000FE6202BF6C0395BEAB
:1080B0002285DFBE000000006C03153D47443ABE38
:1080C00047443A3E6C0315BFEB34D6BF6C0315BE74
:1080D0004744BA3E47443ABE2285DFBD2285DFBD14
:1080E0006C03153D6C0315BF0000000047443A3E89
:1080F0006C03153E4744BABE6C0395BD6C0315BDB9
:108100000000000087AB99BF6C03153D6C03953DE3
:1081100047443A3E6C03153D6C03153D47443A3ED7
:108120009025F23E2285DFBE4744BA3E22855FBEDF
:108130009025F2BE6C03153D22855F3E6C0315BD94
:108140006C0315BD2285DFBE9025F2BF6C0395BE82
:10815000DAA3A73E6C0315BE6C0315BD22855FBE76
:10816000FE6282BE2285DFBD2285DF3D6C0315BD28
:108170002285DFBD4744BABE6C0395BE2285DFBDB4
:10818000DAA3273F6C0395BDFE62823E2285DFBDE8
:1081900047443A3E47443ABE6C0395BD6C03153ED6
:1081A0002285DF3D4744BABE47443A3F2285DFBDC2
:1081B000DAA327BF6C0315BE6C03153E47443A3E55
:1081C0006C03153E47443ABE6C0315C059D568BFD1
:1081D0006C03153E6C0395BD47443A3E2285DFBDD6
:1081E00047443ABE22855F3EFE6282BE4744BABE25
:1081F000B4E4CCBE2285DFBD6C0315BF22855F3E93
:108200002285DFBD9025F2BE47443ABE6C0315BD02
:108210006C0395BE6C03153E2285DF3D47443ABE94
:108220006C0395BD4744BA3E6C0395BE0000000048
:1082300047443ABE6C0395BD22855FBE6C0315BDF5
:1082400022855F3E00000000FE6282BE000000004A
:108250006C03153E6C0315BD6C03153D6C0315BE18
:108260004744BABE6C0395BE2285DFBD6C03153E44
:108270002285DFBD6C03153DFE62823E47443ABE57
:108280006C0315BF7E9443BF000000006C03953D56
:108290006C0395BD22855F3E2285DF3D6C03153E54
:1082A00000000000FE62823E6C0315BD6C0315BE2B
:1082B000FE6282BE6C03153DDAA327BF00000000FA
:1082C0000000000000000000DAA327BF6C03953D0A
:1082D0002285DF3D000000006C0315BD000000009A
:1082E00047443ABEB4E4CCBEFE62823E6C03953D88
:1082F0004744BA3E6C0315BDB4E4CC3E6C03153E56
:10830000FE6202BF000000009025F2BE6C0395BD26
:108310006C03153E6C0395BD00000000DAA3A73E78
:108320002285DF3DA3531E3F902572BFEB3456BF1D
:1083300035B30BBF00000000A3531EBF6C03953D77
:108340006C0315BD2285DFBDC6757BBF6C0315BEF2
:10835000FE62823EB4E4CCBE6C0395BD6C0395BE58
:1083600000000000FE6282BE2285DFBD47443ABEA7
:10837000DAA3A7BE6C0395BE10F430BF2285DFBD23
:108380006C03953E6C03153D6C03953E00000000A8
:10839000DAA3A73E47443A3E6C03153E22855F3E72
:1083A000FE62023F2285DFBD7E9443BFB4E4CCBEB3
:1083B0006C0315BE2285DF3D47443A3EFE62823E95
:1083C0009025F2BE22855F3E6C0395BF2285DF3D7E
:1083D00047443A3E22855FBE000000006C0395BD15
:1083E00022855F3E0000000047443ABE47443A3EC3
:1083F0006C03153D6C0395BDB4E4CCBE9025F23EF4
:10840000B4E4CC3EDAA3A73E2285DFBE2285DF3D61
:10841000B4E4CC3E6C0315BD6C03153D6C03953E76
:1084200000000000A3531EBFFE62823E22855FBE95
:1084300059D568BF2285DFBD6C03153D6C03153F20
:10844000DAA3A7BE2285DF3EBEFBA2BF22855FBEA8
:1084500000000000000000006C03153E6C03153E98
:10846000FE62023F6C03953DB4E4CCBE22855F3EC4
:1084700000000000DAA3A73E47443A3E6C0315BD56
:108480006C0315BE6C03153E6C0395BD6C0315BDE6
:1084900047443A3E2285DFBD6C0395BD00000000D5
:1084A000DAA3A7BEFE62823E10F430BF6C0315BD96
:1084B0006C0395BD2285DF3D4744BABE0000000035
:1084C0006C03953D6C0395BDB4E4CC3E6C03953DC7
:1084D0006C03953D22855F3E6C03953D00000000D6
:1084E0002285DF3D6C0315BE6C0395BD2285DFBD83
:1084F00047443A3F6C0395BD22855F3E22855FBEAF
:108500004744BABE7E9443BF47443ABE22855FBE0D
:108510006C0315BD22855F3E47443ABE6C03153D92
:1085200000000000000000002285DFBDDAA3A7BE26
:10853000000000002285DF3D22855FBF6C0395BDF2
:108540002285DF3D6C0315BE6C0315BD2285DF3D22
:108550006C03953D6C03153E6C0395BD6C0395BD96
:108560002285DF3D6C0315BE6C03953D2285DFBD82
:108570006C03953E6C0395BE2285DFBD6C03153DF3
:108580006C0395BDB4E44CBFDAA327BF6C0315BEE2
:1085900047443ABE6C0315BE22855FBE47443A3E4F
:1085A0004744BA3EFE62023FDAA3273F9025F2BE5F
:1085B0002285DFBD2285DF3DA3531EBF6C03953DA1
:1085C0006C0395BD000000004744BABE6C0395BD26
:1085D000000000009025F2BE6C0315BD6C0315BDB4
:1085E0002285DF3E0000000047443ABE6C0315BD03
:1085F00059D568BF4744BABE22855FBE6C0315BD1E
:108600006C03153DB4E4CCBEDAA3A7BE00000000A5
:108610006C0315BDFE6282BE6C03153D6C03153EF6
:1086200022855F3E6C03153F2285DFBE22855FBE3B
:10863000000000006C03153E47443ABE6C03953DB4
:108640006C0395BE2285DF3D47443ABF2285DFBDDE
:108650006C0315BD6C0395BE6C0395BD6C0395BD95
:1086600022855F3E22855F3E47443ABE6C03953EBD
:10867000FE6202BF4744BABEB4E4CCBEDAA3A73E52
:1086800047443A3E2285DF3DDAA327BF6C03153EFF
:108690006C03953E6C0315BD6C03953D6C0315BED4
:1086A0002285DFBDFE6282BE35B30BBF2285DFBDF2
:1086B0006C03953D2285DF3D6C0395BD6C03153D34
:1086C0006C03153E6C03153E2285DFBE6C0315BEA0
:1086D0006C0395BD22855FBE6C0315BE6C03153D12
:1086E0006C03153E4744BA3E22855FBE2285DFBD3E
:1086F00047443A3E4744BA3E22855FBE22855F3EEC
:108700004744BABE6C0395BE6C03953D2285DFBD20
:108710002285DF3D6C0395BE2285DFBD2285DFBD4E
:108720006C0395BE6C03153EB4E44CBF0000000022
:108730006C0395BD2285DF3D6C03153E2285DF3D30
:108740002285DFBD6C03953D9025F23E47443A3EBD
:108750006C03953DDAA3A73EFE62823E6C03953D15
:108760002285DF3D2285DFBD6C0395BD6C0315BE00
:1087700047443ABEB4E4CCBE6C0315BD2285DFBDD0
:10878000FE6282BE6C0315BE6C03953D6C0395BD05
:108790006C03953D22855FBE6C0395BD6C0315BED1
:1087A0006C03153D47443A3E6C0395BEFE6282BEA3
:1087B0006C03953D6C0315BD47443A3E2285DF3D71
:1087C0002285DFBDFE62823E0000000022855F3E02
:1087D000000000006C03953E6C03953E0000000015
:1087E0002285DF3D6C0315BD47443ABE22855FBE3E
:1087F00035B30BBF22855FBE2285DF3D6C0315BEFE
:108800002285DFBD6C0315BD2285DFBE47443ABE1D
:108810002285DFBD10F430BF6C0315BD6C03153E1F
:108820004744BA3E2285DF3D22855F3F2285DFBD7A
:108830006C03153E6C0395BD6C0315BE6C03153EB1
:10884000FE6282BE22855F3EDAA327BF00000000E1
:108850006C0315BDFE6282BE6C03153E6C03953E33
:108860006C03153D2285DF3D6C0395BD22855FBEFF
:1088700010F430BF2285DFBD6C03953E6C0395BEBE
:108880006C0315BD47443ABE6C0395BE6C03953D21
:108890006C0315BE6C03153E6C03153E0000000012
:1088A00022855F3EB4E4CC3E4744BA3E2285DFBD1C
:1088B000FE62023F6C03153E22855F3E0000000011
:1088C000FE6282BEDAA3A73E1A0B87BF2285DFBEF7
:1088D0006C03153D2285DFBE6C0315BDDAA3A73EF0
:1088E0006C0395BD6C03153D22855FBE4744BA3EBF
:1088F0006C0395BD47443ABE6C0315BDB4E4CCBED1
:108900006C03953E6C03153D2285DFBD6C03153E5F
:108910006C03953D6C03153D6C03153D6C0315BE52
:10892000DAA3A7BE6C03953E22855FBE47443ABEDC
:1089300035B30B3F22855F3E6C0315BD6C0315BD3F
:108940002285DF3D6C03953D6C0315BF6C03153D1F
:1089500047443A3EDAA3A7BEFE6282BE6C03953E50
:108960000000000022855F3E47443ABE6C03153D7F
:108970004744BA3E47443ABE22855FBE6C0315BEEB
:108980005C5E823D2125E4BD8A8DC3BD42848ABEE2
:10899000074B6CBEF3F522BE000000008A8DC3BDFC
:1089A000F3F5A2BD8A8DC3BD8A8D43BEF3F5A23D0A
:1089B00056D9D3BDF3F5A2BD5C5E023C28AA92BD98
:1089C0008A8D43BDA4673B3EF3F5A2BD5C5E023FCA
:1089D000BE4133BE28AA923DF3F5223DEC70F43D32
:1089E0000DD09ABE8A8DC3BDBE41B3BD0DD01ABE97
:1089F0001ABD96BE28AA92BD2125E43DBE41B3BD55
:108A0000F3F522BDF3F5A2BD42848A3ED91B2BBEED
:108A1000A4673BBE5C5E02BE8A8D433DBE41B33D52
:108A20005C5E823C8A8D43BEEC70F4BD8A8DC33D92
:108A30005C5E023D56D953BEF3F5A2BD8A8DC3BD1F
:108A40008A8DC3BD42840A3E42840ABED296FC3E51
:108A5000074B6CBE5C5E023D5C5E02BC5C5E823CB1
:108A600056D9D3BD8A8DC3BD56D9D3BD8A8D43BDDA
:108A700042840ABE8A8D43BD0DD09A3E42840ABE0E
:108A80005C5E82BCD91B2BBE42840ABE5C5E02BD0A
:108A9000BE4133BE8A8DC3BC0DD01ABE8A8DC33D84
:108AA0008A8D433E8A8DC33CF3F522BE42840ABEC2
:108AB0008A8D43BD56D9D3BDF3F5223E8A8DC33C82
:108AC000F3F5A23DF3F522BE5C5E02BCF3F5223D58
:108AD0005C5E023D0DD01ABEBE41B3BD8A8D433EE1
:108AE0000DD01ABE8A8DC33D5C5E02BC8A8DC33D2B
:108AF000EC70F4BD56D9D3BD42840A3EBE41333E2C
:108B00008A8D43BD212564BD56D9D3BDF3F522BD61
:108B1000977ABFBE28AA12BEBE4133BE5C5E02BEBB
:108B2000F3F5A23D212564BD5C5E82BD8A8DC3BC88
:108B30005C5E023E42840ABE5C5E023C5C5E023DBC
:108B40008A8DC33CF3F5A2BDF3F522BE8A8DC3BC6A
:108B5000F3F5A2BDF3F5A2BE5C5E02BE2125E4BD25
:108B60003BFF5BBE5C5E823D5C5E02BC5C5E023EC7
:108B700042840ABEF3F5A23D5C5E023DBE41B3BD38
:108B8000EC7074BE5C5E82BD8A8DC3BDF3F5A2BD80
:108B900035978EBEF3F522BDEC7074BE0DD01ABEB3
:108BA0008A8DC3BD5C5E82BC28AA12BE5C5E02BD1B
:108BB00028AA923D5C5E82BE28AA12BE3BFF5B3EA5
:108BC0005C5E823C28AA92BDF3F522BDEC70743E37
:108BD000A4673BBE70B34BBE8A8DC3BD5C5E02BC56
:108BE00070B34BBE28AA12BEA4673BBE8A8DC3BC1D
:108BF0002125E4BD7DA0C73EF3F522BEEC70F43D17
:108C0000F3F5223DF3F5A2BD212564BD212564BE07
:108C10005C5E02BC5C5E02BD28AA92BD5C5E82BC4A
:108C20008A8DC3BC42840ABE42840ABE5C5E02BE18
:108C3000EC70F4BD8A8DC3BDD91BAB3E28AA923D12
:108C400028AA923D3BFF5B3E56D9D3BDD296FC3E4F
:108C5000EC7074BEF3F5223E56D9D33D5C5E02BD86
:108C6000000000008A8D433D28AA92BD8A8DC33D35
:108C7000EC7074BE56D9D3BD000000008A8DC3BD10
:108C800028AA923DF3F5A2BD5C5E823D212564BE1B
:108C90000DD01ABEF3F5A2BE28AA12BEF3F5223DEE
:108CA0008A8D43BEBE41B3BD074B6CBE2125643DDA
:108CB000BE4133BE4F7186BE8A8DC33E42840ABE1A
:108CC0005C5E82BC8A8DC33D56D9D3BD5C5E823E5C
:108CD000074B6CBEEC70F43D212564BD28AA923D83
:108CE0005C5E02BCBE41B3BDF3F522BD074B6C3EDA
:108CF000BE4133BE5C5E82BD5C5E02BDBE41B33D23
:108D00008A8DC33CF3F522BEF3F522BD5C5E82BCC6
:108D100070B34BBE0DD01ABE28AA92BDBE41B33D62
:108D20005C5E023E28AA92BD28AA12BEBE4133BE96
:108D3000F3F5A2BD000000000DD01A3E2125643DD0
:108D40002125643D8A8DC33C5C5E82BCF3F5A2BDE7
:108D50005C5E823D5C5E82BD2125E4BD8A8D433E22
:108D6000BE41B33D8A8DC33DBE41B3BD42840A3E80
:108D70000DD01ABEF3F5A2BD000000003BFF5B3E24
:108D800056D9D3BDF3F522BEF3F5223D28AA92BDF4
:108D9000BE41B3BE5C5E023C28AA12BED91B2BBEEC
:108DA00070B34B3E28AA12BE8A8D43BD8A8DC33C48
:108DB0002125E43DEC70F4BD5C5E82BC5C5E02BDCE
:108DC000A4673B3EBE41B3BD5C5E02BCF3F5A23D71
:108DD0005C5E02BD0DD09ABE28AA12BEF3F522BD7C
:108DE0005C5E02BC5C5E02BD5C5E023C42840A3E8C
:108DF000F3F522BD8A8D43BD28AA12BE5C5E823C7B
:108E0000F3F522BE2125E4BD5C5E023D2125E4BDD3
:108E1000D2967CBE074B6C3E212564BE5C5E02BED2
:108E200056D9D3BD5C5E82BCA4673BBEF3F5223D40
:108E30005C5E823D70B34BBE2125643D56D9533EE6
:108E40008A8D43BD5C5E82BE000000008A8D433D7A
:108E500028AA92BD8A8D43BD56D9D3BD5C5E023D22
:108E6000BE41B33D5C5E02BE212564BD28AA923D91
:108E70005C5E023EF3F522BDBE41B3BD56D9D33D83
:108E80005C5E02BD212564BD28AA923D0DD09ABE2C
:108E9000D2967CBE074B6CBEF3F522BD42848A3E5F
:108EA0005C5E82BC3BFF5BBE00E39EBEF3F5223DF1
:108EB00028AA92BDA4673BBE212564BD5C5E023C2E
:108EC0000DD01A3E56D9D3BD212564BD42848A3EB9
:108ED0008A8DC3BC56D9D33D8A8D43BD5C5E823D2D
:108EE000212564BD5C5E82BCBE41B33EBE41333EC3
:108EF00042840ABE00000000212564BE2125E4BD95
:108F0000BE41B33DF3F5223DF3F5A2BD5C5E023CEC
:108F1000074B6CBE28AA12BE5C5E82BCF3F522BD74
:108F20005C5E02BD28AA92BD5C5E82BE5C5E02BC35
:108F30002125E4BD8A8DC3BD4F71863E000000002F
:108F400042840A3E5C5E02BE2125E4BDEC70F43D25
:108F50005C5E02BC5C5E02BC0000000028AA123EFF
:108F600070B34BBEF3F5A2BD42840ABE56D9D33DC1
:108F70002125E4BD8A8D433D5C5E02BE5C5E02BC81
:108F80005C5E023D8A8D43BD28AA123E5C5E823C37
:108F9000BE41B3BEF3F522BE000000000000000099
:108FA0008A8D433EF3F522BED2967CBE074B6CBE43
:108FB0005C5E02BE8A8D43BD0DD01A3E8A8D433E53
:108FC0005C5E023D56D9D3BD5C5E82BDBE41B3BD81
:108FD000F3F5223E5C5E82BD8A8DC3BC5C5E023EC0
:108FE0008A8D433E2125E43D5C5E02BE8A8DC3BD71
:108FF0005C5E02BE8A8DC3BD5C5E82BC8A8DC33D51
:10900000BE4133BE8A8D43BE8A8D433DBE41B33DD2
:10901000B154B7BE28AA12BEF3F5A23D5C5E023D74
:10902000BE41333E28AA923D42848ABE0000000021
:10903000EC70F43DBE41B3BD5C5E823CF3F522BEF4
:109040003BFF5B3E000000000DD01ABE5C5E023E9E
:10905000BE41B3BDF3F5A23EF3F5223DF3F5223D4B
:10906000F3F5223EBE41B33D2125643D28AA923E40
:1090700028AA92BD5C5E82BC5C5E023C42840A3ED1
:10908000A4673BBE56D9D3BD00000000F3F522BD56
:109090008A8D43BE42840A3ED2967CBE5C5E023C10
:1090A0005C5E82BCEC70F4BD0DD01ABE0000000006
:1090B000F3F5223EF3F522BE2125643EEC70F43D2B
:1090C0008A8D433D56D953BE2125E4BD3BFFDB3E8F
:1090D0005C5E02BD8A8D43BD8A8DC33CF3F5A2BDA3
:1090E0005C5E023E70B34B3E5C5E82BD70B34B3E35
:1090F0008A8DC33C3BFF5B3E8A8DC3BCBE41B33D02
:109100005C5E823D5C5E823C8A8D433D70B34BBEAB
:109110004F7186BE5C5E023D5C5E02BC2125643DF3
:1091200042840ABEF3F522BE8A8D43BE5C5E823C59
:109130008A8DC3BCA4673BBE212564BDBE41B3BDBF
:10914000212564BD5C5E02BC2125643DF3F5A23D92
:10915000F3F522BE5C5E023C28AA12BE8A8DC33D96
:10916000BE41B3BDF3F5223EF3F5223E212564BD99
:10917000A4673BBE5C5E02BC2125643D5C5E82BD93
:1091800028AA92BD56D9D3BD5C5E823C2125E4BDA0
:109190000DD01ABE8A8DC3BC3BFF5BBE28AA92BE0F
:1091A0002125E43D5C5E023D42840ABE5C5E82BCD9
:1091B0002125643D5C5E823C5C5E023C28AA923DB7
:1091C0008A8D433D4F7186BED91B2BBE2125643D40
:1091D00028AA923D42840ABEBE41B3BD28AA923D50
:1091E0005C5E82BD5C5E82BD5C5E023CBE41B33DA6
:1091F000D91B2BBE8A8DC3BC5C5E82BC2125E4BD1D
:109200008A8D433D8A8DC3BD8A8D433EBE41B3BD29
:1092100056D953BEA4673BBE2125E4BD5C5E823CAB
:1092200028AA923D5C5E82BE8A8DC3BD5C5E02BD93
:1092300028AA123E5C5E82BC8A8DC33D56D9D33DBE
:109240005C5E82BC0DD01ABE8A8DC3BCBE41B33DEC
:109250005C5E82BCBE41B33D5C5E82BD4F71863EAA
:109260008A8D43BD5C5E823C5C5E02BD56D9D33DB7
:10927000212564BE5C5E82BDBE41B33D28AA923DFD
:10928000EC70F4BD8A8D43BEF3F5223D5C5E02BEF8
:109290000DD01ABE212564BD000000008A8DC33D9B
:1092A000BE41B33DEC70F43DBE41B3BDF3F5223D8C
:1092B0002125643D5C5E823C8A8DC3BC28AA92BD98
:1092C000BE41B33DBE41B3BDEC70F4BD8A8D433E9B
:1092D00028AA12BE5C5E02BD5C5E82BD8A8DC3BDE3
:1092E000D2967CBE5C5E823C2125E4BD8A8D433DE6
:1092F000F3F5A2BD2125E4BD8A8D433D8A8DC33D92
:109300000DD01ABE074B6CBE8A8D43BD28AA12BE73
:109310000DD01ABE2125643D35978EBE5C5E823E1F
:1093200056D9D33D8A8DC33D0DD01ABE5C5E023D39
:109330002125643DBE41B3BD212564BD8A8D433DD9
:1093400000E39E3EA4673BBE42840ABEBE41B33DDD
:109350005C5E823C8A8DC3BC5C5E02BD5C5E82BC8E
:1093600070B34BBE5C5E02BDBE41B33DEC70F43DDC
:109370008A8D433DBE41B3BD5C5E023C2125E43D88
:109380005C5E023DF3F522BD5C5E823DA4673BBEA0
:10939000D2967CBEF3F5A23DD2967CBE8A8DC3BC2C
:1093A0005C5E823CF3F522BD5C5E82BE5C5E823C0C
:1093B0008A8DC33DF3F5223D28AA923D8A8D433D17
:1093C0008A8D433D0DD01ABE0DD01ABE0DD01A3E67
:1093D000F3F5223D2125E43D074B6CBEF3F522BD9C
:1093E0002125E43D2125643DEC70F43DBE41B33DB3
:1093F00028AA12BE5C5E82BD28AA123E5C5E823C38
:10940000212564BD8A8DC33C5C5E823CD91B2BBE8A
:10941000EC70F4BD5C5E823C5C5E02BE8A8DC3BDB6
:10942000BE41B33D5C5E82BD074B6CBEF3F5223D91
:109430008A8DC33DA4673BBEEC70F43D5C5E823D0B
:109440003BFF5BBEF3F5A2BE56D953BE42840A3E33
:109450008A8DC33D5C5E823C5C5E82BE28AA92BD62
:1094600056D9D33DF3F5223D8A8DC33C5C5E82BD67
:10947000212564BDD91B2BBE5C5E02BDF3F5A2BDE8
:1094800000000000EC70F4BD5C5E023CF3F522BE0F
:10949000EC7074BE5C5E82BC70B34BBE5C5E02BCA2
:1094A0005C5E82BD56D9D3BD0DD09ABE5C5E023DD6
:1094B000EC70F43DF3F5A2BD28AA123EA4673B3E32
:1094C000EC70F4BDCC2EAFBE28AA12BE5C5E023E8C
:1094D000BE41B33DBE41B3BDEC7074BE5C5E023DA7
:1094E000212564BEEC70F43D5C5E02BD28AA123EEC
:1094F000BE4133BE28AA92BD8A8DC33D0000000044
:10950000D91B2BBE35978EBE8A8DC33C28AA12BEAE
:10951000BE41B3BDEC70F4BDD91B2BBE212564BD8B
:10952000074B6CBE28AA92BD56D953BE8A8D43BD47
:109530002125E43DBE41B3BD5C5E82BC70B34B3EB1
:109540008A8DC33D5C5E02BCBE41B3BD5C5E823CA5
:1095500028AA92BD212564BD212564BE8A8D43BD04
:109560005C5E82BC56D9D33DF3F522BD2125643D16
:1095700056D9D3BDEC70F4BD3BFF5B3E8A8DC33C36
:10958000F3F5A2BD0DD01ABE56D9D3BDBE4133BE30
:109590002125E4BDBE41B3BDEC7074BE212564BD80
:1095A0005C5E823C8A8DC33DF3F522BD5C5E823DEC
:1095B0005C5E023D0DD01ABE2125643DBE41B33D27
:1095C0008A8DC3BDF3F5A23DBE41B3BD5C5E82BCD6
:1095D0008A8D43BD8A8DC3BC42840ABE8A8DC3BDB9
:1095E00035978E3EBE41B33D5C5E023CF3F5A2BDB5
:1095F000EC70F4BD5C5E82BEF3F5223EF3F5A23D55
:109600005F4D1D3E7EBC51BDDE3663BEFFD28BBCBE
:109610001F4240BEFFD28BBDBFC7AEBD3EB1F43DC1
:109620001F4240BE7EBC51BE1F4240BEBFC7AEBD42
:10963000000000007EBC51BDFFD28B3CFFD20BBDB1
:109640003EB1F4BD3EB1F4BEFFD20B3FFFD20BBE24
:10965000FFD28B3DFFD28B3CDE36633EDE36E3BE6F
:10966000FFD20BBF6E6EFDBE2F9014BFBFC72E3E44
:109670002F9094BECF15833E7EBCD13D00000000EC
:109680001F42C03EDE3663BEFFD28B3CCF15833E09
:109690007EBCD1BD1F4240BE3EB1F43DFFD28B3CEB
:1096A0007EBC513D3EB1F43DFFD20BBDBFC72E3E47
:1096B0003EB1F4BD1F42403E000000007EBCD1BD63
:1096C000FFD20BBD677407BF3EB1743E1F4240BE60
:1096D000FFD28BBDFFD28B3D2F90943E2F9094BE36
:1096E000FFD20BBE1F42C0BEFFD28B3C5F4D1D3E62
:1096F0007EBC51BE3EB1743E3EB1F43DFFD20BBDC7
:109700003EB1F4BDEF84B7BE7EBC51BD87E33B3FA5
:10971000FFD28BBCBFC7AEBEFFD20B3EFFD20B3D0C
:10972000BFC72E3E5F4D9D3EBFC72EBE7EBC513D86
:10973000BFC7AEBD2F90943ECF15833EBFC7AEBD11
:10974000BFC72EBE6E6EFDBEBFC72EBE7EBC51BD56
:10975000FFD20BBEBFC7AEBDFFD28B3DBFC7AE3D74
:10976000EF84B7BE1F4240BE7EBC513DFFD20B3ED0
:109770007EBC51BD7EBC51BD3EB1743EFFD20B3D9F
:109780001F4240BEBFC72EBEFFD28B3D000000006F
:10979000FFD20B3DFFD20BBEBFC7AEBEFFD20BBD8B
:1097A000FFD20BBD7EBC513D000000001F42403E79
:1097B000FFD20BBD7EBC513D7EBCD13DAE79DABE41
:1097C000FFD28B3D1F42C0BE3EB1F4BDDE36E33E4C
:1097D000BFC7AE3DFFD20BBDBFC7AE3DFFD20B3EF4
:1097E000DE36E3BE4FFFC8BEFFD20BBE3EB174BE35
:1097F0005F4D1D3EBFC72E3EFFD28B3CFFD28BBDBF
:109800003EB1F4BDFFD20B3EBFC7AEBDE75D4DBF5D
:109810007EBC51BEFFD28B3CDE3663BF7EBC51BDE9
:10982000BFC7AEBD1F42C03E7EBCD13E3EB1F43D7F
:10983000CF1583BEBFC7AEBD7EBC513E0EF4EBBE9E
:10984000FFD28B3CFFD20B3DBFC72E3EDE36E33E40
:109850007EBC513EBFC7AE3DFFD28B3EFFD20B3D1B
:109860003EB1F4BE5F4D1DBFFFD28BBE5F4D9DBEAE
:10987000FFD28B3CFFD28B3C7EBCD1BD7EBCD1BD28
:10988000DE36633EFFD28BBC7EBCD1BDFFD20BBFA8
:109890001F4240BEFFD28B3C7EBC513D0000000009
:1098A000FFD28B3C7EBC51BEDE3663BEFFD20BBE08
:1098B0003EB174BEEF84B73ECF15833E7EBC513DB2
:1098C0003EB1743E87E33BBFFFD28B3D7EBC51BDB2
:1098D000FFD20BBE1F42403E5F4D1DBE5F4D1DBE01
:1098E00000000000EF84B73E7EBC51BE7EBC51BD7F
:1098F000FFD20BBDFFD28BBDBFC7AE3EFFD28B3CAC
:10990000FFD28B3CCF1583BE7EBC51BDBFC7AEBE60
:10991000000000001F42C0BEFFD28BBD000000004F
:10992000FFD20BBDBFC7AEBDFFD20BBE7EBCD1BE4A
:10993000FFD20B3DBFC72E3E7EBC51BE00000000D3
:109940007EBCD13D27692ABF3EB1F43DFFD20B3D1D
:109950003EB1F4BD7EBC513EFFD20B3D4FFFC8BEB1
:109960005F4D1D3EFFD20B3D5F4D1D3EFFD28B3D37
:109970007EBCD1BDFFD28B3DFFD20B3EFFD28B3DD3
:10998000BFC72EBE3EB174BE7EBCD1BDFFD20BBDE3
:10999000BFC7AEBDFFD28BBE7EBCD13DFFD28BBC5C
:1099A000EF84B73EFFD20B3D5F4D9DBE3EB1F43D0F
:1099B000BFC72E3EDE36633EBFC7AE3D7EBC51BD47
:1099C000BFC72E3E0EF4EBBEFFD20BBDFFD28B3DC8
:1099D0007EBC51BD1F42403E000000003EB1743EBF
:1099E0000EF4EBBE5F4D1DBECF15833EFFD28B3E06
:1099F000000000001F42C0BEFFD20B3E7EBCD1BDA6
:109A00003EB1F43DFFD20BBE1F42403EFFD20B3DA4
:109A1000FFD28B3C3EB1F4BD7EBCD13DFFD28BBCAE
:109A2000FFD28B3EEF84B73E7EBC51BD00000000EC
:109A3000FFD28B3DCF15833E00000000FFD28BBCD0
:109A40005F4D1D3E2F9094BEFFD28BBDFFD20B3ECB
:109A50007EBC513E5F4D1D3EFFD20BBEFFD20B3E82
:109A60003EB1F4BD00000000BFC7AEBDFFD28B3DCC
:109A70005F4D1D3E2F9094BE7EBC513DFFD20BBE6C
:109A80001F42C03ECF15833EFFD28BBC7EBCD1BEF1
:109A90003EB1F4BD7EBC513DEF84B7BE7EBC51BD2E
:109AA0008F0AA63EFFD28B3E5F4D9D3EFFD20BBD7F
:109AB000BFC7AE3D3EB1743E7EBCD13DFFD20BBDB3
:109AC0005F4D1DBEEF84B7BEBFC7AE3D7EBC513EED
:109AD0008F0AA63E8F0AA63E00000000FFD20B3D73
:109AE000000000005F4D9DBEEF84B7BEFFD20BBDEE
:109AF0007EBC513D5F4D9DBE5F4D9D3EFFD28BBCF8
:109B00002F90943EDE36633E7EBC51BD3EB1F4BE26
:109B1000BFC7AEBD8F0AA6BE3EB1F4BDFFD20B3D9E
:109B20007EBC513DFFD20BBD3EB1F43D1F4240BE55
:109B3000000000007EBC51BE7EBC513D1F42403E35
:109B40007EBCD13D5F4D9DBEFFD28BBD5F4D1D3EA6
:109B50003EB1F4BDFFD28BBC3EB174BE7EBC51BEE3
:109B6000FFD28BBD7EBCD13D7EBCD13EBFC72E3E59
:109B70007EBCD1BD2F90943EBFC72E3EFFD28BBD81
:109B800000000000FFD20B3D8F0AA6BE27692ABF46
:109B90007EBC51BD3EB1F4BECF1583BEDE36633E02
:109BA0007EBCD13DEF84B7BEBFC7AE3D6E6EFDBE7D
:109BB000BFC7AEBD973110BF3EB1F43D3EB1743E5C
:109BC000FFD20BBE7EBC51BD000000007EBC513EEA
:109BD0007EBCD1BDDE36633EFFD20BBD5F4D1DBEE8
:109BE000FFD28B3CFFD28B3C7EBC513EFFD28BBC64
:109BF000FFD28BBDFFD28B3E7EBCD13DFFD20BBED0
:109C0000FFD28BBC7EBCD1BD7EBC51BEFFD28BBF10
:109C10007EBCD13DFFD28BBDCF1583BE7EBCD13D76
:109C20007EBCD13E8F0AA6BE5F4D1DBEFFD28B3CCF
:109C30007EBC513D0EF4EBBEBFC7AEBE00000000BF
:109C4000FFD28B3D5F4D1D3E00000000FFD20B3D5B
:109C5000FFD28B3C5F4D9D3E3EB1F43DAE79DA3E86
:109C60005F4D1DBEFFD28BBD3EB1F4BD7EBC513DEC
:109C70007EBC513DBFC7AEBDFFD28BBCFFD28B3C7B
:109C800000000000FFD28BBDFFD28BBD7EBCD13D5A
:109C9000CF15833E3EB174BE4FFFC83E3EB1F43D8A
:109CA000FFD20B3E3EB1743E000000007EBCD1BD31
:109CB0003EB1743E7EBC513E7EBCD1BD7EBCD13D2A
:109CC000BFC72E3E7EBC51BDFFD20BBD7EBCD1BDF9
:109CD0007EBC513EFFD28B3DFFD20B3D8F0AA63E8C
:109CE000DE3663BEFFD28BBD7EBCD1BDFFD28B3CC6
:109CF0007EBC513DBFC7AEBDFFD20B3D0000000092
:109D00007EBC513D7EBC513DFFD20B3D8F0AA63E2D
:109D10007EBC51BDDE3663BEBFC72E3E1F42403EF5
:109D20001F42C03E7EBCD13DBFC72E3E1F4240BE3B
:109D30003EB1743E000000007EBCD13DFFD20B3D21
:109D4000000000005F4D1DBEFFD28B3DFFD20BBD5A
:109D5000CF15833E7EBC513E000000003EB1F43D75
:109D6000572633BFFFD28BBC7EBC51BEBFC7AEBD32
:109D7000BFC7AE3DFFD20B3D7EBCD13D3EB1F4BD71
:109D80005F4D1DBE7EBC513E7EBC51BDFFD28B3EA1
:109D9000FFD28B3DCF15833ECF15833E7EBC51BD98
:109DA0001F42403EFFD28BBCFFD28B3C0EF4EB3EF9
:109DB0003EB1F4BEAE79DABEBFC72E3EDE36E3BE9C
:109DC000FFD28BBE7EBC51BD1F4240BE7EBCD13D8A
:109DD000FFD28B3C000000001F4240BEFFD28B3DF3
:109DE0001F4240BE7EBC51BE973110BFFFD28BBC1C
:109DF000FFD28B3E5F4D1D3EBFC7AEBDFFD28B3E37
:109E00003EB1F4BDDE36633EFFD20BBD7EBCD1BD9C
:109E1000FFD28BBD00000000FFD28B3D3EB1743EEF
:109E2000BFC7AE3D3EB1F4BDFFD20BBEFFD20B3E6D
:109E3000BFC7AEBE572633BFFFD20BBD1F4240BEC9
:109E4000DE3663BE7EBC51BD3EB1F4BDBFC7AE3D84
:109E5000FFD28B3DBFC7AE3DFFD28B3C7EBCD13D18
:109E6000CF1583BEFFD20BBE7EBCD1BEFFD20BBDD1
:109E70001F42C03E1F42403E2F90943EFFD28B3E79
:109E8000FFD20BBD7EBCD13D5F4D1DBE6E6E7DBF52
:109E9000FFD20BBD7EBCD13D5F4D9DBEFFD28B3D41
:109EA0007EBC513DFFD20BBDDE36E3BE3EB174BE7B
:109EB000FFD20BBD572633BF7EBC513D7EBCD1BD0A
:109EC000FFD20BBD7EBCD13DFFD20B3DFFD20BBEFE
:109ED0007EBCD13D5F4D1D3E7EBC513DFFD28B3ED1
:109EE000BFC72EBEFFD28BBCDE3663BE00000000B3
:109EF0005F4D1DBE00000000FFD20B3DBFC7AEBDD1
:109F0000CF15833EFFD20BBDBFC7AEBE572633BFB2
:109F10007EBCD13D1F4240BEBFC7AE3DFFD28B3D90
:109F2000BFC7AE3DBFC7AEBEFFD28BBEFFD20BBD1B
:109F30007EBC513DFFD28B3D7EBC513D7EBC513D30
:109F4000FFD28BBC3EB1F4BD7EBC51BEAE79DABE51
:109F5000FFD28B3C7EBC51BDFFD28B3C5F4D1D3E82
:109F60007EBC51BEFFD28B3C7EBCD13DFFD28B3D2F
:109F7000EF84B7BEFFD20B3DFFD20B3DFFD28B3C2F
:109F8000BFC7AEBD000000004FFFC8BE1F4240BEAD
:109F9000BFC7AE3DFFD28B3C7EBC51BDFFD28B3CD8
:109FA000BFC7AEBDCF1583BEFFD20B3DBFC7AEBD91
:109FB000BFC7AE3DFFD20B3DFFD20B3D7EBC51BDB6
:109FC0001F4240BE1F42C0BE7EBC51BD1F42C0BE2C
:109FD000FFD20B3DDE3663BE000000003EB1F43D13
:109FE0003EB174BE00000000EF84B7BEFFD28BBD4F
:109FF000FFD28BBDFFD20B3EBFC7AEBEFFD28BBC24
:10A000007EBC51BE7EBC51BDBFC7AEBD0EF4EB3EA3
:10A01000CF15833E3EB1743E1F42C03E7EBCD1BDD3
:10A020001F42C03EFFD20B3E7EBCD1BDDE36E33EBA
:10A03000BFC7AE3D7EBC51BDBFC7AE3DBFC7AEBD05
:10A040007EBC51BE3EB1743E00000000FFD20BBE8C
:10A050007EBC51BD5F4D1DBE7EBC513D7EBC513EA0
:10A06000FFD28BBE4FFFC8BE1F4240BE3EB1F43D83
:10A07000E75D4D3F8F0AA6BEFFD28BBDFFD20B3DE1
:10A080007EBC51BDBFC7AE3DDE3663BE5F4D1D3EDB
:10A090007EBCD1BD3EB174BEFFD28BBCBFC72E3ECD
:10A0A000FFD20BBEFFD20B3EFFD20BBECF15833EBD
:10A0B000BFC7AEBD7EBC51BE4FFFC8BE7EBCD1BDCA
:10A0C000FFD20BBD3EB1F43DDE3663BE8F0AA6BEA5
:10A0D0001F42403E5F4D9DBEFFD20B3E5F4D1D3E79
:10A0E0001F4240BE3EB1F4BE7EBC51BE7EBCD13DDF
:10A0F0000EF4EB3E3EB174BE000000005F4D9D3E8D
:10A10000FFD20BBD7EBC513EFFD28BBDFFD20BBF39
:10A11000BFC7AEBE3EB174BEBFC7AEBE7EBCD13DF2
:10A120007EBC513E5F4D1D3EBFC7AEBDBFC7AEBD7D
:10A130003EB1F4BD973110BF1F42403EBFC72E3E17
:10A14000BFC7AEBDFFD20B3E7EBC513DBFC72EBECA
:10A150001F42403ECF1583BE7EBC513D7EBC513D6B
:10A16000BFC72EBE2F9094BE000000003EB1F43D4C
:10A17000BFC7AEBEBFC7AEBDFFD28BBD1F4240BE84
:10A18000FFD20BBDBFC72E3E7EBCD1BE4FFF48BF26
:10A19000FFD20BBDBFC7AEBE3EB174BEFFD28BBDFA
:10A1A000FFD28B3C7EBCD13D3EB1F43D7EBCD1BDE7
:10A1B0007EBC513D1F4240BE1F42403E2F90943E08
:10A1C0007EBCD13DEF84B73E7EBCD1BD4FFFC8BE43
:10A1D000FFD28B3DDE3663BEFFD28B3D1F42403E39
:10A1E0005F4D9DBE3EB174BE00000000FFD28B3CAF
:10A1F0003EB174BE000000002F9094BEFFD28BBD14
:10A200007EBC51BE5F4D1DBE7EBC51BE572633BFC6
:10A210004FFFC83EFFD28BBDEF84B7BE3EB1F4BD49
:10A220003EB174BEDE36E3BE3EB1F43EFFD20BBD9E
:10A23000DE36633EBFC7AE3DFFD28BBD7EBC51BD97
:10A24000BFC7AEBECF15833EBFC7AEBD3EB174BE65
:10A250007EBC513D2F9094BE7EBC513D1F42C03EFE
:10A260004FFFC8BEBFC72EBE7EBCD1BDFFD20BBE46
:10A27000FFD20B3DFFD28BBD7EBCD1BEFFD20B3DCA
:10A280003E64CB3DE411743D98B622BDC55F0EBE61
:10A2900098B622BE98B6A2BD98B6223D5C34843EE4
:10A2A000E411F4BD98B6223E5C34843E0000000008
:10A2B000E41174BD3E644B3E5C3484BE98B6223DCE
:10A2C000C55F8EBE98B6A23CE411743D4DCC27BF4D
:10A2D0003E64CB3D3E644BBE3E644BBE000000007E
:10A2E000E411743DE41174BD98B6A2BE98B6A2BC48
:10A2F0003E644B3EE41174BDE411F4BD98B6223DBA
:10A30000C55F0EBE00000000B6F731BF6B0D37BE53
:10A31000E41174BDE411F4BD6B0D37BEE411F4BD5E
:10A32000C55F0E3E98B6A23CC55F0E3EE411F43DFB
:10A3300098B6A2BC98B6A2BC98B6A23C98B6223EEB
:10A340007A7593BF6B0D37BE6B0D373E98B6A2BFC3
:10A3500098B6A23D3E64CB3DE411F43D3E644B3ED5
:10A3600098B6A2BD11BB5F3E02E2AC3EE411743D63
:10A37000D438C1BE6B0D373E3E64CBBD000000003B
:10A3800098B622BD98B6A2BD98B6A2BC6B0D37BEDA
:10A390003E644BBE11BB5FBE3E64CBBD5C3404BFAC
:10A3A00098B6223D3E64CBBD3E64CB3D98B6A2BC80
:10A3B00098B6A2BC3E64CBBD98B622BD98B622BD6D
:10A3C00098B6A2BD7AE6E9BE98B6A23E98B622BF7C
:10A3D00098B6223DC55F0E3E3E644B3EE41174BE0E
:10A3E0000000000002E2AC3E11BB5F3E98B622BD09
:10A3F0004DCC27BFE411743DE411743DE41174BDEC
:10A4000098B6A23D98B622BD98B6A23D98B6223E17
:10A4100098B622BD98B6223D98B6223DD438C1BE2A
:10A420003E644BBE98B622BDE411743DE41174BE87
:10A4300098B622BD98B6A2BC98B6A23CE41174BDF1
:10A44000C55F0E3EE41174BD3E64CBBDE411743DA6
:10A450006B0D373E98B622BD98B6A23C894E46BFDA
:10A460000000000011BB5F3E3E64CBBD11BB5F3EF0
:10A47000E41174BD000000003E644B3E3E64CB3DE1
:10A480003E644B3E98B622BD98B622BE3E644B3E1B
:10A490003E64CBBDC55F8E3E5C34843EC55F8EBEE0
:10A4A00098B622BD98B622BEE41174BD98B6A23CFF
:10A4B00098B622BD00000000C55F8EBE98B6223D52
:10A4C00098B6223D98B6223E3E644BBEE411F4BDE0
:10A4D0006B0D373EE41174BD98B6A2BC81A981BF53
:10A4E00098B6A2BDE411F43D3E64CBBE000000006E
:10A4F00098B6A2BC98B6A23CE411743D3E64CBBDB4
:10A50000E41174BDE411F43D00000000E411F4BD59
:10A51000E411F4BD6B0D37BEE411743DE411743DDC
:10A5200098B622BE3E64CB3D3E644B3E98B6A2BD7B
:10A5300098B6A2BCE41174BD5C3484BEE41174BD51
:10A5400098B6A2BD98B6A2BC98B6A23D02E2ACBE37
:10A5500098B622BD11BB5FBED438C1BE000000005A
:10A56000E411F43DE41174BD4E3DFEBE98B6A2BEAA
:10A5700098B6223EE411F4BDA88FD5BEC55F0EBECD
:10A5800098B6A2BE98B622BD3E644BBF3E64CBBE19
:10A59000E411743D3E64CBBD2E8B98BE98B622BDAF
:10A5A00098B6223D98B6A2BCE411743E98B6A2BCFF
:10A5B000E411F43D3E644BBEE3A01D3FE411F43DC5
:10A5C0003E64CBBE98B6A2BC98B6223E11BB5FBF1C
:10A5D00098B622BDC55F0E3E98B6A23D98B6A23C85
:10A5E000E411743D00000000E411F43DD438C1BE14
:10A5F0006B0D37BE6B0D373E6B0D37BE0000000094
:10A6000098B6A2BD3E644BBE11BBDFBEC55F8EBE19
:10A610003E64CBBD6B0DB7BE98B6A2BD3E64CBBE4B
:10A62000C55F0E3E98B622BE3E64CB3D3E64CBBDB8
:10A6300098B622BD98B6A23D98B622BE98B622BD65
:10A6400098B6A23C6B0DB7BEE411743EC55F0EBF59
:10A6500098B6A2BD98B6A2BCE411743D3E644BBE50
:10A66000000000003E64CB3D00000000E411F4BD9A
:10A67000C55F8EBE98B622BD000000003E64CBBD13
:10A6800098B6A23C0000000098B6A23C2E8B983EE3
:10A690003E644B3E11BB5F3E98B622BD5C3484BE27
:10A6A0003E64CBBD98B6223D3E64CBBDA88FD5BEDF
:10A6B00098B6A2BD98B6A23C98B622BE3E64CB3DE9
:10A6C00098B6A23CC55F0EBED438C1BEC55F0EBEF3
:10A6D000C55F0E3E6B0D37BE98B6A23C7AE6E9BE6A
:10A6E000E411F4BD98B6A23C3E644BBEE411743D47
:10A6F0003E64CB3D3E64CBBD3E644B3E02E2AC3E8D
:10A7000011BB5F3E6B0D373EC55F8EBEE411F43D5D
:10A7100098B6A2BCE411743D98B6223EC55F0EBE49
:10A72000E411F43D98B6A2BD2E8B98BEC55F8EBED7
:10A7300098B6A2BD98B622BD6B0D37BE6B0D373EE5
:10A7400098B6A2BCA88FD53E98B6A2BC98B622BE39
:10A750000000000098B6223D98B6A23DD43841BF13
:10A7600098B6A2BCE411F4BDE411F4BD7AE6E9BEEA
:10A7700098B6A23DE411F4BD98B6A23D3E644BBE2E
:10A7800098B6A2BE98B622BD98B622BD3E644BBE16
:10A79000E411743D5C34843E0000000098B6A2BD14
:10A7A000E411F4BDE411743D2E8B983E00000000CE
:10A7B00098B6A23CC55F0E3EE41174BEC55F0EBEE6
:10A7C0000000000098B6A2BDE411F43DE411F4BE0F
:10A7D000E41174BD98B622BED438C1BEE411743DF4
:10A7E0003E64CB3D3E64CB3D02E22CBFE41174BF1E
:10A7F00098B6223E98B622BD11BBDFBE3E64CBBDEB
:10A800005C3484BE98B622BE20233CBF98B622BFDB
:10A810003E644B3EC55F0E3EC55F0EBF98B6A23C80
:10A8200098B6A23DE411F4BDA88FD53E3E64CB3D61
:10A83000E411743DD438C1BE2E8B183FC55F8E3EE7
:10A8400098B6A23C5C34843E98B6A23CD43841BF52
:10A850003E64CB3DC55F0E3E98B6A23C00000000B2
:10A86000E411F4BDE411743D3E64CB3DE3A01DBF93
:10A870003E644BBE98B6223D3E64CB3DE411743D30
:10A8800098B6A23E98B6A2BED438C1BE6B0D37BEF4
:10A89000E411F4BD4DCC27BF98B6223D4E3DFEBE1F
:10A8A0003E64CB3DC55F0EBE98B6A23C5C3484BE10
:10A8B000E41174BD6B0D373EE41174BD98B6A2BDB2
:10A8C00098B6223D98B622BE3E644B3E02E22CBFB3
:10A8D00098B6223D98B6A2BC3E644B3E6B0DB7BE07
:10A8E0005C3484BEC55F8E3E98B6A2BCC55F0EBF09
:10A8F0002E8B98BE98B6A23C5C3484BE3E64CBBE20
:10A9000098B622BD98B6A2BD6B0D37BE3E64CB3E55
:10A9100098B6223D3E64CB3D98B6223D2E8B18BFA3
:10A920000000000098B622BD2E8B18BFD438C1BEDF
:10A930003E644BBE98B622BD98B6A2BD11BB5F3E29
:10A94000E411743EC55F8EBE7AE6E9BE98B6A2BE3B
:10A950003E64CB3DE411F4BD11BB5F3E2E8B98BE2F
:10A96000C55F0EBE3E64CB3DC55F0EBE98B6A2BCB1
:10A9700098B6A2BDE411743D98B6A23C3E644BBEAD
:10A9800098B6A23CC55F8E3EE41174BDE411743EDE
:10A990003E644BBEE411743D2E8B983ED438C1BE4C
:10A9A00098B6A2BC98B6A2BE02E2ACBEC55F8EBE8F
:10A9B0002E8B98BEC55F0EBEE41174BD6B0DB73E05
:10A9C00098B622BDC55F8E3EE411743D98B6A2BD17
:10A9D00098B6A2BC98B6A2BC3E644B3E2FFC6EBF9C
:10A9E0003E64CB3D11BB5FBE98B622BE104A09BF84
:10A9F0002E8B98BEE411743DE411F43D7AE6E9BE75
:10AA0000E411F4BD3E64CBBDE41174BDC55F8EBEE0
:10AA100098B6223EE41174BE3E644BBE3E644BBE0B
:10AA2000C55F0E3E98B622BD3E644B3EE41174BD38
:10AA300098B6A2BC2E8B983E7AE6E9BED438C1BE49
:10AA4000E41174BD98B6223D98B6A23C5C3484BE35
:10AA50003E64CB3D98B622BD3E64CBBEE411F43DCE
:10AA600098B6A23D000000002E8B18BF98B622BEFB
:10AA70005C34843E98B622BDC55F0EBE3E64CB3DBD
:10AA800098B6A2BC98B6A23CE411743E6B0DB7BE5A
:10AA900098B6223EE41174BD7AE6E9BEE411F43DB5
:10AAA000C55F8E3E98B6A2BC02E2AC3EE411743E95
:10AAB00098B6A2BD7AE6E9BE3E64CB3E02E2ACBEE9
:10AAC00098B6A23C3E64CB3D98B6A2BCE411F4BE5D
:10AAD0003E644B3E98B6A23C98B622BDD438C1BE67
:10AAE000C55F0EBE98B6A2BCE411F4BE98B6A2BC77
:10AAF000E411F43D98B6223D98B6A2BD00000000D6
:10AB000098B6A23D98B622BD3E644BBE98B6A23C14
:10AB10003E64CBBDE411F43E11BB5F3E3E64CBBD51
:10AB200098B6A2BCE41174BD5C3484BE98B622BE53
:10AB30003E64CB3D11BBDF3E98B6A23C3E64CBBD2C
:10AB40005C3484BE2E8B98BE98B6A23D11BB5FBF0D
:10AB500098B6223DC55F0EBE98B6A23D104A09BF09
:10AB6000104A09BF02E2AC3E36BF86BF98B6A23C8F
:10AB70003E644BBE6B0D373EE411F4BD02E2ACBE49
:10AB8000C55F0EBE98B6A23D3E644BBED438C13EF2
:10AB9000E411743DE411F43D98B6A23D3E64CBBE91
:10ABA0003E64CB3D98B622BDB6F731BF11BBDFBEC8
:10ABB0006B0DB7BEE411F43D3E64CB3DE411743E31
:10ABC00011BB5F3EE41174BE6B0DB7BED438C1BE7D
:10ABD000E411743D98B6223DE411743DA88F55BF31
:10ABE000E41174BE98B6A2BC104A09BF3E64CB3DC6
:10ABF00011BB5FBE98B6223E98B6A23D5C3404BF3E
:10AC000098B6A23D98B6A23C3E64CBBD02E2AC3EF3
:10AC100098B622BD6B0DB7BEE411743E02E2ACBE25
:10AC2000E41174BE6B0D37BEE41174BD98B622BE3C
:10AC3000E411F4BD0000000098B6A23C2E8B983EB3
:10AC4000E411F43DE411743E98B622BE0000000009
:10AC5000C55F0E3E98B6A23C98B6A23D992779BF33
:10AC600098B622BEE41174BD7AE6E9BEC55F0E3E19
:10AC700098B622BE0000000098B6A23D11BB5FBE90
:10AC800098B6223D98B622BEE411743E6B0D37BED5
:10AC90006B0D37BE98B622BD98B622BE98B6A2BE3E
:10ACA0006B0D373E98B6A23DD438C13E98B6A23D52
:10ACB00098B6223D98B622BEC55F0EBE5C3484BEF7
:10ACC00011BB5FBE6B0D37BEC55F0E3EA88FD5BEF4
:10ACD000E41174BD3E64CB3DE41174BE3E64CBBD53
:10ACE000C55F0E3E98B622BEE41174BDE41174BD7A
:10ACF000E411743EE41174BE98B6A2BCC55F0E3E6A
:10AD00003E64CBBD000000004E3DFE3EE411F4BDAC
:10AD100098B6A2BDE411743D3E64CBBD6B0D373EC9
:10AD2000C55F0E3E98B6A23CD438C13E6B0D373E8F
:10AD30002E8B98BEE41174BE3E64CBBDE411F4BD0D
:10AD40005C3484BE98B6A23C6B0D373E4DCC27BF19
:10AD5000E411743D98B6A2BC0000000011BB5FBEB8
:10AD6000E411743D98B622BE11BB5F3E98B6A23D79
:10AD700098B6A23D3E64CBBD98B622BD98B6A2BDA2
:10AD8000E411F4BD98B6A2BDD438C1BEE411743D3F
:10AD900098B622BE6B0D373E98B6223EC55F0EBEFA
:10ADA00098B6A2BC6B0D373EC55F8EBE6B0DB7BEAD
:10ADB00098B6A23C2E8B983E98B6A2BC98B6A23DFF
:10ADC0003E64CBBEE41174BEE411743DC55F8EBF1A
:10ADD000E411743D98B6A2BC98B6A23D02E22CBF25
:10ADE0006B0D37BE98B6A23C3E64CBBE98B6A2BCF3
:10ADF00098B6A2BE6B0D373E98B622BDE41174BE64
:10AE000011BB5FBE3E64CB3DE41174BD5C34843E37
:10AE1000E411743D98B6A2BD98B6A2BC5CA55ABF19
:10AE200098B6A2BC11BB5F3E7AE6E9BED438C1BE7B
:10AE30002E8B98BE3E64CB3DE411743D3E644B3E88
:10AE4000E411F43DE411F4BD2E8B98BE98B6A2BD7A
:10AE50003E64CBBDE411F43D98B6223EBE2BA0BFAC
:10AE600098B6223DC55F0E3E6B0D37BEE41174BD32
:10AE700098B6223D3E64CB3DE411F43D98B6A23C29
:10AE80005C34843E98B6A2BCC55F0EBE7AE6E93E4D
:10AE900098B622BD98B622BD3E64CB3E7A7513BFEC
:10AEA0003E644BBE98B6A2BCC55F0EBE98B622BD2E
:10AEB0006B0D37BE3E64CBBD3E64CB3D11BBDF3E68
:10AEC000E411743E5C34843EE41174BE98B6A23E34
:10AED000C55F0E3E3E644B3E3E64CB3D540096BF84
:10AEE00098B6223DE411F43D3E64CBBD98B6A2BCB9
:10AEF00000000000E41174BE98B6223D3E64CB3DD4
:10AF0000F02CE43D5A8A36BDF02C643EA55B4D3EE4
:10AF10005A8AB6BCC4E7883DC4E7083E000000007A
:10AF200000F3C13EF02C64BEC4E7883DC4E788BD91
:10AF3000F02CE43D713303BFC4E7883E0FB99F3E58
:10AF40000FB91F3E5A8AB6BCA55B4D3E5A8AB63D24
:10AF50009695EF3EF02CE43D5A8AB6BC695094BEFB
:10AF60003CFE7ABE626D253FA55B4DBE0FB91FBE8C
:10AF70005A8AB6BC5A8A36BEC4E788BD5A8A36BEDB
:10AF8000F02CE43D000000005A8AB63DA55B4D3E22
:10AF900000000000C4E7883DF02CE43DC4E788BD14
:10AFA000A55BCD3E5A8A36BEC4E788BD5A8AB63DF7
:10AFB0005A8A363DC4E708BF0000000000F3C1BE56
:10AFC000C4E7083E3CFE7A3E00F3C1BE0FB91F3E07
:10AFD0004BC4D83EC4E708BE5A8AB63C5A8A36BD2E
:10AFE000C4E7083EC4E7883DF02CE43D00000000C3
:10AFF0005A8AB63C3CFEFABE0FB91FBEC4E7083EF3
:10B000000FB99F3EF02CE43D0FB91FBE5A8AB63CE3
:10B010005A8A363DC4E7083E0FB91F3E5A8A36BDEC
:10B02000A55B4D3E695094BE0FB91F3EC4E788BE74
:10B03000F02C64BE5A8AB6BC3CFE7A3EA55B4DBE7F
:10B040000FB91FBE3CFE7A3E3CFE7ABEC4E7883E86
:10B050000FB91F3E0FB91FBE5A8A36BDF02CE4BD92
:10B060005A8AB63C5A8AB63E5A8A363DA55B4D3E50
:10B070005A8AB6BC5A8AB6BD5A8AB6BC5A8A363E75
:10B08000A55B4D3EF02C643E695094BE000000006C
:10B09000F02CE4BD5A8A363E0FB91F3E5A8A36BD9F
:10B0A000F02CE4BE695094BE3CFE7A3EC4E788BEF4
:10B0B000695094BEA55B4DBEC4E7883D5A8A36BE32
:10B0C000626D25BFF02C643E0FB91F3E00F3C13EF8
:10B0D000000000005A8A36BDC4E7083E5A8AB63CD2
:10B0E0005A8A363D5A8A363DF02CE4BD5A8AB63D1E
:10B0F0005A8A36BD000000005A8A36BE5A8AB6BC4B
:10B10000F02CE43D4BC4D83EC4E788BEF02CE43DAF
:10B110003CFE7ABE0FB91F3E5A8A363E5A8AB63C6A
:10B12000A55B4DBEB421ABBE5A8A36BDF02CE4BD42
:10B130000FB99FBE4BC4D8BE0FB99F3E5A8A36BEC8
:10B140004BC4D8BE000000005A8A363EA55B4D3E77
:10B150005A8AB6BCC4E788BDA55B4D3E0FB91F3EF9
:10B16000A55BCDBEA55B4DBEA55B4DBEA55B4DBE33
:10B17000A55B4DBEC4E708BEB421ABBE5A8AB6BDBE
:10B18000C4E788BDF02C64BE3CFE7A3EA55B4D3E14
:10B19000C4E708BE5A8AB6BCC4E7883DC4E7083E87
:10B1A0005A8A363DF02C64BEC4E7883DF02CE4BDDD
:10B1B000F02C64BE5A8AB6BCC4E7083EC4E7883D9A
:10B1C000F02CE43DC4E788BE3CFE7A3EC4E7883DEF
:10B1D000A55B4D3E5A8AB6BCC4E788BDA55B4DBE93
:10B1E000B421ABBEC4E7083FA55B4DBEC4E788BD34
:10B1F000F02CE43D5A8AB6BD3CFEFABE5A8AB6BD72
:10B20000C4E7883DB421ABBEF02CE43D5A8A363EFB
:10B21000C4E788BDA55B4D3E0FB91FBE000000000E
:10B220003CFEFA3E5A8A363D0FB91FBEA55B4DBEA5
:10B23000000000000FB99FBE5A8AB6BC5A8A36BEBB
:10B240005A8AB63C5A8AB6BD695094BE5A8AB63CF0
:10B250005A8A363EC4E788BDC4E7883DF02C643E78
:10B260005A8AB63C5A8AB63E626D253F00000000FD
:10B2700000000000C4E708BE5A8AB63DF02CE43D49
:10B280005A8AB63EA55B4DBE000000005A8AB6BC85
:10B290005A8A36BD5A8AB63CF02CE4BDC4E788BD54
:10B2A0005A8A36BEF02CE4BD5A8AB6BD5A8A363D5B
:10B2B0005A8A363D5A8AB6BEF02CE4BD0FB99FBEFD
:10B2C0005A8A36BEC4E788BE5A8A36BE5A8AB63D06
:10B2D0005A8A363DA55B4DBE5A8AB63DF02CE4BD78
:10B2E0000FB91F3E00F3C13E0FB99F3E5A8AB6BD4B
:10B2F000C4E7083EC4E7883E5A8A363DF02CE43D58
:10B3000000000000000000005A8A363D00000000E6
:10B31000C4E788BE5A8A36BE5A8AB6BD5A8AB6BDB6
:10B320005A8AB6BDF02C64BE5A8AB6BD0FB91FBE8C
:10B33000F02CE4BDC4E708BE5A8AB6BC3CFE7ABE17
:10B340000FB91FBF5A8AB6BD5A8AB63CC4E7083E39
:10B350000FB91FBE0FB91FBE0FB91F3EF02CE4BDC1
:10B36000F02C64BE5A8A363D5A8A36BDF02CE4BDB4
:10B37000C4E7083EF02C643E5A8AB6BDC4E788BDD7
:10B38000C4E708BEC4E7883D3CFE7A3EF02CE43DAD
:10B39000C4E708BE0FB91FBEC4E7083EC4E708BE35
:10B3A0005A8AB63C695094BEC4E708BE000000004B
:10B3B000713303BFC4E788BD5A8A363E5A8A36BE07
:10B3C000695094BE5A8A363DC4E7883D5A8AB63DD4
:10B3D0005A8AB63CA55B4DBE5A8AB63D5A8AB6BD5E
:10B3E000A55B4DBEF02CE43D0FB99FBEF02CE4BD33
:10B3F00000000000C4E7883EF02C64BEF02C64BE60
:10B400005A8A36BE5A8A363D5A8AB63D3CFE7ABEC4
:10B41000C4E7883E5A8AB6BCC4E788BDC4E7883D05
:10B420005A8AB63CC4E788BDC4E7883D5A8A363E8E
:10B43000B421ABBE5A8AB63C5A8AB63DC4E7083E30
:10B44000F02CE4BDA55B4DBE5A8A363DC4E7883D6D
:10B450005A8AB63C5A8AB63C5A8AB63C5A8A36BD93
:10B460000000000000F3C1BE5A8AB63DF02CE4BDD6
:10B47000C4E7883E0FB99F3E713383BF4BC4D83EAB
:10B480005A8A36BD695094BEF02CE43DA55B4DBE92
:10B49000C4E7083EF02C643E3CFE7ABE5A8AB63CB5
:10B4A0000FB99F3E5A8AB63C5A8A363E0FB91F3EA4
:10B4B000C4E788BE00F3C1BE5A8A36BE5A8AB6BCFB
:10B4C0005A8A36BEC4E7883DC4E7883DC4E7883D54
:10B4D0000FB91F3EF02CE43DF02CE43D6950943E42
:10B4E000C4E788BDC4E788BDA55B4DBEF02CE4BDB4
:10B4F0005A8A363DA55B4D3E695094BEA55B4D3ED4
:10B50000C4E7883D0FB91FBE0FB91FBE5A8AB6BD2A
:10B510005A8AB63CF02C64BEF02C64BEC4E708BE68
:10B52000A55BCDBE0FB91F3EC4E708BE5A8AB6BDA3
:10B530003CFE7ABE695094BE0FB91FBE5A8AB63D12
:10B54000C4E7883D5A8A363D0FB91FBE0FB91FBEEA
:10B55000F02CE43DC4E7083E5A8A363D5A8AB6BC10
:10B56000F02CE4BDC4E708BEF02CE43DC4E788BE7F
:10B570003CFE7A3EC4E7883D0FB99FBEF02CE4BD87
:10B58000C4E7883EF02C643E0FB91F3EC4E7883DF7
:10B59000F02C64BEC4E708BEC4E7883D000000008C
:10B5A0005A8A36BE5A8AB6BD5A8A36BD5A8A36BDBE
:10B5B0005A8AB6BDF02CE4BD5A8AB6BD0000000020
:10B5C000C4E788BD000000005A8A36BD5A8AB6BC5E
:10B5D000F02CE4BD5A8AB6BD5A8AB63DC4E788BD90
:10B5E0005A8AB6BC5A8A363D5A8A36BEF02CE4BD19
:10B5F000C4E7083E6950943E5A8A363DA55B4D3EED
:10B600005A8A363D3CFE7A3E0FB99F3E000000004C
:10B61000A55BCDBE5A8AB63C5A8AB6BC0000000073
:10B62000F02CE4BDA55B4D3EF02CE4BDF02CE4BD58
:10B630005A8A363DA55B4DBEF02C64BE5A8AB6BC14
:10B64000F02CE4BD5A8AB6BD5A8A363E5A8A363E36
:10B650005A8A363D0FB99FBE5A8AB63C0000000098
:10B66000000000005A8AB63D3CFE7ABE695014BF05
:10B67000F02CE43D5A8AB63E3CFE7ABEA55B4DBE38
:10B68000C4E708BE5A8AB63D5A8AB63DA55BCDBE10
:10B690005A8AB6BD5A8AB6BE5A8AB6BD5A8AB63DCD
:10B6A0005A8A36BE5A8AB6BEC4E7883DA55B4DBEEF
:10B6B000F02CE4BDF02C64BEF02CE4BDB421ABBE94
:10B6C000C4E7883DC4E7083EF02C64BEF02CE4BD1E
:10B6D0005A8A363EF02C64BEC4E7883DC4E708BEF3
:10B6E000169C0EBF5A8A36BE4BC4D8BEF02CE43D21
:10B6F0000FB91F3E5A8AB63CA55B4DBF0FB99F3E9E
:10B70000C4E788BEC4E708BE5A8A363D5A8AB6BE28
:10B7100000F3C1BE0FB91FBE00F3C1BEC4E7083EAF
:10B720005A8AB63D5A8AB63D5A8AB63DC4E788BDA4
:10B73000F02CE43D626D25BFA55B4DBEC4E788BD1E
:10B740005A8AB6BC5A8A363E5A8AB6BCC4E708BE84
:10B75000F02CE43DF02C643EC4E7883D3CFE7A3E8C
:10B76000F02CE4BDC4E708BE00F3C1BE5A8A36BD62
:10B770003CFEFA3E0FB91FBE52A747BF00F3C13EC1
:10B78000C4E7883DF02C64BEC4E7883DF02CE4BDDE
:10B79000C4E788BDF02C64BE5A8AB6BD5A8AB6BCCE
:10B7A0004BC4D8BEC4E7883DA55BCDBE00000000F9
:10B7B000F02C643EF02CE43DC4E708BF0FB91F3EF7
:10B7C000F02C643E5A8AB63C5A8A36BDC4E788BE1D
:10B7D0005A8A363DF02CE43E0000000000000000D4
:10B7E000C4E708BEA55B4DBEF02CE43D5A8A36BDC9
:10B7F00000000000F02CE4BDB421ABBE5A8AB6BDF7
:10B80000C4E7083E5A8A363D5A8AB63DC4E7883EA8
:10B81000B421AB3EC4E708BEF02C643E5A8AB63C65
:10B82000C4E708BE3CFE7ABEA55B4DBE5A8AB6BDD3
:10B830005A8A363E5A8AB63CF02CE4BD9695EF3EC5
:10B840005A8AB6BCC4E708BEA55BCDBEC4E788BEB5
:10B850005A8AB6BD0FB91F3E0FB91FBE5A8AB6BC71
:10B86000C4E708BE0FB99F3EC4E7883DB421ABBE14
:10B870004BC4D83E5A8AB63C5A8A36BDC4E7883E85
:10B88000000000000FB91F3EC4E788BD5A8AB6BC4D
:10B890003CFE7ABE5A8AB6BD5A8AB63CC4E7083E18
:10B8A0000FB91F3EB421AB3E5A8AB63CA55B4DBED4
:10B8B0000FB91F3EF02CE4BD695094BE0FB99F3EF6
:10B8C000F02C643EC4E708BE5A8AB63D5A8AB63D9B
:10B8D000C4E7883D695094BE5A8A36BE0FB91F3EF0
:10B8E0005A8AB6BD5A8A363D0FB91F3EAD3E3CBF9F
:10B8F000C4E7883E5A8AB63D0FB91FBF0FB91F3E35
:10B900000FB91FBE5A8A363E5A8A363E9695EFBE0A
:10B910005A8AB63C3CFE7A3EC4E788BE0FB91F3E49
:10B92000A55B4DBEC4E788BDA55B4D3E5A8A363E39
:10B930004BC4D8BEB4212BBF5A8AB63DA55B4DBEC1
:10B940005A8AB6BD0FB91FBE5A8A363D5A8AB6BD4D
:10B950005A8A363D5A8A36BEA55B4D3E3CFE7A3E3B
:10B9600043E169BF3CFE7ABE695094BE5A8A36BD37
:10B97000C4E788BD5A8AB63C5A8AB6BFB421AB3EEA
:10B98000C4E708BE000000006950943E3CFE7ABE49
:10B990005A8AB6BE5A8AB63D4BC4D8BEF02CE43D96
:10B9A000C4E7083E000000004BC4D83E5A8AB6BD2A
:10B9B000A55B4DBE169C0EBF5A8AB63E5A8AB63D4E
:10B9C0005A8AB63DC4E7883DC4E7883E5A8AB6BD68
:10B9D000C4E7883D5A8A363EF02CE43DA55BCD3E57
:10B9E0005A8A363DC4E7083E0FB91FBEC4E788BD7A
:10B9F000C4E708BE5A8A36BDE94975BF6950943E0E
:10BA00003CFE7ABEA55B4DBEC4E7083EC4E7083ED7
:10BA1000695094BE0FB99FBE5A8A363E5A8AB6BC48
:10BA20000FB99FBE695094BEC4E7883D0FB91F3E51
:10BA3000C4E7883D5A8AB63C3CFEFABE5A8A363E76
:10BA4000F02CE43DC4E7883D0FB99F3EC4E7083EB3
:10BA50005A8AB6BC169C0E3F5A8A363D3CFE7A3E48
:10BA6000F02CE4BDC4E788BD00F3C1BEA55B4DBEAC
:10BA70005A8AB6BC5A8AB63CBC041ABF5A8AB6BCAB
:10BA8000713303BF5A8AB6BE5A8AB6BEA55B4D3E15
:10BA900052A7473F5A8A36BE0FB91F3EF02CE43DED
:10BAA0005A8AB6BE5A8AB63D0FB91FBEC4E708BE51
:10BAB0005A8AB63CF02C643E5A8AB6BC4BC4D83E77
:10BAC0000FB91F3E6950943E0FB99FBE0FB91F3E7C
:10BAD0005A8AB6BDB421AB3E5A8AB63CF02CE43D3E
:10BAE000F02CE4BEA55B4D3EC4E788BEF02C64BEDE
:10BAF0005A8AB63DB421ABBE695094BE0FB91F3E01
:10BB0000A55B4DBE00F3C1BE5A8AB63C5A8A36BD0B
:10BB1000626D253F5A8AB6BDC4E7883DA55B4D3EA0
:10BB2000A55BCD3E3CFE7ABEF02CE43DF02CE4BD9E
:10BB30005A8AB6BDC4E7883EA55B4DBE7133033F4C
:10BB40005A8A363E0FB99F3EC4E708BEC4E7083E96
:10BB50005A8AB6BD00000000C4E788BDB421AB3EE0
:10BB6000626D25BFC4E7883D5A8AB63D52A747BFDC
:10BB7000F02CE43D713303BFF02CE4BE0FB91FBEBF
:10BB8000BF58F3BB034D27BDBF58F3BCF9BDEBBD98
:10BB90003DB21FBEBF5873BC8F82B6BD332364BD98
:10BBA000771718BDBF5873BD3323E4BD771798BC12
:10BBB000034D27BDEBE1083D1BB8453DA7ED54BD46
:10BBC000771718BD7717983CA7EDD43C8F8236BC09
:10BBD0008F82B6BDBF5873BD8F8236BDBF5873BC50
:10BBE0008F82363DBF58733BBF58F3BB034D273D93
:10BBF000A7EDD4BC8F82B6BCA7EDD43CA7EDD43C56
:10BC0000A7ED54BD254781BDA7ED54BD551DBEBD53
:10BC1000881405BEBF58F3BBBF58F33B7717983C59
:10BC2000BF58733D00000000332364BDBF58F33C90
:10BC3000BF5873BDBF58F3BBBF58F33BBF58733BEE
:10BC4000034D27BDEBE188BD034D27BD8F82B63C78
:10BC5000BF5873BCBF58733BBF58733B8F8236BD10
:10BC6000A7EDD43CEBE108BD034DA7BDBF58F3BB26
:10BC7000A7EDD43C1BB8453D1BB845BDBF58F33CB0
:10BC8000BF58733B8F82B6BDBF58F33B771798BC44
:10BC9000771798BDA7EDD4BC8F82B6BC254781BD70
:10BCA0008F8236BCBF5873BD881405BE8F8236BDE7
:10BCB000254701BE254781BD771718BDBF58F3BC86
:10BCC000EBE188BDBF5873BB8F82363D3DB29FBD4F
:10BCD000332364BD8F82B6BD771798BCBF58F3BBC2
:10BCE000BF58F3BCBF58733B8F82363C8F82B6BCC3
:10BCF0003DB29FBD034D27BDBF58733BBF58F33BBB
:10BD000000000000551DBEBD3323643D000000004F
:10BD10008F82B6BD771718BD00000000EBE108BDAB
:10BD2000BF58F33B771798BC254781BD034D273D8E
:10BD30001BB8C5BD7717983CA7EDD4BCBF5873BDE1
:10BD40001BB8453DBF58F33CBF5873BD7717983CAF
:10BD5000034DA7BDBF5873BCA7ED54BD034DA7BD90
:10BD6000771798BCBF58733D332364BD8F82B6BD2F
:10BD7000771718BD7717983C8F82B6BC332364BD04
:10BD8000EBE188BD254781BDBF58F33B8F8236BCB0
:10BD90003323E4BDBF58F33BBF58733B034D273DEE
:10BDA0008F82B6BC034D27BD3DB29FBDEBE108BD00
:10BDB000A7ED54BDBF5873BD7717183DA7EDD43C10
:10BDC000771798BC3DB29FBDBF58F33BBF5873BDBA
:10BDD000771718BDB17C90BD771718BDA7EDD4BCFF
:10BDE0008F82363CBF58F3BBB17C90BDA7EDD43CED
:10BDF000A7ED54BDBF58733CBF5873BDA7EDD4BC6D
:10BE00008F82B63C1BB8C5BDEBE188BDBF5873BB84
:10BE1000034D27BEBF58F33CE152CDBD7717183D07
:10BE20008F82363C2547813DA7EDD4BC0000000041
:10BE30001BB8C5BDA7ED54BDA7EDD43CBF5873BB1F
:10BE40008F8236BC8F82B6BCBF5873BCBF58733C60
:10BE50001BB845BD771798BC8F8236BCBF58733C62
:10BE6000034D27BD332364BD8F82B63C1BB8453DCF
:10BE7000BF5873BDA7ED54BD254781BD771798BC4A
:10BE80008F8236BD4EAF0CBE332364BD3323E4BD79
:10BE9000C9E72EBE1BB8453D8F8236BC034D27BD7A
:10BEA000A7ED543D8F82B63C4EAF0CBE254781BDF9
:10BEB0008F82B6BD034D27BD771798BCBF58F33CA2
:10BEC000771798BDBF58F3BC8F82B6BCEBE188BD35
:10BED000EBE1083D8F82363C1BB845BD8F82B63CF6
:10BEE000332364BDBF5873BBBF58733C771798BCEE
:10BEF0008F82363D8F82B63C7717983CBF58F33B14
:10BF0000034DA7BD0ABB58BEBF58F3BCBF58733B17
:10BF10007E8549BE771718BD8F82B63C771798BCCF
:10BF2000EBE1083D8F82363C6D885CBEBF5873BB29
:10BF3000254781BD771718BD8F82363DBF58733CAA
:10BF4000C9E7AEBDBF5873BCA7EDD4BC034DA7BDB8
:10BF5000771718BD8F82B6BC7717983C254781BDEF
:10BF6000F9BDEBBD8F82B6BC8F82B6BCBF58F33B28
:10BF70003323E4BDBF58F33BBF58733C034D27BD8B
:10BF80008F82B6BDEBE108BE1BB845BD254701BE9B
:10BF9000034DA7BDBF5873BDBF58F3BB771718BD7E
:10BFA0008F8236BCBF5873BCBF58F3BD8F8236BC7E
:10BFB000771718BDBF5873BD771718BD8F8236BC71
:10BFC0001BB845BDEBE1083D1BB8C5BDB17C90BDBC
:10BFD000254781BDEBE188BDA7EDD4BD254781BDD7
:10BFE000BF58F3BCBF58F33BBF5873BB1BB845BD2C
:10BFF000034D27BDEBE188BD3DB29FBD771798BCCF
:10C00000BF5873BDF9BDEBBD3DB29FBDBF58F33BFB
:10C01000771798BDBF58F33C2547813D034D27BD99
:10C02000771798BC034D273D332364BDEBE188BDF2
:10C030008F82B6BCBF58733BBF58F33BBF5873BB2E
:10C04000A7EDD43C8F82B63C7717983C7717183D04
:10C05000034D27BD254781BD771798BC771718BDBD
:10C06000C9E7AEBDBF58F3BBB17C90BD332364BDFF
:10C07000771798BDEBE188BD771798BC4EAF0CBE23
:10C080008F8236BDBF58F3BDA7EDD43C1BB845BD6C
:10C090002CB532BE8F82B63C551DBEBD1BB845BD0A
:10C0A0008F8236BD8F82363DB17C90BD771798BCAC
:10C0B000BF58F3BDBF58733B771798BC1BB8453DBD
:10C0C0008F8236BD8F82363D034D273DA7EDD4BC10
:10C0D000771718BD254781BDB17C90BD00000000D9
:10C0E000C9E7AEBDA7EDD4BCA7EDD4BDBF5873BBA7
:10C0F000BF58F33B8F8236BDC9E7AEBDBF5873BB97
:10C100008F82B63CF9BDEBBDA7EDD4BC254781BD00
:10C11000551DBEBD771798BCF9BDEBBD332364BD7B
:10C12000BF58F3BCBF5873BBE152CDBD8F82B6BCC4
:10C13000551DBEBD8F8236BCA7ED543DBF58F33BA5
:10C14000771798BD8F82B63CBF5873BBBF58F33C7E
:10C15000BF5873BB8F82B6BC034D27BD7717983C81
:10C160008F82B6BC771798BCA7EDD4BC551DBEBD59
:10C17000BF5873BBA7EDD43C8F82B6BD8F82363DCE
:10C180008F82B6BDBF5873BEEBE188BDA7EDD4BDAD
:10C19000C9E72EBE771718BD8F82B6BC771718BDBA
:10C1A000A7EDD4BC8F8236BC4EAF0CBE034D27BD6D
:10C1B000771798BD8F8236BCEBE108BDBF58F3BC42
:10C1C000EBE188BDBF58F33BF9BDEBBDBF5873BB76
:10C1D0008F8236BC00000000A7EDD4BC8F8236BC35
:10C1E000BF5873BB6D88DCBD771718BDEBE1083D08
:10C1F000F9BDEBBD7717183DEBE108BDBF5873BB28
:10C20000EBE188BD551D3EBEBF5873BBF9BDEBBD0C
:10C210008F82B6BCBF58F33BB17C90BDA7EDD43C38
:10C220003DB29FBD771798BCF9BDEBBDBF58F3BCBD
:10C230008F82B6BC1BB845BD8F8236BCBF58F33C5D
:10C24000BF5873BC8F82363DA7ED54BDB17C90BD05
:10C25000A7EDD4BCBF58733B771798BC7717183D30
:10C26000C9E7AEBD8F82B63C8F8236BDBF58733BE7
:10C27000771718BDBF5873BC771718BD8F8236BCAF
:10C28000BF58F3BDA7EDD4BCA7EDD43C771798BD3C
:10C29000A07F23BE034D27BDBF5873BBEBE108BD94
:10C2A0001BB8453DBF58733DBF5873BB8F8236BC2A
:10C2B000034DA7BD8F8236BCEBE188BDBF5873BD6F
:10C2C0008F8236BC254781BD1BB845BDBF58733B27
:10C2D000A7ED54BD1BB845BDA7EDD4BDBF58733BFA
:10C2E000BF5873BD771798BC1BB8C5BDEBE188BDBF
:10C2F0008F82B6BC8F8236BD8F8236BDEBE108BE21
:10C30000EBE108BD771798BD00000000BF5873BD72
:10C310003323E4BD8F82B6BC332364BDEBE1083D1B
:10C32000332364BDEBE1083DB17C90BD332364BD94
:10C33000EBE108BD000000008F8236BC8F82B6BCE6
:10C34000BF5873BD8F82B63CBF58F33C7717983CFB
:10C35000A7EDD43CEBE1083DA7EDD43CBF58F33C3E
:10C36000BF5873BCA7ED54BDBF58F3BD254781BD71
:10C37000BF58733C771798BC8F8236BCBF5873BDCB
:10C38000034D27BD144A14BE8F82B63C254781BD9C
:10C39000EBE108BE8F8236BDBF58F3BC254781BD97
:10C3A000BF58F3BB8F82363CB17C10BEBF58F3BB85
:10C3B0007717983CA7EDD43C332364BDA7ED54BD5B
:10C3C000EBE108BD332364BDEBE1083DA7ED543D2F
:10C3D000034D273DBF5873BB3DB29FBD8F82363D95
:10C3E000771718BDA7EDD43CC9E7AEBDBF5873BBE6
:10C3F000BF58F3BC7717183D771798BC00000000B2
:10C40000F9BDEBBDB8EA41BEB17C90BDA7EDD4BD8E
:10C41000771798BD8F8236BCBF5873BDBF58F3BC29
:10C42000A7EDD4BCBF58F33CA07F23BEA7ED54BDFD
:10C43000BF5873BD8F82363CBF58F33BEBE188BDDC
:10C440001BB845BD8F8236BCBF58F3BC8F82B6BCCB
:10C45000A7ED54BDBF58F33BBF58733C1BB845BD57
:10C46000EBE188BDBF58F3BBB17C10BEEBE108BD6A
:10C47000BF5873BD8F82B6BCBF58F3BCBF5873BDE5
:10C48000B17C90BD771718BE8F82B6BC8F8236BC48
:10C490008F82B6BC332364BDBF58733B034D27BDA9
:10C4A000BF58F3BC00000000EBE188BD771798BCD3
:10C4B0008F82B6BDBF5873BDEBE188BDBF58F3BCDA
:10C4C000A7ED54BD7717183DB17C90BD8F82B6BCE7
:10C4D000BF5873BCEBE108BD3DB29FBDEBE1083D29
:10C4E000BF5873BBBF5873BCBF58733B00000000FC
:10C4F000A7EDD4BDBF5873BB8F82B6BDBF58F3BC88
:10C50000EBE108BD254781BD8F82B63C8F82363D69
:10C51000BF58F3BD034D27BD8F82B63CEBE108BD8C
:10C520008F82B6BCBF58733BC9E7AE3DBF58F33BE3
:10C53000A7EDD4BD8F82363D8F82363C034DA7BD1B
:10C54000BF5873BCBF5873BC8F82363CBF58733C16
:10C550001BB8453D771798BC771798BD034D27BD8D
:10C56000BF5873BBBF58733B2547813D7717183DB4
:10C57000C9E7AEBDBF5873BC8F82B6BDA7EDD43C32
:10C58000A7EDD4BC6D88DCBDA7ED543D034DA7BD20
:10C59000F24F3ABE332364BDB17C90BDA7ED54BDCC
:10C5A000BF58F3BBA7EDD43C6D88DCBDA7EDD4BC70
:10C5B000EBE1083D7717983C8F8236BDBF58F3BB3F
:10C5C000551DBEBDBF58733BEBE1883D3DB29FBDDD
:10C5D0007717983CEBE108BDBF58F3BB8F8236BD9F
:10C5E000000000008F82B6BD7717983C8F82B6BCE2
:10C5F0007717983CBF58F3BCF9BDEBBDEBE188BDA4
:10C60000332364BDEBE108BEBF5873BBEBE108BD4B
:10C610004EAF0CBE8F82B6BC771798BD8F82363C6A
:10C620008F8236BD3323643DDAE41BBE7717983C16
:10C63000BF5873BC1BB845BD8F82B63CBF58733B17
:10C64000A7EDD4BC034D273DBF58F3BB8F82B6BCCA
:10C65000EBE108BDBF58733C00000000A7EDD4BC5F
:10C660001BB845BD8F82B6BDBF58733C771718BD48
:10C67000BF58F3BC8F8236BC1BB845BD8F82363D98
:10C680003DB29FBD2CB532BE771718BDBF5873BBE6
:10C69000B17C10BE1BB845BD1BB845BDBF5873BDAE
:10C6A000A7ED54BD332364BD4EAF0CBEA7EDD4BC83
:10C6B000034D27BDA7ED54BD8F82B6BC8F82363C9B
:10C6C000EBE108BE8F82B63CA7EDD4BCBF58733BEC
:10C6D0001BB845BD771718BD8F82B63CA7ED54BD7A
:10C6E0001BB845BDEBE108BD8F82B6BCEBE188BD50
:10C6F000EBE1083DA7EDD43CA7EDD4BCBF58F3BC9B
:10C70000034D27BD881405BE7717983CBF58F3BB6F
:10C71000BF58F33CBF5873BC254781BD1BB8453D8E
:10C72000BF58F33B332364BDB8EA41BE771798BDC9
:10C73000BF5873BC254781BDEBE188BD1BB845BD23
:10C740008F8236BD771718BD8F8236BDBF5873BC38
:10C75000332364BDBF58F3BB254781BD7717183D10
:10C760003DB29F3DBF58733CBF5873BB771718BD90
:10C770003323E4BDBF5873BDC9E7AEBDB17C90BDE6
:10C78000EBE108BED05560BE8F82B63CC9E7AEBDB6
:10C79000BF5873BB8F8236BCBF58F3BBEBE108BDFB
:10C7A0001BB845BDEBE1883DBF5873BC00000000DD
:10C7B000551DBEBDA7ED543D034D273D8F82B6BD2F
:10C7C000EBE108BD034DA7BD254781BDBF58733DB3
:10C7D0008F82363CEBE188BDE152CDBDA7EDD43C64
:10C7E000EBE108BD771718BDBF58F33BBF58F33BCB
:10C7F000771718BDBF58733CBF58733BEBE1883DBA
:10C8000076E5F13DFA398ABDFA398ABDFA390A3D31
:10C81000FA390ABE369E603E78C82C3EFA398A3E06
:10C8200000000000F7564F3DF7564FBDFA398A3CDD
:10C83000B80F3EBE76E5F13DFA390ABD78C82C3E08
:10C8400076E5F1BECA8B0E3FF756CFBD76E5F1BD5A
:10C850009ADD92BE39811BBE186C35BF78C82CBEDC
:10C8600078C8ACBD39811BBEB80F3EBEFA390ABDCF
:10C87000F7564FBDD924A4BE39811BBE76E5F13DE4
:10C88000D924A4BEFA398A3DF7564F3DB80FBEBE33
:10C89000F756CFBEB80F3E3E78C8ACBD76E571BE48
:10C8A000F7564F3DF7564F3E39819BBE78C8AC3D99
:10C8B00076E5713EF7564FBD76E5F1BDB80F3E3EC9
:10C8C000F756CFBD39811B3E39811B3EFA398A3D6F
:10C8D000FA390A3E76E5F13D186CB5BE76E5F13DD4
:10C8E000FA398ABEF7564FBE5A9681BE39811B3E31
:10C8F000FA398A3CB80F3EBFF7564FBDF7564F3E48
:10C9000027054BBFF756CFBD481A31BF78C8ACBE1C
:10C91000F756CFBDD641E9BE76E5F13D39811BBE64
:10C9200039811B3E186CB53E00000000B80F3EBEBA
:10C93000F7564F3DFA398ABE97FAD7BEFA398ABD03
:10C9400039811BBFF7564F3E76E5F1BD39811B3E5D
:10C9500039811B3E78C82CBEFA398ABEFA398ABEA4
:10C96000B80F3EBEFA398ABCFA390A3E369E60BE1E
:10C97000369E60BE78C82CBFFA390ABE000000009F
:10C98000F756CFBDFA398ABD78C82CBEA976283FA4
:10C99000F756CFBDCA8B0EBF9ADD923E78C8ACBDAC
:10C9A000E8BD39BF39819B3EFA398ABDFA398ABE62
:10C9B000F7564FBD76E5F1BDF7564FBD9ADD92BEF5
:10C9C000FA390ABDFA398ABC9ADD92BE39819B3E9A
:10C9D00076E5F13D78C8ACBD39811BBEF7564FBD39
:10C9E000369E60BEFA390ABD78C8AC3D5A96813E83
:10C9F000FA390ABD57B3C6BE9ADD923E9ADD92BEA1
:10CA0000FA390ABD78C8AC3D78C8ACBE369E603EE7
:10CA100076E5F13DD92424BFFA390A3EFA390ABE37
:10CA2000F756CFBD369E603E78C8ACBD78C8ACBE68
:10CA3000D641E9BEF7564FBED924A4BEB80FBEBE3C
:10CA4000FA398A3D78C82C3EB80F3EBE369E603E0D
:10CA500076E5713E78C8ACBEF7564F3EFA390ABE4D
:10CA600078C8ACBDFA398A3E76E571BEFA390ABE9D
:10CA7000FA390A3D78C8ACBE78C8AC3D5A96813EBA
:10CA8000FA398A3C00000000F756CFBD78C8AC3DAB
:10CA900076E571BEFA398A3ED641E93EFA390A3E58
:10CAA000FA398A3D76E5713EF7564FBDFA398A3C30
:10CAB00039811BBEFA398A3EF756CFBDB80F3E3ECC
:10CAC000369EE0BEFA390A3E76E571BEF7564F3D16
:10CAD000D924A4BE5A9681BE5A9601BFFA398ABC9F
:10CAE000FA398ABC76E5F1BD78C8ACBE9ADD923ED3
:10CAF00078C8ACBDFA398ABCB80F3EBE39811B3E3E
:10CB0000369E60BE76E5713EF7564F3DE8BD39BFB3
:10CB1000F756CFBDF756CF3DF7564FBE5A9681BE5A
:10CB2000F756CF3D78C82C3EB80F3EBE78C8AC3D16
:10CB30005A96813E76E5713E76E5F1BDFA398ABDB9
:10CB4000B80F3EBEB80FBE3EB80F3E3E78C8AC3DF3
:10CB5000B80F3E3EFA398ABC186CB5BEFA398ABDA8
:10CB6000F756CFBDF756CFBD78C8ACBDF7564FBD11
:10CB700078C82CBE78C8ACBE00000000FA390A3E66
:10CB80009ADD12BFF756CFBD76E5F1BE5A9601BFCA
:10CB9000FA398A3E9ADD92BEFA398ABCFA390ABE5F
:10CBA000FA398A3CFA390A3DFA398A3DF756CFBE3E
:10CBB000FA398A3D78C82CBEFA390ABE76E5F1BD4D
:10CBC00039811BBEF7564FBE76E5F1BDF7564FBD16
:10CBD000FA390A3D76E571BE39819BBE78C8AC3D15
:10CBE000F7564F3D78C8ACBD5A96013FFA390ABD99
:10CBF000FA398ABD2AE805BFF7564FBE369E60BE99
:10CC000000000000F756CFBE00000000186C353F52
:10CC1000FA398ABC1589FABE97FAD73EE8BD39BF02
:10CC200009D31FBF369E603E76E5713E57B3C6BE40
:10CC300039819BBEF7564FBD369E60BE369E60BEA4
:10CC400039811B3ED924A4BE369E60BE76E5713E76
:10CC5000F7564FBDF7564FBEFA398ABD369E60BEB5
:10CC6000FA398A3DF7564F3DFA390A3D76E571BEED
:10CC70005A96813E78C82CBEF756CF3DD924A4BE23
:10CC8000F7564FBDF756CFBE97FAD7BEB80F3EBE88
:10CC900078C82C3ECA8B0EBFFA398ABCB80F3EBE8C
:10CCA000FA398A3DF756CF3DFA390A3DFA390ABEBC
:10CCB0009ADD92BE5A96813E9ADD92BE78C8ACBD8E
:10CCC000B80F3E3E78C8AC3D97FAD7BEFA390A3D58
:10CCD00039811B3E97FAD7BEFA398A3D9ADD92BE5A
:10CCE00078C8AC3D369E603EF756CFBE664C5CBF02
:10CCF00076E5F1BDD924A4BEB80F3E3EF756CFBEAF
:10CD00005A9681BEF7564FBD78C8ACBD39811B3EDF
:10CD100078C8ACBEF7564F3E39819B3E76E5F13D73
:10CD2000FA398ABCFA390ABEFA398ABDF756CF3DBC
:10CD3000FA398ABD76E5713EF7564FBDFA398A3C1D
:10CD40001589FABEF756CFBDFA398ABCFA398A3D41
:10CD500078C82CBEFA390ABE57B3C6BE78C82C3E76
:10CD600000000000FA398A3C1589FABE9ADD923E2D
:10CD7000FA390A3D369EE03EFA390ABF78C82C3EA1
:10CD8000692F17BFFA390A3EFA398A3DD92424BFE0
:10CD9000F756CFBDF7564F3DFA398ABCF7564FBD0F
:10CDA000FA390A3E39811B3E78C82CBE78C8AC3DA2
:10CDB000F7564FBDB80FBEBE0000000078C8AC3EAD
:10CDC0005A9681BE78C82C3EF7564FBDFA390A3DB7
:10CDD000FA398A3DFA390ABEF756CFBE5A9681BE55
:10CDE00076E5F13DF7564FBEFA390ABDFA398ABDEC
:10CDF0009ADD92BE57B3C63EB80F3E3E78C8AC3DF2
:10CE0000F756CFBE76E5F13DFA398A3D369EE0BE53
:10CE100078C82C3FD924A4BE39811BBE9ADD12BF2D
:10CE2000F7564FBDFA390A3EFA398A3CFA398A3C3C
:10CE300097FAD7BE57B3C6BEFA398ABCFA390ABDCB
:10CE4000F7564FBDF7564F3E0000000078C8ACBD06
:10CE5000F7564F3D369E60BE39819BBEFA398A3EF9
:10CE6000000000002AE805BFB80F3E3ED924A4BE4A
:10CE70005A96813EFA390ABFFA390A3E76E5F1BE82
:10CE800057B3C6BEFA398ABD39811BBE57B3C63EF9
:10CE9000F7564FBEFA398ABE39819B3EA97628BF24
:10CEA0005A9681BEF7564F3EB80F3E3E57B3C6BEA8
:10CEB000481A31BF39819BBEF7564FBE76E5F1BDAA
:10CEC000B80F3EBE78C8AC3DFA398ABE78C8AC3DD2
:10CED00078C8AC3D39819BBE78C8ACBDFA390ABD73
:10CEE000D924A4BEF756CF3DD641E9BE369E60BEDA
:10CEF000FA398A3EF756CF3DFA390ABF186CB5BEEB
:10CF00005A9681BE5A9601BF2AE805BFF756CFBE92
:10CF10009ADD92BE78C8ACBDF756CFBD00000000C8
:10CF200039811BBEB80F3EBEFA398ABC78C82CBE08
:10CF3000481A31BFF756CFBEF7564F3DFA398A3CF3
:10CF4000FA398A3C186CB53EFA398ABD9ADD92BE30
:10CF5000B80F3E3EFA398ABE78C8ACBD9ADD92BEA3
:10CF6000186CB5BEA976283F57B346BF78C8AC3D0C
:10CF7000F7564FBD76E571BE76E5F1BD97FAD7BE9F
:10CF800076E5F1BDFA398ABCFA398A3DFA398A3D2B
:10CF9000369EE0BEF7564F3DFA398A3D78C8ACBDA3
:10CFA000D924A4BE78C8AC3E9ADD92BEF7564F3D58
:10CFB000FA398ABC78C82C3EFA390ABDFA390ABD5A
:10CFC000FA390ABE39811BBEF7564F3DF7564FBEA0
:10CFD000FA390ABDFA390A3DF756CFBEF756CF3DAA
:10CFE000F7564F3DB80FBEBEF7564F3EFA390A3DD1
:10CFF000FA398A3D39811B3E76E5F1BDFA398A3D21
:10D00000FA398ABD39811B3EFA390A3E5A9681BEE9
:10D010001589FA3E39811B3E5A9681BEB80FBEBEB5
:10D02000FA398ABC9ADD923E76E571BE76E5F13D2D
:10D03000369E60BE369E603EFA390ABDF756CFBDB9
:10D04000369E60BE57B3C6BEFA398A3DFA390ABD6C
:10D05000F7564FBD78C8ACBECA8B0EBF369E603E39
:10D06000FA390A3E78C8ACBDFA398ABC39811BBF8F
:10D070005A9681BEFA390ABD78C8ACBD78C8AC3DB5
:10D08000FA390ABEFA390A3EF756CFBDF7564FBEF7
:10D09000FA398A3D76E5F13DF7564FBD39811BBE21
:10D0A000F7564FBE76E5F13DF756CF3D0000000044
:10D0B00078C8ACBE39819BBEFA398ABC39819BBE27
:10D0C00039811BBE5A9601BFFA398ABC9ADD92BEDD
:10D0D00076E571BE97FAD7BE5A9601BFFA398ABD76
:10D0E000369E603E76E5F1BD886142BFFA398ABE60
:10D0F00039819B3E5A9681BE39811B3E5A9681BE2C
:10D1000078C8AC3D369E603E121188BF78C82CBEF0
:10D11000B80FBEBEFA398ABE78C8AC3DFA398ABDAE
:10D1200076E5F1BD76E5F1BD00000000186CB5BEF6
:10D1300027054BBF78C82CBEFA390ABDB80F3EBED2
:10D14000FA390A3EFA390A3E78C82C3EB80F3E3EFC
:10D15000B80F3E3ED924A4BE76E5F1BD5A9681BEF5
:10D16000B80FBEBE186CB5BED92424BF39811B3E92
:10D17000FA390A3E39811B3E39819BBE369E60BE1C
:10D18000F7564F3E39811BBE39819BBE57B3C6BE91
:10D19000FA390ABD39819BBEFA390A3E0000000007
:10D1A000FA398ABDFA390A3EFA398ABCB80F3EBE4E
:10D1B000369EE0BEFA398A3DFA398A3CD924A4BEAB
:10D1C00076E5F13D00000000FA390ABE9ADD92BE14
:10D1D00078C8AC3DF7564FBE78C8AC3DF756CFBDCA
:10D1E000FA398ABC369E603E1589FABEF756CF3EA4
:10D1F0002AE805BFF7564FBD78C82CBEFA390ABDDC
:10D2000078C8ACBDFA398A3DFA398A3CF756CFBDA9
:10D210009ADD92BEF7564F3EF7564FBD76E5F1BD0B
:10D2200039811BBEFA390ABD78C8ACBE00000000C7
:10D23000B80F3E3EF7564FBEF7564FBD369E60BE06
:10D24000F7564FBE78C8ACBD78C8ACBD369E60BE40
:10D25000369EE0BEF7564F3EFA390ABFFA398A3E8B
:10D26000FA398A3C00000000FA398ABCFA390A3ED1
:10D27000FA390A3DF756CFBE76E5F1BE0000000050
:10D2800039819BBEFA390ABDB80F3E3E369E60BE5C
:10D2900076E5713EFA390ABDFA390ABEF7564FBD36
:10D2A000FA390A3DF756CF3D39811BBEFA398ABC9F
:10D2B0000000000009D31F3FF7564FBD9ADD923E94
:10D2C000F756CFBDFA390ABD78C82C3E78C8ACBD38
:10D2D000D924A4BEF7564FBEFA390ABFB80FBE3ED6
:10D2E000FA398A3CFA390A3DF7564FBD369EE0BE00
:10D2F00039819BBEB80F3EBEC7A853BF78C8AC3DAE
:10D30000FA398A3D78C8ACBDFA390A3FFA390A3D84
:10D31000A97628BFF756CF3EB80F3EBE78C8ACBD41
:10D3200000000000FA398ABCF7564F3EB80F3E3E67
:10D3300000000000FA390ABEF7564FBDFA390ABE9E
:10D3400039811BBFFA390A3DF7564FBD369EE0BE04
:10D35000F756CFBEB80FBEBE2AE805BF39811BBE47
:10D36000FA390A3D369E60BEF756CFBE692F17BF09
:10D37000FA398ABC76E5713E1589FABE9ADD92BE0D
:10D38000FA398A3CFA398A3CB80F3EBF76E571BE5D
:10D3900039819BBE78C8AC3DF7564FBDFA398A3DFE
:10D3A000369EE0BEFA398ABC76E5F13D97FAD7BEE3
:10D3B000FA398A3C78C82C3EF756CFBD76E571BE67
:10D3C0005A9681BE5A96813EFA398A3D369E603E13
:10D3D000FA398A3D9ADD92BE78C82CBED924A4BE03
:10D3E00076E5F1BEB80F3EBE39819BBEFA390ABD63
:10D3F00039811BBE78C8AC3DFA398ABF369E60BE03
:10D4000078C8ACBD78C82CBE369E60BE39811BBEC4
:10D4100039811B3E78C8ACBEB80F3E3E78C8ACBD63
:10D4200078C8AC3DFA390ABDFA398ABE5A9681BE2F
:10D43000FA390A3DB80F3E3E0000000009D31FBF75
:10D44000FA390A3E78C8ACBDFA390ABD76E5F1BDB5
:10D45000F7564F3E39819BBE000000005A9681BEB0
:10D46000F7564FBEFA398A3DFA390A3DFA390A3E73
:10D47000F7564FBF76E5F13D57B3C6BEF7564FBDE1
:10D480007F6C8C3E7808853E780805BED680EC3EE1
:10D49000E3487BBE821E10BF90E61E3FD680ECBCE8
:10D4A000BBF0CE3ED6806CBCC254D6BE9398223E12
:10D4B00086D093BED6806C3D86D093BDC9B85D3E04
:10D4C0007F6C8C3EA060B1BDA7C4B8BE86D0133EB1
:10D4D0007808053ED680ECBDBBF0CEBDE3487BBEF0
:10D4E000C9B85DBEBBF04EBFAE2840BED6806C3C16
:10D4F0009398223ED680EC3CAE28403EA7C4B83E6E
:10D50000CF1C65BFD680EC3C9398223ED6806C3D04
:10D51000A06031BDDDE4F3BE7808853E86D0933D42
:10D52000A060B13ED680EC3C86D093BDBBF04E3EB1
:10D5300086D093BED680EC3DBBF04E3EE3487BBE2A
:10D54000BBF04E3EBBF0CEBED6806CBEA060313D7F
:10D550009398A2BEBBF04EBEA060B1BDDDE4F3BEA9
:10D56000780805BECC6A61BFAE2840BED6806CBCD0
:10D5700086D0933ED680ECBCA060B1BD8C349B3E7F
:10D58000B83E4BBFE3487BBED680ECBD86D093BD92
:10D59000A060B13DD6806C3EA060B13DD6806CBC31
:10D5A00086D0933DBBF04E3EBBF04E3E86D013BEC0
:10D5B000E348FBBED680EC3D9398223EA41235BFD3
:10D5C000A060313ED680ECBEBBF0CE3D86D013BE0F
:10D5D000A7C4B8BED680ECBD755601BF9AFCA93E63
:10D5E000BBF0CEBD90E61EBFA06031BED680ECBCC5
:10D5F0007808053EBBF0CEBDD6806CBDBBF0CE3DFD
:10D60000D6806CBDAB763CBF7808053EA060313E4D
:10D61000BBF0CE3DD680ECBD7F6C8C3ED6806C3DA1
:10D62000D680EC3DD6806C3DBBF0CE3D9398223E3B
:10D63000780885BE86D0933DC254D63EBBF04EBF1F
:10D6400086D0133E7CBA08BF86D0933EC254D6BE65
:10D65000C9B85DBE780805BE898217BFD680EC3C8C
:10D66000D6806CBDD680ECBCD680ECBCBBF0CE3D89
:10D67000D6806C3DD680ECBC86D0933DA06031BD99
:10D68000D680EC3C86D0933DBBF04E3EA060313E50
:10D69000A060B13DAE2840BE9AFCA93EC9B85DBEAF
:10D6A000DDE4F33ED680ECBD86D093BDD680EC3D64
:10D6B000821E10BFBBF0CE3D90E61E3F7F6C8CBE3D
:10D6C000E348FB3E964A26BFBBF0CE3EDDE4F3BE08
:10D6D00000000000D6806CBEC25456BFBBF0CEBD69
:10D6E000D6806CBCD6806C3DD680ECBDA060B13ECF
:10D6F000D6806C3D90E61EBF86D0133ED6806CBCB3
:10D70000780805BFD680ECBDA060313E86D093BDC1
:10D71000D6806C3D86D0133ED680EC3CB58CC7BE1F
:10D72000D680EC3ED680EC3DD6806CBC86D093BDD6
:10D73000BBF0CE3D86D093BD000000007808053ECA
:10D74000AE28403EE348FBBED6806CBEA06031BE32
:10D75000D680EC3DBBF0CE3D7F6C8C3EA06031BFEF
:10D760007F6C8CBEC9B8DDBED680EC3CD680EC3C6C
:10D770009398223E7F6C8CBEA060B13DD680ECBCFD
:10D78000E348FBBEA060313E8C349B3EBBF0CEBE76
:10D79000D6806C3ED6806C3E780885BE7F6C0CBF10
:10D7A0008C349B3EBBF0CEBD9398223EE3487B3E3B
:10D7B0007F6C8CBED6806C3C00000000A06031BE47
:10D7C000D6806C3E7F6C0CBFE348FBBE780805BE7C
:10D7D000A06031BDD680EC3D7808053EDDE4F3BEA7
:10D7E000A06031BD780805BF780805BE9398A23EB9
:10D7F000D6806C3C86D013BE86D0933DD680EC3D5F
:10D80000A060313E86D0133EBBF0CE3D8C349BBE33
:10D81000A060B13DBBF0CEBDBBF0CEBEAE2840BFD8
:10D8200086D0133E86D0933DBBF04E3ED6806CBD75
:10D83000AE28C0BEAE28403EBBF0CE3D9AFCA9BE8D
:10D840007F6C8C3E86D093BDAE2840BE780805BE66
:10D8500086D093BDA060313DBBF0CE3D780885BE3B
:10D86000D6806CBC755601BFBBF0CEBDC9B85D3E5D
:10D87000AE2840BEA060B1BE86D0133E86D093BD18
:10D88000BBF04EBEB1DA43BFC254D6BE86D013BE83
:10D89000A060313DD680ECBDA06031BD000000002D
:10D8A000E3487B3E86D013BEBBF0CEBDE3487BBED3
:10D8B000D6806CBED6806C3DA060313ECF1CE5BEEC
:10D8C00086D093BD9398A2BEC9B85DBEC254D6BEE1
:10D8D000D680ECBD86D0133EBBF0CE3DC9B8DDBED0
:10D8E000A060313DD6806CBCBBF04EBEE3487BBE31
:10D8F000939822BEBBF0CEBE7808053ED6806C3D24
:10D9000086D093BD755601BFD680EC3D9398223EDC
:10D91000A060B13D86D093BDE3487B3EAE2840BEBB
:10D92000A060B13EB58CC7BED6806CBE780805BE7F
:10D930007F6C8CBEA06031BD0000000086D093BD1E
:10D94000A060B13EBBF0CEBE86D0133EA06031BE1B
:10D9500086D093BDE3487B3ED6806CBDA060B1BD50
:10D96000A060313DA06031BDA060B1BDD6806C3CEF
:10D97000A060313DA06031BE86D0133EA06031BDB5
:10D98000780805BE86D0933DA060B13DAE2840BE6C
:10D9900086D0133ED6806CBD86D093BDD6806C3CBD
:10D9A00086D0133E86D0933DD680ECBC9398A2BE21
:10D9B000C9B8DDBE00000000BBF0CE3DD6806C3D96
:10D9C00086D013BEA060313EBBF04E3EAE28C0BE36
:10D9D000A060B13E780805BEA7C4B83E939822BEA9
:10D9E000D6806CBEA06031BE7808053E9398A2BE7A
:10D9F000D680EC3C86D0933ED680ECBC964A26BFBF
:10DA0000BBF0CE3DBBF0CE3DBBF0CE3DD6806C3DF5
:10DA1000A06031BDA060B13DA060B13DD6806CBEBC
:10DA20007808053EBBF0CEBD7808053ED6806CBDBB
:10DA3000BBF04EBEC9B85DBE8C341B3FD680EC3DFA
:10DA400000000000D680EC3DA060313DB58CC7BE23
:10DA50008C349B3ED680ECBDC9B85D3EE348FBBE2E
:10DA6000E3487BBEBBF0CE3EA060B13D86D013BE86
:10DA700086D0933DD680ECBC8C349BBE86D013BF41
:10DA80008C349BBE9398223EA06031BEAE28403EAF
:10DA9000780805BED6806CBDBBF04E3E939822BE82
:10DAA0007808053EC254D6BEBBF04E3ED6806CBC54
:10DAB00086D093BDA7C4B8BED680EC3C7808053E9E
:10DAC000D680EC3C00000000780885BEC254D6BE6B
:10DAD000C9B85D3E00000000BBF0CE3D7F6C0CBFBE
:10DAE000D680EC3CD6806C3DA06031BE7F6C8CBE95
:10DAF000A060B1BDA06031BEBBF0CEBDA7C438BF31
:10DB0000755601BFD680ECBDD3CE68BF939822BEB8
:10DB1000780885BEC9B85D3EA06031BD86D0933D12
:10DB2000BBF04E3E7F6C8CBE86D013BE939822BE57
:10DB3000E3487BBEA060B1BEBBF0CE3DD6806CBCDE
:10DB4000BBF0CE3DD6806CBE780885BEE348FBBEF8
:10DB50009398223E7F6C8C3EA060313DC254D6BE6D
:10DB6000BBF0CEBDD680EC3CC9B8DDBE9398223E5A
:10DB7000A060313ED6806CBEBBF04EBED680EC3C81
:10DB80007F6C8CBEA41235BFD680ECBDD6806C3CB9
:10DB900000000000780885BE86D0133E86D093BD75
:10DBA000C9B85DBEBBF0CE3D9398A2BED6806CBD19
:10DBB0007CBA08BFD6806CBC7F6C8CBEBBF0CE3DFF
:10DBC000D680ECBC8C349BBEA060B1BE8C349BBEB6
:10DBD000D6806C3CA7C4B83ED680EC3C939822BE5D
:10DBE0000000000086D0933DAE28403ED680EC3C3D
:10DBF00086D0933E939822BE0000000000000000F3
:10DC00009398223E86D0133EB58CC7BED6806C3D1D
:10DC1000D680ECBCC9B85DBE86D0933D0000000044
:10DC20009AFCA93EAE2840BEA060313DD6806CBCB7
:10DC3000E348FBBEAE2840BED6806C3E86D0133E85
:10DC4000E3487BBEBBF0CE3EA060B13DAE2840BEF7
:10DC5000DDE4F33E964A26BFD6806CBCDDE4F33E9D
:10DC6000D680EC3D9DAE2D3FDDE4F3BE939822BE01
:10DC7000D6806C3D7808853E821E10BF86D013BECC
:10DC8000CF1CE53EBBF0CE3DC254D6BEBBF04E3EEF
:10DC9000D6806CBDBBF0CEBDD680EC3D780885BE8D
:10DCA00086D0933EBBF04EBE0000000086D0933D70
:10DCB000CF1CE5BEA060313D9DAE2D3FD6806CBD32
:10DCC000D6806CBC7808053ED680ECBCA060B1BDA7
:10DCD000AE28C03EBBF04EBF000000007808053EF5
:10DCE0007F6C8C3E7808053FE3487BBED6806CBDD8
:10DCF000D680EC3CD6806C3CD6806CBF821E10BFB8
:10DD0000BBF04E3E86D093BDAE2840BEA060313EF3
:10DD1000780805BE0000000086D013BE780805BF55
:10DD2000D680EC3E7F6C8CBEBBF0CE3DA060B1BD1A
:10DD3000D6806CBDD6806CBCD680ECBCD680ECBDE9
:10DD40007808053EA060B1BDD680EC3CD680ECBC26
:10DD5000BBF04E3E9AFC29BF86D0933DB58CC7BE22
:10DD6000A060313E7F6C0C3F7CBA083FA060313D23
:10DD7000A06031BDA060313D7F6C0CBF755601BF06
:10DD8000C9B85D3ECF1CE5BED6806CBCB58CC7BEA5
:10DD90009AFCA9BEA06031BDBBF0CEBED6806CBDE2
:10DDA0007808853EAE2840BEA060B13E86D013BE46
:10DDB000AE28403EA06031BDD680EC3C86D013BE7C
:10DDC000E3487B3EA06031BDD6806CBCD680ECBD04
:10DDD000AE28403EE348FBBED6806C3DD6806CBE8C
:10DDE000D680EC3D9398223EBBF0CE3DD6806CBEF3
:10DDF000A060B13DD680EC3CAE28403E939822BE58
:10DE00007808853E939822BF86D0933DBBF04EBEE6
:10DE1000E3487BBEC9B85D3E86D093BD00000000DC
:10DE200086D0133E86D0933DA060B1BDD680ECBDB8
:10DE3000D6806CBED6806CBDE3487BBED680EC3C01
:10DE4000D680ECBCD680ECBC898217BF9398A2BE6A
:10DE5000D6806C3D7F6C8CBEAE28403E86D013BE13
:10DE6000D6806CBCA7C4B8BEAE28403E780885BE3C
:10DE700086D093BDD680EC3D86D0933ED6806CBED6
:10DE80007F6C8C3EC9B8DDBEAE2840BEBBF04E3EB6
:10DE9000D680ECBC939822BED6806C3D939822BE6F
:10DEA00086D0133E8C349B3E7808853E86D093BD49
:10DEB000D680ECBE9398A2BED680ECBCC9B8DD3E3D
:10DEC00086D0933E8C341B3F86D0933DBBF0CE3D35
:10DED0007808053EE3487BBEA060B1BDA7C4B83E4C
:10DEE00086D0933DA060313EC9B8DDBEAE2840BEAD
:10DEF000A06031BE86D0933D9398223ED6806CBE02
:10DF0000C9B85D3EA060B1BED6806CBE86D0933EDF
:10DF1000A06031BD780885BE00000000D680ECBC52
:10DF2000A7C4B83E7F6C8C3E7808053E7808053E55
:10DF3000AE28C0BE9398A2BEA06031BDBBF0CE3D5E
:10DF4000BBF0CEBDAE28C03EBBF04EBEBBF04E3ED9
:10DF5000A060313DA7C4B8BEBBF0CEBD86D013BE15
:10DF6000D680EC3DD680EC3D7F6C8CBE8C349BBE65
:10DF7000A06031BDA060B13D8C349BBE86D093BE05
:10DF8000C9B85DBEA06031BDC9B8DD3EA060313EFC
:10DF9000D6806C3D780885BE86D013BEA060B1BE29
:10DFA0007F6C0C3FDDE4F33EAE28403EA060313D87
:10DFB00086D093BD7F6C8CBED680ECBD780805BE44
:10DFC000BBF0CEBED680ECBC86D0933D8C349B3E5D
:10DFD000A06031BD780885BEA060B13DD680ECBEA2
:10DFE0007808053E7808853ED680ECBDD6806CBEAC
:10DFF000A06031BDBBF04E3EA060B1BD939822BE83
:10E00000CF1CE5BEC9B85DBE9398223FD680ECBD5B
:10E0100000000000D6806CBDC9B8DDBEA06031BE76
:10E020008982173F9398223F86D0133FD6806C3D5C
:10E03000780805BEE3487BBED6806CBCAE2840BEE7
:10E04000780885BE00000000DDE4F33EA060313EAC
:10E05000D680EC3CD680ECBDC9B85D3EE348FBBE43
:10E060009398223EBBF0CEBDD680ECBCA06031BE02
:10E07000D680ECBDA060313E86D0133EE3487BBE27
:10E08000D6806CBFAE2840BFC9B8DD3ED6806CBD1F
:10E09000D6806C3C86D0133E000000008C349BBEC2
:10E0A000A7C4B83E90E61E3FA060313DBBF0CE3D18
:10E0B000BBF0CEBED6806C3D9398A2BEA060313E30
:10E0C000C9B8DDBED6806C3E86D093BDA060B1BD20
:10E0D000D6806CBD86D0133EB58CC73EA7C4B8BEF3
:10E0E000D680ECBCBBF04EBED6806CBD86D013BED5
:10E0F0009AFCA9BED6806C3DC9B85D3E8C349BBEEF
:10E10000768B413D00000000982811BE768B41BD02
:10E110009828113E54EE713E768B413E768BC1BD00
:10E120009828113E768B41BD768BC13D768B413D63
:10E130009828913E768BC1BD982811BE54EE71BED1
:10E14000768B41BD9828913E54EE713E0000000050
:10E15000768B413D768B41BEBF7235BFF434973F1D
:10E16000768BC13D768B41BD54EEF13E0000000040
:10E17000768BC13E54EE71BE982811BF768B413E1E
:10E18000E5BCD93E768BC13D768B41BE075AA9BE10
:10E19000768BC13D768BC13D54EE71BE768BC1BD91
:10E1A000E5BCD93E54EE71BE768BC13DE5BCD93E8F
:10E1B000768BC13D768BC1BD768B41BE54EE71BE70
:10E1C000768BC1BD768BC13D768B413D9828113E43
:10E1D00000000000768B413D982811BFE5BCD93E78
:10E1E000768BC13D9828113E54EEF13E982811BE21
:10E1F000768BC13E768BC1BD075AA9BE9828113EC9
:10E2000054EE713E768B413D982811BE075A29BFC6
:10E2100000000000768B41BD982811BF768BC1BDF0
:10E220009828913E768B41BE768BC13D768B413DE1
:10E23000768B41BE982811BE768B413D768BC1BE50
:10E24000768B413D075AA9BE768B413D768B413E88
:10E25000768B41BD768BC13D768BC1BE982811BEB1
:10E26000768B41BD9828113E768BC13E9828113E91
:10E270009828113E768B413D982811BE768B413D02
:10E28000768BC13D768B41BD768B41BD768B41BE91
:10E29000768B413D768B41BD982811BE768BC1BDF2
:10E2A000768BC13D768B413D768BC13D00000000F1
:10E2B000768BC1BD768B41BE768B413DBF7235BF3B
:10E2C000768B41BD54EEF1BE768BC1BD54EE713EEE
:10E2D000768BC13D768BC13D768BC1BD54EE71BE50
:10E2E000768B41BD768B41BE768B413D00000000B0
:10E2F00000000000075AA93E982811BE768B413DC8
:10E30000768B41BD00000000768B413F54EE713E9C
:10E31000075AA9BE768B41BD982811BE00000000A7
:10E32000982891BE768B41BD768BC13D768BC13DE1
:10E3300000000000075AA9BE00000000982891BF05
:10E34000768BC1BD768B413E768BC13D768B41BDD0
:10E35000768B413E768B41BD768B413D768B413D40
:10E36000768B413D768B41BE768B413E768B413E2E
:10E37000982811BE9828913E768BC13D768B413D01
:10E3800054EE713E768BC13D00000000768B413D1E
:10E39000768BC13D768B413E768B413D075AA9BEB7
:10E3A000E5BCD9BE982811BE768BC1BD982891BE18
:10E3B000768B413EE5BCD9BE9828113E768BC1BE16
:10E3C000075AA9BE768B413E768B413E768BC13D86
:10E3D000982811BE982891BEE5BCD9BE768B41BD68
:10E3E000768BC1BD768B41BE768B413E768BC1BDAF
:10E3F0009828113E2DA44DBF50411DBF768B41BEC4
:10E4000000000000768B413E0000000054EE713E9B
:10E41000768BC13DE5BCD9BE54EE713E768BC1BD55
:10E42000768BC1BD00000000768B41BD54EE713E7D
:10E4300000000000768B41BD0000000000000000DD
:10E44000982811BE982811BE00000000768BC13DAF
:10E4500054EEF1BE768BC1BD9828113E768BC1BEBD
:10E46000000000009828113E768B413E768BC1BD9E
:10E470009828113EE5BC59BF075AA9BE768B413D8D
:10E48000768B41BE54EE713E768B413D768BC1BD9D
:10E49000768B41BD768BC1BE982811BE768B41BD6F
:10E4A000768B413E54EEF13E768B41BE54EE713E8A
:10E4B000982891BE075AA9BE768BC1BD768BC1BE86
:10E4C000982891BE075AA9BE768B41BD768B413EF6
:10E4D000768BC1BD768BC1BD9828113E768B41BD30
:10E4E00000000000768BC1BD768BC13E00000000AD
:10E4F000768B413D50411DBF768B41BE768B41BE30
:10E500009828113E768B413E768B41BF982811BEEC
:10E51000982811BE768BC1BD9828113E768BC1BD5F
:10E52000768B413E9828913E00000000768BC1BD5D
:10E53000768BC1BD768B41BE768B413D768BC13DDE
:10E54000E5BCD9BE768B413E000000009828113E04
:10E550009828913E768BC1BD982811BE768BC1BD9F
:10E56000768B413D982811BE768BC13D768B413E1E
:10E57000982811BE982811BE54EEF1BE768B41BD8D
:10E58000768B413E982811BE768BC1BE768BC1BD7D
:10E59000768B41BE768BC1BD00000000768B413D7D
:10E5A0009828113E9828113F768B413EE5BCD9BE94
:10E5B0009828913E50411DBF768BC1BD768BC1BD61
:10E5C000982811BF768B413E768BC1BD768B41BEBC
:10E5D00054EE713E9828113E982811BE768BC1BD2D
:10E5E000768BC13D00000000768B413D768BC13DAE
:10E5F000768B41BE768B41BD54EE71BE982811BE1C
:10E60000E5BCD93E00000000768B413E982811BE43
:10E61000768B413D768BC1BD768BC1BD54EEF1BE8C
:10E62000768BC13D768B413D768B413D768BC1BE6D
:10E630009828913EBF7235BF9828113E982811BE88
:10E64000982811BEE10F05BF768B41BD768B413D09
:10E65000BF7235BF768B413D768BC1BE0000000096
:10E66000768B413D982811BE768BC1BE000000001C
:10E6700000000000BF72353F982811BE768B41BD67
:10E680009828913E768B413E9828913E768BC13DED
:10E690009828113E075AA9BEE10F05BF54EE71BE7E
:10E6A000075AA9BE768B413D000000009828113E14
:10E6B0009828913EBF7235BF768BC13E768B413E26
:10E6C00054EEF1BE54EE71BE768BC13D00000000E9
:10E6D00054EE71BE000000000000000054EEF13E58
:10E6E000768B41BE00000000768BC1BE768BC1BE2A
:10E6F000768BC1BD9828913E54EE713E982811BE8C
:10E7000054EE71BE54EEF13E768BC13D982891BE19
:10E71000075AA93E982811BE768B41BF768B41BE21
:10E720009828113E982811BE768B41BE768B41BE4B
:10E7300000000000982891BF54EE713E768B41BDD9
:10E74000768BC1BD982811BE982811BE982811BF9C
:10E75000768B413D768B413D075AA93E075AA93E2B
:10E760009828113E768B41BE54EE713E982811BF19
:10E77000982811BE768B413E768B41BD768B41BE8B
:10E78000982811BEE10F053F768B41BD768BC1BE47
:10E7900000000000768B41BD768BC13D768BC1BDFC
:10E7A0009828113E768BC13E54EE713E768BC1BDEA
:10E7B000075AA9BEE5BCD93E9828113E768B413E4A
:10E7C000E5BCD9BE982811BE768BC13E982811BEF3
:10E7D000982811BE54EE71BE9828113E9828113E1B
:10E7E00054EE713E54EE71BE9828913E982891BE29
:10E7F000075AA9BE00000000768B413D982811BE43
:10E8000000000000768BC13D768B41BD982811BF7A
:10E8100054EE71BE54EE713E075A29BF000000004D
:10E82000768B41BD9828913E768B413E00000000DA
:10E83000982811BE768B413E0000000000000000C9
:10E84000075AA9BE9828113E768BC13D982811BE63
:10E85000768BC1BD982811BE9828113E000000009B
:10E86000768B41BD982891BE768B413D768B41BE1B
:10E87000982811BE075AA9BE54EE713E768BC1BDD1
:10E88000768B41BD768B41BD768B413D000000000B
:10E8900054EE71BE768BC13D768B413E768B41BE88
:10E8A000768BC13D00000000768B41BD768BC1BDEB
:10E8B00054EE71BE075AA93E768BC13DE10F05BFEC
:10E8C000982891BE54EE71BE982811BE768BC1BDBA
:10E8D000982891BE768B41BE075AA9BE54EE713E70
:10E8E000768B41BE768BC13D54EE71BE9828913E29
:10E8F000768BC1BD768B41BE768BC1BE9828113E0A
:10E9000050411DBF982811BE768BC13D768BC13D0D
:10E91000982891BE075AA9BE768BC13D768B413EA1
:10E92000982891BE768B41BE982891BE768B41BDCA
:10E93000768BC1BDE5BC59BF54EE713E54EEF1BEBD
:10E94000075AA9BE982811BE982811BE768BC1BD62
:10E95000768B413DE5BCD9BE768BC1BD9828913EF2
:10E960000B077EBF982891BE54EE71BE075AA9BE10
:10E97000768B413D768B41BDE5BCD9BEE10F05BF2D
:10E98000768BC1BD982811BE982811BE54EE71BE79
:10E99000768B41BE768B413D768B413D768B41BD7A
:10E9A000768BC1BD982811BF982891BE768BC1BDCA
:10E9B000982891BE768B41C0768B413E54EE71BE55
:10E9C000768B413F768BC1BD54EEF1BEE10F05BFA2
:10E9D000768BC13D075AA9BE768B413E075AA93EA8
:10E9E000768B41BE982891BE00000000768B41BD19
:10E9F000982891BE00000000E5BCD9BE768B41BED0
:10EA000054EEF13E768B41BDE5BCD9BE768BC1BDDF
:10EA10009828113E00000000075AA93E768B41BDA0
:10EA200054EE713E768B41BE54EE713E768B413E84
:10EA3000982811BEE5BCD9BE768B413D9828113E81
:10EA400000000000768B41BD768BC1BD982811BEB9
:10EA5000768BC13DE10F05BF768BC13D768BC13D05
:10EA6000768B413D768BC1BE982811BE768B41BE18
:10EA70009828913E00000000075AA9BE982811BEB0
:10EA8000768B413D768B413E768BC1BD50411DBF9B
:10EA9000982811BE54EE713EE5BCD9BE768BC13DBF
:10EAA000768B41BEE5BCD9BE768B413E768BC13DAF
:10EAB000075AA93E768B41BD768B41BD768BC13D11
:10EAC000768B41BD768BC1BD9828113E982811BE2A
:10EAD000768BC1BD075A29BF9828113E768B413DE0
:10EAE000075AA9BE982891BE075AA9BEE5BCD9BE4F
:10EAF0009828113E768BC1BD00000000768BC1BD09
:10EB0000E10F05BFE10F05BF768BC13D768B413E1E
:10EB10009828113EE5BCD93E768B413D768BC1BD30
:10EB20009828113E9828113E768BC13D768BC13DC9
:10EB3000768B413E768BC1BD9828113E982811BF37
:10EB4000075AA9BE768BC1BE768BC13D768BC13D7F
:10EB500054EE71BE54EEF13E768B41BD768BC13DD5
:10EB600054EE71BE768B413E768BC1BE768B41BE34
:10EB700054EE713E768B41BD9828113E9828113E87
:10EB80000B077EBFE5BCD9BE768B41BD768B413D80
:10EB900054EE71BE982811BE54EE71BE9828113EF5
:10EBA000BF7235BF9828913E54EE71BE768B41BE40
:10EBB000768B41BDF43497BF9828113EE10F05BF15
:10EBC000768B41BE54EE71BE768B41BD54EE71BE64
:10EBD000768B41BD768B413E9828113E768BC13EA7
:10EBE000982811BF768BC1BD54EE71BEE5BCD9BE6D
:10EBF000768BC1BD0000000054EEF1BE768B41BFA4
:10EC0000E10F05BFE5BCD9BE768B413E9828113E89
:10EC1000982891BE768B41BD768B413E768BC1BDE7
:10EC2000768BC1BEE10F05BF075AA9BE982811BE59
:10EC30009828113ED95326C0768B413E54EE71BEC2
:10EC4000982811BE768B413D768BC1BE982811BEA7
:10EC5000768B413D9828113E9828913E768BC13E97
:10EC6000768BC1BE54EE71BEE5BCD9BE075AA9BEB3
:10EC700054EE71BE768B41BD075A29BF54EE71BE6A
:10EC80009828113E768B41BE982811BF54EE713EF4
:10EC90009828113E982811BE9828913E0000000047
:10ECA000768B413D768BC1BE768B413E768B413D66
:10ECB000768BC13D982891BF768B41BD768B413DC7
:10ECC000E10F05BF768B413D768BC1BD9828113E83
:10ECD00000000000768B41BD9828113E9828113E17
:10ECE00054EEF1BE075AA9BE982891BEE5BCD9BE24
:10ECF000768BC13D54EE71BE768BC1BE768B41BE24
:10ED00009828113E768BC1BD982891BE075AA9BE9E
:10ED10009828113E768BC13D982891BE9828113EC7
:10ED200054EEF1BE768B413D54EEF13E768B41BD03
:10ED30000000000054EE71BF54EE71BE768B413E70
:10ED400054EEF1BE0000000054EE713E00000000E1
:10ED500000000000075AA9BE768B413E54EE713E7A
:10ED6000768B41BE075AA9BE982811BF768B41BE4B
:10ED700054EE713E54EE71BE982811BE768B41BDA3
:10ED80002A47C8BD63894EBF453E2F3E2A47C8BCAF
:10ED9000F458FA3D6035163E2A4748BD6035163EA8
:10EDA0002A47C8BC453E2F3E00000000453EAFBE8E
:10EDB000453E2FBFD2B9A23E9DCBD43E2A4748BD87
:10EDC0002A47C8BDF458FABDF458FABE2A47C83CD1
:10EDD000603596BE453E2F3E453E2FBE2A47C83C75
:10EDE0002A47483D0F50E13E0F50E1BEF458FABDAE
:10EDF0000F50E13E2A47C8BD2A4748BD0F5061BEAB
:10EE00002A47C8BCB46E03BF453E2FBE2A47483DC3
:10EE10002A47C83D2A47C8BE000000006035963E1C
:10EE2000453E2FBEF458FA3D2A47C8BD603516BE90
:10EE3000603516BF0F50613E2A4748BD2A4748BE7D
:10EE40006035163E2A47C8BDB7C2BBBE00000000F1
:10EE500099771CBF0F50613EEDB089BE603596BDFD
:10EE6000603596BD82D4ED3E453EAFBE2A47C8BD53
:10EE70000F50613E82D4EDBE000000000F5061BE15
:10EE8000603516BEF458FABE603516BF2A47C83C36
:10EE90002A47483E7E8035BF2A47C83D2A47C83C9E
:10EEA0002A4748BD000000002A47483D603516BE8D
:10EEB000B7C2BBBE6035163EF4587ABE2A47C8BDFD
:10EEC000F4587A3E2A47C8BCB7C2BBBE2A47C83DE1
:10EED000B7C23BBF0F50613E603596BE2A47C8BDE2
:10EEE0002A47C8BC9DCBD43E603516BE2A47C83CD5
:10EEF0002A47483EB7C23BBF000000009DCBD4BEAE
:10EF0000603516BE2A4748BF453EAFBE2A47C83CBB
:10EF1000F458FA3D603596BD2A47C8BCF458FA3D0E
:10EF20002A47C8BE000000002A4748BD2A47C83DFE
:10EF30000BFC28BF2A47483DF458FA3DF458FA3DE7
:10EF4000453E2F3EF458FABD603516BED2B9A2BE7A
:10EF500026F30FBF2A47483EEDB009BF603596BD86
:10EF60002A47483D453EAF3E2A47C8BD603596BD5D
:10EF70000F50613EB7C23BBF2A47483E2A47C8BC34
:10EF800099771CBFD60D5BBFB7C2BBBE2A4748BD31
:10EF90006035163E2A47C83C453E2FBE2A47483EAC
:10EFA000EDB009BFEDB009BF000000006035963D2F
:10EFB000D60D5BBF6035963D603596BE2A47C83E8C
:10EFC000EDB0893EF4587ABE2A47483EEDB089BE7E
:10EFD0000F50E1BE2A47C8BCD2B922BF0F50613ED4
:10EFE000F458FABDF458FA3D2A47C8BC2A4748BE2F
:10EFF000EDB0893E453E2F3E453E2F3E2A47C83C58
:10F000002A47C8BDB46E03BF453EAF3E00000000B6
:10F010002A4748BE0F5061BE00000000453E2FBE8B
:10F020002A47C8BE2A47C8BC6035963D603596BEA3
:10F0300063894EBFF4587A3E603596BD2A47C83D75
:10F040002A47C8BC453E2F3E603596BD6035163E0A
:10F050002A47C83C603516BEF4587A3E2A47C83D58
:10F060006035963DEDB0893E2A47C8BD2A47C8BDE8
:10F070002A47483DF4587A3E603516BFF458FABE28
:10F08000453EAFBEF458FABD603596BD2A4748BD2F
:10F09000F458FA3D603596BE2A47483D000000000E
:10F0A000B46E03BFF458FA3DF458FA3DEDB089BE92
:10F0B0002A4748BF2A47483D453EAFBE2A47C83C7D
:10F0C000F458FA3DEDB0893E2A47C83C2A47C83C6F
:10F0D000603516BE2A47C8BC6035163E2A47483DF3
:10F0E000F458FA3D0F50613E0F50E1BE2A47C83D2B
:10F0F0002A47C8BC2A4748BD6035963E0F50E1BE3E
:10F100006035963EF4587A3E99771C3F6035963DBF
:10F110000F50613E2A47C8BEF458FA3DEDB089BE93
:10F12000F458FABE6035963D2A47483E2A47C8BC87
:10F13000B46E83BF6035163E603516BEF458FABD16
:10F140002A47C83D6035163E2A47C8BC2A47C83DF5
:10F15000453E2FBE000000002A47C83C2A47483ED3
:10F16000453E2FBEEDB0893E6035963D453E2F3E73
:10F1700000000000D2B9A2BE2A47C83E0F50E1BE2F
:10F18000F4587A3EEDB0893E0F50613E6035963DB1
:10F190006035163E603596BD00000000F458FABD9B
:10F1A0009DCB54BF603596BDF458FA3D2A4748BD03
:10F1B00026F38FBFF458FA3D2A47C8BD2A47483D79
:10F1C0002A47C83C6035163E000000002A4748BD6B
:10F1D000F458FA3D6035963D603596BD6035963DF4
:10F1E000F4587ABE00000000603596BD603516BF49
:10F1F0006035963D2A47C8BE6035163E00000000C7
:10F200002A47C83C6035963D000000002A47C83CAC
:10F21000F458FABD453E2FBE603596BD2A47C83D1D
:10F220000F50E1BE7E8035BF2A4748BD0000000078
:10F230000F5061BEF458FA3DD2B9A2BE0F50613EE4
:10F24000603596BD6035163E6035963D2A47C8BD8F
:10F250002A47483EEDB089BEF458FABDF4587A3ECC
:10F260002A4748BD603596BE6035163ED2B9A2BE6B
:10F27000453E2FBE2A47C8BE2A4748BE2A47C83D3A
:10F28000603596BDB7C2BBBEF4587A3E2A47C83C2B
:10F29000453EAFBE000000002A47C8BC453EAFBE99
:10F2A000603596BE2A47C83C2A47C83D603516BF20
:10F2B000EDB089BE2A47C8BDF4587ABE453E2F3E00
:10F2C000F458FA3D453E2F3E000000002A47483DD5
:10F2D0006035163E453E2FBEF4587A3E6035163EE8
:10F2E0006035963D99771CBF2A47483E2A47C8BEDD
:10F2F0006035963E6035963D7E8035BF2A4748BED4
:10F30000603516BE2A47C8BE2A47C8BD00000000A7
:10F3100099771CBF6035963D2A47C8BCEDB089BEC1
:10F32000F4587ABE603596BD2A47C83C0F5061BE7E
:10F330002A47483DEDB089BE0F50E1BE00000000F5
:10F34000453E2F3E00000000603596BD2A47C8BDEF
:10F350002A47C8BC2A47C83C6035163EEDB0893EF6
:10F36000F458FABD0F5061BE2A47C8BFB7C2BBBE32
:10F370006035963E2A4748BE63894EBF00000000B4
:10F38000F458FABD0BFC28BF0F50613E6035963D26
:10F39000453E2FBF2A4748BE2A47483D0F5061BE11
:10F3A000B46E03BF453E2FBE00000000603516BEA0
:10F3B00082D4EDBE2A4748BD2A4748BD6035163E77
:10F3C000603516BE2A47C8BC453E2F3E2A47C8BCFA
:10F3D000000000002A47483D6035163E2A47C83ED7
:10F3E000EDB089BE0F50613E4992673F2A47C8BEC3
:10F3F0000F5061BE453EAFBE26F30FBF9DCBD4BEBE
:10F40000603596BD603516BFB7C2BB3E2A47C83CC3
:10F4100099771CBF453E2FBE2A47C8BC0F5061BE1E
:10F420000F5061BFF458FA3D603596BD2A4748BE7B
:10F43000F458FABE2A47C83D453E2FBE2A47483EEB
:10F440002A47C83D6035963DEDB089BEF458FA3D77
:10F45000F458FA3D2A47C8BC6035963D453E2F3EDC
:10F460002A47C83D2A4748BD2A47C83D453EAFBE4A
:10F470006035963DD2B9A2BEB7C2BBBE2A47483D51
:10F480002A47C83DF4587ABE9DCBD43E6035963DA0
:10F490009DCBD4BE603596BE2A47C83C2A4748BD9E
:10F4A000F458FABE2A47C8BE603596BD2A47C83D03
:10F4B000F458FABD6035963DB7C2BBBE2A47C83C7A
:10F4C0000F5061BE000000002A4748BD2A47483E51
:10F4D000453EAF3E0F5061BE2A47483D2A47483E51
:10F4E000453E2F3E2A47C8BC603516BE603516BE65
:10F4F0002A47C83CB7C2BBBE603516BF2A47C83CC6
:10F50000603596BD603596BD603516BE2A4748BD4C
:10F510002A47C83D453E2F3E2A47483D0F5061BE11
:10F52000453E2FBE6035963D2A47C83D2A47483D97
:10F53000603596BDF458FABD2A4748BE0F50613E6B
:10F54000F458FA3DF458FA3D6035163E00000000CC
:10F55000F4587A3EB7C2BBBE6035963E2A47C8BC57
:10F560002A47C83DF10442BF2A47C83D00000000B9
:10F570000F50613E603596BD453E2FBE2A47C8BD3F
:10F580006035963D6035963D453EAFBE2A47C83D45
:10F590002A47C83CF4587ABE2A47483D453E2FBE0C
:10F5A0002A4748BD6035963DF458FA3DF458FABDF7
:10F5B00000000000453EAFBE453EAFBE000000006B
:10F5C0002A47C83C000000002A47C83D0000000050
:10F5D0002A47C83D603516BE0F50613E2A47C8BC59
:10F5E000F458FABD7E8035BF281DACBF2A47C83C01
:10F5F0002A47C8BC6035963D00000000603596BDC6
:10F600002A47C83C453E2F3E453E2FBE2A47C83DAF
:10F61000603516BE6035963D2A47C83D603596BEBA
:10F620006035963E2A47483ED2B9A23EF4587ABE8B
:10F630002A47C8BC0F5061BE2A4748BD453EAF3E71
:10F640002A47C8BD00000000F4587A3E2A4748BD4A
:10F650002A47C83D6035163EF4587A3E603596BD5F
:10F66000F458FABE2A47C83C2A4748BD2A47C8BEB4
:10F670002A4748BE453E2F3E453E2FBE00000000B3
:10F68000F458FABD2A47483D2A47483D2A47C83C16
:10F690002A47C8BEF458FABDF458FA3DF458FABDEA
:10F6A000F458FA3D2A47C8BD00000000603596BDF9
:10F6B000F4587ABE0F5061BE2A47C83C2A47C83E5C
:10F6C0006035963E2A47C83C0F50613E2A47C83CE9
:10F6D0000F50613E453E2F3E2A47483D0000000046
:10F6E000453E2FBE453E2FBE82D4ED3EF458FABDB6
:10F6F000603516BE000000002A4748BDF458FABD28
:10F70000F458FABD603596BE82D4ED3E6035963D24
:10F7100026F30FBF0F5061BE2A47C83D000000000E
:10F720002A47483D453E2FBE6035963D2A47C8BC16
:10F730006035963DB7C2BBBE2A47C8BD6035963D11
:10F740006035963E603596BD000000002A47C83CF3
:10F750006035963E2A47C83D2A47C8BC6035163EEC
:10F760006035963DF458FABDF4587ABE00000000AA
:10F7700000000000453E2FBE603516BF2A47C83C3A
:10F780006035163E2A47C83C453E2FBE2A4748BD35
:10F790009DCBD4BE2A4748BD2A47C8BC2A47C8BD0E
:10F7A000D2B9A23E6035963D603596BD2A47C8BCA9
:10F7B0000F5061BE000000002A47C8BD6035163EEC
:10F7C000453E2F3E2A47C83DF458FABD2A47C83D5A
:10F7D0006035963DB7C2BBBE6035163E00000000E6
:10F7E000F458FABD0F5061BE0F50613E2A47C83C25
:10F7F0000BFC28BF603596BD6035963DEDB089BEE7
:10F800002A47C83D2A47483D2A47C8BE2A47483D9F
:10F810002A47C8BEB46E03BF2A47C83CF458FABE94
:10F82000F4587A3E6035963E000000002A47C8BE74
:10F83000EDB089BE2A4748BD2A47C8BE0F5061BEF9
:10F84000000000002A47483D603596BD2A47483EE3
:10F850006035963D7E80B5BF2A47C83D99771CBF6D
:10F860002A47483D603516BFD2B922BFF458FA3D49
:10F8700099771CBF2A47483D2A47C8BC0F5061BE34
:10F880002A47483DF458FA3D453E2FBE2A47483D99
:10F890009DCBD4BEF4587A3E2A47C83C82D4EDBEF4
:10F8A0002A47C83C2A4748BE6035163EEDB089BE9F
:10F8B000F458FABDF458FABE0000000099771CBF56
:10F8C0006035163E453E2F3E453E2F3EF458FA3DEC
:10F8D0002A47C83D7C5699BF2A47C83D99771CBF27
:10F8E000453E2F3EB7C2BBBE499267BFF458FA3DB2
:10F8F000603596BE2A47C83ED2B9A23E6035163E54
:10F90000F458FA3D603596BDD2B9A2BE6035963D39
:10F910002A4748BF2A47483D6035963DD2B9A2BE26
:10F920002A47483E603596BD2A4748BD2A47C8BC8D
:10F930002A47C8BD7E8035BF2A47C83DF10442BF73
:10F94000D2B9A23EF458FA3D453E2F3E2A47C8BDE3
:10F950006035163E0F50E1BE2A4748BD453E2FBEDA
:10F96000453EAF3EB7C2BBBEEDB0893EF458FABDCE
:10F97000453E2FBEF4587A3E00000000603596BD2B
:10F980000F50613E603596BD2A47483E6035163EB1
:10F99000499267BF2A47C8BD2A47483D453E2FBE0A
:10F9A0006035163EEDB009BF2A4748BD603596BDAB
:10F9B0002A47C8BCB46E83BF2A4748BE0BFC28BF89
:10F9C000EDB0893E603596BD2A47C83C2A47C8BD80
:10F9D0002A47C83EB7C2BBBE0F5061BE0000000040
:10F9E000453EAF3E2A47C8BEF458FA3D000000002D
:10F9F0006035163E2A47483E9DCB54BF00000000AC
:10FA0000086F383EBE16903E086FB8BC2761A13D16
:10FA100018E82CBE18E8ACBE086F383CE97CCFBDB6
:10FA200046538ABE086F383D46530A3E46530ABDC8
:10FA30002761213E36DA15BE00000000CA8A66BD85
:10FA4000086F38BCBA11723E2761A1BDDA035B3E74
:10FA500046538A3D086FB8BD8032BE3E46530A3DCC
:10FA600046538A3DDA035BBEDA035BBE000000004A
:10FA7000E97CCF3D00000000AB98FD3D8032BEBE6A
:10FA8000CA8A66BDDA035B3E2761A13D276121BEBC
:10FA9000E97CCFBD18E82CBEF8F543BE9F24A7BE75
:10FAA00046538ABD00000000CE8F843E46530ABEF6
:10FAB000AB98FD3DCA8A66BE46530A3D086FB8BC86
:10FAC00000000000086F383CCE8F843EAB98FD3DAF
:10FAD000086FB83CE97CCFBDF8F5433E086F38BCF1
:10FAE0002761213ECA8A66BE36DA15BE086F383DE8
:10FAF0009F24A7BECA8AE6BDAB98FD3DCA8A663D73
:10FB0000BA1172BE086FB83DE97CCF3D086F38BDB1
:10FB10002761A1BDF8F5433EAB98FD3D086FB83DA8
:10FB200046530ABD086F38BD18E82C3E086F38BE32
:10FB30002761213EF8F5433E18E82C3E0000000006
:10FB4000086F38BE086F38BC8032BE3E2761A13DC9
:10FB50002761A1BD46530ABEAB987D3ECA8AE63DE9
:10FB600046538A3D0000000046538A3D086F383DE9
:10FB7000BA11F2BE276121BE46530ABD46538A3DE3
:10FB800046530ABE086F38BCBA11F23EDA035B3E38
:10FB9000086FB8BC46530A3DBA11723E000000001F
:10FBA000CE8F843E086F38BE46538ABD086F38BE7C
:10FBB000086FB83DCE8F843E36DA953E46530A3EF6
:10FBC00046530A3D46538A3D2761A13D086FB83E22
:10FBD000CA8AE63D086F38BD18E82C3EBA11723E5D
:10FBE00036DA153E36DA15BECA8AE63D086F383D6C
:10FBF0002761A1BE36DA15BE086FB8BDCA8A663D58
:10FC0000AB98FDBD00000000086F38BCCA8A663E94
:10FC1000CA8A66BD086FB83C46530A3E0000000021
:10FC2000AB987D3E2761A1BEDA035BBE2761A1BD13
:10FC3000CA8A663D46538ABD36DA153ECA8AE6BD93
:10FC4000BA11F2BE46530A3DF8F5433E18E82C3E81
:10FC5000AB987D3E086F383CF8F5C33E086FB83D61
:10FC600018E82C3E086FB83C086F38BE46530A3E71
:10FC700046530ABE086FB8BC086FB83D086F38BC61
:10FC8000BA11723ECA8AE63D276121BEBA11723EA0
:10FC9000CA8A66BD46530A3D086F38BCF8F543BEB4
:10FCA00018E82C3ECA8AE63DCA8A663D086FB8BD90
:10FCB000CA8AE63D086FB83CCA8A663D086F383D7F
:10FCC000E97CCF3D46538A3D46530ABE086FB8BC17
:10FCD000CA8A66BDCA8A663D46538A3D086F38BEE9
:10FCE000BA1172BE46530A3E086F383D46538A3EEB
:10FCF0009F24A73E46538A3DAB98FD3DDA03DBBE09
:10FD0000086FB83E9F24A73E086F38BECA8A663D7A
:10FD1000086F38BE086F383C18E82CBEE97C4FBE2F
:10FD2000086F383E46530A3DE97CCF3D086FB8BDA9
:10FD3000086F38BCCA8A66BE086F383F276121BE8B
:10FD4000086FB8BCCE8F84BE086FB8BC000000003E
:10FD50000000000046530ABE2761A1BD9F24A7BE34
:10FD6000DA035BBE46538A3D424EEC3E086F383E96
:10FD7000086F383D086F383C086F38BD46538ABE5F
:10FD8000AB987D3EF8F5C33E36DA153E46530ABEC3
:10FD9000086F38BE36DA153EDA035BBE086F38BD31
:10FDA000000000002761A13D18E82CBECA8A663D0C
:10FDB00046530A3E46530A3D46538A3ECA8A66BDAA
:10FDC000086FB8BCCA8A66BD086FB83DCA8A66BDEE
:10FDD000CA8AE6BD086F38BDCA8AE63D086FB83CDE
:10FDE000AB987DBE00000000086FB83D46538A3DC9
:10FDF000AB98FDBD00000000DA03DBBE086F38BD24
:10FE0000CA8AE63DDA035B3E000000000000000005
:10FE100018E82CBE086F38BD000000002761A1BDA6
:10FE200046538A3EF8F543BEE97CCFBE46530A3EB0
:10FE30002761A13D8032BE3E2761A13DCA8AE63DD1
:10FE40002761A13DF8F5433ECA8A663D086F383CFC
:10FE5000CA8A66BD46530A3D0000000046538A3DEB
:10FE6000086FB8BC36DA153E086FB83D2761A1BDF2
:10FE7000086FB8BC46538A3D71B9C9BE18E82CBE9C
:10FE800046530A3D086F38BD086F38BE086FB83C4E
:10FE9000086F383D0000000046530ABDE97CCFBD25
:10FEA000CE8F843E36DA15BE086F38BECA8A66BD6C
:10FEB0002761A13D46538ABD2761A13D086F383CAB
:10FEC000CA8AE63DCA8A663D086F38BC46538ABD79
:10FED000086F383DF8F5433E46538A3D46530ABD08
:10FEE000086F383CBA11723E52C7E0BEAB98FD3D78
:10FEF000086FB8BC086F383CCA8AE63DCA8A663DBE
:10FF0000CA8A66BD46538ABDDA035BBE9F24A73EFC
:10FF100046530ABDAB98FD3D46538A3E36DA153E40
:10FF2000CE8F84BE086F38BE086F383D46530A3DF9
:10FF3000086F38BD2761A13DCA8A663DBA11723E7D
:10FF4000AB98FDBDE97CCF3DE97CCFBD0000000052
:10FF5000086F383C086F383D2761A13D276121BEFD
:10FF6000E97C4FBEE97C4F3E90ABB2BE2761A13D1C
:10FF7000AF9D9B3E2761213EE97CCF3DCA8A66BE8C
:10FF8000DA035BBE46530A3DE97CCFBD18E8AC3EC0
:10FF9000CA8A66BD086FB83C086F383EE97CCF3D21
:10FFA000DA035BBE00000000CA8AE63D46538ABE03
:10FFB000CA8AE6BD18E82CBE086FB8BC086FB8BD89
:10FFC000CA8A663D086FB8BD276121BE46530ABD87
:10FFD000BA11723EAB987DBECA8A66BDF8F543BEC3
:10FFE000086F383DDA035BBE46530ABD18E82C3E65
:10FFF0006140D53E086FB83DCA8A663D276121BE83
:02000004703951
:1000000002350DBFCA8A663E46530A3E086FB8BD28
:10001000AB987DBECA8AE63D086F383CCA8A663D09
:10002000CA8AE6BDCA8A663D086FB8BD36DA953E13
:100030002761213EF3BB18BFCA8AE63D086FB8BDF1
:10004000086F38BD086F383D2761A13D086FB83C87
:100050002761A13DCA8A66BD086F383DE97CCF3D66
:10006000086F38BCCA8AE6BD2761A13E2761213EE0
:10007000DA035B3E46538A3D2761A13DCA8A66BDCD
:1000800018E82CBECA8A663D90ABB2BE086FB8BDF8
:10009000AB98FDBD086F38BD36DA153E086F383CA9
:1000A000E97C4F3E2761A13DAB98FDBD18E82C3E91
:1000B00046530A3ECA8A66BD086FB8BDCA8A66BD85
:1000C000BE1690BECA8A66BDAB98FD3D086F38BEAD
:1000D00046538ABD086F383DE97CCF3D086F38BC78
:1000E000CA8AE63DE97CCF3D086FB83C46538ABDDD
:1000F000E97CCF3D46538ABD18E82C3E086F38BCDA
:10010000AB98FD3D46538ABDBA11F2BECA8A663D20
:10011000086FB8BC2761A13D46530A3E086FB8BCC2
:10012000086FB8BDE97C4FBE086FB8BD086FB8BC9A
:10013000DA035B3E46530A3E086FB8BDE97CCFBD8B
:100140002761A13DF8F543BE00000000BE1690BE39
:1001500046538ABDCA8A663E46538A3D086FB8BD7B
:10016000086FB83DBE16903ECA8AE63ECA8A66BD92
:10017000086F383D2761A1BD90ABB23ECA8A663D8B
:100180002761A13DCA8A66BD46530A3D086F383EC5
:100190000000000046538ABDF8F5433E36DA153EAE
:1001A00012AE01BFCA8AE6BD36DA15BECA8A663DFE
:1001B000DA035BBEBE16903EAB98FD3D2761A13EC3
:1001C000086F383E2761A13D086F38BC46538A3D11
:1001D0002761213EE97CCF3DCA8A663DE97CCF3D5F
:1001E000086FB83D086FB83D086F38BC086FB83C61
:1001F000086FB83D18E82C3ECE8F843EF8F543BE1C
:10020000E97CCFBD2761A1BDCA8A663E2761A13DB9
:1002100046530A3EE97C4FBE086FB83C086F383D34
:10022000CA8A66BD2761213EAB98FDBD086FB83D07
:1002300018E82C3E9F24A73E086FB83D36DA153EDD
:1002400046530ABDCA8A66BD2761A1BD086F38BD85
:100250002761A13D2761A13D086F38BDF8F5433EF8
:10026000086F38BCCA8AE6BD086F383C086FB83DD5
:1002700046538A3D086FB83DF8F5433E2761213E5D
:10028000086FB8BC086F38BEBE16903E18E8ACBE0A
:10029000AF9D9B3E46530A3DAB98FDBECA8A663D64
:1002A00046530A3E086F38BCCA8A663DCA8A66BD94
:1002B00046538A3D46538ABD46530ABDCA8AE6BDA7
:1002C000086F38BE086FB8BC086FB83D46538ABD8A
:1002D00046530A3DDA035B3E00000000086F383EDB
:1002E0002761A1BD086F38BD36DA153E2761A13DF3
:1002F0002761213EF8F5433E2761213E086F383DD6
:10030000CE8F843EBE1690BECE8F84BE086FB8BE20
:1003100018E82C3E00000000DA035BBE086FB8BC92
:10032000DA035B3E46530ABEAB98FD3DBA11723EFE
:10033000F8F543BECA8AE6BD086FB8BC18E82CBE03
:10034000086F38BD18E8ACBE086F38BD18E82CBE81
:10035000086F38BDCA8AE63D086F38BD086FB8BC63
:10036000086F383C086F383D0000000046530A3ED5
:100370002761213E46538A3E46530A3D46530ABDF5
:10038000086F38BD276121BEAB98FDBE46530ABD3C
:10039000F8F5433E086F38BD086FB8BD0000000097
:1003A000086F383C086FB8BDCA8A66BD46538A3E9E
:1003B000CA8A663DBE16903EE97CCF3DCA8AE6BD3C
:1003C000086FB83DBE1690BECA8AE6BD18E82CBEBE
:1003D000F8F543BEF8F5433E00000000086F383DD5
:1003E000CA8A663D18E82C3EE97CCFBDAB987D3EBD
:1003F0002761213EDA03DB3E086FB83D086FB83D48
:1004000046538ABD276121BE46538ABD46530A3EE4
:100410002761213E086F38BDCE8F843EE97CCF3DF9
:10042000E97C4FBE086FB83C46538ABD46530A3E2E
:10043000CA8AE6BDF8F5C33ECA8A66BD18E8AC3E76
:1004400046530ABDCA8AE63DAB98FDBDDA035B3E62
:10045000086FB8BC46538A3D2761A13DAB987D3EED
:1004600046538ABD086FB83DAB98FDBD086F38BCD8
:10047000CA8A66BD00000000CA8A663D086FB8BD22
:10048000276121BE086FB8BD086FB8BC46530ABDCE
:10049000DA035B3E46530ABD2761A1BD086FB83D34
:1004A00036DA953ECA8A663D086F383EF8F5433E17
:1004B00046538ABEBA11723ECA8A66BE46538A3D08
:1004C00046538A3DF8F5433E086F383C46530A3E92
:1004D000DA035BBE086F383CAB98FDBD7AF8123F7B
:1004E00046538A3D46538A3D086F38BE086F383DF3
:1004F000086F383DAB98FDBDE97CCFBD18E8AC3E38
:10050000086F38BD46530ABECE8F843EDA035BBE09
:10051000F8F5433ECA8A663D086F38BD2761213E23
:10052000E342243F18E82C3EAF9D9B3E46530ABD54
:100530008032BEBE276121BE086FB8BD086F38BECD
:10054000086F38BD46530A3EAF9D9B3E2761A13DD3
:10055000AB98FDBD086F38BCF8F543BE18E8AC3E5B
:10056000086F38BDE97C4F3ECA8A663D086F383E49
:10057000086FB83DE97CCFBD086F38BECA8AE6BDBA
:1005800046530ABE2761A1BDBA11723E36DA15BEC6
:1005900018E82C3EE97CCF3D46530A3D086FB83C35
:1005A000AB987D3EBE16903ECA8AE63DCA8A66BDBD
:1005B000CA8AE6BE8032BEBE000000002761A1BE2E
:1005C000CA8AE6BD36DA15BEAF9D9B3EDA035B3EB6
:1005D000E97C4FBE46538ABDCA8A66BE086FB83CE6
:1005E000086FB8BC46530A3E46530ABE086F38BC73
:1005F000086F38BC46538A3DAF9D9BBEF8F543BE9D
:10060000BE1690BEE97C4FBE086F383E46530ABE08
:10061000E97C4F3ECA8A663D36DA15BE000000000E
:10062000E97CCF3DAF9D9B3E36DA153EE97C4F3EDF
:10063000CE8F84BE086FB8BC086F383C36DA15BE62
:1006400036DA15BE086F38BE086FB83CAB98FD3D72
:1006500046538ABD46530ABD086FB83C086FB83D83
:10066000086F38BCBA11723E36DA15BE46530A3DE1
:10067000086F383D2761213ECE8F84BE0000000008
:1006800001E5373E4A2A523D4A2AD2BC936F6C3E5E
:100690004A2A52BDB89F1DBDEF4C5F3E4A2A523CCC
:1006A0003892793E6E5A833E6E5A03BEB89F1DBE85
:1006B000B89F9DBDB89F9DBDB89F1D3E6E5A83BD1E
:1006C000B89F1DBDB89F1D3D137D10BE4A2AD2BCE8
:1006D0004A2AD2BC4A2AD2BC137D103E4A2A523C36
:1006E0006E5A83BD5376BE3E137D103E4A2AD23CDD
:1006F000A1E14EBF4A2AD23D5376BE3E4A2AD23CA1
:100700004A2A52BD137D103E01E5B7BD6E5A033E25
:10071000A50745BEB89F9DBD936F6C3E01E537BEF2
:10072000C1EB893E5CC22A3E4A2A523C5CC22A3E48
:100730004A2A52BD137D103EB89F9DBD6E5A83BD9F
:100740005CC22ABE6E5A033E4A2AD2BD6E5A833D0F
:1007500000000000137D10BE936F6C3E6E5A83BD87
:1007600001E537BE650E97BE4A2A523D4A2AD2BCE1
:10077000936F6CBE936FECBDEF4C5F3EB89F1DBE98
:10078000137D103E936F6C3E6E5A833E4A2AD23CD4
:10079000EF4C5FBE4A2AD23C4A2A523D4A2AD23CFA
:1007A0004A2AD23C936FEC3DB89F1DBD137D10BE0D
:1007B0004A2A52BC4A2A52BD4A2AD23CB89F1DBE80
:1007C0004A2A523E650E973EB89F1DBEA507453E7C
:1007D00001E5373E936F6CBE6E5A033E01E537BEAE
:1007E0004A2A52BCAE53B1BE6E5A83BEB89F1D3E5C
:1007F0004A2AD23C01E537BE4A2AD2BD01E5B73DBF
:100800004A2A523EAE53B13E01E537BE5CC22ABE13
:10081000A507C5BE6E5A03BEB89F1DBE6E5A833D66
:1008200001E5373E01E5B73E01E5B7BD5376BEBEF3
:10083000B89F1D3D137D10BEB89F9DBD137D10BE9A
:100840000A31A4BE4A2A523C01E5B73D4A2A523E2B
:100850006E5A033E650E973E4A2AD23C6E5A833D3D
:10086000B89F9D3D01E537BE050B2EBF6E5A033E76
:100870006E5A83BE5CC22ABE137D10BE01E5B73D31
:100880005CC22A3E5CC2AA3E6A340D3F137D90BE14
:100890006E5A83BE41DEE5BE01E537BE4A2A52BC30
:1008A00001E537BEA507453E4A2A52BCB89F9DBD0B
:1008B000B89F1D3D5CC22A3EB89F9D3D4A2AD2BDCD
:1008C0006E5A033F650E17BF3892F93E00000000D4
:1008D0004A2AD23D4A2A523E4A2A523D4A2A52BC0C
:1008E000A507453EC1EB09BF137D10BEB89F9D3DD6
:1008F000B89F1DBE936FECBD137D103E4A2AD2BD3A
:100900004A2AD2BD6E5A833D4A2A52BDB89F1D3D28
:100910006E5A833D4A2A523CB89F9DBD4A2AD2BC9A
:100920004A2A52BC4A2A52BC01E537BE6E5A83BDE0
:100930004A2AD2BD01E5B7BD6A340DBF137D10BE92
:10094000936FECBD389279BE6E5A83BD4A2AD2BCF1
:10095000B89F9DBD4A2AD2BDB89F9DBD6E5A83BD2A
:100960004A2A523CB89F9D3DA507C53E6E5A03BE1C
:10097000A507C5BE41DEE53E6E5A033FB89F1DBECA
:100980004A2A52BD6E5A833D01E537BE650E973E39
:10099000B89F1DBD01E5373E0A31A43E4A2A523DAB
:1009A0004A2A523E4A2AD2BCA50745BE936FECBDE7
:1009B000137D10BE4A2A523EB89F1D3D4A2AD2BC22
:1009C0004A2A523E936FECBD5CC22ABE4A2AD23CF0
:1009D000B89F1D3D4A2A52BC4A2AD23D6E5A83BD59
:1009E000AA2D3BBF137D903E6E5A033EEF4C5F3EF7
:1009F000936FECBD137D103EB89F9D3D4A2AD2BC3B
:100A00005376BE3EB89F9D3E6E5A83BDE600F33ED0
:100A1000137D10BE4A2AD2BDC1EB893E4A2AD23C80
:100A2000B89F1D3E389279BE650E97BEEF4C5F3E73
:100A30006E5A03BE6E5A03BE4A2AD2BE4A2AD2BD9D
:100A40004A2A52BC936F6C3E41DEE5BE3892793E35
:100A50005CC22A3EB89F1DBE00000000B89F1DBEAC
:100A6000C1EB89BEB89F1D3D01E5B7BEEF4C5F3EAF
:100A70004A2A523C01E5B73D6E5A03BE6E5A833D89
:100A80004A2A523CAE53B13EEF4C5FBEEF4C5FBEC4
:100A9000650E97BE6E5A033E6E5A83BE5CC22A3EF6
:100AA000B89F9D3E01E537BE4A2A52BD137D10BE58
:100AB000B89F9D3DA507C5BE01E5B73D936FECBD51
:100AC000389279BE4A2A523EF898CB3EEF4C5F3EB0
:100AD0004A2A523DB89F9DBD4A2AD23C00000000E0
:100AE0004A2AD2BC6E5A833DB89F1D3F4A2A523EC5
:100AF0004A2AD2BCB89F1DBD389279BE137D103EE4
:100B0000B89F1DBDEF4C5F3EB89F9DBDB89F9DBE79
:100B10004A2AD2BDB89F1D3EB89F9DBE5CC22A3EE8
:100B20004A2AD23D137D90BE5CC22A3E01E5B7BD84
:100B3000B89F1D3D4A2AD23DB89F1DBE137D103E71
:100B40000A31A43E01E5B7BDB89F9D3E4A2A523CFA
:100B5000B89F9DBDA507C5BE000000004A2A52BD32
:100B600001E5B73E936F6CBEB89F1D3F01E5B73DF1
:100B70004A2AD2BC00000000C1EB89BE0000000080
:100B800001E5B7BD4A2A52BD000000006E5A03BEFF
:100B9000137D103E3892793EC1EB89BE4A2AD2BC01
:100BA00001E5B7BDB89F1DBDB89F1D3D01E5B73D2F
:100BB0004A2A523D4A2A523CEF4C5FBE936FECBD2D
:100BC0004A2AD23C01E5B7BDB89F9DBD4A2AD23C16
:100BD0004A2AD2BDB89F1DBE936FECBD936FECBD8A
:100BE000936F6CBEB89F1DBD4A2AD2BDB89F1DBD74
:100BF00001E537BE137D103E4A2A52BC4A2AD23C38
:100C0000137D103E01E537BE936FECBD4A2A523E7C
:100C100001E5B73D936FEC3D137D903EB89F1DBD40
:100C200001E537BE4A2AD2BD936FECBD01E5373EE0
:100C300001E5B7BD01E5373E4A2A52BD4A2AD23DF9
:100C4000EF4C5FBE00000000B89F9D3DB89F9D3DEA
:100C5000B89F1D3E01E5373E4A2AD23C5CC22ABEFF
:100C6000C1EB89BE6E5A833EB89F9DBD936FEC3D2C
:100C70004A2AD2BC6E5A033EA50745BE4A2AD2BCB8
:100C8000B89F1DBD01E537BEF898CBBE650E173F76
:100C90006E5A833E01E5B7BDC511003F4A2AD2BD59
:100CA0005CC22A3E000000004A2AD23CB89F9DBD8B
:100CB000AE53B1BE4A2A523DF898CBBEF898CB3E0F
:100CC00000000000936FEC3DBCC513BFB89F9D3D75
:100CD0006E5A033EB89F1D3E4A2A52BDB89F9DBD25
:100CE0004A2A523D4A2A523E0E571ABF4A2AD2BCBD
:100CF0004A2A52BD4A2A52BDC1EB893E000000007B
:100D0000BCC513BF4A2A52BE41DEE5BEB89F1DBD19
:100D1000B89F9D3D4A2A523D6E5A833DB89F1D3E65
:100D2000B379273F01E537BEC511003FB89F1DBE0F
:100D30004A2AD2BC936F6CBEB89F9DBDB89F1D3E22
:100D40006E5A83BE6E5A833D5CC2AA3EC1EB893E99
:100D50004A2AD23C4A2AD23C000000006E5A033E86
:100D600001E5373E4A2AD23DB89F1D3E936FECBE47
:100D7000137D103E6E5A833DB89F1DBEB89F1D3D2A
:100D80006E5A83BE4A2A52BCB89F9DBE01E537BE4B
:100D90004A2A52BC4A2AD23CB89F1DBEA507453EEE
:100DA000B89F1D3E9CBBD8BE01E5373E6E5A033E40
:100DB000000000004A2A52BE6E5A83BD01E5B73DCD
:100DC0003892F9BE6E5A83BD01E5B73D936FEC3D95
:100DD0004A2AD23C6E5A83BD4A2AD23CB89F1D3D56
:100DE00001E5B73EB89F1DBF01E5B73E4A2A52BF95
:100DF000936FEC3D00000000137D10BEB89F9DBDB9
:100E00004A2A523C4A2AD23C000000004A2A52BDDB
:100E10004A2AD2BC6E5A833D137D10BE4A2AD23D67
:100E2000B89F1D3E4A2A523C6E5A833D4A2A52BD03
:100E3000B89F9DBE00000000B89F9DBD4A2A523C4D
:100E4000B89F9DBD01E5B73D5CC22ABE0000000011
:100E50004A2A52BD6E5A833EB89F1DBDB89F1D3DA4
:100E6000A507C53E6E5A83BD6E5A033E4A2A52BD3F
:100E7000B89F1D3D01E5373E4A2AD2BC3892793EE3
:100E80005CC22A3EB89F1DBE01E5B73E6E5A83BDC7
:100E9000B89F1D3DB89F1D3EB89F1D3D936F6C3E92
:100EA00001E5B73D6E5A83BD4A2AD2BCB89F1DBE2C
:100EB0004A2A52BC5CC2AA3E4A2AD23D4A2A523E23
:100EC0006E5A03BEB89F1DBDB89F1D3E4A2AD23D33
:100ED000137D103EB89F9D3EB89F9D3D936F6CBEA5
:100EE0004A2AD2BDB89F1DBE01E537BE4A2AD23C70
:100EF00001E5B7BD6E5A833D4A2A52BD01E5B73DB3
:100F000001E5B73EA507C5BE4A2A52BE01E5B73D79
:100F1000F898CB3EAE53B1BEB89F1D3DB89F1D3D66
:100F20004A2AD2BC4A2A52BD137D103E650E973E16
:100F3000AE53B1BE9CBBD83E936F6CBE5CC2AA3EA2
:100F4000137D10BE4A2A523D6E5A83BD4A2AD23CB6
:100F50004A2AD23C01E5373E6E5A83BD4A2A523CAA
:100F6000650E97BE6E5A83BDB89F9DBD01E5B7BEA5
:100F700001E537BE5376BEBE01E5B73EEF4C5F3E9E
:100F8000C1EB893E01E5B7BE5376BEBEB89F1DBE1C
:100F9000C1EB093F01E5B7BD4A2A52BE4A2AD23CFD
:100FA000936FEC3E4A2A523E137D903E4A2A523CB1
:100FB000936F6CBE5CC22A3EB89F9DBD4A2AD23C4C
:100FC0000000000001E5B73D6E5A83BE4A2AD23CBC
:100FD0004A2A523C936F6CBE137D10BE936F6C3ED9
:100FE0009CBBD8BE3892793E6E5A03BF5CC2AABE83
:100FF00001E5373E5CC22A3E4A2AD2BD936FEC3DE2
:101000006E5A03BE137D10BE5376BE3E4A2AD2BC32
:10101000936F6C3E6E5A033EB89F9DBDB89F9D3D39
:101020005CC22A3E6E5A033E01E5B73DB89F1D3EA5
:10103000B89F1DBE6E5A033EAE53B13EB89F9DBED3
:1010400041DEE5BE41DEE5BE4A2A52BDB89F9D3D68
:101050004A2A52BD01E537BFB89F1DBE4A2AD23D7C
:101060005CC2AABE00000000A50745BE01E5B73D71
:101070005CC22A3E5CC22A3E5376BEBEB89F1DBDEE
:101080004A2AD2BC4A2A523CA507453E137D10BECF
:1010900001E5B7BD6E5A83BDB89F9DBD4A2AD23CBB
:1010A0005376BE3E4A2AD2BC6E5A833D5CC22ABEEB
:1010B0004A2AD23C4A2AD2BCB89F1D3D6E5A833D73
:1010C000B89F9D3D4A2A523C936FEC3D4A2A523DBF
:1010D00001E537BE6E5A833DB89F1D3D6E5A833D74
:1010E0004A2A52BC3892793E6E5A83BD4A2A52BC73
:1010F0004A2A52BD4A2A52BC936FECBD4A2AD23CBE
:101100006E5A03BE4A2AD2BC4A2A523C137D10BEF4
:101110006E5A03BE4A2AD2BD5CC22ABE137D903EDF
:1011200001E537BEA507C5BE4A2A523E4A2A523DAE
:101130006E5A83BD01E537BE4A2A523D6E5A033EC0
:10114000B89F9DBD0000000001E5B73DEF4C5F3E3C
:10115000EF4C5FBE6E5A833D936FEC3DB89F1D3DD3
:1011600001E537BEB89F9D3DEF4C5FBE01E537BE40
:101170004A2AD2BC4A2A52BE00000000B89F1D3D38
:101180004A2AD2BD4A2AD2BC4A2A52BC6E5A83BDD0
:10119000B89F9D3DEF4CDFBE01E5B73D01E5B73D92
:1011A0006E5A83BEC1EB89BE4A2A52BDB89F9D3D8F
:1011B0004A2AD2BE4A2A52BCA50745BE5CC22A3E74
:1011C0004A2A52BD4A2A52BDA507453E5CC2AA3EE4
:1011D0005376BEBE01E5373EB89F1DBDB89F9D3D0D
:1011E000B89F9DBD4A2AD2BC650E973E9CBBD8BE17
:1011F0004A2AD2BD4A2AD2BE936FEC3D5CC22ABEB7
:101200004A2A52BD4A2A52BC5CC2AA3E6E5A033ECA
:1012100001E5373EEF4C5FBE137D103E936F6CBE11
:101220003892793E6E5A03BE936F6CBE6E5A03BEFF
:10123000F898CBBE6E5A033E936F6CBE6E5A83BD58
:10124000137D10BF5CC22A3E6E5A83BDB89F1D3EFF
:101250004A2A52BE4A2A523C936F6CBEAE53B13EEC
:101260006E5A03BE4A2A52BC4A2A523D4A2A52BDED
:101270006E5A833D4A2AD2BE4A2AD23D6E5A03BED6
:10128000137D10BE4A2AD2BDAA2D3BBF01E5B7BDD2
:10129000936F6C3E4A2A52BDB89F9DBD000000006E
:1012A000B89F9DBD936FECBE4A2AD23D4A2A523D5B
:1012B0000A31A4BE6E5A03BE4A2A523E6E5A83BEFB
:1012C00017A306BF0A31A4BE936F6CBEEF4C5F3EFE
:1012D000B89F9DBDEF4C5FBE6E5A83BD0A31A43EE0
:1012E000650E973EB89F9DBE4A2A523DAE53B13E11
:1012F0006E5A833D4A2A52BE6E5A83BDB89F9DBD29
:10130000084AC6BEB23DA5BEB23D25BE34D0D6BE4B
:10131000B23D253E86B794BE084AC6BEC7802DBFE3
:101320005F5667BE084AC63D71740C3FB23D253E0C
:10133000084AC63D5F5667BE084A46BE86B794BE99
:10134000B23DA5BE86B794BE5B31843E5F5667BE94
:101350005B3184BD5B3184BEF3063EBF5F56E7BEA2
:10136000DDC335BF8BDCF7BEB23D25BE86B714BFEB
:10137000DDC3B53E9CFA1CBF5B3104BEB23DA5BEC9
:101380005B31043F5B3104BF34D0D6BFB23DA5BE54
:10139000B23D253E5B3184BE5B3104BEF3063EBFE9
:1013A0008BDCF7BE084A46BE084AC63DB23D25BEA4
:1013B0005B3104BD084AC6BD084AC6BD71740CBF86
:1013C000B23D25BEB23DA5BE000000009CFA1CBF88
:1013D000B23D253E5F56E7BE71740CBF9CFA1CBF40
:1013E0005B3184BE5F5667BE5B3184BE34D0D6BEEF
:1013F0005F56673E5B3104BF5B3184BD8BDCF7BE5B
:101400005B31843D5B3104BDB23DA5BF00000000EF
:101410005B3104BD71740CBF5B31843D8BDCF7BE66
:101420005F5667BE5B3104BD5B31843DB23D25BE76
:101430005B3104BD084AC6BDDDC3B53EB23D25BE25
:101440005B31843D34D056BF084AC63D5B31043D14
:101450005B31043DB23D25BE000000009CFA9CBFFC
:10146000084AC6BD5B3184BD084AC6BE084A46BEAE
:101470005F56673E1E8D4EBF5F5667BE084AC6BEAA
:1014800086B794BEB23D253E5B3104BE5B31043E5F
:10149000000000005B3104BD5B31043D084A46BEDC
:1014A00034D0D63E5B31043D5B3184BD000000008A
:1014B0005B3184BE00000000B23DA53E5B3184BDBF
:1014C0005B31843EB23DA5BE084A46BEB23DA5BED4
:1014D0005B31043D5B31043D5B3104BEB23DA5BED2
:1014E0005F56673E5F5667BE00000000B23D25BEF6
:1014F000084A463E084AC6BEB23D25BF084AC6BD98
:10150000B23DA5BE000000005B31043E5B31843D6E
:101510005B3184BDB23DA53E5B3104BD5B3104BE91
:10152000B23D253FB23D25BE86B794BE5B31043E39
:101530005B31043D084AC6BD000000000000000009
:101540005F56673E5B31043E5B3184BEDDC3B5BE92
:101550005B3104BD5F56673E084AC6BD34D0D6BE77
:10156000C7802DBF5B3184BD5B31043D084A46BE58
:10157000B23D253E5B31843E084AC6BE5B3104BDA8
:101580005F56E7BE86B794BE71740CBF084AC6BEEC
:101590005B31843E5B3184BE5B3184BE5B3104BF12
:1015A0005B31043D084AC6BEDDC3B53E5B3184BD38
:1015B000DDC335BF8BDCF7BE5B3104BD084AC6BD59
:1015C0005B31043EB23D25BE86B7943EB23D253E1A
:1015D00000000000084A463E8BDC77BFB23DA5BE46
:1015E0008BDCF7BE34D0D6BE084AC6BE0000000071
:1015F000B23D253E5F5667BE084A46BFC7802DBF35
:10160000084AC63D8BDCF7BE5F56E7BEB23D25BE3D
:10161000B23D253EDDC335BFB23D25BE34D0D6BE7A
:101620005F56E7BE5F5667BE5B3104BD0000000039
:1016300034D0D6BE00000000DDC3B53EB23D25BEAD
:10164000084AC63D5B31043E5B31843E5B3184BE5B
:101650005B31043E5B3104BDDDC335BF34D0D6BE43
:1016600086B7943EB23DA53E5B3104BD86B7943E3D
:10167000DDC3B53E084AC6BEB23DA5BE084AC6BDDA
:101680005F5667BEB23D25BED00F80BF0000000090
:101690005B3104BEF3063EBF5B31043E084AC6BE62
:1016A0005B31043D084AC6BD5B3104BD5B31043D7E
:1016B000084A46BE000000005B31043D5B31843EB9
:1016C000B23D253E5B31043D5B31843E5B3184BEDF
:1016D0005B31843DB23D25BE5B3184BE86B714BF0D
:1016E000084AC63DB23D253E5B3184BE5B31043EB7
:1016F000B23DA53E8BDCF7BE5B3104BF5B3104BE5F
:10170000084A46BEB23DA53E5B31043E5B31043D16
:101710005B3184BD084AC6BE084AC6BD34D0D6BEB9
:1017200071740C3F00000000B23D25BEB23D25BEE5
:101730005B31043E084AC63D5B3184BD084AC63E63
:101740005B3184BE00000000084AC63D5F5667BE9C
:10175000084AC6BEB23DA5BE86B794BE86B794BE43
:101760005B3184BD5B31843D084AC6BD5B3104BE3C
:1017700000000000084AC63D5B3104BF00000000C5
:101780005B31843D084A463EB23D25BE5B31043E96
:10179000084AC6BD084A46BE084AC63DB23D25BEF7
:1017A0005F56673E3D5FA9BFB23DA5BE5B31043DBC
:1017B00071740CBF084A463E084A46BE084A46BEF7
:1017C0005B31843D5B31043F084A46BE084AC6BED1
:1017D0005B3184BE084A46BE084AC6BD5B3184BD43
:1017E0009CFA1CBF084A46BEB23D25BE5B3184BD93
:1017F0005B31843DB23DA53E5B3104BF5B3104BE2D
:10180000B23D25BEDDC335BF8BDCF7BEB23DA5BE04
:1018100086B7943E5B3104BF5F5667BE86B714BF80
:101820005B31043D084A46BE5F56673E5B31043D6E
:1018300086B794BF084A46BE5B31043D084A46BE9F
:10184000DDC3B53E084AC6BE5B31043D5B31043D95
:101850005B31043EDDC3B5BE9CFA1CBF084AC6BD61
:1018600086B794BE5B3104BE1E8D4EBF5B31043D16
:1018700086B7943EDDC3B5BE1E8D4EBF084AC6BEB8
:1018800034D0D63E084AC6BE084AC6BE5B3184BDC7
:101890005B31043DB23DA5BE5B3184BD8BDCF7BE40
:1018A00071748CBF5B3104BD5B3104BE5B3184BDA0
:1018B0005B3184BE084A463EB23DA53E084AC63E5C
:1018C000DDC3B53E5B3184BE5B31843DB23D25BE98
:1018D00000000000B23DA5BEDDC3B5BE5B3184BDD6
:1018E000B23DA5BE084AC63D5F56E73EDDC3B5BE64
:1018F0005B3104BD86B794BE5F5667BEDDC3B5BE1F
:101900005B31043E5B3184BD5B31043D5B31043DA2
:101910005B3184BE084AC6BD5F56673E5B31043DFD
:10192000084AC63D084AC63DB23D25BEB23D253EE9
:101930005B31843D5B3184BD5B3104BD5B3184BD73
:10194000084AC6BD084AC63DB23D253E5B3184BE4D
:1019500000000000B23D25BE5B3184BD34D0D6BE50
:10196000084A463E084AC63D00000000B23D25BE7A
:10197000084A46BE084AC6BD084AC6BE084AC6BD91
:101980005B3184BE86B7943E5B3104BE5B31043D5F
:1019900086B794BE084A463E5B31043D5F56673EBB
:1019A0008BDCF73E5B31043E5B3104BD5B31843D33
:1019B000B23DA5BE084A46BE084AC6BDDDC3B53E17
:1019C0005B3104BD084AC63EB23D253E5B3104BED4
:1019D000084AC6BDDDC335BFB23D25BE86B794BE3D
:1019E0005F5667BE5B3104BD5F56673E084AC63D21
:1019F0005B3104BEDDC3B53EB23DA5BE5B3184BDE7
:101A00005F56673E5B31043E084A46BEB23D253E06
:101A1000B23D25BE084AC63D084AC63D86B794BEBB
:101A2000C7802DBF34D0D6BF5F5667BE5B3104BDC3
:101A30005B3104C0084AC63D5B3184BE084A46BEDD
:101A40005B31843DB23D253E5B3184BDB23D25BE58
:101A50005F5667BE5F5667BF00000000084AC6BDFC
:101A600071740CBF084A46BE34D0D6BE86B714BFC8
:101A70005F5667BE084A463E5B3104BE5B3184BD9B
:101A8000B23DA53E084AC6BD34D0D63E5B3184BDCA
:101A9000000000005B3104BD084AC6BDB23D25BF51
:101AA000084A46BE5B3184BE084A463E5B31843DEF
:101AB000B23DA5BE5B3184BD084AC6BE0000000031
:101AC00034D0D63EB23D25BE5B31843D5F56673E85
:101AD0005B31043D5B3184BD8BDCF7BEDDC3B5BE3D
:101AE0005B31043E084AC6BD084AC6BE86B794BEEE
:101AF000B23DA53E084AC6BD5B3104BFB23DA5BE9E
:101B00005B31843E5B3104BD084AC6BD084AC63D10
:101B1000B23D25BE5F56E73E084A463E5B31843EF5
:101B2000B23DA5BE5B3184BD5B3104BE5B31843DFB
:101B3000DDC3B5BE5B31843EB23D253E5F56673E98
:101B400086B7943E084A463E084AC6BD9CFA1CBF6A
:101B5000B23D25BE5B31043DF3063EBF084AC6BD1B
:101B60005B31043EDDC3B53E86B714BF34D0D6BE6C
:101B700086B794BE5B3184BD86B794BE084A46BE24
:101B8000084AC6BE5B31043D5F5667BE5B31043E0A
:101B90005B3104BE5B31843D084A463E5B3184BD07
:101BA0005F56673E084A463E5B3104BE5B31843D6A
:101BB0005F56673E5B31043D5B3184BE084AC6BE5A
:101BC000084A46BE084A463F5B31043D5F56E7BEC1
:101BD000084AC63D5B31043E084AC6BD5B31043D40
:101BE0005F56673E5B3184BD9CFA1C3F00000000DD
:101BF00034D0D6BE5B31843EB23D25BE084A46BED7
:101C000086B794BE000000005B3104BE00000000F7
:101C10005B31843D000000005B3184BD5B3104BD5D
:101C2000C7802D3F5F5667BE5B3104BEB23D25BE07
:101C300071740CBF5B31843D084A46BE5B31843D04
:101C40005B31843D86B7943E5B31043E5B3184BE9C
:101C50005B31043DB23D25BEDDC3B5BEB23DA5BE80
:101C600034D056BF000000005F56673E5B3104BEB3
:101C7000000000005B31043D86B7943E084AC63D33
:101C8000084A46BF084AC6BD86B794BE084AC63D44
:101C90005B31843D5B31043D000000005B3184BE5C
:101CA00086B794BEF306BEBF084A46BE084A46BE83
:101CB00086B714BF084A463E5F5667BE084AC6BD8F
:101CC0005B3184BE084A46BE5B3184BD5B31043D56
:101CD0005B3104BE86B714BF5B3104BE5B31843D0B
:101CE00086B794BE00000000B23D25BEDDC3B5BE80
:101CF000B23D25BE5F5667BE084A463E5B31843D15
:101D0000B23D253E5B31843D5B31043E0000000066
:101D10005B3104BE86B794BE5B31043D5B31843DCC
:101D20005B31843E084AC63D5F56673E00000000B6
:101D3000084AC6BE084AC6BDF3063EBF5F56673EA8
:101D40005B31043D5B31043E5B3104BD5B31043EDD
:101D50005F5667BE084AC63E5B3184BE86B794BEF6
:101D60005B31843EB23D253E5B3104BF084A46BE2E
:101D70005B31043E5B31043E084AC6BEB23D253E9F
:101D8000084AC63D5B3104BD5B3104BD5B31043E96
:101D90005B3104BEB23D253E084A463E5B31843E7F
:101DA0005B31843D5F56673E5B3104BE084A463E68
:101DB000084A46BF5F56673E5B3184BE5B31043ED6
:101DC0005B31043E5F56673E5B3104BE75996FBF61
:101DD000B23DA5BEB23DA53E34D0D6BE5F5667BE6D
:101DE0005B31843D34D0D63E5F5667BF084AC6BDDE
:101DF00034D0D6BE5B31843EB23DA53E5B3104BDDE
:101E00005B31843E084AC6BD34D0D6BE5B31043D4A
:101E10005B3104BE5B31843D00000000F3063EBF31
:101E2000B23D25BE5B3104BD084A46BE5B3104BDF0
:101E3000084A46BF084AC6BDB23DA5BE084AC6BE4E
:101E40005F5667BE5B31843D5F5667BE8BDC77BFF4
:101E50005B31043E5B31043EDDC3B5BEDDC335BF3F
:101E6000DDC3B5BE00000000084AC6BD5B31843D3D
:101E70005F56E7BE5F56673E5B31043D5B31043D14
:101E80005B3104BE0000000086B7943E5B31043D28
:101E90005B3104BE5B3104BD0000000071740CBFF7
:101EA000084A46BE9CFA1CBF5B3184BDB23D25BECC
:101EB000DDC335BF5B31043DB23DA5BE5F5667BE95
:101EC0005B31843D084AC6BE084AC6BD084A46BEC4
:101ED0005B31843D5B31043D5F5667BEB23D25BF3B
:101EE0005F56E7BE8BDCF7BEB23D25BF5B31843D5C
:101EF000084AC6BD5B3104BD000000005B31843E72
:101F0000B23D25BF5B31043E5B3184BD084A463E8D
:101F1000084AC6BD5B31043E084AC63D084A46BE73
:101F2000DDC3B5BE68E5B9BF5F5667BEDDC3B5BEEC
:101F30005B3184BE5B3104BD084A46BE084AC63DDB
:101F4000DDC3B5BE86B714BF5B3104BE0000000020
:101F500086B794BE5B31043D5B3104BE5B31843D8A
:101F600071740CBF34D0D6BE8BDC77BFDDC3B53EF9
:101F7000B23D25BE00000000B23D253E000000003D
:101F80007E8F2ABD3E220EBD3DD77FBD3E228EBC38
:101F90003DD7FFBD3DD77FBDEE0687BD1EC638BD10
:101FA0001EC638BD7E8F2ABD86E61FBE3E220EBDF0
:101FB000FD69E33C9DA071BD7E8F2A3C1EC6383D65
:101FC0001EC6B8BD3DD7FF3C7E8F2A3C7E8F2ABC03
:101FD0007E8F2A3D7E8F2ABD3DD7FF3CFD6963BBC6
:101FE0005D3355BDFD69633BBDFC463D1EC6B8BDB6
:101FF0003E220E3D9DA071BD1EC638BDBDFCC6BCB7
:10200000FD6963BCBDFCC6BCDE581C3DFD69633C7C
:102010003E228EBDBDFC46BDCEAAB1BD3E228EBCC9
:10202000FD69E33C5D3355BD96940ABE3E228E3C6D
:102030007E8F2ABC5D3355BD5D3355BDFD6963BCE4
:102040008E3D95BDFD69E33B7E8FAABD3E220E3DD0
:102050005D33553D7E8F2A3CFD6963BC3DD7FF3C17
:10206000FD69E3BC9DA071BD7E8F2ABC7E8FAABD99
:102070002E74A3BD3DD7FF3C3E228EBCDE581C3DD6
:10208000BDFC46BD96940ABEFD69633BFD6963BB1A
:102090009DA0713DBDFC46BD5D33D5BDDE581C3DE8
:1020A000EE0687BDFD6963BCFD69E3BD5D3355BDCB
:1020B000FD69E3BBBDFCC63C3E220EBDFD69E3BC31
:1020C0003E220EBDBDFC463DEE0607BE3E228EBC46
:1020D000FD6963BDFD69633B7E8F2A3DFD6963BD7C
:1020E000BDFC46BDFD69633B7E8FAABCFD6963BC38
:1020F000FD6963BDDE581CBDDE581C3D2E74A3BDBA
:102100002E74A3BDFD6963BE9DA071BDEE0687BDA3
:10211000CEAAB1BD9DA071BD7E8FAABD5D33553DD8
:102120003E220E3D9DA071BDEDBBF8BD7E8FAA3C49
:102130007E8FAA3CFD69633C00000000BDFCC63CEC
:102140003E228EBCEE0687BD7E8F2ABCFD69E3BBB6
:10215000FD69E33B3DD77FBD7E8F2ABC7E8F2A3C45
:102160007E8F2A3C3E228E3C3DD7FFBC1EC6B8BDAA
:102170009DA0713D7E8F2ABC3E220EBD7E8F2A3DE2
:102180007E8FAABDB5A551BE3E228EBCFD6963BC43
:102190003DD7FFBC7E8F2ABC1EC6B8BDBDFC463DE8
:1021A0007E8FAA3C3DD7FF3C1EC638BD7E8F2A3CA1
:1021B0003E228EBD3E228E3DFD69E3BC3E228E3C1A
:1021C000000000003E220E3D7E8F2ABC3DD7FFBCA2
:1021D000FD6963BBFD69E33B3E220EBD7E8F2A3C59
:1021E000BDFCC63CBDFCC63CFD69E3BCEE0687BD3C
:1021F0005D33553DFD69E33BCEAAB1BD5D33553D31
:10220000FD69E3BB3DD7FFBC3DD77FBD3DD77FBD5B
:102210007E8FAABDFD69E3BBBDFC46BDBDFC46BDCE
:102220003E220E3DFD6963BCE6AF11BEBDFC46BD5E
:102230007E8F2ABCBDFC46BDFD6963BDFD6963BCE4
:1022400000000000FD69E33CDE581CBD7E8FAABC87
:102250007E8FAABCFD69E3BCBDFCC63CFD69633C46
:102260007E8F2ABC7E8F2A3C00000000FD69E3BC03
:102270005D33553DFD69633BFD69E3BCDE581C3DA4
:10228000BDFC463D9DA071BDFD69633C1EC6B8BD49
:102290003E228E3C3E228EBCAD4EDCBDFD69E33C51
:1022A0007E8F2ABC5D3355BD1EC638BD7E8F2ABCCD
:1022B0007E8F2A3CBDFCC63CFD6963BD3E220EBD3F
:1022C000CEAAB1BD3DD7FF3C7E8FAABCFD69E3BC61
:1022D0007E8FAABC7E8FAABD1EC638BDBDFC463D02
:1022E0009DA071BD9DA0713DFD69E3BB3DD77FBD44
:1022F000FD69E33BFD69E33BEE0687BD3E220EBD73
:102300003DD7FF3C3E228EBDFD69633CEE0687BD96
:10231000AD4EDCBD3E228EBC3E228EBD3E220EBDA9
:102320009DA0713D3E228E3C3E220EBE3E228EBCC2
:102330003E228EBCFD69633D3E220E3D7E8FAABCCF
:10234000DE581CBDFD69E33C3DD7FFBD7E8FAABCB6
:102350003E220EBDBDFCC63C3E220EBD000000006C
:10236000DE589CBDFD69E33C3E228E3C3E228EBC85
:1023700000000000FD69E33BFD6963BCFD69E3BB50
:102380009DA071BD3E220EBEFD6963BBFD69E3BB2E
:1023900096940ABEDE581CBDFD69E3BC1EC6383DDE
:1023A000DE581C3D7E8FAABC1EC638BEFD6963BDCB
:1023B0003DD7FF3C7E8F2A3DFD6963BDFD69633BD0
:1023C0003DD7FFBC9DA071BD7E8F2ABD1EC6B8BD86
:1023D0003DD7FFBC3E228EBD5D33D5BD9DA071BDF6
:1023E000AD4EDCBDDE581CBDFD6963BB1EC638BDED
:1023F000EE0687BD3E220EBD3DD77FBD3DD7FF3CDB
:102400002E74A3BDE6AF11BEBDFCC63CFD69633CA6
:102410005D33D5BD3DD7FFBC3DD7FFBCBDFC46BD40
:10242000FD69633B7E8F2A3C7E8F2ABCDE581CBD33
:10243000EE0687BDFD69E33CFD69E3BB3E228E3CB1
:102440003E228E3CFD69E3BCFD69E33CEE0687BDA0
:10245000BDFC463D7E8F2ABD0D18CEBD7E8F2ABDA8
:10246000FD69633BBDFC463DFD69633D5D3355BD84
:102470007E8F2A3CFD6963BCDE581CBD2E74A3BD53
:102480005D33553D5D33D5BD3E220E3D7E8FAABDE9
:102490009DA0F1BDFD69633B3E220EBD3E228EBC78
:1024A0003E228EBDBDFCC63CEDBBF8BD7E8FAABCF6
:1024B0007E8F2A3CFD69633B7E8FAABC3E220E3D87
:1024C0001EC6B8BDBDFC463DFD69633BFD69633B6F
:1024D0003DD7FF3CEE0687BD7E8FAABCFD69E3BCFD
:1024E00000000000FD69E33CFD69E3BCBDFC46BDA6
:1024F0007E8F2ABD7E8FAABC9DA071BDFD69633B06
:102500003E228EBC3DD7FFBD3E220EBD0D18CEBD76
:10251000FD69E3BDFD6963BC7E8FAABDFD6963BB38
:10252000FD69E3BB3DD7FFBC6DE1BFBD7E8F2A3C9B
:10253000FD69E3BC3DD7FF3C7E8F2A3DFD69633CCE
:102540003DD77FBD3DD7FF3C3E228EBDFD69E33CBC
:102550003E228EBCDE581CBD7E8FAABCBDFCC63C94
:102560007E8FAABC3E220EBDFD6963BC3E220E3D9D
:102570008E3D95BD3DD7FF3CFD6963BC5D33553D48
:10258000DE581CBDEE0607BEDE581CBD3E228EBCCA
:10259000EE0687BD3E228EBCCEAAB1BD3DD77FBD23
:1025A0009DA071BD1EC638BDEE0687BDEE0687BD77
:1025B000FD69E33BDE581C3D9DA071BD9DA071BD32
:1025C0003E228EBD7E8FAA3C3E228EBDDE581CBDB3
:1025D0007E8F2ABD2E74A3BD7E8FAA3CDE581C3D83
:1025E000000000005D3355BDBDFC46BDFD69E3BC88
:1025F0007E8F2ABD7E8F2ABCFD69E3BB8E3D95BDD3
:10260000BDFCC6BC4D85EABDEE0687BD7E8FAABD6A
:102610006DE13FBE3E220E3DFD6963BBFD69E33CBB
:102620007E8F2ABDFD69E33B36CB18BE7E8F2A3CE8
:10263000FD69E3BB7E8F2A3DFD6963BCFD69E3BC98
:102640003DD77FBDFD6963BDFD69633C3DD77FBD5F
:10265000FD69E3BB2E74A3BD8E3D95BD7E8F2A3CE4
:10266000FD6963BDFD6963BC7E8F2A3C7E8F2ABCF9
:10267000FD69E33B1EC638BDFD69E3BC7E8FAABC85
:102680007E8F2ABC5D33D5BD5D3355BD1EC638BDBA
:10269000BDFCC6BD5D3355BD96940ABE3E228E3C40
:1026A0005D33553DFD6963BBFD6963BCFD69E33B7B
:1026B0003DD77FBDFD69E33CFD69E33C7E8F2A3C4D
:1026C0003DD77FBD7E8F2A3C7E8FAABCBDFCC6BC99
:1026D000FD6963BD3E228E3CCEAAB1BDDE581CBD55
:1026E0008E3D95BD9DA071BDBDFCC63C3E220EBD7C
:1026F000FD69E3BB3E228EBCEE0687BDFD69E3BBF0
:102700007E8F2A3DDE581CBE3E228EBCFD6963BD15
:102710004D85EABDFD69E3BB5D33D5BDFD69633B16
:102720007E8F2ABD7E8FAABC6DE1BFBD7E8F2A3C05
:102730001EC638BD00000000DE581C3D7E8F2A3CBE
:102740002E74A3BD3E228EBCFD69633C1EC6383D7F
:10275000EE0687BD3E228EBCFD69633C3E220EBD67
:10276000FD6963BB3E228EBCFD69E3BCFD6963BCB1
:10277000FD69633DBDFC463D7E8F2ABC7E8F2ABD30
:102780005D33553D5D33D5BDFD6963BDDE589CBDF0
:10279000BDFCC6BDDE581CBD3DD7FFBC9DA071BDB4
:1027A0007E8FAA3C1EC6B8BD4D85EABDFD6963BCDF
:1027B0007E8F2A3D7E8F2A3D1EC638BD3E228EBDAD
:1027C000000000003E228E3C3DD7FFBC9DA071BDA5
:1027D0003E228EBDFD69633DBDFC46BDFD69E33B08
:1027E0007E8F2A3C3DD7FF3C3E228E3C3E228E3CD3
:1027F000BDFCC6BC7E8FAABCFD69E33C3DD77F3DD6
:102800007E8FAA3CDE589CBDBDFCC63C7E8FAABD17
:102810008E3D95BDFD69E3BB3E220EBD7E8F2A3CF9
:102820003E220EBD3E220EBDCEAA31BE8E3D95BDCE
:102830003E220E3D3DD77FBDDE581C3DFD6963BC89
:102840003DD77FBD3DD7FFBCCEAAB1BDFD69E33BFF
:102850003E220E3DDE581C3DBDFC46BDFD6963BCFD
:102860007E8F2ABC7E8F2ABC7E8FAABD9DA071BDA3
:10287000BDFCC63C3E228E3CFD6963BCDE589CBD5F
:10288000FD6963BC86E61FBE7E8F2A3CFD69E3BC02
:10289000DE581CBD3E228EBCDE581CBDFD6963BDEA
:1028A000FD6963BDCEAAB1BD2E74A3BD7E8F2A3D46
:1028B0007E8FAABCFD6963BBEE0687BDFD69E33C64
:1028C000FD69E33C3E228EBC7E8FAABD1EC6B8BD0C
:1028D000FD69E33C3E228E3CCEAAB1BD7E8F2ABD6F
:1028E000BDFCC63CDE581C3DDE581CBDFD69E33B0B
:1028F0007E8F2ABDFD69E33B7E8FAA3C3E228EBDC2
:102900007E8F2A3C05C158BEDE581C3DFD69E3BCE4
:102910005D33D5BDFD69E3BB3E220EBE7E8F2A3CF2
:102920001EC638BDBDFC46BD7E8F2A3C7E8F2ABCAC
:102930003DD7FF3C7E8F2ABC000000003E220E3DAA
:10294000FD69E3BB1EC638BDEE0687BDFD69E3BB6E
:10295000DE581C3D7E8F2A3D1EC638BD7E8F2ABDA7
:102960007E8F2A3D9DA071BD1EC6B8BDFD69E33BAB
:102970003E228E3CFD69E33CEE0687BDBDFCC63CB5
:102980003DD77FBD7E8F2ABEFD6963BDBDFCC6BD40
:1029900096940ABE3E228EBCFD6963BBFD69633B13
:1029A0003DD77FBD7E8F2ABDEDBBF8BDDE581CBD77
:1029B0003E228EBCBDFCC6BC00000000FD6963BBAE
:1029C000FD69E3BD3E220E3D8E3D95BD3E228E3C0F
:1029D0003E228EBD7E8F2ABCEE0687BDBDFC46BD65
:1029E0007E8F2A3D00000000FD69E3BBDE581C3DE0
:1029F000DE581C3D1EC638BD3DD7FF3CFD69633C1B
:102A0000FD69E33C5D3355BD000000003E228E3C75
:102A10005D33D5BDFD69E33BBDFCC6BC7E8F2ABCE2
:102A2000BDFCC6BC5D3355BD0D18CEBD3E220E3D6E
:102A30003DD77F3DFD69E3BC7E8FAABCFD69E33CC9
:102A4000000000007E8F2A3C7E8F2ABDFD6963BD99
:102A50007E8FAA3CBDFCC6BC3DD77FBD9DA071BD8D
:102A6000EE06873DFD69633B7E8F2A3CEE0687BDFF
:102A70007E8FAA3C000000003DD77FBD7E8F2A3D9F
:102A80005D3355BD7E8F2ABEFD6963BDCEAAB1BD43
:102A9000FD6963BDBDFCC63C7E8F2ABC3DD7FF3CB3
:102AA0005D3355BDFD6963BB6DE1BFBDFD69633B32
:102AB0007E8F2ABCFD69E3BBDE581C3D3DD77FBD40
:102AC0009DA0F1BD3E228EBC7E8FAABD7E8FAABD89
:102AD0001EC6383DFD6963BB1EC638BD7E8FAABCCD
:102AE0002E74A3BDFD69633CBDFC46BDDE581C3D94
:102AF0003E220E3D3E220E3D7E8F2ABC8E3D95BD70
:102B00001EC6383D156F43BEBDFCC63CFD69633C27
:102B10001EC6B8BD7E8FAABCDE589CBDFD6963BDD4
:102B2000FD69E3BBBDFCC63CEDBBF8BD1EC6383D30
:102B30003E228E3CFD69E33CDE581CBDBDFCC6BC9C
:102B4000FD6963BC3DD7FFBCFD6963BDBDFC46BDEF
:102B50001EC638BDFD69633C2E74A3BDDE581C3D06
:102B6000FD6963BDFD69E3BC7E8F2ABD1EC638BD0D
:102B7000FD69633C7E8FAABDFD69E3BCFD6963BC52
:102B80000D18CEBDEE0607BE7E8F2A3CEE0687BD31
:102B9000FD69E33B7E8F2ABD3E220EBE3DD77FBD41
:102BA000FD69E3BB3E220E3D5D33D5BD3E220E3DA9
:102BB000FD69E33C7E8F2A3C3E220E3DBDFCC6BC37
:102BC000FD69E33BBDFC46BD8E3D95BD3E220E3DFD
:102BD0009DA071BDFD6963BC7E8FAA3C9DA0713D27
:102BE000DE581C3DFD6963BDAD4EDCBD7E8F2ABD48
:102BF0003E228EBC2E74A3BDFD69E3BBFD69E33BA1
:102C00008905A73D0A6D483EC85196BEEBC6D03E29
:102C1000079E85BC079E05BD4AB9B73ECB20593EED
:102C20000A6DC8BE079E05BD0A6D483D0A6DC8BE47
:102C3000C85196BE0A6D483D00000000079E05BDC4
:102C40004D88FABE4D887A3E079E05BE079E053D1B
:102C50004D887ABE890527BE079E853ECB20593E0A
:102C60000A6D48BEEBC6D03E0A6DC8BE2A13C0BE70
:102C70004AB9373E0A6D483DA8AB9EBE8CD4E9BE2A
:102C80000A6D48BD8CD4693E8CD4E9BE8905A73D48
:102C9000079E05BE079E853E0A6D483E079E853EFF
:102CA000079E85BDCB2059BE079E85BC8905A7BD63
:102CB0004D887ABE079E853D8CD469BE079E05BDB2
:102CC000079E853C0A6D483D4AB9373EC851163EBD
:102CD000079E85BC8905A7BD079E853D079E853D4E
:102CE000890527BE0A6DC83DC85196BE8905A7BE95
:102CF000079E053D8905A7BD079E05BDEBC6D0BE55
:102D0000079E053E0A6D483E079E053D0A6D483EFA
:102D1000079E853C0A6D483DC851163E8CD469BE5D
:102D2000079E053EA8AB9EBE079E85BD079E853CBF
:102D3000079E853D079E853C8905A7BD0A6DC8BDD8
:102D40000A6DC83D0A6D48BD079E853C0A6D483E28
:102D50000A6D48BD079E05BD8905A7BD4D887ABE91
:102D6000079E853C8905A73D8905A73D0A6DC8BD1D
:102D70000A6DC83D0A6D48BE079E853CCB2059BEF2
:102D80000A6D483EE7F78D3E4D887ABF079E05BD28
:102D90000A6D48BD4D887ABE0A6D483D079E053EC6
:102DA000079E05BE2A13C0BE0A6D48BD8CD4E9BD7E
:102DB000079E05BD8CD4E9BDCB20593E079E05BDBD
:102DC000C85116BE6D2EF2BE0A6DC83D079E853EE7
:102DD0008CD4E93DC851163E079E853C079E853C34
:102DE000079E85BC8905A7BD4AB9373E4D887ABE86
:102DF000000000004D887ABE0A6D483E0A6DC83D4D
:102E00004AB9373E8905A73ED82412BF0A6D48BE8D
:102E1000079E85BD177101BF079E05BE079E05BDB4
:102E20000A6D48BE4AB9373EC851163E4AB937BE48
:102E3000890527BE8905A7BD8905A73D079E05BE53
:102E4000E7F78DBEC85196BEC851963E8905273E0C
:102E5000CB20593EC851163E079E05BE8CD4E93D95
:102E6000890527BE6D2EF2BE4AB9373E4AB9B7BEB4
:102E7000079E85BE8CD4E9BDCB20D93E8905A7BD70
:102E80008CD4E93D079E85BC4AB9B7BEC851963E71
:102E90008905A73D8905A73DC851163E079E85BDFA
:102EA000E7F78DBE079E053D8905A73D079E85BCBA
:102EB000F7CA09BF0A6D483E0A6D483EC851163E22
:102EC0000A6D48BE8905A73E079E853C8905A73D3A
:102ED0000A6D48BE0A6DC83D079E053E079E853DAA
:102EE0004D887ABE0A6D483EE7F78DBE079E05BE47
:102EF000695FAF3E8905A73EC85116BE8905A7BECA
:102F0000079E853C0A6D483DE7F70DBFC851163E48
:102F100000000000079E05BEC851163E4D887ABECF
:102F20008905A7BD0A6D483D079E053D8905273ED9
:102F3000E7F78DBEC85116BE4AB9B7BE0A6D483E06
:102F40000A6D48BE8905273E8905A73D0A6D483DA3
:102F50000A6D48BE079E853D0A6D483D079E85BDAA
:102F6000079E05BD079E85BD0A6D48BE079E85BEAE
:102F70008905273E8905A73E0A6D483D079E05BD88
:102F80000A6D48BD4AB9373E079E85BD4AB9373EEE
:102F90004D887A3E4D88FABE079E053DC851163EC3
:102FA000079E853C079E853C079E05BE079E85BD06
:102FB0000A6D483E0A6D48BD079E85BC0A6DC83E35
:102FC000079E85BD0A6D483E4D887ABE079E053E28
:102FD0008CD469BE8CD4E93D079E053DE7F78DBED4
:102FE000079E053E890527BE079E853C890527BEAD
:102FF000079E053E4AB9373E2A13C03E079E85BD4F
:103000008CD469BE8905A73D079E85BD0A6D48BE63
:103010008CD4E93DA8AB9EBE0A6D48BD8CD4E93D79
:103020000A6D48BE695FAFBE079E053DC85196BE9A
:103030008CD4E93D079E053D8905273E0A6D483D34
:10304000079E85BD8905273E0A6DC83DE7F78DBE01
:10305000C85116BE079E053D0A6DC83DCB2059BE1E
:103060008905273E8CD469BEC851163ECB2059BE77
:10307000079E85BC079E853CC851963E079E85BE2F
:103080004AB937BE079E85BD8905273E079E05BE06
:103090008905273EAC7A61BF079E05BD079E853C2A
:1030A0004AB9B7BECB2059BEA8AB9E3E0A6DC8BD7B
:1030B000890527BECB20593E079E053E8905A7BE40
:1030C000079E853D079E053E00000000079E85BDCA
:1030D0000A6D48BD8CD469BE4AB937BE0A6DC83D79
:1030E000079E853CE7F78DBEE7F78D3EA8AB9EBEF9
:1030F000C85116BE8CD4E9BD079E05BDE7F78DBE4D
:103100000A6D48BD0A6DC8BD8CD469BEC851963ED3
:103110000A6D483D0A6D48BD079E053E079E05BEE7
:10312000CB2059BE8CD4E93D079E05BD8CD4E9BDAA
:10313000890527BEC851163E890527BE0A6DC83DC0
:10314000079E853C0A6DC8BD00000000000000001D
:10315000079E85BD0A6D48BE0A6D483D079E85BC29
:10316000C851163E079E853DC85196BE079E853CB8
:103170004AB9373E0A6D48BD079E853C079E053D0E
:10318000E7F78DBE079E05BEC85116BF8905273ECD
:10319000079E053DC851163E8CD4E93D8CD469BECE
:1031A000079E85BD8CD4E93E4D887ABE00000000A4
:1031B000079E85BC8CD469BEC851163E890527BEC2
:1031C0000A6D48BE8CD4E9BE8CD4E93D079E853D8E
:1031D0000A6D48BE695FAFBE079E85BD0000000056
:1031E000079E853E890527BF079E85BDC85196BEAF
:1031F000C851163E079E053DC85196BEE7F78D3E65
:10320000079E05BF0A6D48BE079E85BC079E853C8C
:10321000079E05BD079E05BD079E05BDCB2059BE77
:10322000A8AB9EBEE7F78DBE4D887ABE8905A7BDC7
:10323000079E053D079E05BF079E053DC85116BE6A
:10324000C851163E8CD469BE8CD469BE0A6D483E06
:10325000079E85BD4AB9B7BE079E853D079E853D41
:103260008905A73EF7CA09BF8CD469BE079E85BCF5
:10327000079E05BD079E85BD079E85BDC851963E2C
:10328000C85116BE8905A7BE8CD4E93DA8AB9EBE29
:10329000079E05BE0A6DC8BDC85116BE0A6D48BD61
:1032A0002A13C0BECB20D9BE8905A73D0A6D48BEF2
:1032B0000A6D48BDE7F78DBE8CD469BE0A6DC8BEE5
:1032C0004AB9B7BE079E053E8905273EC85196BE3E
:1032D0000A6D48BD8905A7BE8905A73D079E85BC27
:1032E000079E053D079E053E0A6D48BD6D2EF2BE48
:1032F000079E053D0A6DC8BE0A6DC83E079E85BC87
:103300008905A73DC85196BE6D2E723F0000000092
:103310008CD4E9BD8CD469BE079E053D0A6D48BDBD
:10332000C85116BE8905A73ECB20593E0A6D48BE3E
:103330000A6DC83DCB20D93E079E85BDCB20D9BEA6
:10334000079E053D8CD4E93EC85196BE079E05BD3B
:103350004D887A3EC85116BF079E85BDCB20D93E09
:10336000C85116BECB2059BEA8AB9EBE2A13C0BE04
:10337000CB20593EC85196BE0A6DC8BD079E85BD7B
:103380000A6D483E0A6D483D079E05BDE7F78D3E34
:10339000079E85BDA8AB9E3E079E853D8CD469BE29
:1033A000079E05BF079E853C079E05BE0A6DC83D6A
:1033B000F7CA09BFC851163E8905A7BD8905A73DB3
:1033C0000A6D483D0A6D48BD079E053E8CD4E93D17
:1033D00000000000079E05BE0A6D483E8CD469BE01
:1033E000079E85BC079E85BCC85116BF079E85BC3D
:1033F000079E053E0A6D483D0A6DC83D4D887ABE60
:103400008CD4E9BD079E85BD079E85BC079E85BD02
:103410000A6D48BE0A6DC83D079E85BD8905A7BDDA
:103420006D2EF2BE0A6D483E695FAFBE8905A73DAD
:103430000A6DC8BE0A6DC8BD8CD4E9BD4AB9B7BE15
:103440004AB937BE079E05BE079E05BD8CD4E93D2F
:10345000079E85BC8CD4E9BD8905A73DC85116BE21
:103460004D887ABE8905A7BE4D88FABE8905A7BDDD
:103470008CD4E9BD079E853CCB2059BE079E853E76
:10348000079E853C0A6D48BE079E05BDC85196BE85
:10349000890527BE4D887ABEEBC6D0BE079E85BC87
:1034A0006D2EF2BE8905A7BD0A6D48BE0A6D48BEE5
:1034B0004AB9B7BE2A13C0BEAC7AE13E079E85BDAD
:1034C000C851163E8CD4E93D079E053E079E853CBB
:1034D000079E053EC851163E0A6D483EC851163E2D
:1034E000079E05BE079E85BC8CD4E9BD079E853D21
:1034F000C85116BE079E053E079E85BE0A6DC83D93
:10350000079E053FCB2059BEA8AB9EBEE7F78DBEF8
:10351000E7F78DBE8905A7BDC85116BE079E853D3C
:10352000C85116BE4AB937BE8CD4E93D079E05BEC8
:10353000C85196BE6D2EF2BE0A6D483E079E053DEF
:103540008CD4693E0A6DC83D0A6DC8BD8CD4E9BEF5
:1035500000000000695FAF3E079E053E079E05BD67
:10356000E7F78DBE0A6D483E079E853C0A6D48BD53
:10357000C85196BE079E85BC8CD4E93D0A6D48BDF6
:10358000C851163E890527BE0A6DC8BD079E05BDF8
:10359000695FAFBE6D2EF2BE079E85BC079E853D5E
:1035A00099D822BF00000000A8AB9E3E0A6DC8BD9E
:1035B0000A6D48BD2A13C0BE8905A73D0A6DC8BD66
:1035C000890527BFE7F78D3E079E85BD079E053D10
:1035D0008905A73D0A6D483D079E85BC0A6DC83D1B
:1035E000079E05BD079E05BD8CD4E9BDCB20593E85
:1035F000079E053D8905A7BD8905A73D0A6DC8BD84
:103600000A6D483E079E053D079E053D8905273EFC
:103610000A6D483EC85116BE079E053D890527BE66
:10362000079E05BF8CD4E9BE0A6D48BD4AB9B7BE36
:103630004AB9B7BEC851163F079E853D079E853CD7
:10364000079E853C079E85BD079E853C0A6DC8BDCB
:10365000E7F78D3E079E85BD8905A73D2A13C0BEAD
:103660000A6D48BD8905A73D079E85BE0A6DC8BD88
:10367000C851963E079E853C4AB9373E8905A7BE8C
:10368000079E05BE8CD4E93DA8AB9E3E4AB937BE25
:10369000079E853D0A6D48BDCB2059BE8905273E52
:1036A000000000009CA765BF8905A7BD0A6D483EC4
:1036B000EBC6D0BECB20593E2A13C03EA8AB9EBE5F
:1036C0008CD4E93D8905A7BE8905A7BE8905273E9B
:1036D0004AB9373E079E05BD079E05BDC85116BEB7
:1036E0008CD4E9BE079E85BEE7F78DBE079E85BCDC
:1036F0008905A7BD079E853D8CD4E93D0A6D48BE6E
:103700000A6D48BE8CD4E93D4AB9373EC85116BE51
:10371000079E853D079E853C8CD4E9BD8905A7BDE4
:103720000A6D48BE177101BF8CD4E93D8CD4693E47
:10373000E7F78DBEC851163EA8AB9E3E0A6DC8BDC8
:10374000C851963E00000000079E853C079E053D3F
:103750008CD4E93DC851163E079E853D4AB9373E97
:10376000079E853C0A6D483D8CD4E9BD8CD4E93D6B
:10377000079E853E8CD4693E079E053E8CD4E93D6C
:10378000079E05BD00000000177101BF079E85BDA3
:10379000079E85BC8905A7BD079E053E0000000069
:1037A0008905273ECB20593E8905273E4AB9B73EB9
:1037B000177101BF079E853EC851963EE7F78DBE43
:1037C000079E853C8905273E0A6D48BE079E85BC3D
:1037D000079E85BC4D887A3E079E05BD0A6D48BE92
:1037E0008905A7BD0A6DC8BD8CD4E9BD890527BE72
:1037F000079E85BD079E053D0A6D48BD0A6D483D83
:103800008CD4E9BD079E85BD2A13C0BE4D887ABE03
:103810004AB937BE695F2FBF079E05BE4AB9373E1A
:10382000079E85BF0A6D48BD8CD4693ECB2059BE2A
:103830003AE63BBF079E85BC0A6DC8BD0A6DC8BE8F
:103840008905A7BDE7F78D3E8CD4E9BD079E053EEF
:10385000000000004D887A3E079E05BE8CD469BEEC
:10386000079E05BD4AB937BE8CD4E93D0A6DC8BD77
:103870008905273E079E85BC4AB937BE079E053D90
:103880008EE7E6BDB4EF99BDB4EF993D00000000AE
:103890008EE7E63D8EE766BEB4EF19BDB4EF993D05
:1038A000B4EF99BDA16B40BE00000000AA2DAD3E53
:1038B000B4EF993D8EE7E63DB4EF993D8EE7E63DE6
:1038C000B4EF19BD8EE7E6BDB4EF19BDB4EF19BE74
:1038D000B4EF19BDA16B403EA16BC0BEB4EF99BD62
:1038E000B4EF19BEB4EF193D8EE7E63D00000000CD
:1038F000B4EF193E8EE7E6BDB4EF99BDA16B40BEB3
:10390000B4EF993D8EE766BE8EE7663EB4EF993D13
:103910008EE7E63DBEB106BF00000000BEB1863EA8
:1039200000000000BEB186BE8EE7E6BDB4EF99BDD3
:10393000B4EF19BE00000000B4EF19BDB4EF193E9A
:10394000B4EF193D8EE7E6BDB4EF99BEA16B40BE62
:10395000B4EF19BDB4EF193E8EE7E6BEB4EF193DE2
:10396000B4EF99BD00000000B4EF193EA16B40BE5A
:10397000B4EF993D00000000A16B40BEB4EF99BDCB
:10398000B4EF193DB4EF19BE28FDB1BFB4EF19BDB6
:10399000B4EF193EB4EF99BEB4EF19BDB4EF19BF3F
:1039A000B4EF19BEA16BC0BEB4EF19BD98A9D3BEC8
:1039B000B4EF19BEB4EF19BD8EE7E63D000000007C
:1039C000B4EF19BD98A9D3BEA16B40BEBEB186BEEF
:1039D000000000008EE7E63D8EE7E6BEA16B40BE2C
:1039E000B4EF19BDBEB186BE00000000A16B40BEA1
:1039F000B4EF993DB4EF193EB4EF993DB4EF19BE61
:103A0000A16B40BEBEB186BE9C0A4ABFB4EF99BD51
:103A1000B4EF193EB4EF193DB4EF19BD000000003A
:103A2000A6CC36BFA16B40BEB4EF193DB4EF19BDB3
:103A300000000000000000008EE7663EB4EF19BEF3
:103A4000B4EF99BD8EE7E6BDB4EF193E8EE7E6BD53
:103A5000B4EF19BE8EE7E6BDA16B40BE8EE766BE31
:103A6000B4EF19BEA16B403EB4EF19BDB4EF99BDE0
:103A7000B4EF993DB4EF193DB4EF19BDB4EF19BDE2
:103A80008EE766BEA16B40BEAF8E23BF8EE7E6BD5C
:103A90008EE7E63D8EE7E6BDB4EF99BDB4EF993D04
:103AA000B4EF193E00000000000000008EE7E6BD04
:103AB0008EE7E6BD8EE7E6BDA16BC0BEB4EF99BD53
:103AC000B4EF19BDB4EF193EB4EF993DB4EF19BD91
:103AD0008EE766BEA16BC0BEBEB186BEB4EF99BD17
:103AE000B4EF99BD8EE7E6BD00000000B4EF193DCC
:103AF000B4EF993DA16B40BEB4EF19BD00000000CA
:103B000000000000A16B40BE8EE7E63D8EE7E6BDFB
:103B10008EE7E63D8EE7E63D00000000B4EF193D7C
:103B2000000000008EE766BE8EE7E63DA16B403EDA
:103B3000B4EF99BD00000000B4EF993E8EE7E63D7A
:103B40008EE7E6BDB4EF193DB4EF19BDB4EF193DF2
:103B5000B4EF193DB4EF99BDB4EF99BDB4EF993D01
:103B6000B4EF993D00000000B4EF19BDAF8E23BF44
:103B7000B4EF993DB4EF193EA16B40BEB4EF193ECE
:103B8000B4EF99BEA16BC0BE000000008EE7E6BD99
:103B90008EE7663EA16B40BE00000000BEB1863ECF
:103BA000B4EF193E8EE7E6BEBEB1863E8EE7E6BDB7
:103BB0003B818BBF00000000B4EF99BD8EE7E63E6D
:103BC000A16B40BE8EE7E63DA16B403E8EE766BE30
:103BD0008EE7E6BDB4EF19BE8EE7E6BD8EE7663E22
:103BE000B4EF993D8EE7E6BDB4EF193E8EE7E6BE31
:103BF00000000000B4EF193EB4EF19BD8EE7663E39
:103C00008EE7E6BEBEB106BFAA2DADBEA16B40BE1B
:103C1000AA2DAD3E8EE7E6BE000000008EE7E6BEB0
:103C2000A16BC0BE98A9D3BEA16BC03EB4EF19BFB3
:103C3000B95090BFB4EF993D00000000B4EF993E39
:103C40008EE7E63DB4EF193E8EE7E63DBEB186BE97
:103C5000B4EF993D8EE7E6BEB4EF19BDB4EF99BE5F
:103C60008EE7663EB4EF193EA16B40BEB4EF19BEBD
:103C700000000000A16BC03EB4EF99BDB4EF193E47
:103C8000000000008EE7E6BEB4EF19BEB4EF99BDA8
:103C9000A16BC03EB4EF99BDB4EF193EB4EF99BD2E
:103CA000B4EF19BEB4EF993D8EE7663EB4EF19BE8E
:103CB0008EE766BEB4EF193DAA2DADBE8EE766BE97
:103CC000AA2DAD3E8EE766BE8EE7E6BD8EE7E6BD69
:103CD000B4EF193DA16B40BF00000000A16B40BED6
:103CE000B4EF993DAF8E233FB4EF99BEB4EF993D49
:103CF000000000008EE7663EB4EF99BDB4EF193DB9
:103D00008EE7E63D8EE766BEB4EF193DB4EF193D90
:103D1000B4EF193DB4EF193D0000000000000000B1
:103D2000B4EF19BDA16B40BE00000000B4EF99BD17
:103D3000B4EF193DB4EF99BDB4EF99BDBEB186BEE5
:103D4000B950103FA16B40BE00000000B4EF19BD98
:103D5000B4EF99BD8EE766BFB4EF19BDB4EF993DDE
:103D600000000000B4EF993E8EE7E6BD8EE7663EA8
:103D7000B4EF193DB4EF193E8EE766BEB4EF19BD3E
:103D8000B4EF193DB4EF993DA16B40BE8EE7E6BD9F
:103D9000B4EF193DB4EF19BEB4EF19BDB4EF19BEBD
:103DA000A16B403E8EE7E6BDB4EF19BDB4EF193EFE
:103DB000BEB106BF8EE7E6BDB4EF99BDB4EF99BDC5
:103DC000B4EF99BD00000000B4EF193DB4EF193D08
:103DD000B4EF193D8EE7E6BDB4EF99BDB4EF193EDF
:103DE000B4EF993DA16B40BEBEB106BFA16B40BE12
:103DF000B4EF19BDA16BC0BEBEB186BEB4EF993E93
:103E0000B4EF193EB4EF99BDBEB186BEB4EF99BE12
:103E1000A16B403EB4EF19BDB4EF99BEA16B40BE9B
:103E2000B4EF993E8EE766BEB4EF193EA16B40BE7B
:103E30008425FABEB4EF19BDBEB186BEAA2DADBEB3
:103E4000B4EF99BD8EE7E6BD8EE7E63DB4EF193DD0
:103E5000B4EF99BDB4EF99BEB4EF19BE8EE7E63E5C
:103E600000000000BEB186BE8EE766BEA16B40BEFC
:103E70008EE7E6BDBEB186BEB4EF19BDA16BC03EF4
:103E800098A9D33EB4EF19BEA16B40BEBEB186BEA9
:103E9000B4EF193EA16B40BEB4EF99BE93485DBF2D
:103EA000BEB106BFB4EF19BE8EE7E6BDA16BC0BEC2
:103EB000A16BC0BE98A9D33EBEB186BE8EE7E6BD5B
:103EC0008EE7E6BD8EE766BEB4EF993DB4EF993D4F
:103ED000B4EF99BD98A9D3BEB4EF19BDBEB186BEEB
:103EE000B4EF19BEB4EF99BDA16BC0BE8EE766BE3C
:103EF0008EE7E63DA16B40BEBEB1863EB4EF993D74
:103F000098A9D33E0000000000000000B4EF193D66
:103F1000B4EF193EB4EF993D8EE7E6BDBEB186BE63
:103F20008EE7663EB4EF99BE8EE766BE8EE766BE4C
:103F3000B4EF99BEBEB1863EB4EF193DB4EF99BE61
:103F4000B4EF193EB4EF19BDAA2DADBEB4EF19BD43
:103F5000B4EF19BDA16BC0BEB4EF19BDA16B40BEDB
:103F6000AA2DADBEB4EF19BDB4EF99BEB4EF19BD23
:103F70008EE7663EB4EF19BEA16B403E8EE7E6BD0C
:103F8000BEB1863EB4EF193D8EE766BE000000006C
:103F9000B4EF993DB4EF19BDB4EF99BDB4EF19BEBC
:103FA000A16B403EBEB186BEB4EF99BDB4EF19BD62
:103FB000BEB186BEB4EF193D000000008EE766BEBC
:103FC000B4EF193E8EE7E63DB4EF99BDB4EF99BD6D
:103FD000B4EF19BDAA2DADBEB4EF19BDB4EF99BDB4
:103FE000AA2DADBEB4EF19BE8EE766BE000000007C
:103FF000B4EF19BD00000000A16B40BEB4EF193D45
:104000008EE766BE8EE7E63D8EE7E6BDB4EF193D6E
:10401000B4EF99BDA16B403EB4EF993DB4EF193DAB
:10402000B4EF193DB4EF993D8EE7E63DB4EF99BD8D
:10403000A16B403EB4EF19BDAA2DADBEB4EF19BDC2
:10404000B4EF19BD8EE7E63DB4EF19BDB4EF193DED
:10405000B4EF19BDB4EF993D8EE7E63D00000000D6
:10406000B4EF993DB4EF99BD00000000A16B40BED4
:10407000B4EF993DA6CC36BFB4EF193EA16B40BE5C
:10408000A16B40BEBEB1863EB4EF19BDB4EF19BD01
:10409000B4EF99BE8EE7663EB4EF99BDB4EF99BD1B
:1040A000A16B403EB4EF193EB4EF993D8EE766BE7A
:1040B000B4EF19BD8EE7E6BEA16BC0BE8EE7E6BDCC
:1040C000B4EF99BDAA2DAD3EB4EF193E000000003B
:1040D000B4EF99BD8EE7663E00000000BEB1863E9B
:1040E0008EE7E63DB4EF19BE98A9D33EB4EF99BE72
:1040F000BEB1863E8425FABEB4EF19BD8EE766BE1A
:10410000B4EF19BEB4EF993EA16BC0BE8EE7E63D99
:10411000B95010BFB4EF993DB4EF993EB4EF19BF59
:104120008EE766BE8EE766BE98A9D3BEA16B40BE81
:104130008EE7E63DBEB186BEA16BC0BEA16B403E20
:10414000A16B40BE8EE7E63DB4EF193DB4EF193DDB
:10415000B4EF193DA16BC03E00000000A6CC36BFF5
:104160008EE7E63D8EE7E6BEA16B40BEB95010BFBC
:10417000B4EF19BEA16BC0BEB4EF19BEA16B40BEB7
:10418000B4EF19BEAA2DAD3EB4EF99BE8EE7663EE0
:10419000A16BC0BEB4EF19BDB4EF993E00000000A2
:1041A000B4EF19BEAA2DADBE98A9D3BEB4EF193D88
:1041B0008EE7663E8EE7E6BDBEB186BEB4EF193E21
:1041C000B4EF19BDA16B403EB4EF193D00000000F3
:1041D000B4EF193DA16BC03EB4EF193EA16B40BED8
:1041E000AA2DAD3EB4EF993EB95010BF8425FABE5A
:1041F000AA2DADBEB4EF99BEB4EF993DB4EF19BD91
:10420000B4EF193DA16B403EB4EF19BEB4EF993D38
:104210008EE7E6BD00000000B4EF993DB4EF99BD14
:104220008EE766BEB4EF19BEB4EF99BDB4EF99BD89
:10423000BEB1863E00000000B4EF19BEBEB1863E9E
:10424000B4EF19BDAA2DAD3E8EE7E63DB4EF193DA2
:10425000B4EF193E8425FA3EB4EF993DB4EF99BD11
:104260008EE7663EB4EF19BDB4EF99BDA16B40BEB9
:104270008EE7E6BD8EE7E6BEB4EF993DB4EF19BD1B
:1042800000000000BEB1863EB4EF193DB4EF993D89
:10429000A16B40BEA16B403EB4EF193DB4EF19BE17
:1042A000A16B40BE8EE7E6BDB4EF19BDA16BC0BEE9
:1042B000A16B403EB4EF993DB4EF99BDB4EF99BE08
:1042C00000000000B4EF193DB4EF19BD000000007C
:1042D000000000008EE7E6BDB4EF99BD00000000CD
:1042E000A16BC0BEB4EF193E8EE7E6BEB4EF99BD38
:1042F000B4EF19BD00000000B4EF99BDBEB186BE99
:10430000B4EF993DBEB1863E8EE7E63DA16B403EDF
:10431000BEB186BEB4EF99BDB4EF193DB4EF99BEFE
:104320008EE7E6BEAA2DADBEB4EF19BEB4EF19BE3E
:10433000000000008EE7663EB4EF99BDB4EF19BEF1
:10434000B4EF19BDB4EF993DB4EF99BDB4EF99BD89
:104350008EE7E63DB4EF19BD8EE766BEB4EF99BEB9
:1043600098A9D3BEB4EF193D28FDB1BFB4EF19BD74
:10437000B4EF19BEB4EF993EB4EF193D0000000050
:10438000B4EF193EA16B403EBEB186BE8EE7E63D5E
:10439000AA2DADBEB4EF19BEB4EF193DA16B40BF5D
:1043A000B4EF19BD8EE7E6BE8EE7E6BD8EE7E6BD4B
:1043B000B4EF99BDB4EF993DB4EF193DB4EF993D19
:1043C000B4EF19BEB4EF193DB4EF99BD8EE7E6BD69
:1043D000B4EF193DB4EF193DB4EF193DA16BC0BE68
:1043E0008EE766BE98A9D3BEB4EF19C0B4EF99BEEC
:1043F000B4EF99BD98A9D33EB4EF993DB4EF993D80
:10440000B4EF193EBEB1863EB4EF99BDB4EF993D0D
:10441000BEB186BEB4EF993DB4EF99BDB4EF993DFE
:10442000A16B40BFB4EF19BF000000000000000006
:104430008EE7E63DB4EF19BEBEB186BEB4EF993D3E
:104440008EE7E63D00000000B4EF19BD000000005B
:10445000B4EF19BDB4EF19BDB4EF993DA16B40BEE7
:104460008EE766BE8EE7E63DA16B40BF8425FABEAF
:10447000B4EF193DB4EF993E8EE7E63DB4EF193E37
:104480008EE7E6BDB4EF993EA16B40BEB4EF193E96
:10449000A16B40BEB4EF193EB4EF993DB4EF19BD26
:1044A000B4EF19BD8EE766BE000000008EE7E6BDE2
:1044B000B4EF99BDB4EF193DB4EF193DB4EF193D18
:1044C000B4EF193E00000000B4EF19BD8EE7E6BD61
:1044D000B4EF19BDA16B40BEB4EF193DB4EF19BEE6
:1044E000AA2DADBEB4EF19BD8EE7E63DB4EF99BD80
:1044F00000000000A16B403EB4EF193DB4EF193D40
:10450000B30287BE3D03A2BD0C844ABFC7033D3E34
:104510003D03A2BD510458BE5104D8BC5104583DBE
:10452000C703BD3EC7033D3E510458BEDB04733E86
:10453000000000005104583D510458BEB30287BE2C
:104540005104D8BCF88214BF3D03A23D3D03223E76
:10455000DB04733E8283AFBEB30287BE510458BDF5
:104560003D03A2BDC7033DBE5104D8BCB30287BE04
:104570009684E53E510458BD8283AFBE3D03A2BE82
:10458000B302073E3D0322BEB30207BF8283AF3EA4
:104590005104583DB30207BEC7033D3EC7033D3E2D
:1045A0003D03A23D9042003F0C84CABE9684E53E86
:1045B000B30207BEB30207BE8283AFBE5104583DAB
:1045C000F882943EC703BDBE904200BF3D03A23DAA
:1045D0005104D8BEC703BDBE5104D8BDDB0473BEB1
:1045E0003D0322BE3D03A23E00000000DB0473BE7B
:1045F0003D03A23E3D03A2BE3D03A2BD3D03A2BEBC
:104600005104D8BC3D03A23D0C84CABE3D03223FE9
:104610003D03A23DB30207BE510458BDC7033DBED2
:104620005104D83DB302073FC7033D3E5104D8BDF6
:104630005104D83C5104D83C3D03A23D5104D83D1F
:104640008283AF3E3D03A2BE00000000B302073EDE
:10465000DB04F3BE9684E5BE510458BEB30287BEA8
:10466000C7033DBE3D03A23E5104D83C510458BD92
:104670003D03A23D8283AFBEC7033D3E9684E5BEA7
:104680000C84CABE000000000C84CA3E510458BE0F
:104690003D03A2BDF882943EC7033DBFB30207BEEF
:1046A0000000000082832F3FC703BD3E3D03A23DB3
:1046B000DB0473BEDB0473BEC7033DBE5104D83DAB
:1046C000C703BD3E510458BD9042003FB302073EB0
:1046D0000C84CABE3D03A2BE5104583D510458BDCE
:1046E000DB0473BEB302073E3D03A2BEB30207BEA6
:1046F000B302073E5104D83CB302873EC703BDBE98
:10470000B30207BE3D03A2BD5104583E5104583DBB
:104710003D03A2BD3D03223E3D03A2BE00000000BA
:10472000DB04F3BE0C84CA3E5104D83DB30287BEFD
:10473000B30207BEA44336BF3D03223E3D03A2BDE4
:10474000F882943E5104583D5104D8BCC703BD3E85
:104750003D03A2BD3D0322BFC7033D3EC7033DBE8F
:104760005104D8BD3D0322BF1A431BBF3D03223E67
:104770003D03A23D3D03A23E0C84CA3EF88214BF15
:104780003D0322BE5104583DB9446CBF3D03A23ED7
:104790003D03A23D5104D8BD5104583DC7033DBE61
:1047A0005104D83DB30207BE3D0322BE5104583E1A
:1047B0003D03A2BDB30207BE5104D83C3D0322BE57
:1047C000B30207BE0C844ABF5104D83C5104D83E02
:1047D000B302073EDB04F3BE8283AFBEF88294BE11
:1047E000F88294BEC703BDBEDB04733E5104D8BC3F
:1047F000510458BD3D0322BEB30287BEC7033DBE70
:104800005104D8BC5104583D1A431BBF3D03223FFD
:104810005104583DDB04F3BEC703BD3E510458BDEF
:104820003D03A2BE5104D83D0C84CABEC7033D3E21
:104830003D03A2BDF88294BEF88294BE5104D83CD8
:10484000DB04F33E968465BF904200BF0000000089
:104850003D03223EC7033DBE5104583D510458BE9E
:10486000F88294BE5104583D8283AF3E3D03A2BE00
:104870005104583E3D0322BEB30207BEB30287BEB9
:104880003D03A2BD5104D83DDB04F33ED5C20D3F2C
:104890005104583D5104D83C000000005104583EDA
:1048A000510458BD3D0322BE3D03223E3D03A2BD3F
:1048B0005104D83CDB04733EC7033D3E5104D83D50
:1048C0005104D8BD09E397BFB30287BEF88294BEF6
:1048D0003D03A23D000000005104583D3D03A2BD30
:1048E0003D0322BE0C84CA3EB302073F904200BF84
:1048F0003D03223E3D0322BEF882943EF88294BEE0
:104900005104D83C5104583D8283AF3E3D0322BF41
:10491000510458BE5104D8BCB30207BF5104D83C5F
:104920009684E53EB30287BE5104583E3D03A2BDC6
:10493000DB04F3BE5104D83DB302073E5104D8BD99
:10494000C7033DBEDB04F3BEA443363FB30207BF3B
:104950005104583D3D03A2BEB302073E3D0322BEB3
:104960003D03A23D3D03A23EB302873E3D03A2BDEF
:1049700000000000C7033D3E8283AF3E0C84CABEE8
:104980009684E53E000000003D03A2BE510458BDE0
:10499000000000005104D8BD3D03A2BD5104583DA4
:1049A000000000005104D83C5104583DC7033DBEEF
:1049B00000000000510458BEB302073EF88294BEC6
:1049C0005104D8BD3D0322BFB30287BEC703BDBE9D
:1049D0005104D83DC7033DBE510458BE5104D83CD4
:1049E0005104583D82832FBF5104D83DDB0473BE70
:1049F000DB04733E0C84CA3ED5C20D3F510458BE41
:104A0000D5C20DBFC7033D3EB30207BE3D03A2BDE5
:104A1000510458BEC7033DBE5104D8BDD5C20DBF19
:104A2000C703BD3E510458BE3D03A2BDB30207BE3D
:104A3000C703BDBEB30207BEC703BDBEE9C343BFC4
:104A4000F882943EDB04F3BEDB04733EB302873E80
:104A5000C7033D3EB30207BEB30287BEC7033DBED8
:104A6000510458BE510458BE8283AFBE5104D83C95
:104A70003D03223E510458BD5104D83C3D03A23DA4
:104A8000B30287BE510458BD000000005104583DD8
:104A9000510458BD0C84CABE510458BDC703BDBEE5
:104AA000B30207BE5104D83C8283AFBEC7033DBEEC
:104AB000B30287BEA44336BFC7033DBE8283AFBEE9
:104AC0003D03A23E5104D8BEC7033DBE5104583D2C
:104AD0005104583E5104583DDB04733E510458BE06
:104AE0003D0322BE3D0322BE3D03A23D3D03A2BDC8
:104AF000B302073E5104583E3D0322BFB30207BE36
:104B00005104583EB30207BEC703BD3EC7033DBEB6
:104B10005104D83DB30207BE8283AFBE5104D83CD6
:104B20003D03A2BD3D03A2BD0C84CA3E3D03A2BD10
:104B3000DB04733E0C844ABFB30287BE5104D8BE67
:104B40009042003F510458BDDB04F3BE904200BFC9
:104B50005104D83CB302873E5104583D3D03A2BDE9
:104B60005104D83CB30207BE5104583EC7033DBEB2
:104B70003D0322BE5104D83D904280BFB30207BE20
:104B80005104583EB30207BE3D03A2BEDB04F3BE90
:104B9000510458BEC7033DBEF88294BE5104D83CB0
:104BA000C703BDBEC7033DBEC7033D3EF88214BF69
:104BB0005104583E5104583E5104583DB30207BEBB
:104BC0003D03A23D3D03A2BDB302073FB9446CBF04
:104BD000F88294BE000000005104D8BDF882943ED3
:104BE000F882943EB30287BEF88214BFC7033DBE6D
:104BF000510458BEDB04733E510458BE3D03A2BDB0
:104C00005104583E5104D83DC7033D3E510458BDA0
:104C10005104D83C3D0322BE3D0322BE00000000EB
:104C20008283AF3E5FC3283F510458BD3D03A23D80
:104C30003D03A2BD5104D8BDC7033D3EB302073EAC
:104C40005104D8BC5104D8BCB302073ED5C20DBF35
:104C5000B30287BE5104D8BDDB04F3BE3D03A23EC0
:104C60009684E53E1A431BBFC7033DBFD5C20DBFA7
:104C70003D03A2BDB302073F3D03A23D000000007B
:104C80005104583DC7033D3E9684E53E3D03A2BD19
:104C9000B30207BE8283AF3E5104D8BDB30207BF43
:104CA0003D0322BE510458BD3D03A23D3D0322BE3B
:104CB000C7033D3E5104D83D5104D83D5104D8BEF0
:104CC0003D03A23E82832FBF5104D83DC7033DBEA2
:104CD000F88294BEC7033DBEE9C343BFB302073E9B
:104CE000C7033DBEC7033DBE3D03A2BDC703BDBE56
:104CF000000000005104D8BC3D03223E3D03A2BD8C
:104D00005104D83C3D03223EB302873EDB0473BE10
:104D1000DB04733E5104D83D510458BD510458BEC4
:104D2000904200BFC703BDBE3D03A23D5104D8BDA4
:104D30003D03223EB302073EB302073E510458BD75
:104D4000DB0473BE1A431BBF3D03223E5104D8BC93
:104D50005104583DF88294BEF88294BE5104583DE7
:104D6000B30207BEF88214BF510458BD8283AFBEA0
:104D70005104583D3D03A23DB302873E5104D83C47
:104D8000510458BD5104583D9684E5BE5104D8BE27
:104D9000D5C20D3FB30207BEDB0473BEB30287BEAC
:104DA0008283AFBE5104D8BCC703BD3E3D03223E43
:104DB000DB04733E8283AFBE5104D8BCC703BDBEC3
:104DC0005104D83D5104D8BE3D0322BE5104583E83
:104DD0005104D8BC0C84CABE000000003D03A2BE32
:104DE0000C84CA3EC7033DBFDB0473BEDB04733EC5
:104DF000C7033DBE510458BEC703BDBE3D03A2BD9F
:104E0000F88294BE510458BD3D03A2BE510458BE61
:104E10005104D8BC3D0322BEC7033D3E5104D8BC5B
:104E2000A44336BF9684E5BE5104D8BD510458BD95
:104E30003D03A2BEF882143FB30207BE8283AF3E99
:104E4000000000003D0322BE5104D8BC5104D8BC70
:104E50003D03A2BD8283AFBE510458BE3D03A23EB6
:104E60005104D83D000000003D03A2BE5104D83DCE
:104E7000B30287BE510458BE000000003D03A2BE2D
:104E8000DB0473BE5104D83C5104D83EB302073E44
:104E90000C84CABEB30207BE5104D8BCC7033DBED2
:104EA0005104D8BCB302073E9684E5BE5104583D78
:104EB0000C84CABE00000000C7033D3EB302073F9A
:104EC0000C84CA3EB30287BE3D03A23D510458BEC6
:104ED000B30207BEF88294BEB30207BF3D03A23DF2
:104EE000DB04733EDB0473BEF88294BEB302873EDC
:104EF000C4628ABF3D03A23D510458BE00000000B9
:104F0000B302873E5104D8BC5104D83C5104583DEB
:104F1000C7033D3EB30207BEC7033D3E5FC328BF84
:104F20005104583EB30207BEB302073E0000000022
:104F30005104D8BC5104D8BD3D03A2BD3D0322BEDF
:104F4000C703BDBED5C20DBFB302073E3D0322BF9E
:104F5000904200BF3D03A2BD1A431BBF3D0322BECA
:104F6000B30207BE2E4451BFB30287BEB30287BF50
:104F70009042003F3D03A2BD5104D83C3D0322BEF8
:104F80005104D83C3D03A23D510458BFDB0473BE1D
:104F90005104D83E3D0322BE3D03A2BD1A431BBFB0
:104FA0003D03A23E5104D8BC5104583E510458BEA2
:104FB000C703BDBEC7033DBE5104D8BEB302073E02
:104FC0005104D8BDD5C20DBF3D03A23D9684E5BEB8
:104FD0005104D8BDC703BDBE9684E5BE510458BE7A
:104FE0005104D83C0C84CABEC7033DBF3D03A2BEDA
:104FF000B302073F5104D83C5104D8BD5104583D79
:10500000510458BD5104583DD5C20DBFC7033DBE24
:10501000F882943EB30287BE5104D83DF88214BF93
:105020009684E5BE8283AF3E3D03A23E5104D83C48
:105030005104D8BE5104D8BC5104D83DD5C20D3F4F
:10504000B30207BEC7033DBE5104D8BD5104D83DCD
:105050005104D8BCB30207BE3D03A2BE9684E5BE90
:10506000DB0473BE5104D8BD5104D8BF5104D83DF0
:105070000C84CABE510458BE3D03223E000000000D
:105080005104D8BD3D03A2BDC703BD3EB302073ED8
:105090003D03A2BEC7033DBE5104D83E5104583D56
:1050A0009684E5BE3D03A2BEB30207BE510458BDBF
:1050B000F88294BE1A431B3FDB0473BEA443363F01
:1050C0003D03223EB302073EDB0473BEDB04733EA6
:1050D000B302873E0C84CABE510458BE5104583EE8
:1050E000B30207BEDB0473BE904200BF5104583EBA
:1050F000DB04F3BE5104D8BD5104D83DC703BDBE87
:1051000000000000510458BD8283AF3E3D03A23D24
:10511000C703BDBE5104D8BD3D03223E8283AFBE4E
:10512000B302073ED5C20DBF5104D8BE3D03223E97
:10513000DB0473BE510458BD5104D83D9684E53E4E
:105140005104D83EC7033D3EDB0473BE5104D8BDB5
:105150005104D8BD1A431BBFC7033DBE5104583D7F
:105160008283AFBE510458BD3D03A23D5104D83CDB
:105170002E4451BFB30207BE5104D8BD510458BDDF
:10518000B1B90FBE2B3749BE9B4E993D9B4E99BB83
:105190006E782C3DE8F5E53C6E78ACBD42A2BF3C94
:1051A0006E782C3DE8F5E5BC9B4E99BCBC1F79BDE3
:1051B0009B4E19BDE8F5653C42A2BFBCFF60DCBD5B
:1051C000BC1F79BD9B4E99BC42A2BFBCE8F5E5BCB3
:1051D000B1B98FBDC82406BD6E782C3D9B4E993C5D
:1051E000C824063D6E782CBD9B4E193C2B37C93D1B
:1051F0009B4E193CC824063D15CC523DC82406BD23
:10520000E8F5E5BDE8F565BE6E78ACBDE8F5E5BC52
:105210009B4E19BDE8F5E53C9B4E993C2B37C93DAB
:1052200042A2BFBC9B4E99BBB1B98FBD9B4E993B6F
:10523000C82486BD6E782CBD42A2BFBCBC1F79BD00
:1052400015CC52BD9B4E19BCE8F565BC9B4E993CF4
:10525000E8F5E5BC42A23F3D42A23F3D9B4E99BBD3
:105260009B4E99BD9B4E19BCE8F5653D9B4E993D03
:105270009B4E993C2B37C93D9B4E19BD9B4E99BD0A
:10528000580DB6BD268494BEBC1F79BD9B4E99BBFC
:10529000E8F5E5BDC82406BD85E3A2BD9B4E193DDA
:1052A00042A23F3DBC1F79BD6E782CBDE8F5E53CC0
:1052B00085E3A2BD9B4E99BC6E782C3D6E782CBDCB
:1052C0009B4E99BB9B4E99BCC824863DE8F5E5BC36
:1052D000BC1F793D2B37C93D9B4E99BB6E78AC3DC9
:1052E00015CC52BD9B4E19BD000000009B4E993C51
:1052F0009B4E193DE8F565BCE8F5653D85E3A2BD2B
:1053000015CCD23D10191EBE6E782C3E9B4E99BB1B
:10531000FAAD27BEC82406BD9B4E99BB9B4E193CD7
:10532000B1B98F3D6E78ACBDFF60DCBD9B4E993C42
:1053300085E3A2BD15CC52BD15CC523D15CC523DD6
:105340009B4E193C580DB6BD9B4E99BB42A23FBD2A
:10535000E8F5653D9B4E193CC82406BDE8F5E5BC63
:1053600015CC52BD15CC523D9B4E993BE8F5E5BCA2
:105370009B4E99BBC824063D9B4E99BCC824063D54
:10538000C82406BDE8F565BD6E78AC3D6E78ACBD51
:10539000E8F5653C9B4E193C9B4E19BDC82406BDE3
:1053A00042A23FBD6E78ACBDE8F5653C0000000050
:1053B000BC1F79BD2B37C9BDC824063D9B4E993B08
:1053C000BC1F793D3CEF0ABE9B4E993B42A2BF3CBD
:1053D00042A23FBD85E3A2BDB1B98FBD42A23F3D10
:1053E00000000000C82406BE6E782CBD42A23FBD5E
:1053F000E8F565BD42A2BFBCB1B98F3DE8F565BD1A
:105400009B4E19BE10191EBEE8F5E53D580DB6BD00
:10541000E8F5E53C9B4E993DE8F5E5BD0000000050
:10542000E8F5653D6E782C3DBC1F79BD9B4E19BCDF
:1054300042A23F3D9B4E193D9B4E993B9B4E19BD51
:1054400042A2BFBD9B4E193C00000000C82406BD0F
:105450006E782CBD6E782C3D9B4E19BD9B4E99BC31
:105460006E782CBDBC1F793D42A2BF3CBC1F793D6C
:105470009B4E993C9B4E993CE8F5653C85E3A2BD6B
:10548000E8F565BC10191EBE9B4E993B9B4E99BB1F
:10549000B1B98FBDE8F5E5BC9B4E993B6E782C3DCC
:1054A00085E3A23DC824863D42A23FBD9B4E193CE8
:1054B0009B4E99BC9B4E993D9B4E193C42A2BF3CD2
:1054C0006E78ACBD9B4E99BB42A2BF3C9B4E99BB34
:1054D000C82486BDE8F565BDE8F565BCE8F5E53CA2
:1054E000E8F565BDB1B98FBD42A2BF3DBC1F793D96
:1054F0006E782C3D9B4E99BBC824063D9B4E193CB3
:10550000E8F5E5BC028A88BEE8F5653D9B4E99BC8E
:105510002B37C9BD15CC52BD42A23FBD9B4E99BC95
:1055200015CC523D15CCD2BDD28AEFBD9B4E99BD54
:10553000E8F5E5BC00000000C82406BDE8F5653CC0
:10554000E8F5653C42A2BF3C6E782C3D9B4E99BB72
:10555000E8F5E5BCBC1F793D000000009B4E993D7D
:10556000FF60DCBD42A2BFBC9B4E19BCE8F5653DA7
:10557000E8F5653D9B4E193DC824063DBC1F79BD2D
:105580009B4E99BC9B4E99BE9B4E193EE8F5653DDE
:10559000580D36BE9B4E99BB9B4E99BD9B4E193CF8
:1055A000C824063D15CCD2BD15CCD2BD9B4E99BCAE
:1055B000FF60DCBD15CCD23DC82406BD9B4E993D95
:1055C000580DB6BD42A23F3DC824063D42A23F3D14
:1055D000C824863D42A2BF3C580DB6BDC82406BDB6
:1055E0009B4E19BDC824063D9B4E99BB9B4E193C52
:1055F00042A2BF3CE8F5653C15CC52BD9B4E993BA1
:10560000C82486BDFF605CBEE8F5E5BC9B4E19BDB5
:10561000E8F565BC9B4E193D42A2BFBC9B4E19BD2F
:1056200042A2BFBC9B4E19BD9B4E993B9B4E993DE0
:1056300015CCD2BD9B4E193C9B4E993B9B4E99BDC0
:1056400042A2BF3CB1B98FBD9B4E19BC42A2BF3C28
:1056500042A2BFBCE8F5653D42A23FBD42A2BF3CAD
:105660009B4E193DE8F565BD9B4E99BBE8F5E5BC41
:1056700085E3A2BD9B4E99BBC82486BDC82406BD48
:105680009B4E99BC9B4E993B15CC523D9B4E19BCF1
:1056900042A2BFBDE8F565BD6E782CBD3CEF0ABEE9
:1056A000E8F5653C9B4E19BDE8F5E5BD42A2BFBDDE
:1056B000580D36BE42A2BF3C9B4E99BD42A23FBD93
:1056C0009B4E19BC9B4E193C85E3A2BD42A2BFBDB7
:1056D0006E782CBD9B4E99BBBC1F793DE8F5653CAF
:1056E00042A2BFBC6E782C3D15CCD2BD580DB6BDC4
:1056F0009B4E193DC82486BDC82406BE85E3A2BDC5
:10570000BC1F79BD9B4E19BCC824863D9B4E19BD5C
:1057100015CCD2BD42A23FBD9B4E99BDBC1FF9BD69
:105720000000000015CCD2BDD28AEFBDC82486BDD2
:1057300085E3A2BD9B4E19BD9B4E99BC6E782C3D56
:1057400015CC52BDB1B98F3DBC1F79BD9B4E99BDE3
:10575000E8F565BCFF60DCBD42A2BF3CB1B98F3D3E
:10576000C82406BD9B4E99BB9B4E99BC6E78ACBDC0
:10577000D28AEFBD15CC523D10191EBEC824063D7D
:1057800085E3A2BDBC1FF9BD42A2BFBC9B4E993CA4
:10579000B76C44BE42A23FBD15CC52BD42A2BFBDB4
:1057A000C824063D42A2BFBC85E322BE9B4E99BDE4
:1057B00085E3A2BD9B4E99BB9B4E99BB580DB63D50
:1057C00042A23FBD9B4E993B85E3A23D9B4E19BC37
:1057D000C824863D9B4E193C42A23FBD9B4E99BCBE
:1057E0006E782CBDC824063EB1B90FBE2B3749BE1A
:1057F000B1B90FBE9B4E993C15CCD2BD15CC52BD54
:1058000085E3A2BD580DB6BD9B4E193D2B37C93D52
:10581000580D36BE9B4E993C000000009B4E99BB34
:10582000BC1F79BD9B4E993BE8F565BE9B4E99BB6D
:1058300085E322BE15CC52BD9B4E19BCBC1F79BD61
:10584000BC1F793D9B4E19BD9B4E99BB580DB6BDF3
:105850009B4E99BB9B4E19BCC824063D9B4E993B61
:10586000C824863DC82486BD2B37C93DC82486BDC3
:10587000B1B90FBE9B4E99BCC824863D9B4E19BD45
:1058800000000000268414BE6E782C3D15CCD2BDDD
:10589000D28AEFBD9B4E993D000000006E78ACBDF2
:1058A00042A2BF3C42A2BFBC580D36BE9B4E99BB24
:1058B000580DB6BD85E3A2BD9B4E19BCE8F565BD8C
:1058C000E8F5E5BD6E78ACBD42A2BF3D580DB63DD2
:1058D0009B4E193CC824863D9B4E193D9B4E19BCDE
:1058E000E8F565BD85E3A2BDE8F5653C42A2BF3C95
:1058F0009B4E193C42A2BFBCBC1FF9BD42A23F3D1A
:10590000E8F565BCB1B98FBD580DB63D9B4E19BDCC
:1059100015CCD2BD9B4E19BD9B4E193C9B4E99BBDD
:105920006E782C3DE8F5E5BCE8F5E53C42A23FBDCC
:105930009B4E193D580DB6BD6E782C3DC824063DD2
:1059400015CC523D15CC52BD42A23F3D580DB6BDBF
:105950009B4E19BC000000009B4E99BC6E782C3DFC
:10596000580DB63D42A23FBD0000000042A2BFBCA0
:1059700042A2BF3CBC1F79BDE8F565BCFF60DCBD41
:10598000B1B98FBD268414BE9B4E193D2B37C9BDBE
:10599000580DB6BDE8F5653D000000009B4E99BC72
:1059A0009B4E99BC42A2BFBDD28AEFBD42A23F3DF1
:1059B00085E3A23DE8F5E53CC82486BD6E782C3D24
:1059C000C82406BD000000009B4E993B6E782CBD9C
:1059D0009B4E99BB9B4E19BC15CC52BD9B4E993D1D
:1059E00042A23F3D42A2BFBC15CCD2BDD28AEFBD80
:1059F000C824863D9B4E993C00000000C824063D0B
:105A0000E8F565BCD28AEFBD9B4E193CD28AEFBD4A
:105A1000535A01BEE8F5653CC82486BD9B4E99BD2E
:105A200000000000C824063D9B4E993B42A2BFBC2B
:105A30009B4E193CC824063D9B4E993C9B4E193DFC
:105A4000E8F5653CC82406BD6E782C3D9B4E19BC1C
:105A5000E8F5E5BCE8F565BC42A2BFBD42A2BF3C8B
:105A6000FF60DCBDC824063D42A2BF3C0000000030
:105A7000E8F565BD9B4E99BD15CC523D9B4E99BB3B
:105A80006E78ACBDD28AEFBDC82406BD9B4E19BD51
:105A900085E3A2BDB1B98FBD6E782CBDE8F5653C3C
:105AA000E8F5653C15CC523DE8F5E5BCC82406BDDB
:105AB00015CC523D6E782CBD580DB63DE8F565BC51
:105AC000E8F5E5BD6E782CBD9B4E19BD15CC52BDD9
:105AD0009B4E993CE8F5653C15CC52BD9B4E193D5B
:105AE00000000000C82486BD42A2BF3C9B4E993DE9
:105AF0009B4E19BCB1B98FBDC824063D9B4E99BCC5
:105B0000BC1F79BDE8F5E5BDE8F565BC9B4E19BC49
:105B100042A23FBD42A2BF3C9B4E19BD6E78ACBDB8
:105B2000C824063DE8F5E53CC82406BE9B4E993CDA
:105B300015CC523D9B4E19BD15CC523D00000000C6
:105B40009B4E19BC9B4E993B42A23F3D15CC52BD8A
:105B50006E782CBD42A2BF3CE8F5E53C15CC523D29
:105B60009B4E19BD9B4E193C42A23FBDC82406BDA9
:105B7000C82486BDBC1F79BD9B4E993C9B4E993B6A
:105B8000E8F565BC580DB6BD00000000000000003F
:105B90009B4E993BE8F565BC42A2BFBC15CCD23DFB
:105BA0009B4E193D0000000015CC52BDB1B98FBD10
:105BB0009B4E993BC82406BDC824063D9B4E193D0B
:105BC000580DB6BD42A2BF3C9B4E193CB1B98FBD2A
:105BD0009B4E193C6E78ACBD9B4E193D9B4E99BBBC
:105BE000E8F5653CC82486BD6E782CBDBC1F79BD28
:105BF000E8F565BCE8F565BC6E782C3D9B4E99BB1D
:105C0000C82486BD15CC52BD00000000E8F5E5BCF7
:105C1000BC1FF9BD15CC523D9B4E19BC9B4E993C07
:105C2000E8F5653C85E3A2BDBC1F79BD15CC523DAE
:105C30009B4E193CE8F565BDE8F565BD42A2BF3C49
:105C4000C824063D9B4E99BC6E78ACBDE8F5E5BC1A
:105C5000E8F565BD580DB6BD9B4E993B9B4E993DF1
:105C600042A23FBD2B37C9BD580DB6BDC82486BD65
:105C7000E8F5653D9B4E993C15CC523D15CC52BD87
:105C80006E78ACBD42A2BFBD9B4E19BC85E3A2BDE0
:105C9000D28AEFBDBC1F79BD6E78ACBDE8F5653C1E
:105CA000BC1F793D42A23FBD580DB6BD42A23FBDCB
:105CB0006E782CBD9B4E993C9B4E99BC9B4E993C5B
:105CC0009B4E193C9B4E193CE8F5E5BD6E78ACBD8A
:105CD000E8F565BD9B4E19BD42A2BFBDB1B98FBDF0
:105CE00042A23FBDC824863D9B4E19BD9B4E99BB29
:105CF000E8F5E53C2B37C9BD15CC52BDE8F5E5BD4F
:105D00009B4E99BD6E78ACBD42A2BFBC2B37C9BDBE
:105D1000D28AEFBD42A2BFBCE8F565BC6E782CBD4F
:105D2000FF60DC3DE8F565BC42A2BFBC9B4E99BB61
:105D3000E8F5653D9B4E99BC9B4E193C42A23FBD88
:105D40006E782CBE42A2BF3CB1B98FBD9B4E19BC30
:105D50006E782CBD9B4E19BC580DB6BDE8F5653C60
:105D60009B4E993B6E782CBD15CCD23D42A23FBDD7
:105D70009B4E99BDC82406BEE8F5E5BC9B4E99BC78
:105D800015CC52BD85E3A2BD000000009B4E99BC1E
:105D9000FF60DCBD9B4E99BCB1B98FBDBC1F79BD06
:105DA00015CC52BD15CC52BDC82406BD9B4E99BB27
:105DB0009B4E19BCE8F5653C9B4E99BB42A2BF3C8B
:105DC0009B4E19BC42A2BFBC42A2BFBCE8F565BD58
:105DD0009B4E993BC824863DE8F5653C42A23F3D79
:105DE0009B4E193CC824063D6E78AC3D9B4E99BC39
:105DF0009B4E99BD9B4E99BDB1B98FBD580DB6BD97
:105E00006532EABD5E59F5BC2B4080BD0603B8BDC6
:105E10008A6F323C65326ABD0EDCACBD99211CBD77
:105E20008A6FB2BC6C0B5F3C8A6FB23B1C8E96BD16
:105E30006C0B5F3C000000008A6F323B00000000EA
:105E40008A6F32BB65326ABD74E4D3BD6C0B5FBD33
:105E50005E59F5BCA8D305BD8A6FB2BD8A6F32BC4E
:105E60008A6F323D8A6F32BB8A6F32BB8A6F32BB18
:105E700024678BBD6C0B5FBD7BBD48BD000000007F
:105E8000E99EE4BD65326ABD6C0B5FBD6C0B5FBC07
:105E90008A6F32BC9148273D7BBDC8BD8A6F323CBA
:105EA0002B4080BD99219CBC2B4080BD74E453BD28
:105EB00024678BBD8A6F323BA8D3853C8A6F323C06
:105EC0006C0B5F3D8A6F32BDA8D385BD5E59F5BCB2
:105ED0009148A7BD5E5975BD8A6FB2BCA0FA103D4E
:105EE0008A6FB2BC8A6F323C0603B8BD8A6F32BC7F
:105EF000A0FA103D8A6F32BB8A6F32BDA8D305BCB1
:105F00005E59753DA8D385BD5E5975BD0603B8BD04
:105F10008A6FB2BBA8D305BDA8D3053C8A6FB2BCBB
:105F20002B4080BD99211CBD83963DBDA8D385BC67
:105F30008396BDBD7BBDC83C914827BD8A6F32BBEF
:105F40006C0BDFBC6C0BDFBC8396BDBDFF29C3BDF2
:105F50002B4080BD8A6F323C8A6FB2BDA0FA90BDE3
:105F60006C0BDFBD8A6F323B83963DBD74E4D3BDBD
:105F7000A8D305BC99219CBCA8D3853C74E4D3BDAF
:105F80007BBDC83CA8D305BCA8D3053D8A6F32BDF4
:105F9000914827BD6C0BDF3C0EDCACBDA0FA103D78
:105FA0007BBDC83C6C0B5FBDA0FA10BD5E59F5BC53
:105FB0008A6F323B914827BD7BBDC83C24678BBDAF
:105FC00074E453BD8A6FB2BDA8D3053DA8D3053D87
:105FD000A8D385BD7BBD48BD83963DBD8A6F32BBCE
:105FE0008A6FB2BB8A6FB2BB8A6F323C9148273D41
:105FF000A8D385BC5E59F5BC6C0B5FBDA8D3853CAE
:106000008A6FB2BC6C0B5FBC5E59F53C8A6FB2BD47
:106010005E59F53C7BBD483DF850CEBD74E453BDA0
:1060200099211CBD7BBDC8BC6C0B5F3C8A6F32BB29
:106030008A6F323B8A6F32BD8A6FB2BCA8D305BC6F
:10604000A8D305BC6C0BDFBCA8D3853C99211C3DB3
:10605000A0FA90BD914827BDA8D305BD5E59F5BCF7
:106060008396BDBD7BBDC83C83963DBD6C0BDF3CBC
:106070008A6F32BB9148273D9148273D1C8E96BDC3
:10608000A0FA90BD8A6FB2BD0EDCACBD2B4080BDC6
:10609000A8D3853C7BBD483D5E59F5BD8A6F323B38
:1060A0009148273D6C0B5FBDA0FA90BD8A6F323DD1
:1060B0009148A7BD99211C3D8A6F32BC00000000A9
:1060C0001C8E96BD6C0BDFBC65326ABD99219CBCF1
:1060D0005E5975BD2B4080BD9148A7BD2B40803DCA
:1060E00099219C3C8A6F323C65326A3D8A6F323B13
:1060F000A8D3053CA0FA10BDA8D3053CA8D305BD84
:106100008A6F32BD24678BBD8A6FB23B9148A7BDB1
:10611000A8D305BCA8D3853C24678BBD7BBD483D77
:106120005E59F5BC0000000083963DBD65326ABD36
:106130007BBDC8BD99219CBC6C0BDFBC6C0B5FBCEC
:106140006C0BDFBC99219CBC74E4D3BD5E59F53C5B
:1061500015B5A1BD65326A3D5E59F53CA8D3053D34
:10616000A8D3053DA8D305BD9148A7BDA0FA90BD11
:10617000A8D305BC8A6FB2BC24678BBD6C0B5FBD16
:106180000000000015B5A1BD6C0B5F3D99219CBDC1
:106190005E59F5BD57EB1EBEA8D305BC5E59F53C54
:1061A0005E5975BD83963DBD5E59F5BC6C0B5FBDF8
:1061B0005E5975BD65326ABD5E5975BD74E453BDE7
:1061C0008A6F32BD99219CBC8A6FB2BBA0FA10BD08
:1061D0005E5975BD99211CBD99211CBD24678BBDDD
:1061E0006C0BDFBC6C0B5FBD0603B8BD0603B8BD0E
:1061F000A8D3853C8A6FB23B8A6F32BB8396BDBD04
:10620000A8D3053D6C0B5FBC74E453BD5E5975BDEE
:1062100083963DBD7BBD48BD6C0B5FBD6C0B5F3D88
:10622000A8D385BC6C0B5F3C5E5975BD7BBDC8BCFB
:10623000000000007BBD48BD6C0BDFBC8A6F32BC28
:106240008A6F32BB6C0B5FBD6C0BDFBC6C0BDFBCB1
:1062500099211CBDA8D385BC8A6FB2BC99211C3D75
:106260001C8E96BD6C0BDF3C7BBDC83C65326ABDA5
:10627000A8D385BDA0FA103D6C0BDF3C5E59F5BC80
:10628000A8D385BDA0FA10BD6C0BDF3C15B5A1BD30
:1062900074E4533D99219CBC0EDCACBD6C0BDFBC9F
:1062A0008A6F323B65326ABD1C8E96BDA8D3053C11
:1062B000A8D3053DA8D305BD83963DBD8A6F32BBEB
:1062C000914827BD83963DBD6C0B5F3C99211CBD59
:1062D000FF29C3BD914827BD8A6F32BC74E4533D8A
:1062E0006C0B5FBD7BBDC83C24678BBD8A6F323DA4
:1062F00099211C3D914827BD8A6F32BC8A6FB2BC80
:10630000A8D3053D7BBDC8BC6C0B5FBC8396BDBDEF
:106310006C0B5FBDA0FA10BD74E453BDA8D305BEDD
:106320006C0B5FBD8A6F32BCA8D385BC15B5A1BD0F
:106330008A6F32BD8A6FB2BC99219CBDA8D385BC3F
:1063400015B5A1BD6C0B5FBD5E5975BD7BBD483DEC
:10635000A8D305BD914827BD000000008A6FB23C5C
:10636000A8D385BCA8D3053C6C0BDFBC7BBDC83C67
:106370007BBD483D99211C3DA8D385BD8A6F32BDA8
:106380005E59F53C7BBD48BD6C0B5FBC83963DBD43
:106390005E5975BD6C0BDF3C7BBDC8BC9148273D89
:1063A00065326ABD99219C3C74E4D3BD5E59F5BC4D
:1063B0005E59F5BD83963DBDA8D385BC8A6FB2BB3F
:1063C0008A6F323B000000007BBDC8BC8A6F32BCC4
:1063D0008A6F323C000000006C0B5FBD6C0BDFBCB1
:1063E00065326A3D8A6F32BCA0FA10BD99211CBD8E
:1063F00074E453BD8A6F32BC74E453BDA8D3853DA9
:1064000074E453BD8A6FB2BC5E59F53CA8D305BC99
:10641000A8D385BD99219CBD8396BDBDA0FA103D32
:10642000A8D3053C8A6F32BC8A6F323B6C0B5FBCD1
:10643000DB5719BE00000000A8D305BD8A6F32BC2F
:10644000A8D3053C8A6F32BD6C0B5FBCA8D385BD59
:1064500083963DBD99211CBDFF29C3BD8A6FB2BD86
:10646000914827BD0603B8BD8A6F32BD8A6FB2BCA2
:1064700015B5A1BD6C0B5F3C5E59F53C6C0B5F3CE8
:1064800099219CBC83963DBD8A6F323B9148A7BD44
:1064900099219CBC83963D3D99219C3C8A6FB23CDE
:1064A0007BBDC83C8A6FB2BC914827BDA8D305BC50
:1064B000914827BD8A6FB23C24678BBD6C0B5FBCD3
:1064C000A8D305BC83963DBDA8D385BC2B4080BD19
:1064D000FF29C3BDA8D3053C914827BD83963DBD88
:1064E00065326ABD8A6F32BB5E59F5BC5E59F5BC38
:1064F0002B4080BD65326ABD000000008A6F32BC4F
:106500008A6F323BA8D305BC8A6FB2BC99219CBD6F
:10651000A8D385BD6C0B5F3C5E59F5BC7BBDC83C08
:10652000A8D3053C99219CBD6C0BDFBC7BBD48BD4D
:106530005E5975BD6C0BDFBC8A6F323C99219CBDE6
:10654000A8D3053C8A6F32BBA8D385BD74E4533D04
:106550005E59F5BC0EDCACBD24678BBD8A6FB2BC46
:106560009148A7BD99219CBD6C0BDF3C8A6F323DE1
:10657000A8D3853C65326ABD2B4080BD8A6FB2BC12
:106580006C0BDFBC65326ABDA8D305BDA0FA90BD17
:106590008A6FB2BC6C0B5FBC57EB1EBE669D08BE1B
:1065A0006C0B5FBC99211C3DE99EE4BD7BBD48BDE1
:1065B0007BBD48BD8A6F32BB99219C3C99219C3C94
:1065C0006C0BDFBC914827BD8A6F323C6C0B5FBD02
:1065D0000EDCACBD83963DBDA8D305BD74E4533D30
:1065E0002B4080BDE1C5EFBD24678B3D8A6F32BD76
:1065F0009148273D2B4080BD6C0B5F3C8A6FB23CBD
:106600005E59F53C99211C3D15B5A1BDA8D385BDAA
:10661000F850CEBD7BBD48BDA8D385BC5E59753D45
:106620005E59F5BC99219CBC6532EABD6C0BDF3C20
:1066300000000000F850CEBD8A6FB2BD8A6FB23B39
:10664000A8D3053C7BBD48BD15B5A1BD9148273DEC
:106650008A6FB2BBF077D93D99219CBD5E59F5BCDC
:10666000A0FA10BD914827BD8396BDBD5E59F5BC0B
:106670008A6FB23C6C0B5FBDA0FA10BD8A6F32BB53
:106680008A6F323DA8D305BD5E59F5BC6C0BDFBDEA
:10669000F850CEBD15B5A1BDE99EE4BD15B5A13D2F
:1066A00083963D3D0000000015B5A1BDA8D305BCF3
:1066B0009148A7BDA0FA90BD6C0BDFBCA8D305BC68
:1066C00099219C3C7BBD48BD6C0B5FBC0EDCACBD16
:1066D0009148A7BD7BBDC83C99211CBD7BBD48BD71
:1066E0002B4000BEA8D3053D6C0B5FBC8A6FB23B4C
:1066F00099219C3CA0FA90BD99219CBC5E5975BD26
:10670000A0FA10BD15B5A1BD8A6F323D15B5A1BD6A
:10671000914827BD8A6F32BB8A6FB23B65326ABD32
:106720006C0B5FBD6C0BDFBC99219CBD7BBDC83C75
:106730008A6F323C8A6FB2BCA8D385BD24678BBDFB
:106740000EDCACBD8A6F32BDA0FA103D8A6F32BD3F
:106750007BBDC8BC24678B3D8A6F32BD74E453BDDA
:106760006C0BDFBC8A6FB2BB6C0BDFBC65326ABDE1
:10677000A0FA90BD83963D3D99211CBD8396BDBD79
:106780007BBDC83C8A6F32BD74E4533D8A6FB2BD95
:106790006C0B5FBC6C0B5FBC5E59F5BD1C8E96BD6F
:1067A0006C0BDFBC99219C3CA8D3053C83963DBD76
:1067B00074E4533D6C0BDFBCA8D305BD8A6FB23CBB
:1067C0007BBDC83C7BBDC8BD8A6F32BB99211C3DD7
:1067D0008A6F32BC5E59F5BC8A6FB2BC8A6FB2BB9D
:1067E0000603B8BD7BBD483D000000008A6FB2BB08
:1067F00083963DBD99219C3C7BBD48BD83963DBDA4
:106800006C0BDF3C8A6F323D24678BBDF077D9BDBE
:10681000E90903BE000000005E59F5BD8A6FB23D74
:1068200099211C3D8A6F32BCA8D305BEA8D385BC74
:106830005E59F53C8A6FB23C6C0B5FBC6C0B5F3CE5
:10684000A8D305BD99211CBD6C0B5FBDA8D3053D28
:106850006C0B5FBD8A6F32BE8A6FB2BB6C0B5FBCC4
:10686000A0FA10BD24678BBDA0FA103DA8D385BD4A
:1068700099211C3D6C0B5FBD7BBD483D0603B83DB7
:10688000914827BD9148273DF077D9BD9148A7BDD4
:106890006C0B5FBC2B4080BD7BBDC8BD0000000001
:1068A0007BBD48BD6C0B5FBC6C0B5FBD7BBD48BD49
:1068B0007BBD48BD000000005E59F5BC8A6FB2BBCD
:1068C0000603B8BD2B4080BD9148A7BDA8D3053CA9
:1068D00024678BBD6C0BDF3C83963DBDA0FA903DD9
:1068E0002B40803D6C0B5FBCA8D305BD9148273D74
:1068F000A0FA103D7BBDC83C7BBDC8BC5E59F53CD1
:10690000A8D3853D65326ABD8A6FB23C2B4080BDFD
:106910006C0BDFBD2B4000BE99219CBC99219CBC17
:106920005E59F53C24678BBD15B5A1BD8A6FB2BC1D
:1069300099211CBD8A6FB23B2B4080BD99219C3CA4
:106940000603B8BDA0FA10BDA0FA10BDA8D3053C3F
:1069500099219C3C74E4533D8A6FB2BC9148A7BD19
:106960007BBDC8BC6C0B5FBD7BBDC8BC7BBD48BDDF
:10697000A8D3053D914827BD6C0B5FBD9148273DCD
:1069800024678BBDA8D385BD6C0B5FBD74E453BD7C
:1069900024678BBD000000000000000015B5A1BDFC
:1069A00083963D3D6C0B5F3D8A6F32BC8A6FB2BCF3
:1069B0008A6FB23C6C0BDF3C65326ABDA8D385BDE3
:1069C0000603B8BD99219CBCA0FA103D2B4080BDA8
:1069D0009148273D6C0B5FBCA8D3053D8A6FB23C44
:1069E0008A6FB23B8A6FB2BB8A6FB23C6C0BDF3CE2
:1069F000A8D305BC8A6F32BD7BBDC83C6C0B5F3C25
:106A00008A6F323B7BBDC8BD8A6FB2BC65326ABD3E
:106A10006C0BDFBC6C0B5F3D0EDCACBD5E5975BD15
:106A20006C0BDFBC8A6F32BCA0FA103D8A6F32BBA0
:106A30006C0B5F3D99211CBDA0FA90BD8A6FB2BC62
:106A400015B5A1BD914827BD8A6FB2BBA8D3853CBF
:106A50005E5975BD24678BBD6C0BDFBCA8D305BC2C
:106A6000A8D385BD65326ABDA8D3853C5E5975BD86
:106A70008A6F32BC7BBDC8BC914827BD8A6F32BBD0
:106A8000A9857A3ED02D0B3EC603A73EC603A7BDFF
:106A9000D02D8BBEB3AF5E3DB3AF5E3DC603A7BD89
:106AA000D02D8BBEB3AFDE3DC603273FB8C4D0BEEA
:106AB000C60327BEBDD942BEC603A7BEC603A7BD37
:106AC000BDD9423EA9857A3EC603A73EB3AF5E3D1F
:106AD000A9857A3ED02D0BBECB18993EBDD9423E3A
:106AE00000000000D02D0BBE4D2312BFC603A7BD72
:106AF000CB1899BEC1EEB43EB3AFDE3CB3AF5E3D42
:106B0000BDD9423ED02D0B3EB3AF5EBEB3AFDEBCAF
:106B1000C603A7BEB3AFDE3CB3AF5E3DB3AFDE3D51
:106B2000C60327BEB3AF5EBD31A5653FB8C4D0BEB6
:106B3000B3AFDEBDB3AFDEBCB3AFDE3DB3AF5EBD62
:106B4000B8C4D0BEBDD9423EA985FA3EC603A73D12
:106B5000A9857A3EA9857ABEC603273EB3AFDE3C3F
:106B6000B3AFDEBCAE9AEC3EA9857ABECB1899BE17
:106B7000B3AFDE3CA9857A3EBDD942BE523804BFD0
:106B8000B3AF5E3DB3AFDEBCB3AF5EBE000000008E
:106B9000C1EEB4BEB3AF5E3EB3AFDE3CB3AF5E3E5C
:106BA000C603A7BDB3AFDE3E3FE43B3FCB1819BFE2
:106BB000B3AFDEBC00000000BDD9C23EB3AFDE3CC7
:106BC000D02D0BBFA9857A3EC603A7BDB3AFDEBCEF
:106BD000B3AF5E3DD02D0BBEBDD9423ED02D0BBE16
:106BE000000000005238043FBDD9C23ED02D8BBEFC
:106BF000B3AFDEBDA9857A3EB3AFDEBEB3AFDE3C38
:106C000000000000C60327BEC1EEB43EB3AFDEBC39
:106C1000A985FABEC1EEB43E00000000B3AF5E3DF0
:106C2000C1EE343FB3AFDE3DC1EEB43ED02D8BBEDE
:106C3000C603A7BDC60327BEB3AF5EBDC1EEB43E5B
:106C4000490E20BFD02D0B3EB3AFDEBFC603A73D1C
:106C5000B3AFDEBDB3AFDE3CD02D0B3EB3AF5EBEF7
:106C6000B3AFDEBC0000000044F92D3FA9857ABE19
:106C7000CB1819BFC603A7BEC60327BED02D0BBEB7
:106C8000B3AF5E3DC603A7BDB3AFDE3CB3AFDEBC62
:106C9000A985FABED02D8BBEB3AFDE3CC60327BE9E
:106CA000B3AF5EBDB3AFDEBDB3AF5E3EC603A7BE3E
:106CB000B3AF5EBDBDD942BE4D23123FD02D0B3EBA
:106CC000B8C4D0BEC603A73D4D2392BFAE9AEC3EDA
:106CD000A985FABEB3AFDE3CB3AFDEBCB3AFDEBD59
:106CE000C603A7BDBDD942BE00000000C60327BF32
:106CF000BDD942BF3FE43BBFC60327BEC603A7BD05
:106D0000C603A73ED02D0BBEBDD942BEB3AFDE3CFD
:106D1000C603A7BDD02D0BBE000000000000000080
:106D2000C60327BEB3AFDE3CD02D0B3EC603A7BDC6
:106D3000C603A7BDB3AFDE3CC603A73DC603A7BECF
:106D4000B3AFDEBDB3AFDE3CC603273E000000009C
:106D5000B3AF5EBDBDD942BE000000000000000020
:106D6000C603A7BDC603A73EC603273FB3AFDEBD1C
:106D7000C603A7BDB3AFDE3DBDD9C2BEB3AFDEBC57
:106D8000C1EEB43EB3AF5EBDB3AFDEBEB3AF5E3DEA
:106D9000D02D0BBFB3AF5EBDB3AF5EBDA9857ABECC
:106DA000A9857ABE00000000C1EEB43EC603A7BEAE
:106DB000BDD942BEB3AFDE3CCB1819BF3FE43BBFE9
:106DC000C60327BEC60327BEB3AFDE3DC603273EBC
:106DD000B3AF5E3D523804BFB3AFDE3CB3AFDEBCF1
:106DE000BDD9C2BEB8C4D03EB3AF5EBED02D8BBE3F
:106DF000B3AFDE3DB3AF5E3DC603A73DC603A7BD3F
:106E0000B3AF5E3EB3AFDE3CB3AFDEBDC603A7BDDE
:106E1000C1EEB4BEB3AF5EBEB3AF5EBEA9857A3E6F
:106E2000B3AFDEBEB3AFDE3DA9857A3EC1EEB4BEE0
:106E3000B3AF5E3DD02D8BBEC603A73DD02D0BBF9B
:106E4000523804BFC1EEB4BEC603A73EB3AF5E3E28
:106E5000B3AFDEBCC1EEB4BEC603A7BDB3AF5EBD6B
:106E6000C60327BEC603273ED02D0BBFB3AFDE3D02
:106E7000C603273EC603A7BDAE9AECBED02D8BBE7F
:106E8000BDD9423EC60327BEB3AFDE3CC603A7BD95
:106E9000BDD942BEC1EEB4BEB3AFDEBDA9857A3E58
:106EA000B3AFDE3EC60327BEB3AFDE3DBDD942BEA3
:106EB000B3AF5E3DB3AFDEBDD02D0B3EB3AFDE3D15
:106EC000B3AFDEBDD02D8BBE31A565BFD02D0B3F3E
:106ED000B8C4D0BEB3AF5EBDC603A7BDA9857ABE98
:106EE000D02D8BBEB3AF5EBEB3AF5E3DA9857ABE7B
:106EF000BDD942BF4D2312BFB3AFDE3CB3AF5EBEC0
:106F0000C603A73DC60327BED02D0BBEB3AFDEBC64
:106F1000B3AFDE3DAE9AECBED02D0BBEB3AFDE3CC0
:106F2000CB18993EA985FA3EBDD9423EB3AF5EBEAD
:106F30000000000000000000B3AF5E3EB3AF5E3E55
:106F4000B3AFDE3CC603A7BEB3AFDE3DB3AF5E3D1D
:106F5000C1EE34BFC603273EB3AFDEBDD02D0BBE9E
:106F6000D02D8BBEB3AF5EBD3FE43BBF4D2312BF00
:106F700044F9ADBFB3AF5EBFB3AFDEBED02D0BBE25
:106F8000C603A73DC603A7BDCB1899BEC603A73D40
:106F9000D02D0B3EB3AFDE3CB3AF5E3DB3AFDEBC36
:106FA000BDD942BEC1EEB4BEB8C4D0BEB3AF5E3D23
:106FB000B3AF5EBEC603A73DD02D0B3ED02D0B3E1A
:106FC000BDD942BEC1EEB43EB3AF5E3DB3AF5EBD10
:106FD000C603A73DB3AFDE3C00000000B3AFDE3C0C
:106FE000C603A7BDC603273EC1EEB4BEC603A7BDF8
:106FF000B3AFDEBCC603A73DB3AFDEBCCB18993E32
:10700000C603A73DB3AFDE3CB3AFDEBDD02D0B3E14
:10701000A985FA3EB3AF5E3DC603A73DC60327BEB2
:10702000B3AFDEBCB3AFDEBDC603A73DC60327BE0C
:10703000C603A7BDC603273E3FE43BBFB3AFDEBCDC
:10704000B3AFDEBEC603A73DB8C4D0BEB3AFDE3C0F
:10705000B3AFDE3D00000000B3AFDEBCB3AFDEBCBB
:10706000B3AF5E3D00000000BDD9423ED02D8BBEC7
:10707000BDD9423EB3AFDEBCB3AF5E3EB3AFDE3C84
:10708000C603273ECB18993ED02D0BBE0000000052
:1070900044F92D3FA985FABEC603A73DB3AFDEBCB8
:1070A000490E20BFC603273EB3AF5EBEC60327BF4F
:1070B000B3AFDE3DBDD9C2BEB3AF5EBDB3AFDEBDC3
:1070C000A985FABEB3AF5E3D4D2312BFB3AF5E3E9E
:1070D000B3AFDE3CB3AF5EBDB3AF5E3D00000000BA
:1070E000C60327BEB3AFDEBDCB18993EB3AF5EBEBD
:1070F000B3AF5EBEB3AFDEBDB3AF5E3D3ACF49BF07
:10710000B3AFDE3CCB18993EB3AFDEBCB3AF5E3D50
:10711000D02D0B3EC60327BEB3AFDE3CB3AF5E3D02
:10712000B3AF5E3EC603A73DD02D0BBF523804BFA0
:10713000B3AF5E3DB8C4D0BEB3AF5E3DC603A73E9D
:10714000CB1899BEB3AFDEBC490E20BF44F92D3F2A
:10715000C60327BE00000000B3AFDEBCA9857ABE1F
:10716000C603A73DB3AF5EBEA9857A3EC603A7BEE0
:10717000B8C450BFA9857ABED02D0BBEC1EE34BFB6
:10718000C60327BECB18993EC603A73DC603A73D3D
:10719000B3AFDEBDA9857ABE00000000D02D0B3E46
:1071A000B3AFDE3CC1EEB4BE523804BFD02D0BBE2F
:1071B000B3AFDE3CB3AF5EBDC603A7BDAE9AEC3E37
:1071C000B3AF5E3DD02D0B3EC603A73DC603A7BEA1
:1071D000D02D8BBEC603A73D00000000BDD9423EA6
:1071E000B3AFDE3CB3AFDE3DA985FABECB1899BE86
:1071F000523884BFD02D0BBEC603A7BEB3AF5E3DD1
:10720000C603A7BDB3AF5EBED02D8BBEB3AFDE3C11
:10721000C603A7BDCB1899BEB3AFDE3CC603A73DDE
:1072200000000000C603A7BDC60327BE0000000083
:10723000B3AF5E3DB3AFDE3CAE9AECBEB3AF5E3EE5
:10724000D02D0BBEBDD942BEC603273EB3AF5EBD37
:10725000B3AFDEBDC1EEB43EC603A7BDC603273E35
:10726000B3AFDE3CB3AFDEBCC603A7BDB3AFDE3DFC
:10727000A9857A3E00000000BDD942BFC603A73EE3
:1072800000000000D02D8BBEB3AF5EBE000000003A
:10729000C603A73EB3AF5EBD00000000C603A7BE95
:1072A000C603A73DC60327BEB3AFDE3DD02D0BBE40
:1072B000C60327BEC603A73D2C9073BFC603A73ED7
:1072C000C1EEB4BEA9857ABECB1899BEB3AF5EBE7F
:1072D000B3AFDEBDC1EE343FB3AF5EBDBDD9423EFC
:1072E000C1EEB4BEC603273EC603A73DC60327BEF4
:1072F0005238043FD02D0BBEC603A73DB3AF5EBDD1
:10730000D02D8B3ED02D0BBEB3AFDEBD00000000F4
:10731000BDD9C23EAE9A6CBFB3AF5EBDBDD942BE51
:10732000C603273EBDD942BEC60327BEBDD942BE55
:10733000C60327BEB3AF5EBEB3AF5E3DB3AFDE3EA6
:10734000B3AFDEBCC60327BEAE9AECBEB3AF5E3DA4
:1073500000000000C603A73ED02D0BBEC603A73D0C
:1073600000000000B3AFDE3DA9857ABEB3AF5EBDBD
:10737000C603A7BDAE9AECBED02D0B3ED02D8BBE62
:10738000B3AFDE3CD02D0B3ECB18993EB3AF5E3D84
:10739000B3AFDEBDD02D0BBEC603A7BDB3AFDEBD00
:1073A000B3AF5E3EC1EEB43EB8C4D0BEB3AF5EBDB7
:1073B00000000000C603A7BDB3AFDE3D5238043F56
:1073C000B3AF5E3DC60327BEA985FABEC603A73E7E
:1073D000BDD9423EB3AFDEBC00000000B3AFDEBC9F
:1073E000C603A73DB3AF5EBDBDD9C2BEC60327BEAF
:1073F000490EA0BFC60327BEB3AF5EBDB8C4D0BEA2
:10740000C603A7BDA9857A3EC603A73D00000000BC
:10741000BDD942BED02D8BBE00000000C603273E62
:10742000C603A7BDBDD9C23EB3AFDEBEB3AFDEBD9E
:10743000B3AFDEBCC603273ED02D8BBED02D0B3F95
:10744000A9857A3EB3AFDEBCB3AF5E3DCB1819BFA2
:10745000B3AFDE3DC603A7BEB3AF5E3DBDD9423E6E
:10746000BDD9423ED02D0BBE44F92DBFC603A73D6A
:10747000B3AF5EBFA9857A3E490E20BF0000000071
:10748000CB1899BEC603A7BEB3AF5E3EB3AFDE3D19
:10749000AE9AEC3EC60327BEB3AF5E3DB3AFDE3C53
:1074A000B3AF5E3D0000000000000000BDD9423EC9
:1074B000CB1899BED02D0B3EB3AF5E3DC1EEB43EAE
:1074C000BDD942BEC603A7BDD02D0BBED02D0BBE6D
:1074D000B3AF5EBDD02D0B3EC603A73DC603A73D8F
:1074E000BDD9423EBDD942BEBDD9C2BE00000000DA
:1074F000AE9AEC3EC1EEB43EC1EEB4BEBDD9C23EC2
:10750000C60327BEB3AF5EBDBDD9423ED02D0B3EF4
:10751000B3AF5E3EB3AF5EBDB3AF5E3EB8C4D0BEE8
:10752000C60327BEC603A7BDC603A73DB3AFDE3C57
:10753000A985FABEB3AFDEBCD02D0B3EA9857A3E3D
:10754000BDD942BEC603A7BDCB1899BEBDD942BEA8
:10755000A9857ABE44F92D3FC603273ED02D0B3EA8
:10756000C60327BEC603A73DCB1899BE0000000086
:10757000B3AFDE3DC603A73ED02D8BBEB3AF5E3D9D
:10758000C603A7BDB3AFDE3CD02D0BBEB3AF5E3E8E
:10759000CB1899BEC603A7BFB3AF5E3EB3AF5EBD07
:1075A000C603273EB3AF5E3DCB1899BE0000000076
:1075B000BDD942BED02D8BBEA985FA3EBDD9C23EF3
:1075C000B3AF5EBEB3AF5EBDA9857ABEB3AFDEBD5D
:1075D000B3AF5EBEC603A73EB3AFDEBCB3AFDE3D06
:1075E000B3AFDEBDB3AFDE3CBDD9423EC603273EDE
:1075F000B8C4D03EB3AFDE3CB3AF5EBD490E20BFD2
:10760000B3AFDE3CB3AFDE3CBDD9C23EB3AF5E3EEE
:10761000B8C4D0BEB3AF5EBEBDD9423ED02D0B3E86
:10762000C603273ED02D0BBECB1819BF00000000AB
:10763000D02D8B3EBDD942BEC603273EB3AFDE3E42
:10764000B3AFDEBCB3AFDEBDC1EEB4BEB3AF5EBDA3
:10765000BDD9423EB8C4D0BED02D0BBEC603A73E96
:10766000B3AFDEBCC603A7BDC603273EB3AFDE3C47
:10767000523884BFB3AFDEBCD02D8BBEAE9AECBE09
:10768000BDD9C23EB3AF5E3DA985FA3E0000000001
:10769000C60327BEB3AF5EBEB3AFDE3CD02D0B3EFC
:1076A000B3AF5E3EA985FA3EB3AF5E3DC603A73DCC
:1076B000B3AF5E3EC603A7BDB3AF5EBDC603A73D75
:1076C000C603273EC60327BE3FE43BBFD02D0BBFFA
:1076D000C603A73EB3AF5EBFB3AFDEBDB3AFDE3E02
:1076E000D02D0B3EB3AFDEBDBDD942BEA9857ABE5B
:1076F0008FA88EBFC603273EAE9A6CBFB3AF5EBDE8
:1077000042C9753D35410ABE42C9F53C35410ABE04
:10771000C99D993DC99D993D42C975BE35410A3EF5
:1077200035418A3E5DFA283E42C9753E5DFA28BE63
:10773000F256383DC99D19BEAE6C66BE42C975BCD5
:10774000EB92823E1A10573E42C9F53DF25638BEC2
:1077500042C9753E0000000042C9753CF256B83D72
:10776000C99D993D42C975BDC99D993D42C975BC28
:10777000F256383EC99D993E0000000086B3473E50
:10778000F25638BD5DFA28BEF256B8BD42C9F5BC06
:10779000F256383E1A10D7BD1A1057BE35418A3EF0
:1077A0001A10D73D42C9753CC99D193E86B347BEE4
:1077B00042C975BDC99D993D35410ABE35410A3E54
:1077C000F25638BDC99D193EF256B8BDD061CFBE44
:1077D000C99D993D5DFA283EC99D993D42C9753EB6
:1077E00035410ABE35410A3E35410A3EF256B83DA2
:1077F000F256383D42C9753D42C9F5BC35418ABE95
:10780000F256B8BD35410ABED061CFBE42C9F53C83
:107810001A10573E35410A3EF25638BD1A1057BE6F
:107820005DFA28BE1A10D7BDF25638BD35418ABE62
:10783000000000001A10D73D134CA1BE42C9753E8E
:10784000F256B83D1A10D73D1A1057BEC99D193EC1
:1078500086B347BEF256B83D42C9753DF256383D33
:10786000F256B8BD86B3473E00000000AE6C66BE5F
:1078700042C9F53CF256B83D35410ABEC99D99BD95
:1078800000000000F256B8BDC99D993EF25638BDC1
:10789000F256383EC99D99BDC99D19BEF25638BEF3
:1078A0001A10D73D35410A3E1A10D7BD42C975BEE0
:1078B000F25638BDF256383DF256383D7FEF913ED4
:1078C000F256B83E5DFA28BEA7A8B0BE86B3C73E42
:1078D000F25638BDF256383DC99D99BD7FEF91BE35
:1078E000F25638BD42C9753C0000000035410ABE61
:1078F000C99D993D1A10573E42C9753D42C9F53C94
:1079000042C9753DEB9282BE35418A3EF256B83D82
:1079100035410A3EF25638BE000000005DFA28BE2E
:1079200042C9F5BD1A10D7BD5DFA28BEEB9282BEE2
:1079300042C975BDEE741D3F42C9753D42C9F5BCD3
:10794000F256B8BD42C975BE8C77FDBEC99D193EC1
:1079500042C975BDF256B83D35410ABEF25638BE31
:1079600042C975BCC99D993DC99D193EF256383D25
:1079700042C9F5BD42C9753E1A10D73DF256B83D11
:1079800035410A3E42C9753CF25638BE7FEF91BE82
:1079900042C9F53C42C975BDF25638BE42C975BCF4
:1079A000F25638BD42C975BDEB92823E1A1057BEE1
:1079B00042C975BDA7A8B0BE42C9F5BC5DFAA8BE54
:1079C000C99D19BE5DFA28BE42C9F5BC42C9F5BDC4
:1079D000C99D993D42C9F5BCC99D19BE5DFA28BE35
:1079E0001A10D7BDEB9282BEC99D19BE5DFA283E22
:1079F00042C9F5BD35418ABE42C9F53D134CA13E91
:107A000042C9F5BEEB9282BE1A1057BEF256B8BEFE
:107A1000C99D193E5DFAA8BEAE6C66BEC99D993E71
:107A200042C9F53DF25638BDA7A8B03EF25638BE61
:107A300042C9753C5DFA28BE42C975BC86B347BED3
:107A4000C99D993D42C975BEF256B83D5DFAA8BEC2
:107A5000C99D193E42C9753C42C975BD42C975BD33
:107A600035418ABE42C9753CF25638BD42C9F5BDA2
:107A7000F25638BE1A10D7BE35410ABE5DFAA83E8E
:107A80001A1057BE5DFAA8BEEB9282BE86B3473E7F
:107A900042C9F53D42C975BD134CA13EC99D99BD72
:107AA00035410ABE42C975BD42C9F5BD172E3CBF5E
:107AB00042C9F53DAE6C663E86B347BED061CF3E4F
:107AC00035418ABE0000000042C9753D42C975BDFE
:107AD000000000005DFA28BE42C9F5BCA7A8B0BEF0
:107AE00086B3C7BE5DFAA83E42C9753CEE741DBFA1
:107AF00042C975BD64BEDEBEC99D99BD42C975BC93
:107B000042C9F53C42C9F53D1A10D7BD86B3473E80
:107B10005DFA283E42C9F5BCC99D993DC99D99BDF4
:107B200086B3473E1A10D73DA7A8B0BE35410ABE5E
:107B300042C975BCC99D99BDF256B83DD061CF3ED2
:107B4000C99D993D134C213F134CA1BE5DFA283EBF
:107B5000F256B83D1A10D7BDC99D99BD86B3C7BEB0
:107B6000134CA1BEF256B8BD5DFA28BEAB8A4BBF1E
:107B700042C9F53DEB9202BF1A10573EAE6C66BE8D
:107B800042C9F5BC7FEF913E1A10D7BD42C9F53C02
:107B90000000000042C9F53C000000001A10D73D6B
:107BA000F256B83D1A10573EC99D99BE1A10D7BD5E
:107BB000F256B8BDF256B8BD42C9753EC99D19BE50
:107BC000AE6CE6BE86B3473E86B3473E42C9753CBF
:107BD000AE6C663EF25638BD1A10D7BD42C9F5BD2F
:107BE00086B347BE1A1057BE42C975BC106A06BF9D
:107BF000AE6C663E1A10D7BE42C9753D1A10D7BD8D
:107C000000000000C99D193EC99D993D35410ABE3D
:107C1000C99D99BDAE6C66BE1A1057BEF256B8BD6E
:107C200086B347BE42C9753C42C9F53CEB9282BE61
:107C300035418ABE42C9F5BD42C9753DAE6C66BECE
:107C400000000000F256B8BD86B347BEF25638BDFC
:107C5000F25638BEF256383E42C9F5BD35410ABF2C
:107C600082D12CBF35418ABE86B347BE42C9F53D9D
:107C7000C99D993D42C975BD35410A3E134CA1BE0F
:107C80001A10D73DF256383EC99D993D5DFAA8BEFF
:107C9000EB9282BE35418ABEAE6CE6BEC99D19BE6E
:107CA0001A10573E42C975BDC99D193E64BEDEBE5D
:107CB0003FE75ABFA7A8B0BEF256383DC99D99BE4E
:107CC0001A1057BE86B347BE1A10D73D35410ABEBB
:107CD000F256383D0000000042C9753D172E3CBFEA
:107CE000F25638BFC99D99BE1A10D7BD64BEDEBE1C
:107CF00035410ABE42C975BD64BEDE3EF81AEEBE0D
:107D0000EB92823EC99D193EEB9202BFC99D993DFF
:107D1000134CA1BE3C05C0BE134CA13E86B347BE6A
:107D200042C9F53D86B3473E61DC43BF5DFAA8BE5C
:107D300042C975BFAE6C663EAE6C66BE42C9F5BC4C
:107D40001A10D7BD42C9F5BD1A10D73D42C975BE3C
:107D50005DFA283E42C9753D35418A3E899562BF2C
:107D6000134CA1BEC99D993D7FEF913E134C21BF9D
:107D700042C9F53C1A10D7BD42C9F5BC5DFAA8BE90
:107D800035410A3EF256383E7FEF91BED061CF3E7C
:107D9000C99D993DAE6CE6BEAE6C663EEB9282BE6E
:107DA00035410A3E42C9F5BCF256B8BEAE6C663EDD
:107DB000106A06BF00000000C99D993D42C9753E8A
:107DC00042C9753EAE6C663E42C975BEAE6C66BEBB
:107DD00042C975BCC99D993DEB92823EA7A830BFB0
:107DE000C99D19BEAE6C663EC99D993DEE741DBF1E
:107DF000F256B8BDAE6C66BE42C9F5BC42C9753C10
:107E000042C9F5BD1A10573E42C975BDF25638BD7C
:107E100042C9F53C35410ABEC99D99BD1A10D73DEE
:107E2000AE6C663E42C975BD7FEF913E42C9753C5E
:107E30008C77FDBEF256B8BDC99D193E35410ABECC
:107E40000000000042C9753C1A10D73DF256383D7B
:107E500042C9F53C5DFA28BE42C9753C7FEF91BE30
:107E6000C99D993D42C975BD42C9753D42C9F5BE1E
:107E700000000000F256B8BD42C9753C42C975BC4D
:107E800042C9753CF256383D42C9F53D35410A3E7E
:107E9000C99D19BEEB9282BEF256B83DA7A8B0BEEE
:107EA000C99D99BD42C9753CF25638BD42C9F5BC61
:107EB000AE6C663EEB9202BF42C975BE42C9F5BCCC
:107EC0005DFA283EC99D193EF256B8BD42C9753CBF
:107ED000AE6C66BE5DFAA8BEA7A8B0BE42C9F53CAE
:107EE000A7A8B03E35410ABEC99D19BE86B347BE9C
:107EF00042C9F53D42C9F5BC42C975BC42C975BD10
:107F000042C9F5BC7FEF913EC99D193E42C9753CFF
:107F10001A10D7BE42C9F5BC42C9753CA7A8B0BE6D
:107F2000F25638BD42C9F53C1A10D73DA7A8B0BEDD
:107F3000F256383D8C77FDBEF256B83D134CA1BECB
:107F40005DFA28BEF256383D42C9753D000000007A
:107F5000C99D193EC99D19BFC99D99BD8C77FDBEAC
:107F6000C99D19BEC99D993D134CA1BE42C9F5BE1C
:107F700086B347BE42C9753DF81AEEBEF53853BF09
:107F8000C99D193E7FEF913E42C9753DEB92823EFD
:107F900064BEDEBEC99D993D3C05C03EA7A8B0BEEB
:107FA00042C9753D35410A3E42C9F5BEC99D19BE5B
:107FB00042C975BDF256383E42C9F5BDF256B8BD4C
:107FC000EB9202BFF25638BD3C05C03EF256B8BD3A
:107FD000AE6C663EA7A8B0BEC99D193EEB9202BF2B
:107FE00035410A3E86B3473E35418A3EAE6CE6BE19
:107FF0001A1057BEF256B8BD86B3473E5DFA28BE8A
:10800000F256B8BDC99D993D42C9F5BC35410A3EFD
:10801000F256383D42C9753D5DFA283EF256B8BD6C
:10802000C99D19BEF256B8BDF256B83D1A10D7BD5B
:1080300042C9753D35418ABE42C975BCF256B83D4C
:10804000F256B8BD35410A3E1A10D73D42C9F5BDBA
:10805000C99D993D42C9F5BCF256383D7FEF91BEAE
:10806000C99D993D42C9753C35410ABEA7A8B0BE1D
:1080700035410ABE86B347BE1A10573E35410A3E07
:1080800086B347BEF25638BD0000000035410ABE37
:10809000C99D993DC99D19BE42C9F5BD35410A3EEC
:1080A00000000000F256B83DC99D193E42C9F5BC1A
:1080B000F256B8BD42C9F53C42C9753C42C9F53CCF
:1080C000F25638BE35410A3E35410A3E42C9F5BC3A
:1080D00042C9753DC99D19BEC99D19BE1A10D7BDAB
:1080E0001A10D7BDF25638BEF256383E1A10D7BD18
:1080F00042C9F5BCF256B8BD35410A3E42C9F53C0D
:108100000000000042C975BD00000000F256B83DF5
:1081100042C9753DF256383D1A10D73D42C9F5BCEB
:1081200042C9F5BEF256B83D35410ABE35410ABED8
:10813000F256383DC99D99BD86B347BE0000000088
:108140005DFA28BE5DFA283E7FEF913E42C9F5BC3C
:10815000C99D993EF25638BD1A10D7BD42C9F53DAA
:1081600035410A3EF256B8BDC99D19BE35410ABE19
:10817000F256B8BDF256B8BDEB92823E1A1057BE09
:108180000000000000000000C99D193E42C975BCF6
:10819000F256B83D1A1057BE42C9F53C86B3473E69
:1081A00035418ABE42C975BCC99D993DAE6C66BE5B
:1081B00042C9753D86B3473E35410ABEAE6C66BEC8
:1081C00000000000C99D193E5DFA283E42C9F5BD78
:1081D000134CA13E42C9F5BC42C975BC1A10573EAA
:1081E00035410ABE00000000EB9282BEAE6C66BE56
:1081F00042C975BEC99D193E35410A3EA4C615BF88
:1082000042C9F53C42C975BD134CA1BE42C9F53DFA
:10821000F256383DEB9282BE5DFA283E1A10D73DE9
:10822000F25638BDF256383EC99D993DEB9282BE5A
:1082300042C9753DF256B83EAE6C66BE35410ABEC7
:108240007FEF91BEF25638BE1A10D73DF256B8BD38
:1082500042C9753C42C9F53C1A10D7BDC99D993D2C
:108260001A1057BE42C9753CD061CFBEC99D19BE18
:10827000F256B83D42C9F53CF256383D00000000C8
:10828000C99D993D5DFA28BEF256383E42C9753CFB
:10829000C99D993D7FEF91BE42C9F5BDF256B83DEB
:1082A00042C9F5BDAE6C663E42C9F53DC99D99BD5A
:1082B0001A10D73D42C9753D5DFAA8BE1A1057BEC7
:1082C000C99D993D42C9F53D42C9F53C5DFA283E3C
:1082D000C99D99BD42C9F53D42C975BC42C9F53C2D
:1082E000D061CFBE1A10D7BD42C9F53D35410ABE97
:1082F000C99D993D0000000042C975BD42C975BCC9
:10830000C99D993E42C975BEA4C6153FC99D19BEF7
:1083100035410ABEF256B8BDC99D99BD42C975BC6A
:108320005DFA28BE42C9F5BD0000000042C975BD16
:10833000C99D193E000000007FEF91BE42C9753D06
:108340005DFA28BE1A10D73D35418A3E1A10D73D36
:10835000F256B83D1A10573E7FEF91BE1A1057BE25
:108360005DFA28BE86B347BEF25638BDF25638BE17
:108370005DFA28BE134CA1BE00000000F25638BDC5
:10838000A86D2EBD1209DA3D3ED282BD18B98DBE50
:10839000A86D2EBD3ED2023EA86DAEBD3ED2023EBD
:1083A0001209DA3D12095ABEA86DAEBD00000000E8
:1083B000A86DAEBCA86D2EBDC7D66FBEA86DAEBCF5
:1083C0003ED2823D5D3B44BEC7D66F3E3ED282BEAA
:1083D0005D3B44BEA86DAE3DA86DAEBDA86D2E3D03
:1083E0005D3B44BE3ED2823D5D3BC43EA86D2EBD8A
:1083F00012095ABE8254B9BE1209DA3DC7D66FBE01
:108400003ED282BDA86DAEBC5D3B44BFA86D2E3D83
:108410003ED2823D1209DA3D1209DA3D3ED282BDDA
:10842000A86DAE3DA86DAEBD3ED282BDA86DAEBCFE
:10843000A86D2EBD3ED2823D3ED2023E3ED282BDCE
:108440005D3BC4BE3ED2823D0000000062FF8ABF99
:108450003ED282BDA86DAE3D1209DABD1209DA3DE9
:108460005D3B44BEA86D2E3E3ED2023E3ED282BD52
:10847000F39F18BEA86D2EBEA86D2EBDF39F183EAB
:10848000A86D2EBDF39F18BE62FF8ABFC7D66F3E90
:108490003ED2823DCE86A3BE12095A3EF39F98BEBD
:1084A0003ED2023EA86DAEBCF39F18BE3ED282BD46
:1084B0003ED202BE3ED2823DA86D2E3DA86DAE3C9E
:1084C0003ED202BFA86DAEBE12095ABE18B90DBF8A
:1084D0003ED2023EA86D2EBD3ED282BD12095ABECA
:1084E000F39F18BEA86D2EBDF39F18BEA86DAE3CBD
:1084F0005D3B44BEA86D2E3DA86DAEBC5D3B44BE49
:10850000000000003ED202BE000000003ED2823ECB
:108510003ED2823D3ED2823D1209DA3D3ED282BE3B
:108520003ED282BDA86D2EBEA86D2EBDA86DAEBC7C
:108530003ED202BEA86D2E3DF39F983E3ED2823EB3
:108540005D3B443EA86D2EBE18B98DBEC7D66F3EAA
:108550003ED2823D3ED2823DA86DAE3DA86DAEBFFB
:10856000A86DAE3CA86D2EBEA86DAEBC12095A3ED9
:10857000A86DAE3C12095A3EA86DAE3C1209DABD98
:10858000F39F183E1209DABD3ED282BD12095A3E4F
:108590003ED2823E3ED282BDC7D66F3EA86D2EBE71
:1085A00000000000A86D2EBE5D3B44BE3ED2823D61
:1085B0003ED282BDA86DAE3EF39F18BE3ED2023FB2
:1085C000F39F183E3ED282BD5D3B44BEA86DAE3CDB
:1085D0003ED282BD3ED202BEA86D2E3EECEF64BFFD
:1085E000A86DAE3CA86DAEBD3ED282BE00000000BC
:1085F000A86D2EBDA86DAE3D3ED282BD5D3B44BE92
:108600003ED2823DC7D66F3E3ED2823DA86DAEBD02
:10861000A86D2EBEC7D66FBE3ED282BD1209DABD8E
:108620005D3B443E5D3B44BEA86DAE3DA86DAE3E95
:108630003ED282BD5D3B44BEA86DAEBE1209DABD1E
:10864000CE86A33E1209DA3D3ED2823D5D3B44BE5A
:10865000A86D2E3DA86DAEBDA86DAEBDA86DAE3D9A
:108660001209DABDA86D2EBD18B98D3E3ED2023E6C
:108670003ED202BE00000000A86D2E3D1209DABEF7
:10868000A86DAE3C3ED2823D60131EBFA86DAEBD4C
:10869000A86DAE3C3ED2023EA86D2EBDA86D2EBE8A
:1086A00012095A3E18B98DBE3ED2023E18B98D3E0F
:1086B0003ED202BEA86D2E3DA86D2EBEA86DAEBCEA
:1086C000A86DAEBDF39F183EF39F183EA86D2EBD5A
:1086D000A86DAE3CF39F18BEC7D66FBE3ED2823D9A
:1086E00012095ABE3ED2823DC7D66F3EA86D2E3DBE
:1086F000A86D2EBD18B98DBE1209DA3DA86DAE3D2C
:1087000012095ABEC7D66FBE3BFA28BF5D3B443E36
:10871000F39F183E5A636ABF1209DA3E1209DABEA5
:10872000A86DAE3CA86DAEBCA86DAEBD3ED202BE7B
:108730005D3B44BEA86DAE3D1209DA3DF39F18BE05
:108740003ED282BE1209DABD5D3B44BEC7D6EFBE43
:10875000A86D2E3DF39F18BEF39F18BEA86D2EBDC9
:10876000A86DAE3CF39F183E3ED202BEF39F98BE6A
:108770001209DABD18B98DBEA86DAE3C1209DA3DFA
:10878000F39F18BEA86DAEBE5D3B44BEC7D66F3E1C
:10879000A86DAE3E1209DABDA86DAE3DECEFE4BEA9
:1087A0003ED282BDA86D2EBEA86DAEBC12095ABEC7
:1087B0003ED282BD12095ABEA86D2E3E3822CF3E4F
:1087C000A86D2E3E3ED282BD3ED202BF0000000008
:1087D000000000001209DABD3ED202BEA2BDFABE00
:1087E0005D3B443EA86DAEBCF39F18BEA86DAEBC09
:1087F000A86DAE3D12095A3EA86DAE3DF39F983E5E
:10880000A86DAEBC18B98DBE3ED282BD3ED2023E2E
:108810003ED2023E12095ABEA86D2E3E18B90DBFB7
:1088200018B98DBEA86D2EBEA86D2EBD1209DABD79
:10883000A86D2E3DA86D2E3DF39F18BEAB45083F99
:10884000A86D2E3DF39F18BEF39F18BEA86D2E3D58
:108850005D3B44BE18B98DBE3ED282BDA2BD7ABF7B
:10886000A86DAE3D1209DABD000000003ED282BE06
:1088700018B98DBE5D3BC43EA86DAEBDA86D2E3D42
:108880003ED2823DC7D66F3E3ED282BDA86D2EBD80
:10889000CE86A3BE8254B9BE0000000000000000D6
:1088A000A86D2E3EA86D2EBEA86DAE3C0000000047
:1088B0008254B9BE12095ABEC7D66FBE12095ABE3B
:1088C000A86DAE3CF39F983E3ED2823DC7D66FBEA8
:1088D000000000005D3BC4BE12095ABE3ED2023EFB
:1088E0001209DABD5D3BC4BE8254B9BE3ED282BE1F
:1088F0001209DABD3ED2823D12095ABE3822CFBEDD
:10890000A86D2E3EF39F983E3ED282BDA86D2EBE2E
:108910005D3BC4BE3ED282BE3ED282BE3ED202BFCC
:10892000A86DAEBDA86D2EBEA86DAE3CA86DAE3DC7
:108930008254B9BEF39F18BE3ED282BDF39F18BECB
:108940003ED202BEF39F983E00000000A86DAE3CF0
:10895000A86DAEBDAB4508BFA86D2EBEA86D2E3E5E
:10896000A86DAEBD12095ABEA86DAEBC862C13BF51
:108970003ED282BDA86DAE3D1209DA3DA86D2EBE75
:108980005D3B443EA86DAEBD3ED282BD1209DABD4C
:108990001209DABDF39F98BFA86D2E3D871880BFDE
:1089A0003ED202BE18B98DBE3ED202BEF39F18BEA3
:1089B00060131EBFECEFE43EC7D6EF3E12095ABE6D
:1089C0005D3B44BF3ED2823DA86DAE3EA86DAE3D3C
:1089D000A86D2E3DC7D6EFBE1209DABD5D3B443E01
:1089E0003ED202BE000000005D3B44BE38224FBFB5
:1089F000A86D2EBE3ED282BEA86DAE3C1209DABE74
:108A0000A86D2E3E1209DABEF39F18BE3ED2023E7A
:108A1000F39F183FF1B3ABBF3ED282BD15E133BF28
:108A200018B98D3E3ED282BD1209DABD18B98DBE8D
:108A300018B90DBF3ED2023E12095A3E5D3B443E7C
:108A4000C7D66F3E8254393FA86DAEBEA86DAE3C0E
:108A500000000000A86DAE3C5D3B44BE000000007D
:108A6000A86DAE3D1209DA3DECEFE4BEAB4508BFA0
:108A70001209DA3DA2BDFABE3ED2023E000000005D
:108A8000A86DAE3DECEFE4BE18B98DBEA86DAEBCCE
:108A90003822CF3EA86DAEBEA86D2E3D1209DABEBB
:108AA000C7D66FBEA86DAEBCA86D2E3D3ED2023EAD
:108AB00012095ABEA86DAEBCA86DAE3CCE86A33ED0
:108AC000ECEFE43EC7D6EF3E12095ABEA86D2E3E2B
:108AD000A86D2EBD1209DA3D5D3B44BEA2BDFABEB3
:108AE000A86D2E3DA86DAEBD8254B9BEAB4508BF82
:108AF000A86DAE3DF39F18BEA86DAEBC1209DABDDD
:108B00001209DABDC7D66F3EF39F18BE3ED282BDB2
:108B1000F39F98BE3ED202BFA86D2EBDA86D2E3D1C
:108B20001209DABD3ED282BD1209DA3D12095ABEDF
:108B3000000000003ED202BEA86D2EBDA86D2EBE64
:108B4000A2BDFABEA86D2EBDA86DAE3CA86DAEBE8E
:108B5000A86D2EBD18B98D3E12095ABEA86DAE3C47
:108B600018B98DBE8254B9BE00000000C7D66FBED2
:108B7000A86DAE3CA86D2EBDA86D2EBEF39F183E0D
:108B80003ED282BDA86D2E3E3822CF3EF39F18BE46
:108B9000A86DAEBE3ED2823D18B98DBEA86DAEBDE9
:108BA000000000003ED282BD12095A3EA86D2EBEC2
:108BB000A86D2EBDA2BDFABE3ED282BECE86A3BE99
:108BC000A2BDFABE12095A3EA86DAEBDECEFE4BEDE
:108BD000A86D2EBDA86DAE3CF39F18BE000000002E
:108BE000A86DAEBCC7D66FBEA86DAEBCC7D66FBEF3
:108BF000F39F183EA86DAEBDC7D66FBECE86A3BE8E
:108C0000A86DAEBD3ED2023E3ED282BDA86DAEBEC4
:108C10005D3BC4BE3ED282BEF39F18BEA86DAE3D82
:108C20003ED2823D1209DABD1209DA3D12095ABE5E
:108C30001209DABDF39F18BE12095A3EA86D2EBD67
:108C4000A86D2EBF12095ABEA86D2EBDA86DAE3CF0
:108C50003ED282BDF39F98BEA86D2E3D000000005D
:108C60001209DABD5D3B443EF39F98BEF39F18BEE8
:108C70003ED282BDA86DAE3D5D3B44BEAA599BBFAE
:108C8000A86DAE3C3ED2823DA86D2EBEA86D2E3D95
:108C9000A86DAE3D862C13BF1209DA3DC7D66FBE54
:108CA000A86DAEBDA86D2EBEA86D2EBDF39F98BE5B
:108CB000A86DAEBC3ED2823D00000000A86D2E3DE6
:108CC0003ED282BE5D3B443E3ED2023EA86D2EBEE9
:108CD000A86D2EBD1209DABD5D3B443E3ED282BD79
:108CE000F39F983E12095A3EF39F18BEA86D2EBD01
:108CF0003ED282BDA86D2EBE1209DA3D60139EBF22
:108D0000A86DAE3CF39F18BE3ED202BE1209DA3DFA
:108D100018B98D3ECE8623BF1209DA3DA86DAE3C50
:108D20003ED282BD3822CFBE1209DABD3ED2823D8C
:108D3000A86D2E3EA86D2E3D3ED282BDCE86A33EAE
:108D40005D3B44BECE86A33EA86DAEBC3ED2023E85
:108D5000A86DAEBC3ED2823EA86DAEBD1209DABE91
:108D60001209DA3DA86DAEBCF39F98BEF39F18BE02
:108D7000A86DAE3D18B98DBE5D3B443EA2BDFABEA6
:108D8000A86D2EBDA86DAE3EA86DAEBC3ED282BD14
:108D90005D3B44BEA86DAEBCA86DAEBDF39F183E52
:108DA0003ED2823DA86DAE3DA86D2E3D3ED202BEA4
:108DB000F39F183EA86D2EBDA86D2EBE3ED2823DFB
:108DC0005D3B44BEA86DAEBC3822CF3EA86DAEBEA2
:108DD0003ED2823DA86D2E3DF39F18BE1209DA3DAA
:108DE000F39F98BEF39F98BEA86D2EBE3ED282BE62
:108DF000A86DAE3DCE86A3BEA86D2E3D000000003E
:108E0000A86DAE3CA86DAE3D5D3B443E3ED202BE79
:108E1000A86D2EBE5D3B443EC7D66FBE1209DA3D3B
:108E2000A86DAE3C3ED202BE5D3B443E3ED202BF88
:108E30003ED2823D3ED282BD5D3B44BE5D3B44BEE0
:108E400012095ABEA86D2EBE3ED2823E18B98DBF01
:108E5000A86D2E3D12095A3EA86DAE3C3ED282BD91
:108E60005D3BC4BEF39F18BEA86DAEBCF39F18BE99
:108E7000F39F183E3ED2823D1209DA3DF39F18BEA1
:108E8000A86DAEBEA86DAE3DF39F183EF39F18BE11
:108E90003ED282BEF39F183EC7D66FBEA86DAEBC51
:108EA0003ED282BE3ED282BE5D3B443ECE8623BFD2
:108EB000A86DAEBD3ED202BE5D3B44BE3ED202BEF8
:108EC000ECEFE4BEF39F98BE3ED2823D62FF8ABFC4
:108ED0001209DA3DA86DAE3CF39F183EA86D2E3DF9
:108EE000CE8623BF000000003ED202BEA86D2EBD7C
:108EF000F39F18BE5D3B443EF39F18BECF7290BFF8
:108F0000A86DAEBD3ED2023E3ED2023E3ED282BDF2
:108F10003ED202BEF39F183E3ED282BD5D3B44BEB0
:108F2000A86DAEBD3ED202BFA86D2E3D8254B9BE23
:108F30003ED282BD3ED2823DA86DAEBD3ED2023E43
:108F40003ED282BD00000000A86DAE3D8254B9BE85
:108F50001209DA3DF39F18BEF39F183E5D3B44BEF5
:108F6000A86D2EBEA86DAE3DA86D2E3DA86DAE3D80
:108F7000A86D2EBE3ED2823DF39F183EC7D6EFBEEF
:108F80001209DABDA86D2E3D3ED202BEA86DAEBC60
:108F9000A86DAE3DF39F183EA86DAE3CA86DAEBD6A
:108FA000F39F98BE18B98DBECE86A3BE3ED202BE38
:108FB0001209DABD18B98D3EA86DAEBDA86D2E3E62
:108FC000A86DAEBD1209DA3E1209DA3D18B98DBEA0
:108FD000A86D2E3DA86D2EBDA86DAEBC18B90DBFF5
:108FE0003ED282BE3ED2823DF39F18BE3ED2823D2B
:108FF0003ED282BDA86DAE3D000000003ED202BE52
:10900000000000001C459C3E2C08FA3D7F84093E70
:10901000F386D4BE302400BF8A06483CB905AFBEF3
:109020005085223E56C6C1BEE80416BE8A0648BC1C
:109030008A06483D4B44833E8A06483E21863B3E95
:109040008A06483CB3C48F3EB9052F3E4B44833E4D
:109050001C459CBEB905AFBE000000004B4483BE5A
:109060005B07E13DB9052FBE8A06483C00000000C1
:109070008A06483CE804963D84C5A83E8A06C83D59
:109080005B07E1BD5085223E4B44833E5B07E13DDB
:10909000B905AFBEF38654BE7F8489BEB9052FBE25
:1090A000E80416BD2C087ABE8A06483D7F8489BE36
:1090B000B905AFBD2C087ABD84C5A83EB905AF3D42
:1090C000F386543E8A0648BD5B07613E8A06C83D6A
:1090D0001C459CBE2C087ABD8A0648BC5B07E1BED5
:1090E0008A0648BCB905AFBE2C087A3DC4876D3EE0
:1090F0008A0648BC2C087ABD5085A23E4B44833E6C
:10910000E804163EB9052FBE8A06C83E508522BE29
:10911000508522BE21863BBEF38654BEB905AFBE44
:10912000E804163D8A0648BFE804963D5B07613EA9
:109130007F84093EB9052FBEE804963DED45B53E56
:109140002C087A3DE804963E8A06C83C7F84893E16
:10915000B905AFBE5B0761BE2C087ABD8A06C83D63
:109160002C087ABD8A06C8BEB905AFBE8A06C8BD3E
:109170008A0648BE5B07E13D7F84093E6AA5253F1C
:109180008A06483D5085A23E8A06483E2C087A3D14
:10919000E80496BE84C5A8BE508522BE2C08FABD40
:1091A000000000008A0648BDB905AFBDE804963D41
:1091B0005085A2BEE804163D5B07E13D5B07613EBA
:1091C0008A06C83C5B07613EF386543E5B07E1BDFF
:1091D0005B0761BE8A06C8BCB905AFBEE80496BD90
:1091E0008A06483D508522BEE804963D5B0761BE75
:1091F0002186BBBE8A06483D4B44833E5085223EB5
:10920000B9052F3E000000005B07613E2C087ABDC7
:109210002186BBBE2C087A3D7F8409BEE80416BEB9
:109220002C08FABD4B4483BE8A06C83CE80496BDB0
:10923000F38654BE8A06483C5B07E13E5B07E13D8E
:109240007F84893E21863BBE8A06C83C7F8409BF55
:109250005085A2BE2C087ABD84C5A8BE8A0648BD2A
:109260008A06483CCDE412BF00000000B9052F3E3D
:109270005B07E1BD2C087ABD3CA63E3FE804963D65
:10928000E804163EE804963DB905AF3D8A06C8BC21
:109290002C087ABDB9052F3EE804163DED45B53ED4
:1092A000E80416BD2C087A3D2C087ABD5B07E13D29
:1092B00021863BBE21863BBE8A06C8BC5B07E13ED9
:1092C0002C08FA3DB905AF3DE804963D8A06C8BDB5
:1092D000E80416BD21863B3E2C08FABD2C087ABD59
:1092E000B9052FBEB905AF3E5B07E13D8A06483E92
:1092F000B905AFBE8A0648BD8A06C8BC5085223E65
:10930000E804163D2C087A3DB9052F3E84C5A8BE59
:1093100021863BBE8A06C8BDB3C48FBE508522BE1F
:109320004B4483BE2C08FA3DB905AF3DE804163D19
:10933000B905AFBEB905AF3DB905AFBDB9052F3E03
:109340008A06483C7F84093E8A06C83DB9052FBE7F
:109350008A0648BE8A06C83DE80496BE2C08FABDB7
:109360008A06C8BD5B07E1BD8A06483E2C08FABDE7
:109370005B0761BE7F84893E9047E7BEE804963D67
:109380008A0648BD2C087ABD7F8409BE2186BBBEF3
:1093900084C5A8BE8A06C8BD5085A2BE2186BBBEB4
:1093A0008A0648BDE804163E5B07E13DF386543E5D
:1093B0008A06483CE804163EE80416BEE804163D5A
:1093C000E804163D8A0648BD21863B3EB3C48FBEE5
:1093D0002C08FABD5B07E13D2C087ABDED45B53E92
:1093E0008A0648BC2C08FA3D2C087ABD7F84093EC9
:1093F0008A06483C2186BBBE2C08FABD5085223E19
:10940000E80496BD8A0648BD21863B3EF386D4BE5D
:109410002C087A3D1C459C3E8A0648BE7F84893EC6
:109420008A06483E8A06483E2C087A3DF386543E1A
:109430008A0648BCB905AFBE8A06483D8A06C8BC44
:109440008A06C8BDB905AFBDC4876D3EED4535BFC1
:109450008A06C8BDE804963D8A0648BEF386543E97
:109460004B4483BE84C5A83E2C08FABDE804163DD3
:109470008A06483D5B07E1BD5B0761BE0000000056
:10948000E80416BE8A06C8BD5085223E8A06C8BDBD
:10949000E80416BD5085223EB3C48FBE8A06C8BC00
:1094A00021863B3E8A06483DB905AF3D2C087A3DF2
:1094B0008A06483EB905AFBDED45B5BE8A0648BD32
:1094C0002C08FABDE80496BDB3C48FBEC4876DBE38
:1094D0004B4483BE508522BE56C6C1BE2C087ABE00
:1094E000B9052F3EB9052F3EC4876DBEF386543EA5
:1094F0004B44833EC4876DBEB3C48FBE8A0648BE4C
:109500002C087ABDED45B5BE21863B3EF8C7F3BEBB
:109510008A06C83D8A0648BC8A06C83D8A06C83CF9
:109520008A06C83DB9052F3E2C087ABE8A06483DFA
:10953000E804163EE804163D8A06483C5B07E1BD98
:109540008A0648BC8A06C8BE8A06C83E36651FBF62
:10955000B905AF3DF386D4BE2C087ABD2C087A3D00
:109560008A06483E8A06483EE804963DE80496BDD1
:1095700021863B3E8A06483CB905AF3DE804163DCE
:109580008A0648BC8A06C8BEB905AF3E4B4403BF35
:10959000E80496BDB905AFBEE80416BD00000000A2
:1095A0008A06C83C8A06483D8A06C83C7F84093E34
:1095B000E804963E21863B3E5B07E1BDE804163D8C
:1095C0002C08FA3D302400BFB905AF3DE80496BD34
:1095D0008A06C8BCC4876D3E000000008A06C8BC6D
:1095E000B3C48F3E5B07613E7F84093E5B07E13D6C
:1095F0005B07E13E8A06483EB905AFBE8A0648BE13
:10960000F386543E2C08FABE7F8409BE36651FBF20
:109610005B07E1BDE804163DE804963DE804163D0D
:109620002C087A3E84C5A83E508522BE2C08FA3DFF
:1096300084C5A83E21863BBE6AA525BF4B4483BE98
:10964000648EC43CCB6A933ECB6A13BD648E443DAA
:109650003020DD3DCB6A133ECB6A93BDE52187BE4A
:109660004AD750BE648EC4BCCB6A13BD3020DD3DEA
:1096700024D8A5BEFDB1F5BDFDB1753D648E44BED7
:10968000648EC43C58468D3E648E44BC648E44BD9A
:10969000CB6A933E648E44BD7E4538BE98FCABBD1C
:1096A000CB6A93BE648E443C00000000648E44BCD0
:1096B00024D8A5BE648E44BE648EC43C176969BEBE
:1096C00098FC2B3EE521873E648E443CCB6A13BD5B
:1096D000FDB1F53DCB6A13BE648E44BD648EC43DBE
:1096E00030205DBE3020DDBDCB6A13BE648EC4BCAD
:1096F000648EC4BE30205DBE648E44BC648E443E25
:109700004AD7503E4AD7503E0B21B23E648EC4BC6D
:109710003E8F993EFDB1F5BD648E44BDCB6A133ECC
:1097200098FCABBE648EC43D648EC4BC98FCABBDDB
:109730003E8F99BE98FCABBD648EC43D3020DD3DAC
:10974000FDB1753D3E8F993EE521073E648EC4BC58
:10975000CB6A133ECB6A133EFDB1F5BDE521073E52
:109760004AD750BECB6A13BDFDB1F5BDFDB1F5BD05
:10977000648EC4BE648E44BCFDB175BDE521073E58
:109780000000000098FCAB3D176969BE4AD7503E07
:109790008A8DEF3E648E44BDFDB175BE4AD750BE82
:1097A000CB6A13BE7E4538BECB6A93BDB1B31FBE34
:1097B000CB6A13BD648EC43CFDB1F53D4AD7503E23
:1097C000FDB1F53DFDB1753D648E44BD72FD803E39
:1097D000B1B39F3EE52107BE648EC4BECB6A133D84
:1097E0003020DDBDCB6A13BE648EC4BC72FD80BE6A
:1097F000FDB175BD648EC4BD7E45B83E98FC2B3E60
:10980000648EC43D00000000648E44BCB1B31F3EB2
:10981000B1B39F3EFDB175BDCB6A93BEFDB1753D41
:10982000CB6A13BDFDB1F5BECB6A13BDE52107BE02
:10983000648E44BDCB6A93BD648EC43C4AD7503E0F
:10984000CB6A133E3020DD3D7E45383E648E443E7B
:10985000FDB1753E000000003E8F99BE3020DD3D19
:10986000CB6A93BD648E443EFDB1753DCB6A93BD1A
:10987000648E44BDCB6A933DFDB1753E3020DD3D25
:109880003020DD3D7E45383ECB6A933D30205D3E45
:10989000648E443D648EC43D176969BECB6A933DB6
:1098A000648E443C3E8F993EFDB1753D3020DD3DD8
:1098B00098FC2BBE648E443C4AD7503E648E443C98
:1098C000648EC4BCCB6A933DCB6A13BECB6A133E95
:1098D000E52107BE7E4538BECB6A93BEB1B31FBE3D
:1098E000648E443CFDB1753E648EC43CE52107BEE8
:1098F000648E443DCB6A133D648E443DE521073EB2
:10990000648E44BC648E44BC98FCABBD4AD7503EC8
:10991000E52107BE648E443D58460DBF648EC43CAD
:109920003020DD3D648E443E98FCAB3DCB6A93BD58
:1099300098FCAB3D648EC4BD00000000FDB1753DD8
:10994000CB6A13BD648EC4BC98FCABBD648EC43DB1
:10995000FDB1F5BDB1B31F3ED7B2CABE648E443C63
:10996000B1B31F3EB1B39FBE648EC43C648EC43C91
:10997000648EC43D648EC4BCE52187BE648EC43C45
:10998000000000000000000098FC2B3ECB6A133E54
:10999000CB6A93BE648EC43DFDB175BECB6A13BD68
:1099A0003020DD3D98FC2B3E00000000E521073E05
:1099B000648E443DCB6A133D98FCABBE648EC4BD3F
:1099C000FDB175BD98FC2B3E648E443D72FD803E1A
:1099D00024D8A5BECB6A933D3E8F99BE00000000FF
:1099E00098FCAB3DE521073E648E443D98FC2B3E40
:1099F00000000000CB6A13BD4AD750BE648EC4BDC0
:109A0000FDB1F5BD3020DDBD3020DDBDCB6A933D1D
:109A1000648EC4BD648EC4BC7E45383EFDB1F5BDC8
:109A2000CB6A933DFDB1753E98FC2BBECB6A133DCE
:109A3000CB6A133E648E44BD3020DDBDE52187BE78
:109A4000FDB1F5BDB1B31FBE648E44BCFDB1753D23
:109A5000648EC4BDB1B31F3EFDB175BE648EC4BD7E
:109A6000648EC43D4AD7D03ECB6A13BDFDB175BDEF
:109A700098FC2B3E98FC2BBE98FCABBDCB6A93BEEA
:109A80003020DDBDE52107BE3020DD3D98FC2B3EBA
:109A9000CB6A13BE00000000B1B31FBE3020DDBD95
:109AA0007E45383EFDB1753E648E443D648E443C37
:109AB000CB6A133ECB6A93BE30205DBEFDB1F5BDCF
:109AC00072FD80BE648E44BD72FD80BEFDB1F53D69
:109AD000648E44BD648EC4BC648EC4BC98FCABBDB3
:109AE000B1B31F3EFDB1753EFDB1753D648E44BD01
:109AF000E521073ECB6A933DB1B39FBE176969BEAE
:109B000098FCABBE98FCAB3D30205DBE58468D3E08
:109B10004AD750BEFDB175BDCB6A93BDCB6A93BD2C
:109B200098FCAB3D648EC43D98FCAB3D648EC4BCD8
:109B300098FCAB3D648EC43DFDB1F5BDFDB175BE75
:109B4000CB6A933D24D8A5BE648E44BC648EC4BE4B
:109B5000648E44BC648E443D4AD7503EFDB1753E90
:109B6000FDB1753E648E443C648E443D1769693E88
:109B7000B1B31F3E648E443CCB6A93BECB6A93BEA6
:109B8000648EC43D24D8A5BE98FC2B3E24D8A5BE27
:109B9000648EC43C176969BE648E44BE98FCAB3DBC
:109BA000648E443EB1B39F3E648E44BDCB6A133D88
:109BB000B1B39F3E0000000098FCABBD1E340ABF4D
:109BC000CB6A133E648EC4BE648E443E648E44BE33
:109BD000648E443D7E4538BE648E44BEFDB1753D05
:109BE000648E443E1769E93EFDB1F5BD648EC4BC88
:109BF00058468D3E98FCABBD30205DBEA444E3BE0C
:109C00000000000072FD80BE4AD7D0BE98FCABBDFC
:109C1000FDB1753D7E4538BE4AD750BEE521073EB1
:109C2000B1B31F3ECB6A933D648EC4BCFDB1F5BD9C
:109C3000FDB1753E648E443CAB0F04BFAB0F04BF57
:109C4000FDB175BDE52107BE3E8F99BEE52107BE7A
:109C5000CB6A133DCB6A13BEE52187BE30205D3E43
:109C6000CB6A133EFDB1F5BDFDB1753D648E44BFB9
:109C70004AD7503EFDB1F53D58468DBE7E45B8BE33
:109C800026A45D3E1E50313E17FC043E75B3B8BE9F
:109C90001E5031BDCA0135BF7189A2BECF40D63E2C
:109CA0001E50313E79DD4EBE6D5F8CBE1E5031BD03
:109CB000C4C293BD8031FB3ED36A6CBC79DD4E3E9D
:109CC00079DD4E3E17FC043E80317B3E1E50B13D97
:109CD000C4C2933D17FC04BE7189223E1E50B13DA3
:109CE0001E50313D79DDCEBDC4C293BD1E50313D05
:109CF000D36AECBD17FC043F17FC843E1E50313E76
:109D0000D36A6CBCD36A6C3C227AC73E0000000068
:109D100017FC043E79DD4E3ED36A6C3D79DDCEBD45
:109D2000D36AECBD1E5031BD718922BED36A6CBDB1
:109D30001E5031BE1E50B13D26A45D3EC4C2933DAF
:109D4000D36A6C3CD36AEC3C718922BE7189A2BE95
:109D500000000000CB16403E1E50313D227AC7BEA7
:109D6000D36A6C3C17FC04BE1E50B1BD7189A23E83
:109D70001E5031BE7189223E1E50B1BD79DDCE3DEF
:109D80007189223E1E5031BED36A6C3C1E5031BFD9
:109D9000C4C2933D7189223ED36A6CBD26A4DDBE48
:109DA00017FC04BE248F52BF26A45DBED36AECBC50
:109DB00079DDCEBD17FC843ECF40D6BE1E50313D6E
:109DC00026A45DBE80317B3E17FC843ED36AECBC8A
:109DD0006D5F8C3E17FC04BF6D5F0CBF17FC843EAB
:109DE0007189223E6D5F8CBE1E50B13DC4C293BDD1
:109DF0006D5F8CBE1E50313DD36AECBCC4C213BE35
:109E000000000000C4C2933D17FC843ECB16403EC8
:109E1000D36A6C3E1E50313ED36A6C3CD36A6CBD33
:109E2000718922BE1E50B1BE1E50B13DD36A6C3D39
:109E300026A45DBED36A6C3C1E50313E1E50313E9E
:109E40001E5031BD00000000227AC73ED36A6CBEAE
:109E5000D36A6C3E1E5031BDD36A6C3D718922BEFF
:109E6000D36A6C3C26A4DDBED36AEC3C1E5031BDE7
:109E70001E50B1BDD36A6CBC79DD4E3E79DD4EBE5D
:109E8000D36AEC3C000000001E50313E6D5F8CBE7A
:109E90001A269B3E00000000D36A6CBCD36AECBD5E
:109EA000D36A6CBC2ACEF3BED36A6C3D1E50313EE1
:109EB0001E50313D79DDCE3DD36A6CBE17FC043EA9
:109EC0007189A23E1E5031BE1E50313E1A269BBEE5
:109ED00026A45D3ED36A6C3C1E50313D79DDCEBD7B
:109EE00000000000D36A6CBF000000008031FB3E20
:109EF000D36AEC3D1E50313D26A45DBE17FC843E66
:109F00001E50313E1E50313E79DD4E3ED36AECBCD0
:109F100080317BBE7189223E191110BF26A45D3E9F
:109F20001E50B1BECB1640BE79DD4EBEC4C213BEBC
:109F30006B4A01BF79DDCE3D75B3B83ED36A6CBCC8
:109F400079DDCE3D1E50313EC4C2933E1E50B1BDA0
:109F500017FC04BEC4C2933DD36A6CBD1E50B13D14
:109F6000CB16C0BED36A6CBC17FC043E1E50313DFC
:109F70007189A2BED36AEC3DC4C2133E1E50313D6E
:109F8000D36A6C3DD36A6CBD75B3B83E75B3B8BEC9
:109F90001E50B1BDCB1640BED36A6C3CC4C2133E4A
:109FA00000000000718922BED36AEC3CD36AECBD8C
:109FB000D36A6C3C79DDCEBD79DD4E3E75B3B83EDB
:109FC0001E50313D1E5031BE1E50B13DD36AEC3D96
:109FD000C4C293BDD36A6CBCC4C213BED36A6CBC8A
:109FE00079DDCE3D1E50B1BE80317B3E00000000C9
:109FF00026A45D3E75B3B83E79DDCEBDC4C2933DA7
:10A0000017FC043E227AC7BE79DD4E3E7189223E9E
:10A01000C4C213BED36A6CBCCB1640BEC4C293BDCF
:10A02000C4C2933D20653CBFD36AEC3D1E50B13D98
:10A03000C4C2933E17FC04BED36AECBC75B3B83EF1
:10A0400080317B3ECB16403E79DDCE3D718922BE0C
:10A05000D36AEC3D6F74173FC4C213BE6D5F8C3E74
:10A06000C4C293BED36AECBD1E50313DC4C2933D01
:10A070006D5F8CBECB1640BECB16403ECB16C0BE2D
:10A08000C4C2133ED36A6C3D7189A23E17FC84BEE4
:10A0900017FC043E26A45D3ED36A6C3CD36AEC3DBB
:10A0A000C4C293BD1E50B1BD00000000C4C213BEA7
:10A0B000D36AECBD17FC04BED36AEC3C1E50313EA3
:10A0C0001E5031BDC4C293BDD36A6C3E17FC04BEA2
:10A0D000D36A6C3D000000001E5031BD1E50B13DE2
:10A0E00017FC043ED36AEC3CD36A6C3E26A45DBEEA
:10A0F000CB16403EC4C293BDD36AEC3C79DD4EBE64
:10A10000C4C293BD718922BED36A6CBD26A45D3ED4
:10A110000000000017FC04BE17FC84BED36A6C3C30
:10A12000D36A6C3C1E5031BD79DD4E3E6D5F8C3E76
:10A1300075B3B83E1E5031BDC4C2933DC4C213BEF8
:10A14000C4C2933D6D5F8CBE0000000080317B3E39
:10A15000CB1640BE17FC04BEC4C293BECB1640BE95
:10A160007189223E17FC043ED36AEC3C1E50B13D7F
:10A1700017FC843E718922BEC4C2933D79DD4E3EF8
:10A18000C4C2933DD36A6C3DC4C293BD718922BEE3
:10A19000D36A6CBD1E50313EC4C293BDCB16C03EC7
:10A1A00017FC84BE1E5031BDC4C293BED36A6CBDC1
:10A1B000D36A6C3CD36AECBCD36AEC3DCB16403E10
:10A1C000C4C2933DD36AECBC80317B3E79DD4EBE88
:10A1D00079DDCEBD1E50313D1E50313D1A269B3ECD
:10A1E000D36AEC3DD36A6CBE1E50313D17FC84BE71
:10A1F000C4C2133E79DDCE3D1E50313DC4C2933DF5
:10A20000D36AEC3C1E50B1BDD36AEC3DD36AEC3C42
:10A21000C4C213BE1E50B1BDD36A6CBC1E50B1BDCA
:10A22000D36AECBC1E5031BE1E50313E79DD4EBEAD
:10A23000C4C2133E7189223ED36A6C3C718922BE2E
:10A2400079DDCE3D1E5031BD17FC04BE000000007C
:10A25000D36AECBE1E5031BD79DDCEBD8031FBBE70
:10A26000D36AEC3C1E50313ED36AEC3C7189223EED
:10A27000C8ECA93EC4C213BE1E50B1BD17FC04BE3B
:10A2800080317B3E79DDCEBDD36A6C3D79DDCE3D3C
:10A2900079DDCEBE26A45DBE79DDCEBDD36AECBD30
:10A2A000D36A6CBC1A269B3ED36A6C3C17FC843E76
:10A2B00026A45D3E1E50B1BE1E50B1BDD36A6CBC1B
:10A2C0001350953DC132AE3ECBDA783DC132AE3D42
:10A2D0007469EC3E6AC1213EBCDE083E6F1547BD85
:10A2E000135095BD6F15473EC1322E3E6F15C73DC9
:10A2F0006D6BB4BECBDA78BE1DF85F3E6F15473D7F
:10A30000135015BDC686533E6F15C7BD6F15473C2C
:10A310007469EC3EBCDE083F6AC121BE6F15473D43
:10A3200068178FBE1350953DCBDA783D6AC121BEC8
:10A33000CBDA78BE1350153D6F15473E0000000084
:10A340006AC121BE6F15C73C1DF85FBEC132AEBDEC
:10A350006F15C73E6F15473E1DF8DFBD68178FBEEE
:10A36000135095BD6F15C73D6F1547BC6D6BB4BEDF
:10A37000CBDA78BDC132AE3D1350953EC132AEBD91
:10A380006F1547BC00000000135015BECBDA783EB5
:10A3900074696C3ECBDAF8BDBCDE083EC1322EBE1D
:10A3A000135015BE6F15C73C00000000C1322E3E91
:10A3B000135015BDCBDA78BD16FAA73E6F15C73C12
:10A3C0006F15473D6AC1213E6F15C7BC6F15C73C6D
:10A3D0006F15473D696C18BF1350153E6AC121BE09
:10A3E000135015BDC132AE3D1DF8DFBD1FA2F2BE38
:10A3F000CBDAF83D1350953D135095BD0000000099
:10A40000000000006AC1A13ECBDA783E1350153E31
:10A41000135015BD1350953D6F15C7BCCBDAF8BD71
:10A420006AC121BEC686533E6F15473ECBDA783DE2
:10A4300068178FBE6AC121BEBF889B3E67C2053FB9
:10A44000135015BDCBDA783D6F15473D6F1547BCEE
:10A450006F15473C135015BDC1322EBE135095BD2C
:10A46000135095BE1350153E6F15C73C135015BEC3
:10A47000CBDA78BDC132AEBDC686533E6AC1A13EBD
:10A48000C68653BEC132AEBDCBDA78BD135015BD02
:10A490006F1547BCC132AE3D135015BE11A682BE2A
:10A4A0001DF85FBE135015BD6F1547BD6F15C7BDB5
:10A4B000CBDAF83D135095BD6F15473E6F15C7BCFD
:10A4C0006F15C7BD6F1547BD6F15C73C6F15C73DED
:10A4D00018A43ABE6F1547BD1DF8DF3DCBDAF8BDB5
:10A4E0001DF8DF3D135015BE6F15473CC1322E3E9F
:10A4F0001DF85F3EC68653BE1350153F6F15C7BD8E
:10A500006F15473D1350953D6F15473CC68653BEAA
:10A51000BCDE08BE6F1547BFC686533E6F1547BDEC
:10A520006F15473C11A682BE6AC121BECBDAF8BDC9
:10A530006F15473ECBDA783DBF889B3E1DF8DFBDE7
:10A540006F15473DBCDE083E68178F3E1DF8DF3DA6
:10A550006F15C7BC6F15C7BCC132AEBD6F1547BE06
:10A56000CBDAF8BDCBDA78BEBCDE883E6F15C73DCE
:10A57000BCDE88BEC132AEBDC132AEBD6F15473D37
:10A580006F15C7BC135015BD6F15C73CC1322EBE29
:10A59000C68653BE6F1547BE135015BE1DF85FBE6D
:10A5A0006AC121BEC686D3BE1350153E6F15473D06
:10A5B0006F15C7BC68178FBEC132AEBD000000006A
:10A5C0006AC121BE1DF85FBE11A682BE11A682BE61
:10A5D00068178FBEC1322E3E18A43ABE18A4BABE68
:10A5E000BF889BBE1DF8DFBE6F15473D6F15473C0A
:10A5F0001DF8DF3D6D6BB4BE6F1547BD6F15C7BD50
:10A60000C132AEBD6AC1A1BE71BFD9BE135095BDE6
:10A61000135095BE6F15473D6F15C73DCBDA78BE19
:10A62000CBDAF83DC4DCC0BE6F15C73CCBDA78BDD1
:10A630006F15473E68178FBE6F15C7BC6F15C73CB7
:10A640006F15473D6F1547BDBCDE88BEBE3312BFD8
:10A65000C132AEBE18A43ABE11A6823EC68653BE13
:10A660001350153DC68653BE6F1547BECBDAF83D75
:10A67000CBDA783E74696CBEBF889BBEC132AE3EF9
:10A68000C132AE3D6F15473CBCDE083EC686533E28
:10A690006F1547BCBCDE083E6F15C73D6AC1A1BE41
:10A6A0006F15C7BD6AC121BEC830E6BEBCDE083E1C
:10A6B0001DF85FBE135095BDCBDA78BD00000000D9
:10A6C0006F1547BDC132AEBDBCDE08BE6F1547BCBD
:10A6D0006F15C7BC74696CBE6F15C73C135095BE2F
:10A6E0006F1547BC135095BE696C18BF1DF8DF3D50
:10A6F0006F1547BC1350953D135095BD135095BD34
:10A700006AC121BE6AC121BE6F15C7BD6F15473C26
:10A71000CBDA78BE1350953D6F1547BC18A43ABEEE
:10A7200011A682BE74696CBE1350153D6F15C7BE6D
:10A730006F15C73C74696CBE6F15C7BDCBDA78BDA9
:10A74000135015BD11A602BF696C18BF6F1547BC29
:10A7500011A682BECBDA783D1350953DC132AEBD15
:10A76000CBDA783DCBDA783D68178F3EC68653BE8C
:10A77000CBDAF83D1DF8DFBD135015BE6F15C73C91
:10A780001350953D67C205BF1DF85FBE1DF85FBE43
:10A7900068178FBE11A682BE1350153ECBDA78BD66
:10A7A000C1322E3EBF889B3EC686D33EBF889B3EAD
:10A7B0001350953E6F15C7BC68178FBEC686533EB3
:10A7C0006F15C73CCBDAF8BDCBDA783D1350153E98
:10A7D000CBDAF83D6F15C73E00000000BCDE88BE36
:10A7E000C68653BE6F15C73C68178FBE1350153D04
:10A7F0006AC121BE6F1547BD135095BD6F15C7BD0A
:10A80000135015BE1DF85FBE135015BE1350953E74
:10A810006F15C73C6AC1213ECBDAF8BDC1322EBEEE
:10A820006F15C7BDCBDAF8BD135095BD1350153D5C
:10A830001DF8DFBD1DF8DF3D6F1547BDCBDA78BDD4
:10A84000135095BDCBDAF8BD135015BEBCDE883E63
:10A85000C132AEBDCBDA783D135095BD6D6BB4BE41
:10A86000CBDAF8BD74696CBE1350953E6F15C73EC8
:10A87000CBDA783D6F15C7BC6F15C7BD000000006F
:10A880006AC1213E67C205BF696C18BFC1322E3E46
:10A8900011A682BE135015BD6F1547BC74696CBEFE
:10A8A00000000000C132AE3D74696C3E1DF8DFBD92
:10A8B0006F15473D6F1547BDBCDE88BE6F15C7BC21
:10A8C0006AC1A13EC4DC40BF11A682BECBDA78BD0E
:10A8D000C132AEBD14A51EBF6F1547BC00000000FD
:10A8E000BCDE883E68178F3EC830E63E6AC1A13E96
:10A8F0006F15473ECBDA783D6AC1A1BE6F15473E62
:10A90000FBD878BCFBD878BEBCA23ABEDCBDD9BDB2
:10A910002D152BBEBCA2BA3DFBD8783CFBD878BF26
:10A920000DFA0BBEFBD8F8BCA384E1BEDCBDD9BDDB
:10A930002D152B3E0DFA8BBE9D871B3E9D879BBD23
:10A940000DFA8BBE654EA3BE9D879B3DFBD878BCA0
:10A95000FBD8783C9D871B3E2D152BBEA91608BF42
:10A96000FBD8783C9D871BBE453304BFBCA23ABDD3
:10A97000654EA33EBCA23ABEBCA23A3DFBD8783D90
:10A980002D152BBE0DFA8BBEFBD8783DFBD8F83CBD
:10A99000FBD8F83DFBD8F83C9D871BBEDCBD59BEFB
:10A9A000BCA23A3E000000004C304ABEDCBD59BE9D
:10A9B000654EA33EFBD8F8BC9D879B3D9D879BBD04
:10A9C0002D15ABBE4C30CABEFBD8F8BD0DFA0B3E00
:10A9D0000000000000000000F4DBB2BEDCBDD9BD09
:10A9E000DCBD593E9D871B3E4C304ABEE14F00BF47
:10A9F000654EA33E2D152B3EFBD8783D2D152B3EE5
:10AA0000BCA2BA3D4C304ABEFBD8783CBCA23A3E10
:10AA10004C304ABEFBD8F83C2D15ABBE2D152BBED5
:10AA2000BCA23A3EDCBD593EDCBDD9BDFBD878BDE9
:10AA30009D871B3E0DFA0B3E9D871B3E9D879B3DD0
:10AA4000BCA23ABDBCA23ABDFBD878BDFBD878BD4C
:10AA5000BCA2BABDFBD878BEDCBDD9BD4C304ABE65
:10AA60000DFA0BBE6B4B69BEFBD878BDBCA2BA3DDC
:10AA70009D879B3D2D152BBE0DFA0BBE4C30CABEDB
:10AA8000FBD8783CFBD8F8BDFBD8783DBCA23ABDDA
:10AA9000BCA2BABDD5C093BEBCA23ABDDCBDD9BD77
:10AAA000000000009D879BBEBCA23ABEBCA23A3EFD
:10AAB0000DFA0B3E0DFA0BBE9D879B3D4C304ABEF6
:10AAC000BCA23ABD0DFA0BBEDCBDD93DBCA23A3DDD
:10AAD0009D871B3EBCA23ABDBCA2BABDFBD8783C48
:10AAE000BCA2BA3D2D152BBEFBD8F83CFBD878BCD8
:10AAF0004C304A3EFBD878BCBCA2BA3D2D152BBECB
:10AB0000FBD8783CBCA23ABEFBD8F8BCFBD878BCDA
:10AB10009D871BBEBCA2BABDFBD878BEBCA23ABD05
:10AB2000FBD8F83CFBD8783DDCBD59BE4C304ABE62
:10AB30002D152B3EFBD8783CFBD878BC0DFA0B3E8C
:10AB4000FBD8F83DFBD8F83C00000000FBD8783D6E
:10AB50006B4B69BEBCA23ABD4C30CABE00000000BF
:10AB6000BCA2BA3DBCA23A3D9D879BBD0DFA0BBE6F
:10AB7000FBD8F83CFBD8783DFBD8783CFBD8F83CB8
:10AB800000000000BCA2BA3DFBD8783DBCA2BABD13
:10AB9000654EA33EBCA23ABEBCA2BABDFBD8F83DEE
:10ABA000FBD8F83C6B4B69BE9D879B3D2D152B3E1A
:10ABB000BCA2BABD0DFA8BBEBCA2BA3DA384E1BE55
:10ABC000FBD8F8BCBCA23A3DFBD8F83DFBD8783C9A
:10ABD0004C30CA3EDCBD59BE2D152BBEFBD8783D8E
:10ABE000FBD8F83DD5C093BEDCBDD93DFBD8783D40
:10ABF000DCBDD93DD5C093BEFBD8783CDCBDD9BE09
:10AC0000BCA2BABD9D879BBDFBD8F83CBCA23ABD97
:10AC1000A384E13EFBD8F8BD4C304ABEFBD8F8BD5A
:10AC2000BCA2BABDBCA23ABE9D879BBDDCBDD93DCE
:10AC30009D879B3DBCA2BABDBCA23A3D14F7D1BED4
:10AC40000DFA8BBEFBD878BCBCA23ABDBCA23A3D83
:10AC50004533843EFBD8F83CFBD8F8BE2D152B3E7F
:10AC6000FBD8F8BCFBD8F8BCA384E1BEFBD878BC09
:10AC7000BCA23A3DFBD8F8BC9D879BBD9D879BBE7F
:10AC8000FBD8F8BC00000000FBD878BC0DFA0B3EE6
:10AC90009D879B3DFBD8F83C4C30CABE4C304A3EA9
:10ACA000FBD8783DBCA23ABD0DFA8BBEFBD878BC70
:10ACB000FBD8F83CFBD878BCBCA23ABDF4DBB2BEF2
:10ACC000FBD8783DD5C0933EBCA23A3EFBD878BCB9
:10ACD000FBD8783EFBD8783D2D152B3E9D879B3DBC
:10ACE000FBD878BDFBD8F83D0DFA8B3EDCBDD9BD55
:10ACF000DCBD59BE453384BEFBD8783CFBD8F8BEDA
:10AD0000FBD878BCBCA23A3E4C304A3EFBD8783CDB
:10AD1000FBD8783EBCA23ABD2D152B3EBCA23ABD55
:10AD2000BCA23A3D9D879BBD9D879B3DDCBDD93D27
:10AD3000FBD878BDDCBDD9BD000000002D15ABBE31
:10AD4000DCBDD9BDFBD8783D9D871B3EFBD8F8BC48
:10AD5000BCA2BA3EFBD8F83C2D152B3E0DFA0BBE1B
:10AD6000BCA23ABEBCA23A3DFBD878BCDCBDD93D02
:10AD700000000000FBD8F8BDDCBDD9BD9D879BBE9F
:10AD8000FBD8783C9D879B3DFBD8F83CBCA23A3D64
:10AD90006B4B693EFBD878BCDCBDD93EFBD8783D17
:10ADA0000DFA0BBE00000000654EA3BE2D152B3E14
:10ADB000BCA2BABDBCA23A3D00000000FBD878BEE0
:10ADC0000DFA0B3EFBD8F83DBCA23A3DFBD8F83C4F
:10ADD000FBD8F83DFBD8783CF4DBB23E0DFA0B3ED5
:10ADE000FBD878BD9D879BBDDCBD59BE2D152B3E84
:10ADF0009D871BBEFBD8F83C0DFA0BBE4C304ABEFB
:10AE0000DCBD593E9D879B3EBCA2BA3E0DFA0B3E6F
:10AE10009D879BBDDCBD593E4C304A3EFBD8783DFA
:10AE20004C304ABE2D15AB3E9D879B3DBCA2BABDA2
:10AE3000A384E1BE000000002D152B3EA384E1BEDB
:10AE4000FBD8F8BC4533843E0DFA8B3E4C304A3E6D
:10AE5000FBD8783C9D879B3EFBD8783CFBD8F83CE0
:10AE60006B4B69BEFBD8783D0DFA0BBEBCA2BA3D58
:10AE70008469C2BEFBD878BDFBD8F83DD5C093BE6F
:10AE8000000000009D879B3EBCA23A3D9D871B3E73
:10AE9000FBD8783DFBD8783D9D879B3DFBD8F8BC1F
:10AEA000FBD878BE6B4B693E0DFA0B3E4533843EB2
:10AEB0004C304ABEFBD8783CFBD8783DBCA2BABD2A
:10AEC000FBD878BC0DFA8B3EFBD8F8BDBCA23A3E4D
:10AED000BCA2BABD9D879BBDFBD8783EFBD8F83D90
:10AEE000453384BEBCA23A3EBCA2BABDBCA23A3D28
:10AEF000BCA23ABEDCBDD93DDCBDD93D2D152B3EF3
:10AF00004C304ABE4533843EBCA23ABD2D152B3E83
:10AF1000BCA23ABDBCA2BABDBCA23A3DDCBDD93D83
:10AF20009D871BBE0DFA0B3E0DFA0BBE9D879BBD88
:10AF30000DFA8BBEFBD8F8BCFBD8F83CBCA2BA3DDE
:10AF4000B26EFBBECC1C3BBD0000000099CEC6BE5D
:10AF500032B9233E6607183ECC95753ECC1CBBBD6E
:10AF6000E643B53EFF6AAF3E660718BE32325E3E2C
:10AF7000FFE369BD32325EBEB37C063FCC1C3B3C76
:10AF800032B9A3BD32325E3E32B9A3BD190BE4BE65
:10AF900099550CBD99550C3DCC1CBB3CFFE369BEDB
:10AFA000FFE3E93D1992A93ECC1C3BBDFFE3693D9F
:10AFB0006680D2BD7F2E92BEB37C063F99550CBDF4
:10AFC00099CE463E6680523ECC1CBBBC7FA7CCBE11
:10AFD00099550CBD99558C3D32B9A33D0C420F3F9C
:10AFE000CC1C3B3ECC1C3BBECC1CBBBD6680D2BD4A
:10AFF00032B9A3BDCC1CBBBD6680D23DFF6A2F3EDB
:10B00000CCA3003E6680D2BDCCA300BE99550CBF38
:10B01000668052BECC1C3B3DCC1CBB3C1992293FE8
:10B02000FF6A2F3ECC1C3B3C4CE09DBE99558CBD2D
:10B03000CC9575BECC1C3BBDCCA300BF32B9233E22
:10B04000B37C86BEFF6A2FBECC1C3BBDFFE369BE4E
:10B0500099550CBDCCA3003ECC1CBBBCB37C863E3A
:10B06000FFE3E9BD32B9233ECC9575BE99558CBD41
:10B07000660718BFCC1CBBBC3232DEBEFFE3693EA4
:10B080007FA7CCBE00000000E64335BF32B9A3BDA8
:10B090007F2E92BECC1C3BBDCC9575BECCA300BF11
:10B0A000668052BE1992A9BE32B9A3BE32B9A3BE00
:10B0B000CC1CBB3C99550CBDCC1CBB3ECCA300BEEC
:10B0C000FF6A2FBECCA3003EF31A15BF660798BED9
:10B0D00099558CBE32325EBECC1C3BBF99CE46BE6B
:10B0E000FFE3E9BD99CE46BE99558C3D660718BE73
:10B0F000FFE3693D99558CBDFF6A2F3E99CE46BE50
:10B10000CC1CBB3D6607183E99CEC63EFFE369BE28
:10B11000FFE369BEFF6A2F3EB37C86BE32B9A33E11
:10B12000FFE3E93DCCA300BECC1C3B3D32B9A3BD3F
:10B13000CC1CBB3DB37C863E3232DEBE7F2E923EBF
:10B1400099550C3E668052BECC1C3BBCD9F31ABF4D
:10B15000CCA380BECC1C3B3DCC9575BEB2F5C03EA9
:10B1600032B9233E7F2E92BE99550CBE266909BF87
:10B1700099550CBE6607183E99CEC6BECC1CBBBC0A
:10B18000CC1C3BBEFFE369BE6607983E1992A9BE80
:10B19000CC9575BEFFE369BE3232DEBE99CE46BEA7
:10B1A000660798BEFFE3693DCC1CBBBDB37C863E01
:10B1B000FF6AAFBE660718BE7F2E92BECC1C3B3C1A
:10B1C000B26EFBBECC1CBB3D6607183E6680D23D0E
:10B1D0006680D2BD32325E3ECC1CBB3DFFE369BD12
:10B1E000CC1C3BBCB37C063FCCA300BECC1CBB3EFE
:10B1F00099558CBD99558CBDCC1CBB3C32325E3E02
:10B20000E643B5BE99558C3D99550CBDCCA300BE07
:10B21000190BE4BEFF6A2F3E6680D23DCC1CBB3CBE
:10B22000CC1CBB3DB2F5C03E668052BE99558C3EEB
:10B23000CC1C3BBCFFE369BD99558C3D6607183EAD
:10B2400099550C3DCC1CBB3C99558C3D32B9A33D66
:10B25000CC1C3BBE6680D23D6680523EFF6A2F3ECC
:10B26000FFE3E93DCC1C3B3D7F2E92BEFFE3693EF0
:10B27000CC1C3BBD00000000CC1C3B3D32B9233E42
:10B28000CCA3003ECC1C3BBE99558CBD99558CBEC1
:10B2900099550CBDFF6A2F3ECC1C3B3C99558C3D0B
:10B2A000B37C863ECC1C3BBC32B923BE0000000000
:10B2B00032B923BECC1CBB3CFFE369BECC1C3B3D7A
:10B2C00099558CBE99CE46BE99558CBDCC1CBBBE43
:10B2D00032B9A3BECC1C3BBD99558CBD7F2E12BF8D
:10B2E00099558CBEFFE369BDCC1C3BBC660798BE7C
:10B2F000668052BECC1C3BBEA6A526BFCC1CBBBCE8
:10B30000E5BCEFBE00000000F31A15BF99558C3D57
:10B310006607183E32B9233EB2F5C0BE32B9A33D2E
:10B32000CCA3003E6680D23EFFE3E93D4C59D8BE37
:10B33000660718BE6680523E190BE4BEFFE3693E05
:10B340006607183EFFE3693D7F2E92BE32B923BEE9
:10B35000CC9575BECCA3003EFFE3E9BE99CE46BEB8
:10B3600099550C3DFFE3E93DCCA3003E660718BEAE
:10B37000FFE3E9BDCC1CBB3DCC1C3BBD32B9233E39
:10B38000CC1CBB3C99550C3DCC1C3B3D4CE09DBEC0
:10B39000FFE3E9BDCC1C3BBC99558CBECC1C3BBD2E
:10B3A0007F2E92BE7F2E92BE99CEC63E32B9A3BEEC
:10B3B000CCA380BECC95753E660718BE99CE463E9E
:10B3C0007FA7CC3EFF6A2FBEFFE3E9BDFFE369BE66
:10B3D000FF6A2FBE99550C3E4C59D8BECC95F5BE90
:10B3E000CCA3003EFFE369BD7F2E923EE5BCEFBEDD
:10B3F00099550CBE6680D23E0000000099550CBEE7
:10B4000099550C3E99CE46BE32B9A3BDE5BCEFBE00
:10B4100099550CBD00000000CC1C3B3C7F2E12BF98
:10B42000FFE369BD000000006680D2BD7F2E923E22
:10B43000CC1C3BBE6680D2BDFFE369BDFFE369BDA6
:10B44000CCA380BECC1C3B3CFF6A2FBE32325E3E9A
:10B45000FFE3E9BD32B9A33ECC1C3BBC660718BE76
:10B4600099550CBDFFE3E93E99550CBDCC1C3BBC86
:10B47000CCA300BECC1C3BBC4CE09D3E99550C3E81
:10B4800032B9A3BD99558CBDCC1CBBBC99CE463EF0
:10B49000CC95F5BEFFE3E93D32B9A33D190BE4BEFF
:10B4A000668052BE7F2E923E99CE46BE99550CBD07
:10B4B000E643B5BE99558C3DCC1CBB3ECCA3803E2B
:10B4C000CC1C3B3C00000000FFE3693DCCA3003EE8
:10B4D0001992A9BE660718BE99550C3DB37C86BE6D
:10B4E0001992A9BECCA380BECC1C3BBE99558CBD85
:10B4F000660798BE4C59D83E4CE09D3E99558C3E0F
:10B50000FFE3E93D32B923BECC1C3B3D6680D23D12
:10B51000B2F5C0BECC1C3B3CCC1CBB3DCC1C3BBFE5
:10B52000CC1C3B3ECC1CBBBD4CE09D3ECC1CBB3C74
:10B5300032B923BE32B9A33E32325E3E99550CBEBB
:10B5400099CE463E668052BE99558C3D32B9A3BD18
:10B55000CCA300BE4C59D8BE32B923BE99550CBFFE
:10B56000FFE369BE99558C3ECC1CBBBCCC1CBB3DDB
:10B57000660718BE99558C3D99550C3ECC9575BE05
:10B58000FEBF563E8CE33E3E8CE33EBD6F9C6EBEDE
:10B590008CE3BEBD00000000A92A8FBD8CE3BEBEB7
:10B5A0008CE3BEBC8CE33EBD8CE3BE3D00000000DE
:10B5B000FEBF56BE1A0727BEA92A8F3D703C833EA8
:10B5C0008CE33E3D8CE33E3EA92A8F3DA92A8F3D68
:10B5D0006F9CEEBD703C833E6F9CEEBD1A07A7BE0C
:10B5E000FEBF563E8CE33E3D8CE33E3D1A07273EB0
:10B5F000A92A8FBEA92A0F3E8CE33E3EA92A8F3D81
:10B60000A92A0FBE8CE3BEBC8CE3BEBC00000000C8
:10B610008CE33E3D8CE3BEBC8CE33EBEA88AFABE02
:10B62000A92A0FBEA92A8FBD8CE33EBD8CE3BEBD07
:10B63000703C83BE8CE33E3D6F9CEE3D00000000FD
:10B64000A92A0F3E8CE33EBD8CE3BEBC8CE33EBE1C
:10B65000A92A8F3D1A07A7BEA92A8F3D8CE33EBDBC
:10B660008CE33E3D6F9CEEBD8CE3BEBCA92A0F3E31
:10B67000A92A8FBD8CE3BE3DA92A8FBDA92A0F3E02
:10B680006F9C6E3EA92A0FBEA92A8F3D6F9C6EBE8D
:10B690001A0727BE703C83BF6F9CEE3D1A0727BE7A
:10B6A000A92A8FBD000000006F9C6EBE1A07273EBE
:10B6B000A92A8F3D1A07A73E8CE3BE3C8CE33EBE11
:10B6C0008CE3BE3C1A07273E8CE3BE3D0000000021
:10B6D000A92A0FBE8CE33EBD36AEE2BE1A0727BED6
:10B6E0008CE3BEBD8CE3BE3C6F9CEE3D8CE3BEBCE8
:10B6F0008CE3BEBC8CE3BEBD00000000C5D1CA3ED9
:10B700008CE33EBD6F9CEE3D1A07273E8CE33E3E28
:10B710008CE3BEBC8CE3BEBC6F9C6EBE1A0727BE1A
:10B72000A92A8F3E8CE3BEBC8CE33E3DA92A8FBD87
:10B730008CE3BEBDA92A8FBD6F9CEE3D8CE33E3DE0
:10B740008CE3BEBC8CE3BE3C8CE3BE3CA92A8F3D9F
:10B75000A92A8F3D36AE62BF53F5B2BE8CE3BEBCA4
:10B76000FEBF56BE703C83BEA92A8FBD1A0727BEF6
:10B7700000000000A92A0FBEFEBF56BE8CE33EBDEE
:10B780008CE3BE3C8CE33EBD8CE3BE3D6F9CEEBDC6
:10B79000A92A0F3E8D3309BF8CE3BE3C8CE3BEBCAF
:10B7A000A92A8F3DFEBF56BE8CE3BEBCFEBF563EEF
:10B7B0001A07273E6F9CEEBD6F9CEEBD8CE3BE3D2D
:10B7C0008CE3BE3D6F9CEEBD8CE3BEBC6F9CEEBDBA
:10B7D0008CE33E3D8CE3BEBF703C833EA92A8F3D87
:10B7E0008CE3BE3D6F9CEE3DA92A8FBD6F9CEE3D64
:10B7F0006F9C6E3E8CE3BEBC1A07A7BE703C83BE36
:10B800008CE3BEBD6F9CEE3DFEBF563E8CE3BEBCDE
:10B810008CE3BE3C8CE3BEBD8CE3BEBE703C83BEFD
:10B820008CE33E3DA88AFA3E8CE3BE3D8CE3BEBC71
:10B83000A92A8F3D8CE3BEBD00000000000000007F
:10B840008CE3BE3C6F9CEE3DA92A8F3EA92A0F3E99
:10B850008CE3BE3C8CE33EBDA92A0FBE8CE33E3D8B
:10B86000A92A8F3DA92A8F3EA92A8F3D8CE3BEBC11
:10B87000A92A8F3D8CE33E3DA92A8F3DA92A0FBE00
:10B880008CE33E3D8CE3BEBD8CE3BE3C8CE3BE3C12
:10B890008CE3BE3CFEBF56BFA92A0FBE8CE3BE3C64
:10B8A0008CE3BEBD8CE33E3D8CE33EBD6F9CEEBDA4
:10B8B0006F9CEE3D8CE3BEBC000000008CE3BEBC80
:10B8C000000000008CE33EBE8CE3BEBC8CE3BEBC3B
:10B8D0008CE3BE3CA92A8F3D1A07273E00000000DA
:10B8E000A92A8F3D8CE33EBD8CE3BEBCA92A8FBD47
:10B8F0008CE33E3E8CE3BE3C8CE3BE3CA92A0F3E6B
:10B9000000000000FEBF56BE6F9C6EBEA92A0FBE8F
:10B9100000000000FE0F21BF1A07273E8CE33E3DCA
:10B920001A07273E8CE33E3DA92A0FBE1A0727BE01
:10B9300053F5B23E1A07273E1A0727BE1A07273EBD
:10B940008CE3BEBCA92A0F3E1A07273E6F9CEEBDB2
:10B95000A92A0F3E8CE33E3D1A0727BEE2189BBE84
:10B960008CE3BE3CFEBF563EA92A0F3E8CE3BE3C94
:10B97000000000008CE3BE3D8CE3BE3C8CE33EBD8A
:10B980008CE3BEBC8CE33E3DA92A8F3DA92A0F3E25
:10B990008CE3BE3CFEBF563E00000000A92A8FBDCE
:10B9A0008CE3BE3C6F9C6E3E6F9CEE3DA92A8FBD22
:10B9B0006F9CEEBDA92A8F3D8CE3BE3C1A0727BEC3
:10B9C000A92A0FBE8CE33EBD53F5B2BE8CE3BEBCCC
:10B9D0008CE3BE3CE2189BBEE2189BBE8CE33EBDEE
:10B9E0006F9CEEBD8CE3BEBC703C83BE8CE3BEBCE2
:10B9F000000000006F9C6EBE8CE33E3DA92A0FBE86
:10BA0000A92A8FBE8CE3BEBD703C83BE000000003F
:10BA1000A92A8FBD6F9CEE3D8CE3BE3C8CE3BEBC7F
:10BA20008CE3BE3D6F9C6EBEA92A0F3E8CE3BEBD6B
:10BA30008CE3BE3CA92A8FBE8CE3BEBC8CE3BEBCAB
:10BA40006F9CEEBD8CE33EBEC5D1CABE6F9CEEBD01
:10BA50008CE33E3DE2189BBEC5D1CABE6F9CEE3D55
:10BA60008CE33E3E000000006F9CEE3D1A0727BEAF
:10BA7000A92A0F3E8CE3BEBD8CE3BEBD8CE33E3DE8
:10BA80008CE33EBDFEBF563E6F9CEE3DFEBF56BEF4
:10BA90008CE3BE3C8CE33E3E8CE3BE3C8CE3BEBC00
:10BAA000000000008CE3BEBD8CE3BEBCA92A8FBDA4
:10BAB0008CE3BEBC8CE3BE3DA92A8FBD8CE3BE3CAB
:10BAC000A92A8FBD8CE3BE3DA92A0F3E8CE3BE3C64
:10BAD000000000008D33093F00000000A92A0F3E3E
:10BAE0006F9CEEBDE2189B3E6F9C6E3E8CE3BEBC2D
:10BAF000A92A0FBE8CE3BEBC8CE3BEBCFEBF56BE03
:10BB00008CE3BEBD00000000C5D1CABE8CE33EBDC3
:10BB100000000000A92A8F3D6F9C6EBE1A07273EC9
:10BB20008CE3BEBC8CE33E3D8CE3BE3C6F9CEE3DA3
:10BB30008CE33EBEFEBF56BE000000006F9CEEBD13
:10BB4000A92A8FBDA92A8FBD703C83BE8CE33EBD60
:10BB50008CE3BEBC8CE33EBEA92A8FBD8CE33EBD08
:10BB6000A92A0FBE8CE3BEBC6F9C6EBEA92A8FBDF6
:10BB7000A92A0FBE6F9C6EBE8CE3BE3CA92A8F3DE6
:10BB80008CE33E3E8CE33EBEA92A8FBE8CE3BEBD55
:10BB9000A92A8F3D53A568BF6F9C6EBE8CE3BEBCC7
:10BBA000A92A8F3DA92A8F3D6F9CEEBD6F9C6EBE6A
:10BBB0008CE3BE3DFEBF56BE8CE33E3D1A07273EDA
:10BBC0007673C93DF94C863CB406EB3D7673C93EAD
:10BBD0007673C9BDD6A9383EB406EBBD7673C93DB0
:10BBE000F94C06BF911A02BFF94C863EF94C863CCF
:10BBF000B4066BBEB4066B3EF94C06BD37E0A73DFC
:10BC00007673493D981617BE53D07B3E836BF33E47
:10BC1000C9B18EBEF94C06BD7673493DF94C06BEDE
:10BC200053D0FBBE7673493D687B9F3EB406EB3D27
:10BC30007673C9BEE4A1E23E0000000053D07B3E13
:10BC4000D6A9B83ED6A938BE7673493EA60EC13EE7
:10BC50000745B0BEF94C863D7673493EF94C86BE29
:10BC6000F94C86BE767349BD153D5A3EF94C86BDEA
:10BC70000745B0BEF94C06BD7673C93DF94C863D0B
:10BC8000F94C063E7673493D37E0A73DD6A9383ECC
:10BC90000000000037E027BE53D07BBEE4A1E2BE27
:10BCA000153D5ABEF94C06BF767349BD53D07BBED5
:10BCB0007673C93DF94C863CC9B18E3EB406EB3E65
:10BCC0000745B0BE836BF3BE7673C93D153D5ABEC2
:10BCD0007673493E7673C93D00000000B406EB3D23
:10BCE000C9B18E3EA60EC1BEF94C863CB406EB3DF2
:10BCF0009816973E767349BD767349BDF94C86BC5C
:10BD0000D6A9383EF94C063E7673C93DC9B18E3E80
:10BD10007673493DD6A9B8BE7673C93DB406EB3DEE
:10BD20007673C9BDA60E41BFD6A9383EF94C063D73
:10BD30000745B0BE7673C93D00000000F94C86BCD3
:10BD4000153D5ABEF94C863CD6A9B83E37E0A73E11
:10BD500037E027BEF94C06BDD6A9383E37E0A73DEF
:10BD6000767349BE617F0ABF9816173ED6A9383E42
:10BD7000153DDABEF94C063DF94C863D7673C9BDDA
:10BD80007673493DF94C06BE7673493EF94C863EC2
:10BD9000B4066BBE7673C9BD153D5A3E767349BE77
:10BDA000B4066BBE37E0A73D37E0273E767349BD4A
:10BDB000F94C86BE767349BDF94C86BDF94C863C7C
:10BDC000D6A9383EF94C063E53D07B3E0000000019
:10BDD000D6A938BEF94C06BEF94C86BCC9B18EBE98
:10BDE000F94C86BD981617BEF94C06BDF94C863C39
:10BDF0007673493D37E0273EF94C863DA60EC13E9D
:10BE000053D0FBBE687B9FBEB4066B3E37E0A7BE37
:10BE1000B4066BBEF94C863EF94C06BDD6A938BEB9
:10BE20007673C93E836BF3BEF94C063EF94C863DF2
:10BE3000F94C863EF94C86BCB4066BBEF94C063E06
:10BE400037E027BE7673C93D7673C93D53D07B3E3C
:10BE5000F94C06BD4CD466BFF94C86BD000000000D
:10BE6000981697BEF94C06BE153D5A3E7673493D6D
:10BE7000A60EC1BEF94C86BED6A9383EF94C06BD09
:10BE8000687B9FBEF94C063DB406EB3D37E0A73E0C
:10BE90007673C93DB4066BBE00000000767349BDE1
:10BEA000153D5ABE37E027BE37E0A73EF94C86BDA8
:10BEB000153D5ABEF94C863D53D07B3E9816173E31
:10BEC000767349BEF94C063D9816173E53D07B3E1B
:10BED000B406EB3D767349BD9816173E37E0A7BD13
:10BEE000D6A9383E9816173EF94C86BCE4A1E2BEAE
:10BEF000981617BE7673493E9816973EC9B18E3E86
:10BF000037E0273EF94C063E00000000153D5ABEC2
:10BF10007673493EB406EBBD7673493DB4066BBEFD
:10BF20007673493D37E0A73DA60EC1BE153DDABE8A
:10BF300000000000D6A9B83ED6A9B83E153D5A3E2D
:10BF400053D07BBEC9B18EBE37E0A73D30E412BFEF
:10BF5000B406EB3D7673493DF94C063DF94C863C01
:10BF600037E0273ED6A938BED6A938BE53D0FBBE8F
:10BF700037E0273E00000000A60EC13EF94C863E89
:10BF8000F94C863EF94C86BCF94C863DF94C863E10
:10BF90007673C9BD617F0ABF00000000F94C063E00
:10BFA000D6A938BE0745B03EB4066B3EB406EB3D9D
:10BFB0000745B0BED6A9383EF94C06BDB406EB3DE8
:10BFC000153D5ABE7673493DB406EB3DD6A9383EC1
:10BFD000767349BED6A938BE9816173E37E0273E7D
:10BFE0007673C9BD767349BD153D5A3E0000000009
:10BFF000981697BE0745B03E7673C93DB4066B3EB2
:10C00000911A02BF767349BD0745B03E37E0273E1F
:10C01000F94C86BCF94C86BDF94C06BDD6A938BE94
:10C020007673493E37E0A7BD0745B03EC9B18EBE25
:10C0300037E027BEB406EBBD37E0A7BD53D0FB3ECB
:10C04000C9B18EBED6A9383EB406EB3D7673C9BEE3
:10C05000F94C063EB4066BBE687B9FBEF94C863D2C
:10C06000D6A938BE53D07B3E37E0A7BDB4066BBE21
:10C07000836BF3BE7673493DF94C063DC9B18E3EE4
:10C080000745B0BE45D8D1BE37E0273E074530BF93
:10C09000F94C86BD7673C93DB406EBBE37E0A7BD4B
:10C0A00037E0A73D7673493E7673493DF94C86BC2F
:10C0B000F94C86BD767349BEF94C063EA60EC13ECC
:10C0C000D6A938BEF94C863CB406EBBD45D8D13E66
:10C0D000A60EC1BE836BF3BEC9B18EBE53D07BBE6C
:10C0E000B406EBBD37E0A7BEF94C86BEF94C063D61
:10C0F000F94C86BE37E0A7BD7673C9BDB4066B3E6A
:10C1000000491BBF7673493DF94C863C7673493E26
:10C11000A60EC1BEB406EBBDF94C863C37E0A73D88
:10C12000D6A938BEF94C06BE0000000037E0A73D96
:10C13000687B9FBED6A938BE37E0A7BDD6A9B83E5A
:10C14000F94C86BFF94C863DF94C863EB406EB3D72
:10C15000F94C06BDF94C863C9816173E981617BE4A
:10C160007673C93D767349BE37E0A73D37E027BEF9
:10C17000153D5ABE767349BDF94C86BD9816173FDA
:10C18000617F0ABF37E0A73D9816973EF94C06BF7E
:10C19000767349BDB406EBBD687B9FBE37E0A7BD93
:10C1A00053D07BBEF94C063D37E0A7BDF94C863D28
:10C1B000A60E41BFF94C86BCD6A9383E153DDA3EE5
:10C1C000A60EC1BE687B1FBF9816973E767349BF07
:10C1D0007673493DB406EB3D981697BEF94C06BE02
:10C1E00037E027BE37E0273EF94C06BE767349BDDF
:10C1F00053D0FBBE981617BE53D07BBE911A023F98
:10C200006C5F363F49B0B9BDA27A61BE63291F3D5C
:10C21000AA8798BEF0E511BE0352C0BE15BEEEBDA2
:10C2200015BEEE3D14950E3F0352C0BED66C2CBE1B
:10C230002F3754BDF0E5113E15BE6E3E63299F3E7B
:10C2400088017C3E37440BBF15BE6EBE7DA2043E06
:10C2500063299FBD15BEEE3D2F37543CF0E511BF5D
:10C2600049B0B9BD49B0B93E37448BBEE8D8DABE53
:10C2700015BEEEBD88017CBEA27A61BE49B0B93D53
:10C280007695CDBE49B0B9BE2F3754BC49B0B93D43
:10C2900063291FBE63291FBD88017CBE7695CDBE74
:10C2A0007DA2843D7DA204BEBCF346BE63291F3D32
:10C2B0002F3754BD63291FBD7DA2843D00000000BF
:10C2C0002F37D4BD00000000F0E5113E63291F3D6B
:10C2D0002F37D4BC49B0393ED66CACBE2F3754BCD6
:10C2E0002F37543EBCF346BEA27A61BE63291FBD00
:10C2F0002F3754BD2F37543D49B0B9BD2F3754BCEB
:10C300002F37543E7DA284BD7DA284BD63291FBE0C
:10C310007DA204BE2F37543C63291FBD63299F3D76
:10C32000BCF346BE2F37543DD66CACBE2F3754BC41
:10C33000F0E511BEF0E511BE2F37D4BD2F37543DC7
:10C3400014950E3F63299F3DF0E511BE15BE6EBEEC
:10C350002F3754BE2F37D43C2F3754BD37448BBEB4
:10C3600088017CBED66CAC3E15BEEEBD15BE6EBE61
:10C3700049B0B9BDE8D8DA3E63291FBD63291FBDA6
:10C38000BCF3463E0352C0BE63299FBD2F37D4BDC8
:10C390000352C0BE1DCBA53ED66C2C3E5AF307BF40
:10C3A000000000002F37543E15BEEEBD2F3754BDA0
:10C3B00015BEEEBD7DA2843E2F37D4BC49B039BE38
:10C3C0002F3754BE5B1CE8BE7DA2043E15BEEE3D79
:10C3D00063299F3D63291FBD7DA204BEBCF3C6BE79
:10C3E00063299F3D15BE6EBE49B0B93D49B0B93D08
:10C3F00063291FBD63291FBE15BEEE3D88017C3E2B
:10C40000D66C2C3EF0E511BE15BE6E3ED66C2C3EB1
:10C41000A27A61BE49B0393E88017CBEBCF3C63EFB
:10C420007DA284BDF0E591BEF0E5113E2F37D43CEE
:10C4300049B0B9BDA27A61BE2F37D4BDD66C2C3EAF
:10C4400049B0393E2F37D4BD63291F3D7DA2043E3C
:10C45000AA8798BE7DA2843E49B0B93D15BE6E3E06
:10C4600088017CBE63299FBD63291F3EF0E511BE94
:10C47000A27A61BE49B0B9BED66C2CBE63299F3E7C
:10C480002F37D43C5B1CE83E2F3754BF15BE6EBE21
:10C49000CD3615BF49B0B93D2F37543D7DA284BD7F
:10C4A0002F3754BD15BE6E3E49B0B9BE2F3754BCB0
:10C4B00049B039BE2F3754BE49B0B93DD66C2CBEF9
:10C4C00063291F3D63291FBDCE5FF5BE000000003C
:10C4D00015BEEEBED66CAC3E49B0B93D407A22BF27
:10C4E00063291F3D2F37543C2F3754BE2F37543C00
:10C4F0002F3754BE000000002F37D4BD1DCBA5BE82
:10C500002F3754BD1DCBA5BEA27A613E2F37D4BCB8
:10C51000CE5FF53E2F37D4BC7DA2843D88017C3EA2
:10C5200063291F3ED66C2CBE7DA204BE7DA2843E34
:10C53000BCF346BE2F37D4BD2F37D43C49B0393E6B
:10C5400049B0393E0352C0BE49B0B93EA27A613EFD
:10C55000E8D8DA3E49B0393ED66C2CBEAA87983E60
:10C5600063291FBDA15101BFAA8798BE63299FBD42
:10C570007DA204BEBCF3C6BE0352C0BE49B0B93DE5
:10C5800015BE6E3E49B039BE00000000A27A613E81
:10C59000AA87183F63299F3DD66C2C3E2F37D43D88
:10C5A0007DA204BE1DCB25BF63291FBE1DCB25BFA9
:10C5B00015BEEEBD1DCBA5BE7DA204BE00000000D1
:10C5C00088017CBE15BEEE3E2F3754BE49B0B9BEC1
:10C5D000900E33BF2F37543E37448BBE2F37D4BE17
:10C5E00088017CBE2F37D43D7DA284BDBCF346BEFE
:10C5F00063299FBD2F37D4BDAA8798BE63291FBF6B
:10C600007DA2843ED66CAC3E63291FBD15BEEE3DB7
:10C6100049B039BEA27AE13EF0E5113E49B0B9BD5C
:10C620002F37543DF0E5113FA27A613E2F37D4BC3D
:10C630002F3754BE7DA284BD15BEEEBD37440BBF5F
:10C64000AA87983E49B0B9BD37448B3ED66C2CBE04
:10C6500063291FBE000000002F37D4BD15BE6E3EFB
:10C6600063291F3EF0E5913E2F37543D49B0B93E56
:10C6700049B0B9BE2F3754BCF0E5113E1DCBA53EE5
:10C68000AA87983EBCF3C6BE49B0B93E2F37D43D09
:10C690002F3754BE15BEEE3D2F3754BD00000000AD
:10C6A000F0E511BE1DCBA53E2F37543C63299F3DBD
:10C6B00088017CBE5B1CE8BEA27A61BE15BEEE3D61
:10C6C000A27A613EE8D8DABED66C2CBE2F37543D34
:10C6D000D66C2C3E63299F3D2F3754BD15BE6E3E50
:10C6E00015BEEE3D7DA2043E63299FBD2F37543C0D
:10C6F00063291FBD37440BBF63291FBE7DA2843D44
:10C700005AF307BF37440B3F1DCBA5BE1DCBA5BEBB
:10C7100049B039BFBCF3463EA15101BF63299FBD5B
:10C720002F3754BD15BEEE3D63299FBDA27A61BE71
:10C730007DA204BE2F3754BC0352C0BEA27AE1BE14
:10C740000352C03EBCF3C63E900EB3BEF0E5913E30
:10C75000BCF346BEA27AE13E15BE6E3E15BE6EBE6D
:10C760007DA2043E7695CD3E63299F3E2F37D43D72
:10C770001DCBA5BE63299FBD2F37D4BD49B0B9BE1F
:10C78000AA87983E2F37D43C49B0B93D37448BBE79
:10C7900049B039BE2F37D4BC88017C3E2F37D4BC7A
:10C7A0002F37D43D49B0393E7DA204BE7695CD3EAB
:10C7B00049B0B9BE15BEEEBD49B0B9BD63299F3EB3
:10C7C00015BE6E3E2F3754BEAA87983E49B0B93D7C
:10C7D0002F37D4BC7DA284BD7DA2843E15BEEE3D24
:10C7E000D66C2CBEA27AE13E2F3754BD49B039BE7B
:10C7F000F0E511BE63299FBD15BE6EBE7DA2043E4D
:10C8000037448B3EA27AE1BE2F3754BC63291F3DCB
:10C810007DA2043F2F3754BC7DA2843D7695CD3E4A
:10C8200049B0B93DBCF3463E2F37D4BC49B0393E80
:10C830007DA2843D1DCBA5BE63291FBEAA87983E5D
:10C84000DB77BCBE6108493E6108C93C6108C93D4F
:10C850006108C93D49C6963D6108493D6108C93C2A
:10C86000CF56A33E6D29623E0000000049C616BEA9
:10C8700049C6163E55E72F3EC3350ABF6108493EFB
:10C8800049C6963D6108C93D6108C9BC6108493E79
:10C89000C3358A3E610849BD6108C9BD6108C9BD8B
:10C8A0006D29623E6108C93D55E72F3E794AFBBDBF
:10C8B0006108C93C6D29623ECF56A3BE6108C93CE0
:10C8C00049C6963D49C696BD610849BE6108C93D45
:10C8D0006D29623E6108C93D6D2962BEE798D5BEEB
:10C8E00049C6963D794AFBBD0000000000000000EB
:10C8F00049C616BE0000000049C6163E6108C9BD03
:10C900006108C93D610849BD6108C93C6108C93C6D
:10C91000794A7B3E6D29623E610849BE6108C93D86
:10C920000000000049C696BE6108C9BC6D29623E80
:10C9300049C616BE49C6963DC3358A3E6108C9BC84
:10C94000610849BD794AFBBD55E72F3ECF56A33E4E
:10C9500049C6163E80ED033F6108C9BC794A7B3E5B
:10C960006108C9BC794AFBBD6108493D49C6963D8D
:10C970006108C93D794A7B3E6D29E23E49C6963E33
:10C980006108C9BE610849BE6108493D794AFB3D5D
:10C99000610849BD49C696BD80ED03BF794AFBBE1B
:10C9A000794A7B3E6D2962BE49C616BE0000000072
:10C9B000794A7B3E794AFBBD49C696BE794AFBBDA2
:10C9C000CF56A33E6108C9BD49C616BE49C6963DAD
:10C9D0006108C93E49C6963D6108C9BE129F29BF7C
:10C9E00049C6963D000000006108C93C6108493D08
:10C9F000794AFB3D6D2962BE6108C9BC610849BE28
:10CA000049C6163E6108C93C55E72FBE6108C93DBD
:10CA1000794A7B3E794A7B3E794AFBBD49C616BEC0
:10CA200049C696BD49C616BE794AFB3D610849BD57
:10CA300049C616BE610849BD55E72F3E6108493E0B
:10CA40006108C93D6108C9BC000000006108C93C1B
:10CA50006108493E55E72F3E000000006108493D4E
:10CA6000794AFBBD794A7BBE49C6163E00000000EC
:10CA700049C616BE49C696BE49C6963E6108C93C1F
:10CA80006108493D6108C9BD49C6963E794AFB3DEA
:10CA900049C6963D49C6163E6108C93D6108C93D73
:10CAA00049C6963D49C696BD6108C93D6108C93D64
:10CAB000610849BD00000000C3358A3E6108C93DD8
:10CAC000C3350ABFDB77BCBE6108C9BC49C6963D09
:10CAD00049C6963D55E72F3E794A7BBE6108C9BEDF
:10CAE000DB77BC3E794AFB3D6108C9BD6108493E20
:10CAF000C3358A3E55E72F3E0000000049C616BEEA
:10CB00006D29623E794AFBBD794A7BBE794AFB3D7D
:10CB100049C6963D794A7B3ECF56A3BE55E7AFBE88
:10CB2000794AFB3D6108493E6108C93C6108493DBD
:10CB30006108C93CC3358A3E55E72F3E49C696BEBB
:10CB400049C6163E49C6963D6108493D6108C93D42
:10CB50006108C9BD6108493E55E72FBE55E7AFBE24
:10CB6000610849BE49C696BD6108C9BD55E72FBEDB
:10CB7000794A7BBE000000006108C93C6108C93DDC
:10CB80006108C93D6108C93C6108493E49C616BEF5
:10CB900049C6963D49C616BF794AFBBD6108C9BC66
:10CBA00055E72FBE794AFBBD794AFBBD6108C9BC78
:10CBB00049C616BEC3358ABE6108C93CCF56A3BE5E
:10CBC000794AFB3D610849BD80ED033F55E7AFBEA3
:10CBD00049C6963E1EC042BF49C6963DDB77BC3E65
:10CBE0006108493E794AFBBD000000006D29623EA4
:10CBF0006108C93D6108C9BC49C6163ECF56A3BEEF
:10CC000049C616BE55E7AFBE6108493D794AFB3DAE
:10CC10006D29623E55E7AF3E55E72FBEC3358ABE4C
:10CC2000DB77BC3E6108493D610849BD49C6963D78
:10CC3000794A7B3E6108493DDB77BC3EC3358ABEFD
:10CC400049C696BD49C696BD6D29E2BE794A7B3E6E
:10CC500049C6963D6D29623E794A7BBE49C696BE5D
:10CC60006108C9BC6108493D6108C93D6108C9BD89
:10CC7000794AFBBD000000006108493EE798D5BE37
:10CC80006108C93D6108C93D6108C9BC49C6163E75
:10CC90000000000055E7AFBEC3358ABE55E72FBE82
:10CCA0006108C9BE55E72FBE794A7BBE610849BEFF
:10CCB000C3358ABE6108C93C6108C93D6D29E23EA1
:10CCC000610849BD6108C93DCF56A3BE49C696BE9D
:10CCD0006108C9BC6108C9BF794AFB3D49C696BD18
:10CCE00049C6963D6108C93CC3358ABEC3358A3EF4
:10CCF000610849BD794AFBBD49C616BEC3358ABE27
:10CD000055E72FBE49C6963D55E7AFBEF3B9EEBE17
:10CD100000000000610849BF794AFB3D49C6963DC5
:10CD200049C6963E6108C93D49C616BE80ED033F1F
:10CD300055E7AF3E49C696BD49C616BECF5623BF7E
:10CD40006108C93C49C696BD6108C93C6D29623E6F
:10CD5000C3358A3E794A7B3E49C696BDC3358ABEF5
:10CD60006108C93D794AFB3D6108C9BD55E72FBE41
:10CD700049C6963D49C6963EC3358A3E49C616BE4B
:10CD8000000000006108493D610849BE49C6963E61
:10CD900049C6963E6108C93E6D2962BE6108C93C1C
:10CDA000610849BD6108493D55E72F3E610849BE0C
:10CDB000794A7BBE610849BD0000000049C696BEA5
:10CDC00049C6963D6108493E6D29623E6108C93DEC
:10CDD000610849BEDB77BCBE6D29E2BE49C696BD7F
:10CDE00055E7AFBE49C6963D0000000055E72FBE8F
:10CDF000CF56A3BE49C6163E49C696BDC3350A3FA7
:10CE000049C696BE49C6163E49C696BDF3B9EEBEA2
:10CE10006D2962BE1EC0C2BFC3350ABF49C6163ED9
:10CE20000000000055E72FBE610849BE794AFB3D6E
:10CE300049C6963DC3358ABEF3B9EEBE794A7BBE7C
:10CE4000C3350ABF000000006108C93D6D29E2BE7C
:10CE5000C3358ABEF3B96EBF6108C9BE6108C9BDDA
:10CE60006108493E6108493E610849BD0000000073
:10CE7000DB77BC3E610849BD794AFBBDCF56A3BEF6
:10CE8000409C52BE2A688CBEDCCEA3BEF2026A3E33
:10CE90002A688C3D2A680C3E4AB6F5BE2A680C3ECC
:10CEA00000000000F2026ABEDCCEA3BE4AB675BF27
:10CEB000DCCE233EDCCE23BE8E353BBD2A680C3E45
:10CEC000D2B480BED2B480BE2A688CBE8E35BB3C44
:10CED0002A688C3D8E35BBBC2A680CBEDCCE23BED6
:10CEE000DCCE233E409C52BE409C52BEF2026ABE43
:10CEF000D2B4803E8E353BBE409C52BE2A688C3DEB
:10CF00008E35BBBFDCCE23BED2B480BE0000000095
:10CF10008E35BBBD2A688CBEF202EABD3582AFBE3B
:10CF2000409C52BEF2026ABE2A688C3D831B98BEAA
:10CF30002A680C3E2A680CBE3582AFBE8E353BBDDA
:10CF40002A680C3E8E35BBBC2A688CBD8E353BBD35
:10CF50008E35BBBEDCCE23BE30F51DBF9EDC6FBF61
:10CF60004AB6F5BE831B98BE2A688C3D4AB6F5BE0C
:10CF7000000000002A688CBD8E353BBE000000001A
:10CF80008E353B3E8E35BB3C409C52BE8E35BBBC85
:10CF9000409C52BE2A688C3D8E353BBF2A680CBF30
:10CFA000F202EABDD2B480BE8E353B3D35822FBF42
:10CFB000409C52BE8E35BBBD00000000409C52BE5E
:10CFC0002A688CBD2A688CBEF202EABD8E35BB3C55
:10CFD000F202EA3D8E353BBDF202EA3D831B98BE6C
:10CFE0008E35BBBC3582AFBE2A680CBE7E8E06BFB6
:10CFF0002A688C3EF202EABD000000008E353BBD7F
:10D00000409C52BEF2026ABE8E35BBBD8E35BBBCA3
:10D01000DCCEA33E8E35BBBD8E35BB3C2A688CBDB5
:10D02000D2B4803E409C52BE00000000409C52BEE4
:10D030008E353B3E8E353BBEF202EABD2A680CBE01
:10D040008E35BBBD8E35BBBD8E353BBE00000000AE
:10D05000F202EA3D2A680CBE8E35BB3D000000009E
:10D06000F2026ABE8E353BBDF202EA3DD74112BFE5
:10D070008E353B3E2A688CBEDCCEA3BEF202EABDF2
:10D08000DCCE233E8E353BBD8E35BB3D2A688C3DC4
:10D090002A688CBD8E35BBBD00000000D2B400BF35
:10D0A0003582AFBE8E35BBBC8E35BBBC2A680CBF8B
:10D0B0008E353BBD2A688CBDF202EABD8E35BBBD04
:10D0C00000000000000000002A688C3D2A688C3DAA
:10D0D0008E35BBBD8E35BB3C2A688CBD8E353B3D45
:10D0E0008E353BBD8E35BBBC000000003A0F41BF02
:10D0F0008E353BBEF2026ABE2A680CBE8E35BBBDC1
:10D100002A688CBDD2B480BE2A688CBDF202EA3D8A
:10D110008E353BBD8E353BBD2A680C3E8E353B3D82
:10D12000409C523E3582AFBE2A680CBE8E35BBBDD8
:10D130002A688C3ED2B4803EF202EABD8E35BB3CFA
:10D140002A680CBE409C52BE8E35BB3C00000000DD
:10D15000F2026A3EDCCE23BE2A680C3E831B98BED8
:10D16000409C523E831B98BE2A688C3DDCCE23BE79
:10D170002A688C3E8E35BB3DDCCE23BE8E35BBBCD3
:10D180008E353B3D2A688CBD000000002A688C3D2E
:10D190002A680C3EDCCE23BE2A680C3EF202EABEB0
:10D1A000F202EABDDCCE23BE8E35BB3D994FDEBE1A
:10D1B000409C523E409C52BE409C52BE2A688CBD50
:10D1C000D2B4803E8E35BB3CE7E8C63E2A688C3D33
:10D1D000D2B4803EF202EABD8E35BBBD994FDEBEB1
:10D1E000F2026ABE2A688CBD8E353B3DDCCEA3BE02
:10D1F0008E353BBD2A688C3D8E35BBBCD2B480BE1B
:10D2000000000000DCCE233E8E353B3E8E35BB3C1D
:10D21000DCCEA33E2A688CBD8E35BBBD2A680CBE11
:10D22000F202EABDDCCE23BE8E35BB3C7E8E06BF4D
:10D23000F202EABD2A680CBE8E35BBBC3582AFBE99
:10D240008E353BBD2A688CBD8E35BB3C8E35BB3DD3
:10D250008E35BBBD2A688CBDE7E8C6BE8E353BBEA9
:10D26000409C523E2A688C3D2A680CBF8E353BBEDE
:10D27000F202EA3D8E353BBD8E35BBBC8E35BBBC64
:10D280008E35BBBD2A688CBDF202EA3D000000006D
:10D290008E35BB3D8E353BBEDCCEA3BEF2026ABEF0
:10D2A000F2026A3E8E35BB3CF202EABD8E35BBBD52
:10D2B0008E35BB3D8E35BB3C2A688CBD8E353B3DE3
:10D2C000994FDE3E8E353BBD8E353B3D8E35BB3DA9
:10D2D000F202EA3D2A688CBD2A680CBED2B480BE38
:10D2E000F202EABD000000002A688CBEF202EABD2C
:10D2F0008E35BB3C8E35BBBC2A680CBEF202EABD43
:10D30000831B983EF2026A3E409CD23E2A680C3E45
:10D31000D2B4803E2A688CBD8E353BBE8E353BBD77
:10D320002A680CBE8E35BBBD2A680CBE8E353B3DCF
:10D330008E353BBDF2026A3EF202EABD831B98BE07
:10D340002A680CBE409C523E2A688C3D8E35BB3DFF
:10D35000994FDE3E2A688C3D8E353BBE8E353B3E76
:10D3600000000000D2B480BE8E35BBBEDCCE23BE32
:10D37000D2B480BE2A688C3D8E35BBBDDCCEA3BE48
:10D38000F202EABD409C523E2A688CBD00000000BB
:10D390008E35BB3C2A680C3E8E353BBE8E35BB3D80
:10D3A0008E353B3EE7E8C6BEF202EABDDCCE233E48
:10D3B0002A680CBE8E35BBBC2A688CBD8E353BBD41
:10D3C000DCCE233E2A680C3E8E353BBD8E35BB3D00
:10D3D0008E353BBDF2026A3E4AB6F5BEE7E8C6BEF0
:10D3E0002A680CBE994FDEBE2A680CBE2A680C3E25
:10D3F000F202EABD8E35BBBC000000008E353BBE9C
:10D40000831B98BE2A688C3D8E353B3D409C523E26
:10D41000F202EABD8E35BB3DD2B400BF831B18BFFC
:10D420002A688CBEF2026ABE2A680CBE409CD2BE3C
:10D43000D2B480BE8E35BBBCF202EABDF202EABDB8
:10D44000F202EA3DDCCEA33EDCCEA33E8E353B3E6F
:10D450002A688C3DF202EA3D4AB6F5BEF202EA3D88
:10D460003582AFBE409C52BE2A688C3D831B98BE5D
:10D47000831B98BEF202EA3D8E353B3D8E353BBEA6
:10D480008E353BBDF2026A3E000000002A680C3E69
:10D4900000000000DCCE233E2A688C3E409CD23E39
:10D4A0008E353BBDDCCE23BE8E35BBBD409CD2BE8F
:10D4B000F202EABE2A688CBD8E35BB3D8E353BBD7F
:10D4C000A61EA9BD30C6E2BE877E383D5066D3BEDB
:10D4D000C6BE193D38EE5EBE9EF6ACBE289EE6BDC9
:10D4E000F9AD7DBE483E573D09FE75BCC6BE193D2F
:10D4F000877E38BE09FEF5BB483ED7BEE55E8ABDD5
:10D500007F56BCBE8FA6B4BEA61E293EE55E8ABD70
:10D51000D50E12BEB66E21BE877EB83DE55E0ABE50
:10D52000C6BE19BE483ED7BD09FE75BD877EB83D53
:10D53000E55E0ABE09FEF53C877E38BDC6BE193DD4
:10D54000E55E8ABE194EEEBE96CE30BE00000000EB
:10D55000289E66BED50E12BE09FEF5BB483ED7BD5D
:10D56000D50E12BEED8686BE09FEF5BB67DEC7BDD1
:10D57000F5AE02BE877EB8BD483E57BDED8686BE7D
:10D58000289EE6BE877EB8BDC6BE19BEC6BE993E01
:10D59000289EE63D96CE30BE09FE75BC0000000018
:10D5A00009FE753D483ED7BDC6BE193DED86863E97
:10D5B000289E66BE09FEF5BCC6BE993EA61EA93DC4
:10D5C000B66E213E8FA6B43E877E38BD38EE5E3EF5
:10D5D00000000000A61EA9BDED8686BE09FE75BC32
:10D5E000289EE6BDE55E8A3D09FEF5BBE55E8A3D07
:10D5F000F5AE02BE09FE753D67DE473E09FE75BC0D
:10D60000B66E213E289EE6BDE55E8ABDE55E8ABD1A
:10D61000877E38BEC6BE193DF9AD7D3EE55E0ABEC9
:10D6200096CE30BE09FEF53C9EF6AC3E194E6E3EDF
:10D6300009FEF5BB09FEF5BBE55E0ABEF9AD7D3E10
:10D64000C6BE19BDED8686BE96CE303E289EE6BD8E
:10D65000772E40BE289EE6BDF5AE823EC6BE99BD81
:10D66000877E38BDE55E8A3D289EE63EB66E213E49
:10D6700009FEF5BB483E573D09FEF53C772E403E7E
:10D6800009FE75BCF5AE82BEE55E0A3EA61EA93D4A
:10D69000BE969DBE877EB8BC877E383E09FE753D2E
:10D6A00096CE30BE09FE753DBE969D3E96CEB03EEE
:10D6B000877EB8BC877EB8BD09FE753C67DE473EF5
:10D6C000588E4FBEA61EA9BDE55E0ABE877EB83E37
:10D6D000C6BE193E483E57BDE55E0ABE67DEC73D81
:10D6E00009FEF5BB09FEF53B877EB83C09FEF53B1C
:10D6F000588E4FBE289EE6BD09FEF53CB66E213E13
:10D7000000000000F9AD7D3E877E38BDA61E293E93
:10D7100009FEF5BC09FEF5BC588E4FBEAE46A5BE4F
:10D7200009FEF5BB483E57BE483ED73D289EE63D24
:10D73000A61EA9BE877E38BE67DEC7BD877EB8BD80
:10D74000F5AE023E483E573DF5AE823ED50E12BEC6
:10D7500009FEF5BBE55E0ABEC6BE193E877EB8BDB2
:10D76000483E57BEC6BE993EDD368E3E877E383D6A
:10D77000C6BE99BD96CE303E194E6EBE289EE6BD01
:10D78000D50E123E09FEF53C6F06C43E877EB8BD3D
:10D79000C6BE19BE483E57BD483E573E09FE753DC0
:10D7A00009FEF5BD289E663E588ECF3EE55E0A3ED8
:10D7B00067DEC7BD67DE473E09FE75BE09FE753CE4
:10D7C000C6BE193E09FEF53C30C6E23EC6BE193E55
:10D7D000CDE695BE588E4F3E772E403E9EF6AC3E2F
:10D7E000A61EA9BD483E573EDD368E3E483E573DFB
:10D7F000A61E29BE09FE753D09FEF5BDC6BE993DB2
:10D80000588E4F3E289E66BEDD368E3E9EF6AC3E5E
:10D81000A61EA93DD50E923E194E6EBE09FEF5BC60
:10D82000A61EA93D67DEC73D67DEC73D09FEF53B85
:10D83000483E57BE09FE753DD50E123EA61E293E36
:10D84000877EB83D96CE303E289EE63DE55E8ABD99
:10D85000877E38BDCDE695BE38EEDEBE483E57BD6C
:10D86000A61E293EE55E8ABE09FE753D483E57BDAF
:10D87000877EB8BD09FE75BDC6BE193D588E4FBE28
:10D8800067DE47BE877E383D588E4F3E09FE75BD28
:10D89000483ED7BDC6BE193D67DEC7BEC6BE993D70
:10D8A000877EB8BDC6BE99BD09FEF53D877E383E70
:10D8B00009FEF5BD09FE753CC6BE99BE09FEF53BE5
:10D8C000483ED73D09FEF5BBF5AE02BEE55E8ABD1A
:10D8D000B66E21BEED86863E09FE753ED50E923EA1
:10D8E000E55E8A3DA61E29BE09FEF53D588E4F3ED7
:10D8F000877EB8BD8FA6B43E09FEF5BBA61EA93D26
:10D90000772E403EE55E0ABE67DEC7BD09FEF53CE8
:10D9100067DE47BE4016DB3E289EE6BDF5AE023E02
:10D9200000000000C6BE993DA61EA93DDD368EBE94
:10D93000289EE6BDC6BE19BE09FEF5BD09FEF53D31
:10D9400096CE30BED50E92BEE55E8ABD7F56BC3EF9
:10D95000483E573E194EEE3EC6BE993DE55E8A3DB5
:10D9600009FEF53DA61E293EDD368E3EB66E213EF1
:10D97000289E66BE09FEF53BE55E8A3DB66E213EF9
:10D9800067DEC73DE55E8ABD67DE473EC6BE19BDA0
:10D9900096CEB03ECDE695BE96CE30BEE55E8A3DD3
:10D9A000C6BE993D09FE753C877E383D7F56BC3E1C
:10D9B000E55E0ABEC6BE19BE877EB8BD96CE303EB5
:10D9C000C6BE99BD67DEC73D67DE473EF9AD7DBE89
:10D9D000E55E8A3EF5AE023E09FEF5BEE55E8A3E94
:10D9E000A61EA9BD289EE6BDE55E8A3DD50E123E67
:10D9F000E55E0ABE09FEF53CDD368EBE194E6E3E72
:10DA0000289EE63D877EB8BCA61E29BE877E383D8F
:10DA1000ED8686BE1126F23EF5AE023EC6BE993DAB
:10DA200009FE75BC483ED7BDC6BE19BE194E6E3E36
:10DA3000877E38BE483ED7BD96CEB0BE194E6E3EEC
:10DA400009FEF53D877EB8BD67DE47BE67DEC73D90
:10DA500038EE5EBEB66EA13E09FE75BE09FE753D8E
:10DA600067DEC7BD09FE753DC6BE193EA61E293E2E
:10DA7000A61E29BE09FEF5BC09FE75BDD50E923E57
:10DA800009FEF5BC588E4FBEC6BE193D194E6E3EFE
:10DA900067DEC73D9EF6AC3E877EB8BCA61EA9BD1C
:10DAA000D50E123EC6BE193ED50E123E877E383DBB
:10DAB000CDE695BE289E663E483ED73D38EE5E3E9A
:10DAC00009FEF53DF5AE02BEF9AD7D3E09FEF53C21
:10DAD000772E403E194E6EBEF9AD7DBE877EB83DB5
:10DAE000772E403EA61E29BE00000000289EE63E7E
:10DAF000F5AE82BE67DE47BEC6BE993DE55E0A3E14
:10DB000020342F3D1867033EC500923D729AA0BE97
:10DB100028015B3ED59AE9BDC500923ED59AE93D04
:10DB2000D59AE9BD5A5A0E3F20342F3ED59AE9BC0A
:10DB300030A715BF7A674C3E2034AFBDC50092BDFB
:10DB4000729A20BE20342FBD20342F3ECDCDBDBED5
:10DB50001867033ED59A693DCDCD3D3ECDCDBDBEC6
:10DB6000EEB38ABED59A69BC7A674CBE7A67CC3D63
:10DB7000D59AE9BE20342F3ED59A69BDD59AE9BC25
:10DB80002034AFBDC50092BD7A674C3EC50092BD42
:10DB9000C500923ED59A69BD7A674C3E186703BEB0
:10DBA00028015BBE186703BE186703BECDCDBD3E1E
:10DBB000B48D2BBF49E7A73E7A674CBE20342F3E79
:10DBC000CDCD3DBEC50092BDD59A69BCD59AE9BC04
:10DBD000D59A693D20342FBED59A693CD59A693DC6
:10DBE000D59AE9BEB48D2BBF2034AFBDC500923E9F
:10DBF00051B453BFD59A693DD59AE9BD7A674C3E79
:10DC00007A674C3E729A20BED59A69BCD59AE9BC17
:10DC1000D59A693DD59A69BD186783BED59AE9BC86
:10DC2000C50012BECDCD3DBFD59A69BED59AE93D9E
:10DC3000D59A69BF729A20BED59AE9BC1867833E0F
:10DC400020342F3DD59A693CD59A693DD59AE9BDD6
:10DC5000D59AE93D729A20BE20342FBD7A67CC3D1B
:10DC6000729AA03E729A203E1867833E2034AFBD60
:10DC7000D59AE93C20342F3E7A67CC3D28015BBE23
:10DC800020342FBD20342FBDEEB38A3E2034AFBDEB
:10DC9000D59A69BCD59A693CC500123ED59A69BE31
:10DCA00020342F3D28015B3ED59AE93DD59A69BDC8
:10DCB000D59AE9BC729AA03E20342FBD20342FBDE6
:10DCC00020342F3DC50092BD49E7A73ED59A693C57
:10DCD0001867033ED59AE93CC500123ED59A69BD46
:10DCE000D59A693D729A203ED59A693C1867033EE1
:10DCF0007A67CCBD49E7A73ED59AE93CD59AE93C7D
:10DD0000729A20BEC50012BE28015B3EC500123EBD
:10DD100020342F3DD59A693D1867033E000000006E
:10DD20007A67CCBDCDCD3D3ED59A69BD729A203E75
:10DD3000186703BE2034AF3DD59A693DA41AC53E8D
:10DD4000D59AE9BCD59AE9BDD59A693E2034AF3D54
:10DD5000C500923DD59A693C7A674C3ED59A69BD1B
:10DD6000D59A693ECDCD3D3EC50092BDC500123E5F
:10DD70007A674CBED59A693CC50092BD7A674C3E25
:10DD8000D59AE9BDD59A69BC1867033ED59A693C16
:10DD9000D59A693DD59A69BD20342F3D9C4D993E59
:10DDA000C50012BED59A693E20342F3DD59AE9BCF4
:10DDB0007A67CCBDD59A693E0000000028015B3E21
:10DDC000729A20BED59A69BC7A674C3ED59A69BDD5
:10DDD00020342FBED59A693C7A67CC3DD59A693DEF
:10DDE00000000000EEB38A3E20342F3EC500923D75
:10DDF0002034AFBD49E7A73E20342FBD1867833ECE
:10DE000020342F3D000000009C4D993E20342FBD52
:10DE1000729AA0BECDCD3D3E7A674C3E1867033E58
:10DE200020342FBD1867833ED59AE93DC500923E48
:10DE3000D59AE9BDCDCDBD3ED59AE9BC7A674C3EB9
:10DE4000EEB38ABED59AE9BCCDCD3D3EC500123EAB
:10DE5000ACE7F0BE7A674C3EC500123EC500923E6C
:10DE6000D59A69BD28015B3ED59A693D729AA03E5C
:10DE7000186703BEC500923ED59A69BD9C4D993E78
:10DE8000D59A69BD0000000020342F3ED59A693D27
:10DE9000EEB38ABE28015B3E729A203E7A674C3E02
:10DEA000D59A693EC500123E2034AF3D2034AF3EC6
:10DEB000D59AE9BDC500923ED59A69BCC500123E0F
:10DEC000C500923E20342F3D7A67CCBD729A203E29
:10DED0002034AF3D186783BED59A693ED59A693D17
:10DEE00020342F3DC50012BE7A67CC3DCDCD3DBE5E
:10DEF00020342FBDD59A693D729AA0BE729AA03E79
:10DF0000729A203EC50092BD7A674C3E2034AF3DE8
:10DF100000000000729A20BE9C4D993E0000000057
:10DF200020342F3D186703BED59AE93C7A674CBE72
:10DF3000D59A693D9C4D993E28015BBE2801DB3E88
:10DF4000D59AE93CD59AE9BCC500923D729A203E2B
:10DF5000CDCD3DBED59A693E729A203E186703BE6C
:10DF6000D59A69BC28015BBE7A67CC3D2034AF3EB0
:10DF700020342F3D9C4D993EC50012BE1867833E4C
:10DF80007A67CCBD2034AFBDC500123EFE4DE23EE7
:10DF90007A67CCBD9C4D993ED59A69BDD59AE9BDAD
:10DFA000D59AE93CD59AE9BD20342FBD2034AF3D48
:10DFB000D59AE93C49E7A73ED59AE9BCF680B63E3A
:10DFC000EEB38A3EC50092BD00000000729A203E6A
:10DFD000D59AE9BDCDCD3D3E00000000F680B6BE2D
:10DFE000CDCD3D3E830D07BFD59AE9BCD59AE93D1D
:10DFF0002034AF3DCDCD3D3ED59A69BC8234783ECC
:10E00000CDCD3D3ED59AE9BCD59A69BE20342FBD11
:10E0100051B4D3BE2034AFBEEEB38A3E20342F3E7F
:10E020001867033E8234F8BED59A693CC50012BE1B
:10E03000C500123EC500923D7A67CCBD7A67CC3EE2
:10E0400020342F3D0000000028015B3EC500923DBA
:10E05000186703BE729AA0BEF680B63E2034AFBDEC
:10E060008234783ECDCD3DBE20342FBDD59AE93CDB
:10E070007A674C3E28015B3E7A674CBE7A674C3E1D
:10E08000D59A69BCD59A69BD20342F3D7A67CC3DBD
:10E0900020342FBE20342F3E7A67CC3D7A67CCBE29
:10E0A000D59A693CC50012BECDCD3DBE2034AF3DF2
:10E0B00028015B3E1867833ED59AE9BDD59AE93CB5
:10E0C000C50092BD729A203E7A67CC3DA41AC53E27
:10E0D0007A674CBEEEB38A3ED59A69BE729A20BF6B
:10E0E0007A67CC3DC50012BE28015BBE20342F3DAF
:10E0F000D59A693ECDCDBD3ED59AE9BCD59AE93DCC
:10E1000028015B3E729A203E2034AF3DEEB38A3E3A
:10E11000D59AE93C20342F3DD59A69BE7A67CCBEAA
:10E12000D59AE93DDE4024BF823478BE7A67CC3D83
:10E1300028015B3E729A203EC50012BE000000001E
:10E14000F82DF5BE804507BD40E84ABD90FFB93EB9
:10E15000302E98BEF0D05B3E0C512DBFA0B9EC3DE7
:10E160008045873D88A2A03E4845E4BE90FF393EE9
:10E17000804587BC40E84A3E8045873D40E84A3EAE
:10E1800050A27DBEE01629BEA0B9ECBDF0D05B3E2A
:10E1900040E8CA3DA0B96CBEA0B96CBE804507BDC1
:10E1A000E016293E40E84A3D804587BE90FF393E53
:10E1B000E016A93DF0D05B3EE016293E8045073EC3
:10E1C000A0B9EC3D88A2A0BE50A27DBE88A2A0BE90
:10E1D00040E8CA3D5C681CBF8045073D40E84ABE38
:10E1E000D8B98F3ED8B98FBE302E98BE88A2A03E37
:10E1F000A0B9EC3D40E84ABD804587BD88A2A0BEDD
:10E20000804587BDE016A9BEA0B96CBECCF370BF37
:10E21000302E18BE388B31BF90FFB9BEAC7F0BBF1C
:10E2200040E8CABD804587BD804507BEA0B9ECBDAA
:10E23000E016A93E90FF39BE747F68BF302E18BE2D
:10E24000F0D05B3EE873C2BE8045873C985C53BF0C
:10E25000E01629BE50A2FDBE985C53BF000000002E
:10E26000A0B9EC3DA0B96C3E40E84ABE8045073EEF
:10E2700040E8CA3ED8B98FBEAC7F0BBF804507BE11
:10E28000E016A9BD804587BCE016A9BD50A27D3E21
:10E2900040E84ABD00000000F0D0DBBE8045873D6D
:10E2A0008045873DA0B9EC3DA0B96CBE302E183E2C
:10E2B000E01629BE0000000040E84A3DA0B9EC3D50
:10E2C00090FF393E804587BD8045073D40E84A3E86
:10E2D000F0D0DB3EA0B9ECBD985CD3BE8045873C56
:10E2E000E016A9BD40E8CA3DF0D05BBE302E183E16
:10E2F0008045873C302E98BEE016A93D0000000006
:10E30000A0B9EC3D88A2A0BE804587BC8045873D72
:10E31000804587BC804507BDF0D0DBBE50A27D3E66
:10E32000A0B9ECBDE016A9BD302E18BE50A27DBE2E
:10E33000E016293E88A2A0BE90FF39BEE016A9BD16
:10E34000A0B9ECBE40E8CABE40E84ABE8045873D61
:10E350008045873E90FF393E302E98BEA0B96CBEF6
:10E36000804587BC50A27DBEA0B9ECBD90FF39BEF0
:10E37000D8B98F3EF0D05BBE302E98BE804507BD29
:10E3800050A27D3E804587BE804587BE804587BCC4
:10E39000E016293E804507BDAC7F0BBF40E84A3EF2
:10E3A000804587BCE01629BE804587BD40E84A3DD0
:10E3B00088A2A03E40E84ABE804587BD804507BE92
:10E3C000E016293E8045073E40E8CA3D00000000B7
:10E3D000F0D05B3E388BB1BE40E8CABEE016293EA5
:10E3E0008045873CE016A93D0000000040E84ABD9A
:10E3F000D8B98FBE40E84A3D804587BE804507BEFC
:10E40000E016293E40E8CA3D50A27DBEE016A9BDF7
:10E41000E016293E8045873D88A2A0BED8B98F3E30
:10E420000000000040E8CA3D302E98BEF0D05B3EB0
:10E43000D8B98FBE8045073EE016A9BDD8B98FBEBA
:10E4400050A27DBE40E8CABD804507BD40E84ABD38
:10E45000A0B96C3E40E8CA3DE87342BF90FF393E28
:10E4600040E8CABD8045873C302E98BE804587BCB9
:10E47000302E18BEE016A9BDF0D05BBEE016A9BED6
:10E48000C49657BFA0B9ECBD804507BD804587BD88
:10E4900050A27D3E8045073E804587BC804507BE33
:10E4A000804507BD40E84A3DE016A93E40E8CA3D28
:10E4B0008045873C40E84A3DE873C2BED8B98FBE6C
:10E4C00040E84A3DE016A9BD90FF393E8045073D32
:10E4D000302E183EF0D05BBEE01629BEE016293E75
:10E4E000804507BE40E8CABDF0D0DB3EE016293EBD
:10E4F000302E183E804507BDA0B9ECBEA0B9ECBED9
:10E5000040E84A3E8045873E40E84A3D8045873C9A
:10E51000F0D05B3E40E84ABD88A2A0BEF0D05B3E92
:10E5200040E8CABD8045073DF0D05B3EE016A9BD7E
:10E53000E016A9BE804507BEF0D05BBE8045873C93
:10E54000E016A9BD8045873EE016A9BD8045873D00
:10E550008045073E0000000040E84ABE0000000081
:10E5600040E84A3D40E8CA3D804507BF388BB13E90
:10E5700090FFB9BE388BB1BE8045073E0000000059
:10E58000F0D0DBBE40E84A3D90FF39BE40E84ABDCE
:10E590008045873C90FF39BE14AE46BF8045873C1E
:10E5A000302E18BE804587BC804587BFA0B9EC3EA1
:10E5B000A0B96CBEAC7F0BBF40E84ABD302E18BE80
:10E5C000F82D75BF40E84ABD40E8CABD90FF39BE8E
:10E5D000804587BD40E84ABD40E8CABD302E98BEA0
:10E5E000E01629BE8045873C40E84ABEE016A93DBA
:10E5F00000000000804507BF88A2A0BE804507BE7E
:10E600008045073DE01629BEA0B9ECBD8045873C9A
:10E61000A0B9ECBDA0B96CBE8045873C4845E43E3E
:10E6200090FF39BEE016A93D8045073DF0D05B3E26
:10E6300040E8CA3D40E8CABDF82DF5BE388BB1BEF2
:10E64000E016293ED8B98F3E40E84ABD40E84A3D31
:10E6500040E84ABD8045873D388B31BFF0D05B3EF6
:10E660008045073DF0D0DBBE804507BD88A2A0BE37
:10E67000302E18BEE016A93D804507BEA0B9EC3D7E
:10E6800050A27DBE90FF393E804507BDE016A93DF2
:10E6900000000000804507BDF82DF5BEE01629BE3C
:10E6A0008045873D40E84ABE8045073E90FFB93E21
:10E6B00090FF39BE804507BE50A27D3EE016A93DC1
:10E6C0004845E4BE8045873C388BB1BE804507BDD8
:10E6D000804507BE804507BDF0D0DBBE804587BCC6
:10E6E00040E8CABD90FF39BEE016A9BE8045073E8E
:10E6F00040E8CABD90FF39BE40E84A3E40E84A3D86
:10E70000D8B90FBF804587BCE016A93D302E18BE92
:10E7100040E84ABD8045073E8045873D8045873DAE
:10E720000000000000000000E016A9BDF0D05BBEB4
:10E73000E016A9BDE01629BE90FF39BE40E84ABDEB
:10E74000E01629BE40E84ABE8045873D804587BC2B
:10E7500040E84ABD804587BC40E8CABD90FFB93E4D
:10E7600040E8CA3D302E183E8045073D302E983E89
:10E77000A0B9EC3D00000000E016A9BE804587BCB2
:10E78000931FDD3CFA44B8BE626A13BC3956663E3C
:10E79000FA4438BD931F5DBEA17B41BE47B24ABE5D
:10E7A000626A93BCDF8CEF3D931FDDBD85C378BEED
:10E7B00085C378BE931FDD3C626A93BE540E2F3E24
:10E7C000A17BC1BE626A93BE47B24ABE931FDD3DC4
:10E7D000DF8CEFBD931F5DBDFA4438BE931FDDBDD6
:10E7E000FA4438BD626A93BE47B2CABD16FD00BE88
:10E7F000BC338ABE931FDD3CFA44B8BDAED7253E7C
:10E8000016FD80BEF416C6BEA17B413EEDE8533E28
:10E81000EDE8533E08A19C3EDF8CEFBD931F5DBD2C
:10E82000626A93BC08A19CBEAED7A53D699885BE1F
:10E83000626A13BEEDE853BE540E2FBEEDE8D33E20
:10E8400008A19C3E4084D8BEAED7A53DAED725BE1C
:10E85000AED7A5BDFA44B8BDFA4438BDBC330ABE34
:10E86000931FDDBC931FDDBD16FD00BE47B24ABE3F
:10E87000BC330ABE931F5D3DDF8CEF3DDF8CEF3D67
:10E88000FA44B8BD16FD00BF626A933DB505983ED7
:10E8900000000000A7A9B33E540E2F3EA17B41BE4D
:10E8A000FA44B83DAED7A5BD931F5D3D16FD803D32
:10E8B000EDE8533E931FDDBC540E2F3E47B24A3E57
:10E8C000FA44383D540E2FBE00000000FA44B83D13
:10E8D000DF8C6FBEAED7A53D16FD80BD16FD803D19
:10E8E000931F5DBD626A933CEDE853BE931FDDBC90
:10E8F0004084D8BE626A13BD16FD803D08A11C3E4F
:10E90000A7A9B3BEA17B41BE540E2FBEFA44383D29
:10E9100047B2CABD3956663E626A133C931F5DBD5D
:10E92000931F5DBDAED725BEFA4438BEAED725BE17
:10E93000B81C11BFAED7A5BD47B24A3E540E2F3EFC
:10E94000626A13BDDF8C6FBE0FCF8E3EFA44383D36
:10E9500047B2CA3DDF8CEF3D931F5DBE47B2CA3D53
:10E96000626A133C0FCF8EBE626A133C626A13BDAB
:10E9700085C378BE47B24ABE00000000FA44B83EE4
:10E98000A17B413E3228F4BEDF8CEF3D16FD00BE78
:10E9900000000000FA4438BD540E2FBEEDE853BE0F
:10E9A000626A13BEAED725BE626A13BE626A13BD29
:10E9B000BC330ABE626A133C931FDD3D47B2CA3DB9
:10E9C00085C378BE65810CBF16FD803DDF8CEF3DB1
:10E9D000931FDD3C08A11C3EFA4438BD931FDDBDEA
:10E9E000FA4438BD626A133C626A93BD540E2FBE6E
:10E9F000626A933D16FD803D931FDDBDEDE8533EF9
:10EA0000A17B413EBC330ABE626A13BCDF8C6F3E01
:10EA1000626A133E85C3783EFA44B8BDDF8C6FBE90
:10EA2000931F5DBD626A133C931FDDBCFA4438BE80
:10EA30003228F4BE626A933D931FDD3C931FDDBC18
:10EA4000626A93BDDF8CEFBD4084D8BEFA44383D86
:10EA5000EDE8533EFA44383D626A13BC16FD00BE31
:10EA6000626A13BD626A93BCFA44383DFA44B8BD89
:10EA7000626A13BF626A133E08A11C3E47B2CA3DD8
:10EA800047B2CA3D540E2FBE4EE0BC3E931F5DBD43
:10EA9000BC330A3E931F5D3D626A13BD626A93BC3C
:10EAA000626A133C626A133D626A93BDFA4438BEDF
:10EAB000FA44B8BE931FDDBDBC330A3E8CF1EA3E7A
:10EAC000540EAF3E5B3CA1BEAED7A53DAED725BE32
:10EAD00008A11CBE16FD803DDF8CEFBD931F5DBEFF
:10EAE000931F5D3D931F5D3D626A93BCFA44B8BDC0
:10EAF00047B24ABEFA44B83D47B2CABD16FD803D92
:10EB00000FCF8EBEF416C6BE540EAF3E931FDDBCB3
:10EB1000931F5D3D931FDD3C626A13BE626A13BDA5
:10EB2000FA44383D931FDDBCFA44B83D16FD003E63
:10EB3000AED7A53D626A933D699885BEDF8C6F3E76
:10EB4000FA44B83D931FDDBC16FD803DEDE8533E11
:10EB500016FD80BD626A13BDAED725BEA17B41BE46
:10EB6000540E2FBE626A933C626A13BD626A133D03
:10EB7000A17BC1BE626A933DBC330A3E931F5D3DDB
:10EB8000931F5DBD931FDD3C931F5D3D626A933C07
:10EB9000AED7A53DDF8CEFBD4EE0BCBEFA44383D9C
:10EBA000BC330ABE626A93BD931FDDBDBC338ABE0F
:10EBB000E6BAE1BE626A13BC626A133D931FDD3C94
:10EBC00047B24ABE626A933CEDE8533E931FDDBDF7
:10EBD00047B2CA3D931FDD3DDF8CEFBDDF8CEFBD3B
:10EBE000626A933C00000000626A933CEDE853BE09
:10EBF00008A19CBE626A933C626A93BDFA44B83E27
:10EC0000626A133E626A13BEAED7253EA17B41BE47
:10EC1000DF8CEFBD931FDD3DAED7253E16FD00BE58
:10EC200016FD80BD0173AA3E931FDD3D626A133D50
:10EC3000931F5DBE626A933CAED7A53DDF8CEF3D6E
:10EC40003956E6BE85C378BEB505983E626A13BDE7
:10EC500016FD003E626A93BC931F5D3D626A133CE1
:10EC6000626A93BD395666BE626A933DFA4438BD06
:10EC7000931FDD3CBC330A3EAED7A53DAED7A53EC3
:10EC800008A19C3E47B2CA3DEDE8533EAED725BE33
:10EC9000DF8C6F3EBC330ABE47B24A3EFA44B83DF1
:10ECA000931FDDBC626A13BC931F5D3E5B3CA1BE3B
:10ECB0004EE0BCBEDF8CEF3D931F5D3DAED7253EE1
:10ECC000FA44383D3956663E540E2F3EFA4438BE5B
:10ECD0003956663E16FD00BEAED7A53EDF8CEFBDB1
:10ECE00085C378BE6998853EAED7253EBC330A3EC3
:10ECF00016FD80BE626A133D5B3CA13EAED7A5BD4A
:10ED000016FD80BD626A133E47B2CA3DEDE853BEB0
:10ED1000FA44B8BD931F5D3E931F5D3EFA44B8BDF3
:10ED2000EDE853BE16FD803EBC338A3E626A933DD9
:10ED3000AED725BEAED7A53D08A19C3EFA44B83D4E
:10ED400008A11C3EFA4438BDFA44383D85C378BE5C
:10ED500047B24ABE16FD003EAED725BEFA44383D46
:10ED6000626A133D4EE0BC3E16FD803E16FD80BE3D
:10ED7000B50598BE626A133CFA44B83D626A933C9A
:10ED8000FA44B8BDAED7A5BDA17B413E626A133C33
:10ED9000626A13BC626A93BCEDE8533EFA44B83D24
:10EDA000AED7A53DAED7253E931F5D3DFA4438BD95
:10EDB000626A93BDFA44383E626A933E16FD803E15
:10EDC00089DACEBD89DA4EBE89DA4E3E5BD3AF3EDC
:10EDD000CF82C43ECF8244BF89DACE3DA17B25BE1F
:10EDE000A17BA5BDA17BA5BD152B3A3E7374863EC4
:10EDF000CF82C4BEA17B253D2DCC10BF2DCC103EB3
:10EE0000A17B25BD2DCC90BEA17B253ECF82C43EEB
:10EE10009648013F737486BE0000000000000000A9
:10EE2000737486BE2DCC10BE89DACE3DA17BA53D84
:10EE3000A17B25BE7239F83D89DACE3D0000000085
:10EE4000A17B253E723978BEA17B253DA17B253D66
:10EE5000E7239B3ECF82C4BEA17B253D89DA4E3E8F
:10EE6000737486BE152B3ABE2DCC103E152B3ABEC0
:10EE70007239F8BD7239F83DB7E1EDBE152BBABE57
:10EE8000152BBA3E152B3ABEFD8963BECF82C4BE98
:10EE9000A17B25BDA17BA5BFE7239B3EA17B25BD13
:10EEA000152B3ABE7239F8BDA17BA53C89DA4EBE5E
:10EEB00089DACE3D723978BD50A00BBF152BBABE92
:10EEC000152BBA3EA17B253DB7E1EDBE964801BFAB
:10EED000E7239BBEB7E16DBF89DA4E3EA17BA53C1F
:10EEE000A17BA5BD7239F8BEA17BA53C7239F8BDE6
:10EEF00089DA4E3E152B3ABE723978BFA17BA5BE8A
:10EF0000152B3A3E7239F8BD5BD3AF3E7239F83DEE
:10EF10002DCC103E7374863E89DACE3D89DACEBDA3
:10EF2000A17B25BD89DA4E3EA17B253E7239783E14
:10EF3000CF82C4BEA17B253D7239F83DA17B253E21
:10EF4000A17B25BD2DCC10BE7374863EA17B25BD53
:10EF50007239783E7239783D723978BD38FF34BFE6
:10EF60002DCC103E89DACEBDA17B253E7239783E8C
:10EF7000A17BA5BD0000000089DA4E3EA17B25BD26
:10EF8000A17B25BE723978BE89DACE3D737406BF87
:10EF900089DACE3DF2563FBF723978BDB7E1EDBE9A
:10EFA000A17BA5BD4332D9BE2DCC103EA17BA53C93
:10EFB000A17BA53CA17BA53C4332D9BE737486BE20
:10EFC0002DCC103E89DA4EBEA17B25BDACAE49BF2B
:10EFD000A17B253D964801BF7374863E7239F8BE09
:10EFE00000000000737486BE2DCC103E89DACEBDC1
:10EFF0007239F83D00000000964881BF5BD3AFBE78
:10F00000152B3A3ECF82C4BE737486BEC44F20BF58
:10F01000723978BD89DACEBD89DA4E3E7239F8BDD3
:10F0200089DACEBD152BBABE7239F83DA17BA5BCDD
:10F03000A17BA53EA17BA5BD964881BFACAE49BFD3
:10F04000A17BA53CA17BA5BD152B3ABE2DCC10BE46
:10F05000A17B25BD723978BE152B3ABEA17BA5BD1B
:10F060002DCC10BE152B3ABEA17BA5BC7239F83D44
:10F07000FD89E3BE00000000723978BE0000000088
:10F08000723978BEA17BA5BDFD8963BE152B3ABE42
:10F09000723978BDA17B25BE2DCC10BE7239783D6A
:10F0A000A17BA53DA17BA5BEA17BA53C7239F83D06
:10F0B00089DACEBD0000000089DACEBD723978BE93
:10F0C000FD89E3BE89DACEBD89DA4EBEB7E1EDBE79
:10F0D00089DACEBDCF82C4BE89DACEBEA17BA53C83
:10F0E000FD8963BEFD89E3BE89DACEBD7239F8BE03
:10F0F000A17BA53C152B3ABEA17B25BE5BD3AFBE41
:10F10000152B3ABE7239F8BD7239F83D964801BFE9
:10F11000723978BEFD8963BE7239783D7239F8BDA7
:10F12000723978BD152BBABE89DACE3E5BD3AFBE3D
:10F130007374863EA17BA5BC7239783EA17B25BE47
:10F1400000000000737406BF7239F8BD723978BDD3
:10F15000A17B25BDFD89633ECF82C4BE2DCC103E70
:10F160002DCC90BE00000000152B3A3E737406BFF4
:10F17000152BBA3E2DCC10BE7239783E000000002F
:10F18000A17BA5BC7374863E5BD3AFBE2DCC90BE75
:10F19000A17BA53CFD89E3BE89DACEBD737406BFB1
:10F1A000723978BEA17BA53D7239783D7374863E75
:10F1B0004332D9BE89DACEBD2DCC10BE2DCC103E47
:10F1C000A17B25BE7239783E5BD3AFBEFD8963BE9D
:10F1D00089DA4EBEA17BA53DA17BA53C89DA4EBE56
:10F1E000723978BD89DA4EBE89DACEBDA17B25BDE4
:10F1F000723978BEA17B25BE7239F83D737486BE24
:10F20000A17BA5BE7239F83D4332D9BE737486BE68
:10F21000A17B25BE2DCC90BE0AF815BF2DCC10BE0B
:10F22000B7E1EDBE5BD3AFBEA17BA5BC7EA72ABF75
:10F230002DCC10BEA17B25BEA17BA53D89DACEBE1B
:10F24000152B3ABE00000000A17BA5BD152B3ABED0
:10F2500089DACEBDCF82C43E5BD3AFBEE7239BBE6F
:10F260002DCC90BE723978BE5BD3AF3E0AF815BF85
:10F27000A17BA53C89DACEBD7239F83DA17B25BEC4
:10F28000A17BA53C5BD3AFBE2DCC10BE7239F83D3F
:10F290002DCC103E152B3A3F7239F8BEA17B253E8E
:10F2A0007239783EA17B25BE152B3A3E5BD3AFBEAB
:10F2B000A17B253DA17B25BD89DA4E3E89DA4EBE74
:10F2C0007239783DB7E1ED3E737486BE5BD3AFBE55
:10F2D000FD8963BE723978BE2DCC103E89DACE3EF0
:10F2E000CF82C4BE89DA4E3EA17BA5BCA17BA53DE1
:10F2F00038FF34BF00000000A17B25BDA17BA53CE9
:10F30000152B3A3EB7E1ED3EFD8963BE152B3ABEA3
:10F31000A17BA5BCA17BA53D2DCC103EFD89E33E84
:10F3200089DACEBD00000000A17BA53DA17B253D73
:10F33000433259BFA17B253EA17B253E7239F83D62
:10F3400089DACEBD152B3A3E89DA4EBE723978BDC8
:10F35000CF82C4BE152B3ABFFD8963BE2DCC103EB3
:10F36000E7239BBE2DCC10BEA17B253D7239F8BD95
:10F370000AF815BFA17BA5BD7239F8BD723978BDF9
:10F3800089DACE3DA17BA5BD152B3ABEA17B253DDB
:10F3900089DA4EBEB7E1ED3EA17B25BE7239783DDC
:10F3A0002DCC10BE4332D9BE7239783DE7239BBEC7
:10F3B0004332D9BE723978BDA17B253D00000000E3
:10F3C000A17BA53D5BD3AFBE2DCC10BE7239783E7C
:10F3D000E7239BBE7239783EE7239BBE152BBA3ECE
:10F3E000A17B25BD5BD3AFBE00000000A17B25BD86
:10F3F0005BD3AFBEA17BA53C7239F83D152B3ABE5D
:10F400004C5BDF3D10998BBDB646FBBD7984273E32
:10F41000976551BE4C5B5FBEE26FC3BDC48E19BE23
:10F42000C82001BFC82001BF4C5BDF3C2E7A35BE2F
:10F43000C82001BF4C5BDF3C4C5BDFBDC48E99BE76
:10F440007984273D976551BE9765513E4C5BDFBC83
:10F4500010990B3F4C5BDFBE00000000E26F433EA3
:10F460004C5B5FBC01516D3E7984273EE26FC33D2A
:10F470004C5BDFBE4C5B5F3D10998B3E4C5BDFBD50
:10F4800010990B3E798427BE000000007984273E46
:10F490009F89A03E0875BCBE4C5B5FBE0875BCBEB4
:10F4A0004C5B5F3D7984A7BE359E843EE26F433E50
:10F4B0004C5B5FBE10998BBDC48E993E10998B3DFD
:10F4C0004C5BDF3DB646FBBD4C5B5FBC4C5BDF3D40
:10F4D0007984273E798427BD359E04BF2656E6BE33
:10F4E000000000004C5B5F3D7984A73D10998BBD07
:10F4F000E26FC3BD4C5B5F3D9765513E10998BBD7C
:10F500004C5BDFBE4C5B5FBC10990B3E10998B3D92
:10F51000E26F433E4C5BDF3C10990BBE7260D8BE7D
:10F52000000000004C5B5F3F4C5B5F3D01516DBED6
:10F530007984A73D4C5B5FBC359E043F9F89A0BE8C
:10F540000000000010998BBD7260D8BE7984A7BD01
:10F550002E7AB5BEDFDD5BBF01516DBE10990B3E4B
:10F56000C48E99BE9BF738BFBD6ACABE10998BBEC8
:10F570007984A7BD4C5BDFBD537F2EBF0151EDBE2B
:10F580007984273EB646FBBD4C5B5F3C4C5BDFBDE0
:10F59000A21B083F2656E6BEC48E19BEE26F43BECC
:10F5A00010990B3E4C5BDF3C7984A7BD2E7A353E2B
:10F5B000C48E19BE4C5BDF3D10998B3D4C5B5FBD2B
:10F5C000B646FBBD4C5B5F3C2E7A35BE10998B3D39
:10F5D0007984273FC48E19BE4C5BDFBD359E84BE47
:10F5E0004C5B5FBC537FAEBE10990B3E01516D3E2C
:10F5F000E26F433E976551BEE26F433E7984A7BDFB
:10F600004C5B5F3D7984273D4C5BDFBC7984273EB2
:10F610004C5BDF3D000000002E7A35BEE26FC3BEBA
:10F62000798427BD4C5B5FBCE26F433E10998B3EF3
:10F63000B646FB3DC48E99BE9765D13E2E7A35BE47
:10F64000A21B08BFC48E193E359E843E7260D83E10
:10F650002E7A353E0875BC3E2E7AB5BE00000000FD
:10F6600010990B3EDB4BF43E9765513E4C5B5FBD02
:10F670004C5B5FBD359E84BEEA93923EC48E99BEBC
:10F68000798427BD4C5BDFBD4C5B5FBC0875BCBE9D
:10F69000B646FBBD7D160FBFC48E19BE4C5B5F3CEA
:10F6A000BD6ACABE4C5BDFBE10998B3D10998B3D85
:10F6B0007984A73EC82001BF10990BBEE26FC3BE7C
:10F6C0004C5BDF3D10998BBE4C5B5FBC10998BBDD2
:10F6D000B6467B3EC48E19BE7984273D359E843E56
:10F6E0004C5B5F3D4C5B5F3C2E7A353E2E7A353E5F
:10F6F0007984273D10998BBE7984273E10998B3DE4
:10F70000B6467BBE0000000010998BBD537FAE3E15
:10F71000B6467B3E7984273EB646FBBD10990B3E2C
:10F72000E26FC3BD2E7AB5BE4C5BDF3DC48E193E81
:10F73000359E843E359E84BEE26FC33E4C5BDF3C0B
:10F74000C48E19BE7984273D7260D8BE7984A73EE5
:10F750004C5B5F3C7984A73E10998BBD4C5B5F3E50
:10F760004C5BDFBC4C5BDFBC000000004C5B5F3CD3
:10F7700010990B3E10998BBE9F89A03E7984273D3E
:10F78000E26FC3BDC48E193E0151EDBE7984A73D21
:10F79000798427BD4C5BDF3E4C5BDF3D0875BC3E8A
:10F7A000E26FC33D4C5BDF3D000000002656E6BE25
:10F7B0004C5BDFBD9F89A0BE2656E63E4C5B5F3D9D
:10F7C00010998B3DC48E99BE4C5BDF3C000000005D
:10F7D000359E04BF10990B3E01516DBE359E843E8F
:10F7E00010998BBDB646FBBD798427BD4C5BDFBD50
:10F7F00010998BBD9F89A0BE7260D8BEE26FC3BE58
:10F80000B646FB3D7984A7BEE26FC33DEA93923EC4
:10F810004C5B5F3C7984273E359E84BE4C5B5F3EEB
:10F820002E7A35BE10998BBD000000004C5BDF3D89
:10F83000C48E19BE9F89A0BE4C5BDF3CE26F43BE05
:10F840007984A7BD4C5B5F3CE26F43BE4C5B5F3E7F
:10F850009765513EB646FB3D4C5B5FBD4C5BDF3D63
:10F86000798427BE4C5B5FBDB646FB3D10998BBDCE
:10F8700010998BBD10990BBE2E7A353E798427BD29
:10F88000E26F433E4C5BDF3D10998BBD2E7A35BE57
:10F890007984273E798427BE0000000001516D3E27
:10F8A0002E7A353E10998BBDE26FC33D01516DBE7E
:10F8B00010998BBD4C5BDF3CEA93923E7984273DE7
:10F8C000537FAE3E10998BBDC48E19BEA21B08BFDC
:10F8D000C48E193EA21B08BF4C5B5FBCE26F433E67
:10F8E00001516D3E2E7A35BE7984273E976551BE13
:10F8F00010990BBE10998BBD7984273DC48E193E9B
:10F9000001516D3E01516DBE2E7A35BE2E7A35BE47
:10F91000537FAEBE10998B3DC48E193E7984273E2D
:10F9200001516DBEE26F433E798427BD4C5BDFBE63
:10F930004C5BDFBC976551BEB646FBBD2E7A35BE2B
:10F9400001516D3E10990BBEE26FC3BD4C5B5FBEB3
:10F950004C5BDFBDB6467BBE4C5B5FBC4C5BDF3CAB
:10F9600001516DBEE26FC3BDB646FBBD01516DBE18
:10F970002E7AB5BE10998BBDBD6ACA3E10998B3EDA
:10F9800010998B3DE26FC3BD0875BCBEBD6ACABE8F
:10F99000B646FB3DA21B08BFE26FC33DE26F43BE0C
:10F9A0004C5B5F3D4C5B5FBEC48E19BEC48E19BEFE
:10F9B0004C5BDF3C7984A73E7984273EC48E19BE18
:10F9C00000000000E26FC3BD359E84BE537FAEBE13
:10F9D0002E7AB53E798427BFE26F43BEB646FBBDA3
:10F9E0004C5B5F3D537FAEBE10990B3EDB4BF4BECC
:10F9F0007984273D7984A73E359E84BEE26F43BE5D
:10FA00005711163F798427BE798427BE2E7AB5BE5A
:10FA100010998B3EE26F43BF4C5BDFBD9765513E53
:10FA2000E26F43BF2E7A35BE10998B3DBD6ACABEC8
:10FA3000B646FBBD10998BBD2656E6BE10998B3D90
:10FA400079D0663E62893B3EC80B89BE6AF6C93DE5
:10FA500079D0663CD7E5A5BE6AF6C93D53AF1EBE58
:10FA60004C4290BD4C4290BD6AF649BE4C42903D1E
:10FA700079D066BE79D066BC5B1CADBD813DF5BE5C
:10FA800062893B3E44D5013E53AF1E3E79D0E63DF0
:10FA900062893B3E4C42903D53AF1EBE5B1C2DBE67
:10FAA000CF78973E5B1C2D3D44D501BE6AF6C9BD9B
:10FAB0005B1CADBD79D0663C5B1C2D3D6289BBBE35
:10FAC0006AF6C93D44D5013E44D5013E4C42103E44
:10FAD00062893B3E79D0E6BC79D0E63CDF52B4BEC9
:10FAE00079D0E6BCD7E5A5BE6AF649BE79D0E63D39
:10FAF000D7E5A5BE5B1C2D3D79D0E6BDDF5234BFF6
:10FB000079D0E63C4C42103E44D5013E5B1CAD3DF5
:10FB100079D0E63C5B1C2D3D79D0E6BC62893BBECA
:10FB200079D0663CC80B89BE6AF6C93D813D75BE79
:10FB30000474FCBE5B1C2DBD79D0E6BC954A22BF87
:10FB400079D066BC5B1C2D3E53AF1E3E79D066BD9E
:10FB500079D0E6BC79D066BD79D0E6BC6AF6C9BD7D
:10FB6000D7E5A5BE5B1CADBE79D066BC53AF9EBECB
:10FB7000954A22BF53AF1E3EC80B893E4C4210BE71
:10FB800079D0663D0000000062893BBEC80B89BE8B
:10FB90005B1C2D3D5B1C2DBE7163D8BE7163D8BE4E
:10FBA0006AF6C93D4C42903D5B1CADBE79D0E6BDC6
:10FBB00079D0663E79D066BD44D581BE5B1CAD3D33
:10FBC0006AF6C93D5B1C2D3D6AF6C93D79D066BD1C
:10FBD0004C42103E6AF6C9BD53AF1EBE813DF5BE14
:10FBE0005B1C2D3D79D0E63C53AF1EBE813D75BEFA
:10FBF00062893B3E79D0E6BC53AF1E3E79D0E63CED
:10FC000079D066BC5B1CADBD4C42103E79D0663DE0
:10FC100062893B3E53AF1E3E44D501BECF7897BEAE
:10FC200079D0663D4C4290BD4C4290BE4C4290BD56
:10FC300062893B3E5B1C2DBE79D0E6BE7163D8BEA7
:10FC400079D0E6BD5B1CADBD4C42903D79D0E6BCA1
:10FC500053AF1E3E79D0663E813D75BE79D0E6BD7C
:10FC6000000000004C4290BE44D581BE5B1C2DBDFF
:10FC70006AF6C93D4C4210BE198129BF79D066BDD4
:10FC800079D0E63C5B1C2DBE79D0663D53AF1EBEDD
:10FC900079D066BC5B1CAD3D79D066BE79D0E63CC0
:10FCA0006AF649BEDF52B4BED7E5A5BE4C4290BD50
:10FCB00079D0E6BC4C42903D62893BBF79D0E63DAD
:10FCC00079D066BD5B1C2DBD79D066BE716358BE10
:10FCD0006AF649BE79D0E6BDFD06EEBE6289BBBEBE
:10FCE00079D066BD5B1CAD3D79D066BD53AF1EBEFD
:10FCF0004C42903E5B1C2DBD4C4290BE62893BBE87
:10FD00005B1C2DBD0000000079D066BC5B1CADBD46
:10FD100079D066BC5B1CADBE4C4290BDFD06EEBE0C
:10FD20004C4210BE4C42903D5B1C2DBD5B1C2DBE59
:10FD300079D0663E79D0E6BD44D5013E6AF6C9BDAC
:10FD40006AF6C93D53AF1EBE4C42103E4C4290BDB8
:10FD500079D0E6BC0AA70CBF62893BBE5B1CADBD77
:10FD60006AF6C9BD6AF6C9BD4C42903D6AF6C9BD86
:10FD7000813D753E44D581BE79D0E63C6AF6C9BD69
:10FD80006AF6C9BD6289BBBE5B1CAD3D5B1C2DBD67
:10FD90005B1C2D3DE6BFC2BEEE2CD1BEC80B89BE9A
:10FDA00053AF1EBE6AF649BE79D0663D0000000022
:10FDB000D7E5A53E79D066BD79D0663D53AF1E3EEE
:10FDC0005B1CAD3D7163D8BE79D0E63C5B1C2DBE9B
:10FDD00079D0E6BD6AF6C93D0474FCBE4C4290BDC4
:10FDE00079D066BD5B1CADBD79D066BC4C42903D00
:10FDF0006289BB3E6AF6C9BD813D75BE4C42903DED
:10FE000044D581BE79D0663D53AF1EBEC80B89BEB6
:10FE100044D581BE4C4290BD4C42103E00000000D3
:10FE20005B1C2D3D79D0E63C79D066BE6AF6C9BD33
:10FE300079D0E6BD79D0663CDF52B4BE4C4290BE6C
:10FE400079D0E6BC6AF6C93D5B1C2D3E44D501BEA7
:10FE50005B1C2DBE62893BBE44D5013E53AF1E3EA6
:10FE600079D0E6BC4C42103E716358BE5B1CADBD00
:10FE7000000000005B1C2D3E79D0663D6AF649BE4D
:10FE80000000000079D066BC6AF6493E5B1C2D3D3F
:10FE90004C4210BE79D066BE716358BE79D0663DC3
:10FEA0005B1C2DBD79D0663C44D501BE4C4290BE52
:10FEB00079D0663C5B1C2DBE4C42903D4C4290BDBF
:10FEC00079D0E6BC813D75BE4C42903D4C42903DA0
:10FED0005B1C2DBD5B1C2DBE79D0E6BE79D0E6BC87
:10FEE0005B1C2D3D79D0663C79D0E63C79D0E63C70
:10FEF000813D753E79D066BC5B1C2D3D79D0E6BD59
:10FF00005B1C2D3DC80B89BE79D0E63C6AF6C93D25
:10FF10005B1C2D3D5B1C2DBD79D066BF79D0663D45
:10FF200079D066BCC80B893E6AF649BE6AF6C9BD7F
:10FF3000CF78973E79D066BD6289BBBE79D0E6BDE9
:10FF400079D066BD79D0E63C53AF9EBE62893BBE98
:10FF500079D066BD44D501BF44D581BE79D066BE97
:10FF6000C80B09BF6AF649BE4C4210BE79D0E6BD47
:10FF70000AA70CBF79D0E6BD6AF649BE62893BBECE
:10FF800079D0663C53AF1E3E53AF9E3E79D0663C5F
:10FF9000813D75BE79D0E6BD79D0663D79D0E6BCAD
:10FFA000C80B89BE79D0E6BD6AF649BE4C4210BE88
:10FFB00079D0E6BE79D0663D4C42103E44D581BE34
:10FFC00044D501BE4C42103E79D0663E5B1CAD3D2F
:10FFD000D7E5A5BE6AF6493E6AF6C9BD44D501BE5D
:10FFE00079D066BEE6BFC2BE79D066BE53AF1EBE34
:10FFF000813DF5BED7E5A5BE79D0663C79D0663E99
:02000004703A50
:10000000C80B893E6AF6C93DC80B89BE4C42103EFA
:10001000D7E5A5BE5B1CAD3DD7E525BFC80B89BEA6
:100020006AF6C9BD4C4290BD5B1C2D3D79D066BDC2
:1000300044D501BE79D0E6BD00000000DF52B43ED9
:100040005B1CAD3D6AF6C93D7163D8BE5B1CAD3D1E
:1000500079D0E6BE5B1CADBD7163D8BEDF52B4BEC5
:100060000000000044D5013E6AF649BE716358BEE7
:1000700079D0663D79D066BC44D501BE53AF1E3EF3
:10008000E4B3463D86170BBE2128813E50F61EBCC8
:1000900032BCC13EE4B3463E50F69E3C78716E3EA3
:1000A00050F61EBE212801BE50F69EBC78716E3DF2
:1000B0007871EE3CE4B3C6BD9EFE993E50F61EBC80
:1000C000EB0615BE78716E3D78716E3DB5E5283E44
:1000D000EB06953E50F61E3C00000000B5E528BE3C
:1000E0009EFE99BE7871EE3C7871EE3CB5E5A8BEF7
:1000F0001AD532BEE4B3C6BD50F61E3DAE92DA3D0F
:1001000050F69EBCEB06153E78716EBD86178B3D92
:1001100002EEA33E7871EEBC50F69EBC49A350BEE1
:1001200086178BBE86178B3E7871EE3C7871EEBDDC
:1001300068DDADBE50F69EBD50F61EBD7871EEBCBA
:10014000380F903E1AD5B23EAE92DABD1AD5B23D06
:100150002128013E86178B3D86178B3D86178BBD68
:10016000138264BE49A3503E50F69E3C50F61E3C9E
:1001700078716EBE50F61E3C49A3503E1AD5B23D72
:10018000B5E5A8BE78716E3EEB0615BE78716E3D82
:10019000AE92DA3DAE925A3E86178B3DE4B346BE30
:1001A000212801BEE4B3463D50F61E3E1AD5323E2C
:1001B00050F61EBE2128013EE4B3463DE4B3C63DE1
:1001C000EB0695BEEB0615BEE4B3C6BE7871EE3DF8
:1001D000380F903E86178B3DAE92DABEB5E5283ECD
:1001E0007871EE3CFC9AD5BE78716E3E2128013EB6
:1001F0001382643E86170B3E02EEA3BE50F61E3CF1
:10020000608ADFBEEB06153EE4B3C6BD78716E3D75
:100210002128013E50F61EBC86170BBE7871EEBC3D
:1002200050F69EBCEB06953E02EEA33E212801BE91
:1002300050F69E3DDD60783E50F69EBE2128013E80
:10024000138264BEE4B3463EE4B346BE7871EEBCAE
:1002500086170B3E7871EEBCDD6078BEB5E528BE32
:1002600050F61EBED41F063F1382643E50F69EBD5C
:1002700086170BBE9EFE993EB5E5A8BE86170BBE3F
:1002800086178B3ED41F863E50F61EBD7871EEBD9C
:10029000AE92DABDEB06153E7FC4BCBEDD60F8BE93
:1002A000138264BE7871EE3EAE92DA3D50F69EBE89
:1002B000138264BE50F69E3C49A3D0BE50F61EBDCC
:1002C000C679E9BE1382643E50F61E3D78716EBD5C
:1002D000AE92DA3DE4B3463DAE925ABE50F61EBF32
:1002E000EB06153E50F69EBC50F61E3EEB06153E44
:1002F00078716EBDE4B3463D50F69E3CB5E5283EB0
:100300007FC43CBE49A3D0BE1382E4BE50F61EBDDE
:100310007871EEBC1AD532BEB5E528BE2128013E63
:100320001382643E78716EBD7871EEBD50F61E3E4C
:10033000AE92DA3E49A350BEB5E5A8BE1382643E34
:1003400086178B3D86170BBE7871EEBD000000004E
:1003500086178B3D7871EE3CE4B346BDE4B346BDF1
:100360002128813EE4B3C6BDE4B3463D0000000051
:100370001382643EE4B3C6BD1AD5B2BEDD60783EDA
:1003800050F61E3C78716EBD49A350BE78716E3D2B
:100390007871EE3CE4B3C63D1AD5B2BDEB0615BE8E
:1003A0001AD5B2BD86170B3F50F61E3C50F69EBCC8
:1003B00086178BBDAE925A3EEB0695BE7871EE3D28
:1003C0007FC43C3E86170B3EAE92DABDAE92DABDDC
:1003D000E4B3C63D50F61EBC49A350BE68DDADBEB9
:1003E00049A350BE50F69E3E50F61EBC212801BEC9
:1003F000D41F86BEE4B346BD50F69EBDE4B3463D71
:1004000096ABCBBEAE92DA3DAE92DABD78716EBDE0
:1004100050F61E3E1AD5B2BD49A350BE86170BBF7B
:100420007871EEBC7871EE3DAE92DA3D1AD5323E6F
:10043000B5E528BE78716EBDE4B3463E50F69EBC6D
:1004400050F69E3D7871EEBEEB0615BE7871EEBC9F
:1004500086178BBDAE925ABE86178BBD000000007A
:10046000D41F863EAE92DABD50F69EBD86170B3E77
:10047000380F903E78716EBDE4B3C63D7FC43C3EFC
:10048000B5E5283E1AD5B2BEE4B346BD7871EE3D5F
:1004900050F61E3E1AD5B2BD50F61E3D7FC43CBE7E
:1004A000E4B3463E50F69EBC86170B3EE4B346BD11
:1004B000CCCCB73EE4B3C6BDE4B346BD86178B3D96
:1004C000212801BEAE92DABD50F61E3D1AD5323E4D
:1004D00086178B3D78716EBDEB0615BE7FC43CBEA2
:1004E0001AD5B2BD86170BBE7871EEBD78716EBDA0
:1004F00050F69E3D86178B3D50F69EBC7871EE3CC3
:100500007871EE3D0000000068DDAD3E50F69E3C87
:100510007871EE3DE4B346BD212801BECCCCB7BE18
:10052000D41F86BEAE92DABD7871EEBDE4B3C6BD0F
:100530007FC43CBE000000007871EE3C7871EE3C58
:100540007871EEBD1AD5B23D49A3D03EE4B346BDA5
:10055000AE925A3E78716EBDAE925ABE1382E4BE20
:10056000E4B3C6BD50F69E3CAE92DABDE4B3C63DE0
:1005700078716EBD7871EEBC7871EE3D00000000C0
:10058000C48217BF49A3D0BE49A350BE1382643EA4
:1005900050F61EBD86170B3E86178BBD50F61EBE4D
:1005A000DD60783EE4B3C6BE50F69E3CDD60783E2A
:1005B0002128813E7871EE3DEB06153E7871EE3DC7
:1005C00050F61E3CD41F86BE86170BBE2128013E66
:1005D000B5E5283EB5E528BE1AD5323E86170B3E56
:1005E00078716E3D86170BBE86170B3E2128013EA3
:1005F00050F61E3EE4B3463DE4B3463E0000000024
:1006000050F61EBD50F69EBEE4B3C6BDEB06153EC9
:10061000E4B3C63DEB0695BE86178B3D1AD5B23DB9
:1006200050F61EBDDD6078BE78716EBD7871EEBC8F
:1006300086178B3D138264BE50F61EBD50F69E3C5D
:1006400050F61EBC1AD5B2BD7871EE3D86178B3DB3
:10065000E4B3463E1AD5B2BD86170B3E49A350BE41
:10066000212801BE86170BBED41F86BE86178B3E7F
:10067000EB0615BEB5E528BE7871EEBC50F61E3C03
:100680001382643E50F69E3C50F69E3E212801BEE9
:1006900078716EBD86178BBD50F61EBDEB0615BE7C
:1006A000138264BE50F69E3D78716EBD380F903E49
:1006B00050F61EBE78716E3D1AD532BE7871EE3C92
:1006C000B6E8C0BDE5D22EBF88AE90BDE422F1BD34
:1006D000E42271BEFD9F84BEFD9F84BE88AE903D26
:1006E000B6E8C0BD2BDA34BF88AE903DCD05593E8B
:1006F00014BD9CBECD0559BE6F31FDBEE422F1BDD7
:10070000B6E8403E0000000088AE103EB6E8C03CAF
:10071000FD9F04BF88AE10BEFD9F843EB6E8C0BDFD
:100720005AC422BF9FCBA8BE88AE903E88AE90BE72
:10073000000000009FCB28BE00000000B6E840BECD
:10074000B6E8C03EFD9F843E9FCBA83E88AE90BDDC
:100750009FCBA8BE88AE10BE88AE103EB6E8C0BC27
:10076000B6E8C0BEB6E8C0BCB6E8403EE42271BE02
:10077000CD0559BEB6E8C03C9FCB28BE88AE10BEA2
:10078000B6E8C03D9FCB283EB6E8403D43A70ABF30
:1007900000000000E422F13DFD9F843EB6E840BE2B
:1007A00041F7CCBEE422713E0000000088AE10BECE
:1007B000FD9F84BE14BD9CBE88AE90BEB6E8C03C12
:1007C000E42271BE88AE903DB6E8C0BC14BD9CBFAB
:1007D00014BD1CBFB6E8C0BCB6E8403EE422F13D03
:1007E0009FCB28BE88AE103EE422F13D9FCB283E31
:1007F000E422F1BDB6E8C03CCEB516BF88AE90BDD0
:10080000B6E8C0BD88AE10BF9FCB28BEFD9F84BE9A
:10081000E5D22EBF9FCBA8BEB6E840BE6F31FDBE6D
:10082000E422F13D5AC422BF88AE903DB6E8C03DF7
:10083000E422713E88AE90BE2BDA34BFB6E840BDEC
:10084000B6E8C03DB6E840BDB6E8C03DB6E8403DBC
:10085000FD9F04BFCD05593EB6E8403E88AE103E30
:1008600088AE10BEFD9F84BE88AE903EE422F1BDEE
:10087000FD9F843E00000000CD0559BE0000000031
:10088000B6E8403EE422F13D9FCBA83EB6E840BD2D
:100890009FCB28BEB6E840BDB6E8C03DFD9F843E74
:1008A000B6E840BEB6E8C0BCCD05593EB6E8403D0E
:1008B000E422F1BD88AE903D14BD9CBEB6E8403D3B
:1008C000B6E8C0BCB6E8C03DB6E8403DE422F1BEA3
:1008D000B6E8C03CB6E8C0BCB6E8C03D00000000C9
:1008E0002BDAB4BEE422F13DE422F1BDB6E8C03C0F
:1008F000CD0559BECD0559BE41F7CCBEE422F13D30
:10090000B6E8C0BDB6E8C03D88AE90BDE42271BE79
:10091000B6E8C03CB6E8C03C00000000B6E8C03C09
:10092000B6E8C0BCB6E8403EB6E8C0BC9FCB283EA7
:10093000E422F1BDB6E8C03C88AE90BEE422F13DB1
:10094000B6E8C03C41F7CCBEB6E8C0BD9FCB28BEE0
:10095000FD9F04BF88AE90BD88AE10BF9FCB28BE60
:1009600014BD9C3ECEB516BF00000000B6E8C03DE9
:100970005814E53EB6E8C03C9FCB28BF88AE90BE79
:1009800088AE103E9FCB28BEB6E8C03DB6E8403DDD
:1009900088AE90BE9FCBA83E2BDAB43E88AE903D89
:1009A000CD05593EB6E8C03DE422713EB6E8C03CF4
:1009B00014BD9C3EE422F13DB6E840BD00000000BD
:1009C00088AE903E0000000041F7CC3E00000000E1
:1009D0009FCB28BE00000000B6E8403EB6E8C0BD90
:1009E000E42271BEE42271BEE422713E88AE903DE5
:1009F000000000009FCBA83E88AE90BDE422F1BD70
:100A00009FCB28BE88AE903DB6E8C03CFD9F84BE1B
:100A1000E422F1BD88AE103E41F7CCBE88AE90BD59
:100A2000FD9F84BEE42271BE9FCB28BE88AE903D60
:100A3000E42271BEB6E8403DCD0559BE9FCB28BE2D
:100A400000000000B6E8C03DE422F1BD0000000057
:100A50009FCBA83EB6E8403ECD05593EB6E8C0BCA7
:100A6000B6E8C03DE422F13DB6E8C0BCB6E8C0BC83
:100A7000B6E840BE88AE903DB6E8403EE422F1BD07
:100A8000E422713E9FCBA8BE9FCBA83E88AE103E0D
:100A90009FCBA8BE5814E5BEB6E840BEB6E840BE3F
:100AA000B6E8403D88AE103F9FCB28BE88AE903E52
:100AB00088AE10BEB6E8C0BCCD0559BEB6E840BE93
:100AC000E422F13D88AE10BEFD9F843EB6E8403E74
:100AD00088AE10BEB6E8403D14BD9C3E9FCBA8BE7C
:100AE000B6E8C03DE42271BE88AE903EB6E8C0BC18
:100AF00088AE903DE422F1BD9FCB283E88AE10BE6B
:100B0000FD9F843EB6E8C03C88AE903E88AE903DE6
:100B1000B6E8C0BC14BD9C3E88AE903EB6E8403EF0
:100B20009FCB28BEB6E840BDCD05593EB6E8C03CD7
:100B3000B6E8C0BDCD05593EB6E8C0BC41F7CCBE55
:100B400088AE903DE422F13DFD9F84BE88AE10BF8B
:100B500088AE103ECD05593E88AE90BDE422713E70
:100B6000E422F13D88AE10BEB6E8403EE422F13DFD
:100B7000FD9F84BE88AE103EB6E840BD88AE90BDF5
:100B8000B6E8C03CB6E8C03CFD9F04BF43A70ABF1F
:100B9000CD05593EB6E8C03C9FCB28BEB6E8403DE7
:100BA000B6E8C03EB6E8C0BD9FCB28BEFD9F84BE60
:100BB0009FCB28BEFD9F843E2BDAB43E88AE103E0C
:100BC000E422F1BD88AE10BE88AE10BE88AE103FE4
:100BD000CD0559BECEB516BF14BD1CBF14BD9CBEFD
:100BE0009FCBA8BEB6E8C0BCE42271BEB6E8403DCB
:100BF00041F74CBFB6E840BEB6E8C0BE88AE10BEF6
:100C0000B6E8C0BCB6E8403E9FCBA83E2BDAB43E67
:100C10009FCB28BE9FCBA8BEE422713E9FCB28BEAF
:100C20005814E5BEB6E8C03CB6E8403E9FCB28BEAF
:100C3000E42271BEB6E8C0BDE422713E14BD9CBE84
:100C4000FD9F843E88AE103ECEB5163F88AE90BD67
:100C500088AE10BE88AE103EB6E8403E88AE103E6C
:100C60009FCB28BE43A70ABFB6E8403E88AE10BE61
:100C700014BD9CBECD05593EB6E8C0BD9FCB28BE75
:100C80009FCBA83EB6E8403E88AE903DB6E8C0BFD8
:100C9000B6E8C0BCFD9F843ECD05D9BEE422713EBE
:100CA000E422F13D88AE10BE88AE103E14BD9C3EDD
:100CB0005814E5BE0000000014BD9CBEB6E8C03C60
:100CC0009FCB283EB6E8403E000000009E1B6BBF55
:100CD00000000000B6E8C0BCFD9F84BEB6E8C03D81
:100CE00088AE90BE88AE90BDB6E8C0BDE422F13DAE
:100CF0009FCBA8BE88AE103EB6E8C03CB6E8403EEA
:100D0000CFD27CBDCFD2FCBD3EC167BE8A8CA8BC11
:100D1000ACAFD2BD11F457BFACAFD2BEF97A93BE1F
:100D20008A8CA8BEC1039EBE8A8CA8BDF97A13BE68
:100D30008A8C28BEACAFD2BD1B9E3DBFF97A93BE54
:100D40008A8C28BDCFD27CBD8A8CA8BE8A8CA8BCD8
:100D5000CFD2FCBDC1031EBF7538DDBECCAD03BF15
:100D60008A8C283D5315B3BECFD2FCBDCFD2FCBD7B
:100D70008A8C28BD8A8CA83CE426C8BEC1039EBECE
:100D80008A8CA8BC8A8C283D064AF2BECFD27C3D14
:100D9000CFD27CBDCCAD03BF8A8CA8BD531533BF69
:100DA0001B9E3D3E8A8C28BE00000000ACAFD23DA9
:100DB000ACAF52BECFD27C3D1B9E3DBECFD27CBEDF
:100DC000F97A133E8A8C28BDCFD27CBE8A8CA8BC0F
:100DD000F97A13BE94360EBF1B9E3DBE3EC1E7BEE0
:100DE0008A8C28BECFD27CBD8A8CA8BC8A8CA83DB8
:100DF000ACAF52BECFD27C3DEED02DBF064AF2BE84
:100E00008A8CA8BD8A8CA8BCC1039EBECFD27CBEF2
:100E1000CFD2FCBD8F619BBFACAF52BEF97A93BEFF
:100E20008A8CA8BD5DBF18BFCFD2FCBDCFD27CBE1F
:100E30001B9E3DBEACAFD23D94360EBF3EC1E7BE59
:100E40008A8C283D30F288BE1B9E3DBECFD27C3EB0
:100E50001B9E3DBEACAF52BE8A8C28BEACAFD23D0D
:100E60000000000030F288BE30F288BE8A8C28BEB6
:100E70008A8CA8BDACAF52BE30F288BE8A8CA83D29
:100E80008A8CA8BD30F288BE3EC167BE8A8CA83E5F
:100E900000000000CFD27C3D30F288BECFD27C3D36
:100EA000000000001B9E3D3EACAF52BE1B9E3DBEEF
:100EB0008A8CA83D1B9E3DBE1B9EBDBE30F288BEE7
:100EC0003EC167BE000000008A8CA8BE30F2883E9A
:100ED000ACAFD23D8A8CA83D8A8C28BE8A8CA83EB5
:100EE0001B9E3D3E30F2883EACAF52BE8A8CA83D80
:100EF00000000000C1039EBE8A8C283D1B9EBDBE23
:100F00008A8CA83DCFD27CBD8A8C28BECFD27C3DB6
:100F1000CFD2FC3DCFD27CBD3EC167BE30F2883E11
:100F2000CFD27CBD8A8CA83C3EC167BE30F288BE61
:100F3000F97A13BE8A8C28BDF97A93BE064AF2BEAE
:100F40008A8C283DF97A13BECFD27CBDF97A93BE44
:100F5000ACAFD23DACAF52BF8A8C28BD1B9E3D3E8C
:100F60008A8C28BD3EC167BEACAF52BEF97A93BE33
:100F70008A8C28BD3EC167BECFD2FCBECFD27CBE1C
:100F80008A8CA83CE426C8BECFD27CBEC1039E3E5C
:100F9000CFD27C3E8A8CA8BCCFD27CBD30F288BE3A
:100FA000CFD2FCBD8A8CA8BEACAFD23DCFD2FCBDA7
:100FB0008A8CA83C1B9E3D3EF97A13BE8A8C28BDC4
:100FC0003EC167BECFD27CBE8A8C28BE5315B33ECD
:100FD000ACAF523E8A8C283ECFD27CBDC1039EBEB0
:100FE0008A8CA8BDF97A133ECFD27C3DACAFD2BD7E
:100FF0008A8CA83DCFD2FC3D8A8C283E8A8CA8BC26
:101000008A8CA8BE8A8C283D8A8CA8BDCFD27C3E13
:10101000C1039E3E000000008A8C28BE8A8CA83C3A
:101020008A8C28BD30F2883EACAFD23DCFD27CBE98
:10103000CFD27C3DCFD27C3D8A8CA83DACAF52BE96
:101040001B9E3D3E8A8CA8BDACAFD23D8A8CA8BC0D
:10105000ACAFD23DCFD2FC3D8A8CA8BD8A8C283D56
:10106000ACAFD2BD8A8C283ECFD27C3D3EC167BE9C
:101070008A8CA8BDACAFD23D8A8CA83CF97A13BE4D
:101080008A8CA83DCFD27CBECFD27C3EC1039EBE0F
:10109000CFD27CBDEED02DBF3EC167BE8A8CA8BD2D
:1010A0008A8CA8BE8A8CA83CCFD27C3D1B9E3DBEBC
:1010B0008A8C28BE00000000F97A13BE8A8CA83CF6
:1010C000CFD2FC3DF97A93BEACAFD2BD3EC1673EF4
:1010D0008A8C28BD11F457BF8A8C283E064AF2BE7E
:1010E000ACAF523EC1039E3EF97A13BEC1039E3E91
:1010F0008A8C28BD8A8C28BDF97A933ECFD2FC3DDC
:10110000000000003EC167BE3EC167BEF97A133ED3
:1011100080E242BFACAFD2BE8A8C283DACAFD2BD1C
:10112000CFD27CBD30F2883E8A8CA8BCACAFD23D19
:101130008A8CA8BC8A8CA8BCCFD27C3DACAFD2BD77
:10114000000000008A8C283DCFD27CBD8A8CA83D4F
:101150001B9EBDBEACAFD2BEACAF523EACAF523E9A
:10116000CFD2FCBDCCAD033FF97A13BEACAF52BEBB
:10117000CFD2FC3D5315B3BE8A8CA8BDCFD27CBE66
:101180008A8CA83E00000000CFD27CBD3EC167BE65
:10119000064AF2BEE426C8BEACAFD23DACAFD2BD6B
:1011A000ACAFD2BDCFD27C3DCFD27CBD8A8CA8BDA6
:1011B0008A8CA8BC8A8C28BD30F288BE8A8CA8BED6
:1011C000CFD27C3E30F288BE8A8CA83C8A8C28BF65
:1011D0003EC167BE8A8C28BF8A8C283ECFD27CBD98
:1011E0008A8C28BDACAFD23D8A8CA8BD8A8CA8BDA4
:1011F0008A8CA8BC8A8CA83CCFD2FCBD8A8C28BE25
:101200007538DD3EACAF52BEE426C8BE8A8CA8BCA1
:10121000CFD27C3D8A8CA8BFACAFD23DF97A133EC9
:101220008A8CA83C5DBF183FCFD27CBDF97A133EB3
:101230008A8C28BECFD27C3DC1039E3ECFD27CBDDE
:101240008A8CA83E8A8C28BE30F288BECFD27CBD64
:101250007538DDBEF4A5A0BF8A8CA83D1B9E3D3E1F
:10126000CFD27CBEE426C83ECFD27C3D8A8C28BD3E
:10127000F97A13BE000000003EC167BE0000000006
:10128000ACAF523E8A8CA83D8A8CA8BC3EC167BEDA
:101290003EC1E7BE8F619BBF8A8C28BD8A8C28BD6A
:1012A0008A8CA8BD8A8CA83EACAFD2BDCFD27CBD03
:1012B0008A8CA83C8A8C28BD000000003EC167BE15
:1012C0003EC1673ECFD2FCBDCFD27CBE1B9EBDBE11
:1012D000C1039EBECCAD03BF8A8C283D8A8C28BD3D
:1012E0008A8CA8BD8A8CA8BD000000008A8C28BD0D
:1012F0008A8CA8BC8A8CA83C94360EBFF97A93BE1F
:10130000E426C83E3EC1E7BEF97A13BE531533BF8B
:101310008A8C283ECCAD03BF8A8CA8BCCFD2FC3DC2
:101320008A8CA8BD8A8CA83CCFD27C3D30F288BE86
:101330008A8CA8BD8A8CA83CCFD2FCBE1B9E3DBE29
:1013400015D1F93D15D1F9BD15D1793E13B784BE3C
:10135000D05CBB3D478EB3BED05C3B3ED05C3BBD5A
:101360009C858CBE15D179BDF296DABD9C850C3E6C
:1013700015D1F9BD8B7537BFD05C3BBDAD229CBD8F
:1013800015D1F9BDD05CBBBDD05CBB3ED05C3B3D54
:10139000D05CBB3D9C858CBE15D1793D582BC3BE1E
:1013A000D05CBBBE15D1F93CAD229CBD15D1793DB9
:1013B000AD221CBE6AC8D2BE15D1793DD05C3BBE01
:1013C000245414BFD05CBBBEAD229CBDD05C3B3D61
:1013D00015D1F9BCD05C3BBDD05C3BBDD05C3BBF04
:1013E000F296DABED05C3BBDF296DABDAD229CBE71
:1013F00013B784BE13B784BEF2965ABEAD221CBE8C
:1014000015D1F9BE0434EABEBEBF2BBE04346A3E19
:10141000AD229CBD478EB3BE04346ABED1E975BF10
:10142000582BC3BED05C3BBEAD229CBE04346ABE0A
:101430008C02F2BE245494BEBEBF2BBE15D1F93D22
:10144000D05C3B3D0434EABE9C850CBEAD229C3E84
:101450009C858C3EF296DABE478EB3BEF10920BF62
:10146000E06C10BFE1F9CABEF2965ABE13B784BE53
:10147000582BC3BEBEBFABBE478EB3BE15D1793DA0
:10148000AD221C3E15D1793C9C850C3EF296DABE0D
:101490002454943ED05C3BBDAD229C3DAD221CBE8D
:1014A00015D1F93C15D179BC15D1F9BC15D1F93C50
:1014B000BEBF2B3E6AC8D2BE9C850C3EAD221C3EF0
:1014C00015D179BD15D179BCBEBF2B3EBEBF2BBE99
:1014D000D05C3B3E2454943EAD229C3D13B784BE69
:1014E000F2965A3E15D1F9BC15D1F93C9C850C3EBB
:1014F000F2965A3E478EB3BEBEBF2B3E15D179BC85
:1015000013B784BEF296DABD0000000015D179BD94
:10151000D05CBB3DF296DA3DD05C3BBD245414BF99
:101520009C850C3E245414BF15D1793D15D179BC4E
:1015300015D1F9BCE1F94ABE36F1A3BE15D1793D0A
:10154000F2965ABEBEBF2BBE15D1793DD05C3BBED4
:1015500015D1F93DF2965ABEE1F94ABEE1F94ABF0A
:1015600015D179BD7AD827BF15D179BE36F1A3BE82
:10157000478EB3BED05CBB3D9C858CBEF296DA3DF7
:10158000E1F94ABE13B784BE15D179BCBEBF2BBEEC
:10159000D05C3B3E245494BE15D1793DAD229CBE17
:1015A000D05C3BBE579E08BFAD229CBEBEBFABBE4B
:1015B000E1F94A3E15D179BC15D179BD15D1793DF6
:1015C000F296DA3DF2965A3EAD221C3EE06C10BF18
:1015D000AD229C3D15D1F93DD05CBB3DF2965ABE83
:1015E00015D1793C15D1793C00000000AD229C3D1D
:1015F00015D1793C9C850CBE9C850C3EE1F94ABE18
:101600009C850C3E15D1F93DD05C3B3EAD221CBE05
:1016100015D1F93CF296DA3D15D1F9BCF2965ABED5
:101620002454943E15D1793DF296DA3D15D179BC1A
:1016300015D1F9BCBEBF2BBE15D1F93D15D179BC72
:10164000AD229CBD15D1F9BCE1F94A3EAD221CBECC
:10165000BEBF2B3EAD229CBD15D179BD15D179BE43
:10166000D05CBB3D478EB3BED05CBB3DD05CBBBE47
:10167000D05C3BBEAD221CBED05C3BBDD05C3B3ED3
:1016800013B784BED05C3BBD15D1F93EBEBFABBE27
:10169000E1F94ABEAD229CBED05CBBBD04346ABE3B
:1016A000BEBFABBE9C858CBED05CBB3D7B65E2BE45
:1016B000AD221CBED05C3BBD15D1F93CAD221C3E19
:1016C00015D179BDAD221CBE7AD8273FBEBFABBEB7
:1016D00015D1F9BC13B784BE15D179BDAD229C3E9E
:1016E000E1F9CABEF296DA3DAD229C3DE06C10BF36
:1016F000E1F9CA3E15D1F9BC15D1793D15D1793E34
:1017000015D1F93CE1F94A3EBEBF2B3ECFCF00BF19
:1017100004346A3E6AC8D2BE15D1F93CD05C3BBDE8
:101720009C858CBE00000000BEBF2B3EBEBF2B3E82
:10173000AD229CBE36F1A3BE9C850C3EE1F94ABEAB
:101740000000000013B7843E15D1793ED05C3B3DCC
:1017500013B7843E9C858CBE15D179BD15D1F9BDDA
:1017600015D1F9BC15D1793CD05CBB3ED05C3B3D7A
:1017700015D179BED05C3BBEE1F94A3EE1F94ABEE3
:1017800015D179BC15D1F93D15D1793EF296DA3DE6
:101790009C858C3EAD221CBE0000000015D1F9BD19
:1017A00004346ABED05CBBBDD05CBBBD7B65E2BE11
:1017B0007B65E2BED05CBBBDAD221CBED05CBB3D38
:1017C00013B784BE9C850C3E9C850C3E15D179BC1C
:1017D000E1F94A3E04346ABEAD229C3DF296DA3D00
:1017E000AD229CBE6AC8D23E478E33BFD05CBBBE22
:1017F00004346ABEF296DABD15D179BC15D1793CB4
:1018000015D1F93C0000000015D1793ED05CBBBD7C
:101810009C850C3E9C850CBE15D1F93C9C850C3EEC
:10182000579E08BF25E14E3F478EB3BE15D179BE06
:10183000478EB33E15D1F9BDAD229C3DBEBF2B3EB8
:1018400004346ABE04346A3ED05C3B3D36F123BFAB
:10185000AD229CBD15D179BFAD229CBD15D1F9BD7E
:101860008C02F2BEAD229CBEF296DA3DBEBF2B3E8C
:1018700015D1F9BD15D179BD15D1F93DF296DABD75
:101880009C858CBEAD229C3E15D1793D04346ABE48
:10189000D05CBB3D9D1247BFBEBF2BBE9C858CBE9E
:1018A000BEBF2BBE478EB3BE15D1793E15D1793D53
:1018B000D05C3BBDF296DABD9C858C3E15D1F9BC5F
:1018C000AD229CBD9C858C3ED05CBB3DD05C3BBDBD
:1018D000F296DA3DD05C3BBE15D179BCD05C3BBE04
:1018E000F296DABD13B784BE15D179BD15D179BE94
:1018F00036F1A3BE15D1F9BDD05C3BBE13B7843E13
:10190000D05C3BBDF2965A3E15D1F93C15D179BE5B
:1019100015D1F9BC245494BEF296DABD0000000043
:101920000434EABE15D1793C13B784BE0000000030
:1019300036F1A3BED05C3BBDAD229CBDF2965A3EB3
:10194000000000009C850C3E04346A3E15D1793CB1
:10195000D05C3BBDF2965ABE15D1F9BD9C850C3EBC
:1019600015D179BD478EB33EF2965ABED05C3BBDD1
:1019700004346A3EAD229CBDD05C3B3D478EB33EF5
:101980001B9803BE1B98833D7975AFBDCA8699BE6F
:10199000D7525BBE7975AFBF79752F3D7975AFBCF6
:1019A0001E0B94BFD7525BBE7975AFBDD752DBBD5E
:1019B00032BD76BF00000000CA8619BF864171BEE5
:1019C0001B98833E1B98033ED752DBBD7975AFBE93
:1019D0002864453E728F0EBF7975AFBD1B9883BDDD
:1019E000805BD0BECA86993E79752F3DD752DBBE4B
:1019F000D752DBBED752DB3D1B9883BF286445BE60
:101A00008641713E7975AFBC1B9883BD79752F3EB9
:101A10002864453E79752F3E1B9803BE1B9803BE74
:101A2000728F8EBE1B98833D1B98833D728F8EBE36
:101A3000000000007975AFBD728F0EBF805BD03E95
:101A40001B98033E1B98833D79752F3E8641713E5E
:101A5000CA86193E79752F3D000000001B9803BE11
:101A60001B98833D7975AFBCCA86993E7975AFBD29
:101A7000CA8619BF1B98833D76021FBFD7525B3EB3
:101A80007975AFBC7975AFBD2864453E79752F3E39
:101A90001B98033E79752FBD7975AFBD1B9883BD2B
:101AA000D16CBABE7975AFBC1B98833ED752DBBDF3
:101AB000864171BE7975AFBC2BD755BFD752DB3E7F
:101AC00079752F3D79752FBD000000007975AFBE87
:101AD000D752DBBD805B50BF1B98833D1B9803BE74
:101AE000F15586BF217EA4BE00000000217EA4BE69
:101AF00079752FBFCA8619BE0000000079752FBE08
:101B00007975AF3C79752F3D7975AFBD805BD0BEDF
:101B100079752F3D2864453E7975AFBC7975AFBCAA
:101B200079752FBDD752DBBD1B98833D1B9803BF32
:101B30001B98033E7975AF3D1B9803BE7975AFBC0A
:101B40001B98033E7975AFBC000000001B98833DD5
:101B50001B9883BD7975AF3D1B98833D79752FBE6A
:101B6000CA86193E1B9883BED752DBBD7975AFBDBF
:101B70002864453ECA8619BE1B9883BD7975AF3D62
:101B80001B98833DD752DBBD8641713E2864453E9C
:101B90007975AFBD1B98033E79752F3ECA86193EF5
:101BA0001B98033E79752FBE7975AF3D79752FBEB1
:101BB000864171BE1B98833D2864C5BE1B9883BDBA
:101BC0001B98033E1B9803BE805BD03E7975AF3CEB
:101BD0001B9803BECA86193ECA86193E7975AF3C6A
:101BE000286445BED752DB3DD752DB3D1B9883BEF0
:101BF00079752F3D000000001B9803BF1B98033E22
:101C00001B9803BE7975AF3D1B98833D217EA4BE12
:101C10000000000079752FBF1B98833D805BD0BE0C
:101C2000CA8699BF1B98833D7975AFBC728F8EBEF3
:101C3000217EA4BE7975AF3DCA86193E0000000022
:101C4000D752DBBD000000007975AFBC2864C5BE6B
:101C50001B98833DD7525B3E79752F3E864171BEFE
:101C60007975AFBDCA86193E79752FBD864171BEA3
:101C70007975AF3D79752F3DD752DBBD1B9883BD7C
:101C800079752F3D79752FBD7975AFBCD752DBBD06
:101C900079752FBDCA86193E2864453E79752FBED9
:101CA000D752DB3D79752F3D79752FBD1B9803BE4B
:101CB00079752F3D1B9883BD79752F3D7975AFBD23
:101CC000D7525B3E000000001B98833D7975AF3D05
:101CD0007975AF3C79752F3E8641713E2864453E4B
:101CE00079752F3E1B9883BD7975AFBCD752DBBD8C
:101CF000286445BE7975AF3C864171BECA8619BE5F
:101D0000728F8E3E00000000CA86193E7975AF3C86
:101D100000000000CA86193E1B98833E1B98033EB4
:101D20007975AF3C1B9883BD7975AF3C1B9883BD1B
:101D30001B98033E7975AF3C1E0B14BF00000000DA
:101D40007975AF3C79752F3D2864453E1B9803BEDD
:101D5000D7525BBE2864C5BE864171BE7975AFBEE1
:101D6000D7525BBF7975AF3C7975AF3D1B9883BE89
:101D70002F4AE6BED7525B3E79752FBD7975AFBD50
:101D8000D7525B3E000000007975AFBDCA8699BE90
:101D9000D752DBBD1B9883BD7975AFBE79752FBD5A
:101DA0007975AF3C728F8E3E79752FBE7975AF3DD8
:101DB00079752F3D7975AF3D1B9883BE1B9803BE87
:101DC000CA86193E1B98033E79752FBD7975AFBC45
:101DD00079752F3E1B9803BE7975AFBE79752F3D7F
:101DE0001B98033EDE38FCBE1B9803BE79752F3E60
:101DF00079752FBDCA8619BED752DBBD79752FBD47
:101E00008641F13E1B98833D79752FBE1B98033E9A
:101E10002864453E1B9803BE217EA4BED7525B3E7C
:101E2000CA86193E217EA4BE2864453E1B98833D88
:101E3000D752DBBD1B98833D2864C5BE1B9883BD6C
:101E40008641F13E79752FBD79752FBE79752F3E8C
:101E500079752FBDCA8619BED752DBBDCA86193E19
:101E6000D7525BBECA8699BE7975AF3C8641713E3A
:101E700079752F3D0000000032BD76BFD752DBBD23
:101E8000728F8EBE1B98833D7975AF3E7975AF3CDE
:101E9000864171BE864171BE217EA4BED4DF4ABF99
:101EA000728F8EBE728F8EBE79752F3E2F4AE6BE20
:101EB000D16C3ABFD7525B3E79752FBD7975AF3C77
:101EC00079752FBE79752F3D7975AF3C728F8EBEB7
:101ED000CA8619BE2F4AE6BECA8619BF286445BF06
:101EE0002864C5BE1B98833E7975AFBDCA8619BEEE
:101EF000217EA4BE2864453E1B9883BE79752FBD04
:101F0000864171BE79752F3D7975AFBCCA8619BE01
:101F1000000000001B9883BEDBC56BBFD16C3ABFCD
:101F200079752FBE728F0EBF7975AF3C1B9803BEBB
:101F30007975AFBECA8619BED752DB3D1B9883BEEA
:101F400000000000D752DB3DD7525BBE7975AF3D34
:101F50001B98833D2F4AE6BE7CE83FBFD16C3ABF59
:101F60001B98833DCA8619BF286445BE79752FBD6D
:101F7000CA8619BE7975AF3C7975AFBD7975AFBDAD
:101F80002F4AE63E7975AF3C286445BE2864453E3D
:101F90001B98033ECA8619BF7975AFBE79752FBEEF
:101FA00079752FBE2864C5BE79752F3D1B98833D7A
:101FB0001B9883BD1B98833DD4DF4ABF2F4AE6BEE2
:101FC000AA311F3D4AE45A3E754B0B3E14FEC63DF6
:101FD0007FCAEE3D8F3E953E7FCAEEBE4AE45A3E32
:101FE000DF17B33EDF1733BEAA319F3C7FCA6EBDF9
:101FF000AA319F3DAA319FBDAA311F3E14FEC63DA6
:10200000754B8BBE7FCAEE3DAA311F3DAA319FBDE5
:1020100014FE463E14FEC63E4AE4DABEAA311FBE96
:102020008F3E953E754B8BBE754B8B3EAA311F3D47
:10203000DF1733BEAA311FBD5A58813E7FCA6E3D9D
:10204000754B8BBE7FCA6E3DAA311F3E7FCA6E3D67
:10205000C524A93EDF1733BEAA311F3DAA319FBE5A
:10206000DF17B33E7FCAEEBDC524A93E7FCA6EBE50
:1020700014FEC6BE14FEC6BD754B8B3EC524A93EDC
:10208000FA0ABDBEAA311FBE7FCA6E3D14FE46BE0F
:102090007FCA6E3E7FCAEEBD14FE46BE8F3E15BFA0
:1020A0007FCA6EBE5A58813E7FCA6E3DFA0ABDBED7
:1020B000AA319FBFAA311F3E14FEC6BDDF17333EB3
:1020C000FA0ABDBE2FF150BF14FE46BEAA311FBD95
:1020D000754B0B3F754B0BBE7FCAEEBE1D381ABF4A
:1020E0007FCA6EBFFA0ABD3E7FCAEE3D7FCA6EBD93
:1020F000754B0BBF2FF1D0BE14FEC6BEAA319F3D5B
:102100007FCA6E3DAA319F3DDF17333E4AE45ABE77
:10211000AA311F3D754B0B3EAA319FBC14FEC63E33
:1021200014FEC63D14FE46BE14FEC63D7FCA6EBDFB
:102130005A58813EAA311F3DAA311FBDAA319FBC0A
:102140005A5881BE7FCA6E3DAA311FBEAA311FBD3B
:10215000AA319F3D14FE463EAA319F3DDF1733BE94
:10216000AA319F3C754B0BBE7FCA6EBD7FCA6E3DC8
:10217000C524A93E14FEC63D14FE463E754B0B3EDB
:10218000DF17B3BEAA319FBCDF1733BEAA319F3D14
:102190007FCAEE3D7FCAEEBD5A58813E14FEC6BED0
:1021A0007FCA6E3EAA311FBEAA319FBDDF1733BE64
:1021B0004AE45A3EAA319FBDFA0ABD3EAA319F3D6C
:1021C000FA0A3DBFAA319FBDAA311F3DAA311FBDEA
:1021D000AA319F3EAA311FBD5A5881BE870442BF13
:1021E00014FE463E754B0BBEDF1733BE4AE4DABE23
:1021F000C524A9BE7FCAEE3D14FEC63D14FEC63DF1
:10220000C52429BF8F3E15BF000000007FCA6EBDE8
:102210005A58813EAA319F3DDF1733BEDF1733BFC7
:10222000AA311FBF8F3E953EAA311FBEAA319FBC67
:10223000AA319FBCFA0ABDBE5A58813E754B0B3E6F
:10224000AA319F3D7FCA6E3DAA319F3D754B0BBEA3
:102250007FCA6EBD7FCAEEBD7FCA6E3DDF17B33E3B
:10226000754B0BBE8F3E953EAA319F3D7FCA6EBD1A
:102270007FCA6E3DFA0ABDBE14FEC6BDDF17333EEF
:10228000AA319F3DAA311F3D14FEC6BDAA319F3D14
:10229000754B8B3E7FCA6E3D754B8B3E7FCA6E3D44
:1022A0007FCAEEBD14FE463EAA319F3E7FCAEEBDF8
:1022B000AA311F3DC524A9BEAA319FBD14FEC63D4B
:1022C0004AE45ABEAA319FBD14FEC6BDAA319F3C46
:1022D0002FF1D03E7FCA6EBE754B0B3E14FEC6BEBC
:1022E00014FE463EAA311FBEAA311F3EAA319FBC32
:1022F000AA311FBEAA311F3D754B0B3EAA311F3EAE
:10230000DF1733BF754B0BBE754B0BBE8F3E95BEB3
:102310007FCA6E3EAA319FBC7FCA6E3E024510BF87
:10232000DF17333EAA311FBD7FCAEE3DAA319FBDE4
:10233000754B8BBEDF17333EDF17333EAA311F3E8E
:102340005A5801BFFA0ABDBE7FCA6EBD754B0BBF9E
:10235000C524A9BE5A58813EAA319FBEFA0A3DBF84
:102360005A5801BF2FF1D0BEAA311F3EFA0ABDBE96
:10237000AA311FBD754B0BBEAA319F3D7FCA6E3E71
:10238000AA319FBC754B0B3EAA319F3D7FCA6E3D63
:102390007FCA6E3DFA0ABDBE7FCA6E3E7FCAEE3D61
:1023A000DF1733BEAA319F3C754B0BBEAA319FBDD0
:1023B00014FEC6BD7FCA6EBD7FCAEEBD2FF1D03EF2
:1023C000C524A9BE7FCA6E3D5A5881BE7FCA6EBD64
:1023D000DF17333E5A5881BEAA311F3D000000006E
:1023E000AA311FBE7FCA6EBE2FF1D03E754B0BBE09
:1023F000754B8BBEAA311FBD0000000014FEC63E07
:102400007FCAEEBEAA319F3D754B0BBE754B0BBE0E
:10241000754B8B3EDF1733BEFA0ABD3EDF17B3BEE6
:10242000AA311F3E7FCA6EBE14FE463E7FCA6EBDF5
:102430004AE45ABE8F3E953EDF17333E7FCA6E3E5A
:1024400027B77DBF7FCA6EBDAA319FBD372B24BF82
:10245000AA311FBDAA311FBDAA319FBDDF17B3BE70
:10246000FA0ABD3EAA311FBD14FEC6BDAA319F3C6B
:10247000AA311FBFC524A93E14FEC63DAA319FBC88
:1024800064D7E4BE7FCAEEBEAA311FBD2FF150BF94
:10249000FA0ABDBE14FE463E14FE46BE8F3E15BF70
:1024A0002FF1D0BE7FCAEEBD8F3E953E14FEC6BD55
:1024B0005A5801BF4AE45ABE7FCA6EBE8F3E953E4F
:1024C0004AE45ABEAA311F3E7FCAEE3D7FCA6E3D26
:1024D000AA319FBDC524A9BEAA311F3E14FEC6BDA8
:1024E000AA319FBD754B8BBEDF1733BE00000000C5
:1024F000AA311FBEAA319F3CAA319F3D754B0BBE2E
:10250000C52429BF14FE463E2FF1D0BE754B8BBEAD
:10251000754B0B3EAA319FBE00000000AA319FBC44
:10252000DF1733BEC524A9BE2FF1D03EAA319FBC10
:102530009ABDF8BEDF17333E00000000DF17B3BEC0
:102540007FCA6EBEAA319F3D00000000DF17B3BEF8
:102550008F3E953E14FE46BE754B8B3EAA319F3C86
:10256000AA319F3C14FE46BE7FCA6EBDDF1733BE44
:102570008F3E15BFAA311F3E754B0B3EAA311F3E41
:10258000D7DD5FBF8F3E95BE754B0BBEA2F74BBF2D
:10259000AA319F3C7FCAEEBD7FCA6EBD5A5881BE2C
:1025A000AA311F3DAA319FBCAA319F3C7FCA6EBD94
:1025B000C9C192BFAA319F3EDF17333EAA311FBE69
:1025C0008F3E95BED7DD5FBFAA319F3C0CC473BF61
:1025D0007FCAEEBD4AE4DA3EAA311FBDDF1733BF22
:1025E000FA0A3DBF4AE45ABE754B0B3E7FCAEEBDA8
:1025F00014FE46BFAA311FBD4AE4DABE14FEC63D32
:102600009F9997BD2922CABE29224ABD29224A3E46
:1026100029224ABD0680BD3E6E66633EB3AAFC3DDC
:102620002922CA3D2922CA3CE4DD30BE0000000058
:10263000C13BA43E9F9997BD9F99973DB3AA7CBE8D
:10264000E4DD30BFB3AA7CBE29224ABD29224A3D1F
:10265000B3AA7C3E29224A3E6E66633E9F9997BD8F
:1026600029224A3E9F99173E9F9917BE29224ABEAA
:102670006E66633E0000000029224ABD9F9917BE86
:10268000D38C2ABFE4DDB0BE9F99973D29224ABD75
:102690002922CABDC13BA43EC13BA43EB3AAFC3D16
:1026A000E4DD303E2922CABC9F9997BEB3AAFCBD87
:1026B000E4DD303E2922CABD29224ABD2922CABCF6
:1026C000E4DD30BF9F9997BE29224ABD9F9997BDEF
:1026D000E4DD30BEB3AA7C3E6E66633EE4DDB03E10
:1026E0007CF78A3E29224ABD7CF78ABE29224A3DD0
:1026F0009F99173E00000000B3AAFC3D29224A3DE5
:102700004CC4D6BE29224ABE2922CABD29224ABDAE
:1027100029224ABD6E66633E9F99173E2922CA3D13
:10272000C13BA43E2922CA3D0680BDBE9F99973D6C
:102730009F99973D9F9997BDB3AAFC3D6E66633EF6
:102740002922CA3D2922CABC29224ABDE4DD303EE5
:10275000E4DD30BE2922CABC29224ABD7CF78A3E6C
:1027600029224A3D6E66633E29224ABEB3AAFCBDB9
:10277000B3AAFCBD9108F0BE2922CA3D2922CA3D58
:102780003913A1BF2922CA3D6E6663BEB3AA7C3E3F
:102790009F99973D2922CA3C000000002922CA3E89
:1027A0002922CABCB3AA7C3E29224ABEF52E37BFD5
:1027B0009F9997BDC13BA4BEB3AAFC3D9F9997BD0D
:1027C000167194BF2922CA3C29224ABD9F99973D80
:1027D0004CC4D6BE2922CABC29224A3D6E66E33EBD
:1027E0009F99173E29224A3D000000009108F0BE43
:1027F000E4DD30BE29224ABE9F99173E9F9997BDBE
:102800002922CABF2922CA3C9F99973D29224A3EC4
:102810009F9917BE2922CA3C9F9917BE9F99973D41
:10282000E4DD303E2922CABCB3AAFCBD29224ABE3F
:102830009F9997BD2922CABCC13BA43EB3AAFCBD47
:1028400006803DBF9F99973D29224ABE0680BD3E26
:102850009F9997BE29224A3D6E6663BEC13BA4BEC6
:102860009F99973DB3AA7CBE2922CABCC13BA4BE96
:10287000B3AAFCBDB3AAFC3D2922CA3E6E6663BE64
:102880002922CA3D2922CABC0680BD3E9F9917BE97
:10289000E4DDB0BE29224ABE9F9997BD9F9997BD9E
:1028A0006E6663BE9F9917BF2922CA3D29224ABD81
:1028B0002922CABD2922CA3C2922CABC29224A3D52
:1028C0003A7350BF00000000B3AA7CBE9F9917BEA8
:1028D0000000000029224ABE000000002922CABCD4
:1028E000B3AAFCBD2922CABDB3AAFC3D9F9997BEDD
:1028F000E4DD30BE29224ABD9F99973D2922CABCFA
:102900009F9917BF2922CA3C2922CA3D9F9917BE09
:102910006E6663BE2922CABD9F99173E9F99973E56
:10292000B3AAFCBD2922CABDB3AAFC3DB3AAFCBD13
:1029300029224ABEB3AA7CBEE4DD30BE2922CA3DAC
:1029400029224ABE9F99973DB3AAFC3D2922CA3C41
:102950002922CABEE4DD30BEB3AAFC3D4CC4D63E3B
:1029600029224ABE6E66633E2922CA3E9F99973E3F
:102970009F9997BD9F9997BD2922CABD29224A3D9B
:102980009F99173E2922CA3D29224ABE29224A3E42
:102990000680BDBE29224ABE29224A3D6E6663BE1C
:1029A0000680BDBE29224A3D9F99973E7CF78ABE8C
:1029B0002922CABCB3AA7CBE29224A3D29224ABE8A
:1029C00029224ABE29224ABE4CC4D63E29224A3D6B
:1029D000E4DDB0BE2922CABCB3AAFC3D9F9997BED4
:1029E00029224ABE29224ABDB3AA7CBEE4DD30BEFC
:1029F00029224A3D29224A3D9F9997BE2922CA3C55
:102A00006E6663BE2922CA3C9F99973DB3AAFC3DDE
:102A100000000000E4DD303E29224A3E00000000B4
:102A200029224A3D29224ABD29224ABD2922CA3CDF
:102A3000B3AAFCBD2922CABC000000002922CA3D5D
:102A40002922CA3E29224ABD00000000B3AAFCBDCB
:102A50009F9997BE2922CA3C6E66633E29224ABDD1
:102A600029224ABD2922CABC2922CABD9F99973E64
:102A700029224ABE2922CA3D29224ABD9F99973D53
:102A8000D38C2A3F0000000029224A3E29224ABD59
:102A900029224A3E2922CA3C9F99173E2922CABCB4
:102AA0009F9917BE9F99973D2922CA3CB3AA7C3EA5
:102AB0002922CABD9F9917BE29224ABE00000000E4
:102AC0004CC4D63E29224A3D9F9917BE2922CABC32
:102AD000B3AAFC3D2922CABC29224ABD2922CABE6A
:102AE000B3AAFCBDE4DDB03E7CF78ABE2922CABC95
:102AF00029224A3E9F9997BD29224ABDB3AAFCBD0F
:102B00006E6663BEE4DD30BEB3AAFC3D29224A3EB8
:102B10002922CABC29224ABD29224A3EB3AA7C3EA8
:102B20002922CABC5D155D3F9F9997BD29224ABDE8
:102B3000E4DDB0BE29224ABE0680BD3E6E66633E1D
:102B40009F99973E2922CABD6E66E3BE9F99173EA4
:102B50002922CA3D000000009F9997BDB3AAFCBD81
:102B60002922CA3C9F99173F2922CA3C29224A3D63
:102B70006BA604BF2922CABC0680BD3E2922CA3EDC
:102B8000D38C2A3F000000009108F0BE9F9997BEA9
:102B9000000000009F9997BD29224A3DB3AAFC3D41
:102BA0002922CA3CE4DDB03E29224ABEE4DDB03E23
:102BB0006E6663BE9F99973D6E66633E2922CA3C4E
:102BC0006BA6043F9F9997BD6E66E3BE7CF78ABEF5
:102BD0007CF78A3E2922CABC9F9997BE29224ABD0A
:102BE00029224ABD29224A3DE4DD30BE9F9917BE05
:102BF00029224A3D00000000B3AAFC3D9F9997BEE0
:102C00009F99173E9F9917BE7CF70ABF9F9917BEE1
:102C10000000000029224ABE9108F0BE9F99973D0E
:102C20009F99173E9F9917BE6E66633EB3AA7CBEFE
:102C30009F99973E9F9997BD7CF78A3E4CC4D6BE1C
:102C4000BD0D34BFFD0A90BDFD0A10BE910FCC3EF4
:102C5000511270BE511270BE7C10D8BE910FCCBE06
:102C60005112F0BD7C10D83E7C1058BE511270BE7F
:102C70005112F0BDD20C283E5112F0BD511270BE5F
:102C80007C10583EA70EC03CA70EC0BEFD0A103EE9
:102C9000FD0A10BE7C10D83E320E3ABF880A0ABF29
:102CA000A70EC03CFD0A903EA70E40BD00000000EC
:102CB000FD0A10BEA70EC0BCA70E40BEA70E40BDA9
:102CC000A70E403EA70EC0BD5112F0BD5112F03DFF
:102CD000FD0A10BED20C283E910FCCBE910FCCBE87
:102CE000A70EC03CA70EC03CE80B9CBEA70EC03C84
:102CF000FD0A90BEA70E403EA70EC03DFD0A10BEC5
:102D0000130A843EA70E40BED20CA8BEE80B9CBEA0
:102D1000FD0A103EFD0A90BE00000000A70EC0BED6
:102D2000A70E403DE80B9C3ED20CA8BED20C28BE9C
:102D3000A70EC03DFD0A10BEFD0A90BDD20C28BEF4
:102D40007C10583E910FCCBE5112F0BD130A84BEC8
:102D5000BD0DB4BEA70EC0BC511270BEFD0A10BEA0
:102D6000D20C283E7C10D83E130A84BED20C28BE5A
:102D7000E80B9C3EFD0A90BEFD0A903DA70E403D2B
:102D8000320E3ABFA70EC03DA70E40BEA70EC03CF4
:102D90007C1058BE7C1058BE7C10D8BE320E3ABF94
:102DA0005112F03DD20C283EA70EC03CA70E403D6C
:102DB000FD0A10BEA70EC0BC5112F0BDFD0A903D29
:102DC000910FCC3E5112F03D7C1058BEA70EC0BCF6
:102DD000FD0A10BE3B13FC3E320E3ABFA70E40BDAB
:102DE000A70E403DFD0A903DA70EC03C5112F03D9C
:102DF000910FCCBEA70EC03CA70EC0BCA70EC03C16
:102E0000A70EC03EFD0A103EFD0A903D130A84BE87
:102E1000D20C283EBD0DB4BEA70EC0BDA70E40BE4D
:102E2000FD0A90BEA70E403DFD0A10BEA70EC0BD14
:102E30007C10D8BEA70E403EA70E403EA70E40BE57
:102E4000FD0A903DA70E40BD6611E4BEFD0A10BF0D
:102E5000D20C28BEC30A8DBFA70E403DFD0A90BE0E
:102E6000A70E40BEFD0A903DE80B9CBEA70E40BDDC
:102E7000FD0A903DA70EC0BC7C10583EE80B9CBEDE
:102E8000D20CA83E910FCCBE000000003B13FCBE4C
:102E9000A70EC0BCD20C28BE7C1058BE000000009B
:102EA000D20C283E000000005112F0BDD20C28BE0A
:102EB000D20CA83EFD0A90BDA70EC03CA70E40BD97
:102EC000661164BF5112F03DA70E403D7C10583E84
:102ED000FD0A103E5112703ED20CA8BE5D0C22BFFE
:102EE0007C10583EA70EC0BD7C10583EA70E403D3A
:102EF0005112F0BD5112F03DA70E40BDD20CA83EBC
:102F00007C10D83EFD0A103EFD0A10BED20C283EB1
:102F1000FD0A103EA70EC03EFD0A90BEA70EC03DA2
:102F2000A70EC0BCA70E40BDA70EC03CA70EC03D5B
:102F3000D20CA8BEA70EC0BCFD0A903DFD0A903E73
:102F4000D20C283EA70E403DA70E40BDD20C283E15
:102F5000BD0DB43EE80B1CBFA70EC0BD00000000B5
:102F6000FD0A10BEFD0A103EA70EC0BD0000000005
:102F7000D20CA8BEA70E40BD5112703E5112703E39
:102F8000A70E403DD20C28BED20CA8BEA70EC03D55
:102F90007C10583E5112F0BED20C28BE5112F03DAA
:102FA000A70EC0BDA70EC03DD20C28BEFD0A90BD25
:102FB000D20C283E7C1058BED20C28BED20CA83EA3
:102FC0005112703E7C10D8BEA70E40BDA70EC03C6B
:102FD000A70E403E5112F0BDA70EC0BDD20C283E38
:102FE000D20C283EE80B9CBE5112F03DA70EC0BE8D
:102FF000130A843EFD0A903D5112F0BE7C10583EEB
:10300000130A84BE000000007C10583E130A843E60
:10301000E80B9C3ED20C283E5112F0BD130A84BE30
:10302000A70EC03DA70E40BDFD0A103EA70EC03C36
:10303000A70EC0BCA70EC03DFD0A903D7C10583EB7
:10304000130A843EA70E403D00000000D20C283E2B
:10305000130A843EFD0A103EFD0A90BEA70EC03C36
:103060005112F0BDFD0A90BED20CA8BE7C1058BE15
:10307000E80B9CBE5112F0BDFD0A903E7C10583EFC
:10308000A70EC0BCA70E40BDA70EC03CA70E40BDFA
:10309000A70EC03EFD0A10BE7C1058BEFD0A903D32
:1030A000130A84BEA70EC03CBD0DB4BE511270BE43
:1030B000130A84BEA70EC0BCA70E403E5112703E3C
:1030C000A70EC03D910FCCBE7C10583EFD0A903D2E
:1030D0007C10583ED20C28BEA70E40BDA70EC03DA6
:1030E000FD0A10BEFD0A90BDD20C28BEFD0A10BF1D
:1030F000A70E403DA70EC0BD5112F03DE80B9C3E0F
:10310000FD0A103E6611E4BEA70E403E910FCC3E74
:10311000E80B9C3EA70EC03CA70EC0BCA70EC0BCCF
:10312000FD0A903DD20C28BED20C283E130A84BE64
:10313000FD0A903EA70EC0BDA70E403EFD0A903E80
:10314000D20C283EA70EC03CA70E403D5112F03DC8
:10315000BD0D34BF511270BE511270BE7C10583E6E
:10316000A70EC0BC5112703EA70EC03CFD0A903E97
:10317000130A84BEFD0A903E5112703E130A84BEAB
:10318000FD0A903DA70E40BDA70EC0BDFD0A103E32
:10319000130A84BED20C28BE880A0ABFD20C283E6D
:1031A0005112F0BDFD0A10BFA70EC03C130A04BFA8
:1031B000D20CA8BEA70E403EA70EC03EFD0A90BE90
:1031C000A70EC03CA70E40BEA70EC03CFD0A103E95
:1031D000FD0A103E910F4CBF3B13FCBEE80B9C3E1A
:1031E000A70EC0BC5D0C22BFD20C28BEA70EC03DEE
:1031F000BD0DB4BEFD0A90BDE80B9C3EFD0A103E1D
:10320000D20C283EFD0A90BE7C10583EA70EC03C52
:10321000FD0A10BEA70EC0BFD20CA8BE5112F03DD1
:10322000FD0A90BE910F4CBFBD0DB4BEA70EC03CB1
:10323000D20C28BEA70EC03D5112F03DA70EC0BE55
:10324000D20CA83EA70E40BEA70EC03DD20CA83E91
:103250007C1058BEA70E40BDA70EC0BDA70E403DB6
:10326000D20C283E6611E4BEFD0A90BD7C1058BE0B
:10327000A70E403EA70EC0BD5112703EA70E403DA6
:1032800071621E3F023CF7BD91A816BF023CF7BC1D
:10329000613FA2BEC1110B3E026D39BD023C773CBD
:1032A00081859ABD023C773D026D39BE023C77BFF5
:1032B000023C773C023C77BDC1110BBED13407BF45
:1032C000026DB93DC1110BBFE15783BE026DB9BD9F
:1032D000023C77BD026DB9BE81851ABEE15783BE3F
:1032E0008254D83D81859A3D026D39BE8254583E44
:1032F000023C773D023C773D026DB9BDE226C1BE7E
:1033000081859ABEE2F5FEBE026DB9BDE15783BE6E
:1033100021B331BF8254583E81851ABE2282EFBE4E
:10332000023C773D620EE0BE42C867BE026DB9BD89
:1033300042C8673E8254D8BD8254D8BD8254D8BD9D
:10334000C1110BBE81859ABE8254583E023C77BDA6
:103350008254D83D41F9293E026D39BD613FA2BE7C
:10336000023C773DA29AD0BE023CF7BDA29AD03E65
:103370008254583E026D39BE023C77BD023C77BC98
:10338000023CF7BC41F929BE026DB93E023CF73D53
:1033900081859ABE81859A3D026DB9BE023CF7BD1A
:1033A00081859ABDE15703BFC1110BBE8254D8BDC0
:1033B000026D393D026D39BEE2F5FEBE023CF7BD3D
:1033C00042C8673EC1110B3E2282EFBE825458BEF6
:1033D000023CF73C026DB9BD026D393D41F929BE91
:1033E000026D393D81851ABE026D393DA1CB12BFF8
:1033F000023CF73CC1110B3E023CF7BC023C77BCDF
:10340000023C77BC026D39BEC1118BBE023CF73C59
:10341000026D39BDC1118B3E8254D8BD21B3B1BEFE
:10342000023CF73D026D39BD81859A3D026DB93D83
:10343000C1110B3E81859A3D023C77BC81851ABE45
:10344000026D39BE825458BE023C77BD023CF73D46
:1034500081859ABDA29AD03E825458BE026D39BE73
:10346000026D393D023C77BE026D39BDA29AD0BED5
:10347000C2E0483E825458BE026D393D023C77BDE1
:10348000A29AD0BE023C77BCE157833E81851A3EAA
:1034900021B3B1BE8254583EC1110BBE8254D8BE76
:1034A000C1110B3E023C77BE023CF7BC41F9293EFC
:1034B000C1118B3E026DB9BD42C8673E023C773CEC
:1034C000023CF73C026D39BD613FA23E026DB93D41
:1034D0008254D8BE8254D83D023CF7BD613FA23E23
:1034E00081859ABD023C773C41F9293EE15783BE74
:1034F000E157833E023CF7BD81851A3E81851A3E25
:10350000026D39BEC2E0483E026D39BD81851A3E6A
:10351000026D393E8254D8BD00000000C2E048BEB2
:10352000026DB9BD026D39BE023C77BC81851ABE01
:10353000C1110BBE026DB93D023CF73DC1110BBE7E
:1035400081851ABE023CF73C023C773C81859A3D5E
:10355000C1110B3E026D39BD023CF7BD613FA2BEF9
:10356000026D39BD023CF7BD023CF73C81851ABEB5
:1035700081859ABD41F9293EE157833E81851ABE76
:10358000023C77BC023C77BD21B3B13E023C773DA3
:1035900021B3B13E026D393E8254D8BD42C867BEE8
:1035A000023C773C81859ABD026D393EC1110BBF4B
:1035B000023C773D8254D8BD023C773E42C867BE8C
:1035C00081851ABE023CF7BC8254D83E026D39BDDB
:1035D000C2E0483E81859A3D026D39BE613FA23E00
:1035E000023C773DC2E048BE026DB93D81851A3E7E
:1035F00081859A3EA1CB92BE81851A3E023C77BE60
:10360000023CF7BD023CF73C21B3B13E0000000094
:1036100042C8673E00000000026D393DC1110B3EFB
:10362000026D39BD023CF7BC026DB93D026DB93E79
:10363000613FA23E023C77BD41F9293E026DB9BE11
:10364000A1CB92BE8254583E023C77BD026DB9BDFB
:10365000023CF73C8254583E026D393E00000000A7
:10366000023C773C0000000041F9293E023C773ED5
:10367000620EE0BE023C773D81851A3E81859A3D0F
:10368000023CF7BD026D393D026D393D825458BE92
:1036900081851A3E023CF73C8254D8BD00000000F0
:1036A000023C77BD023CF73C026D393DE15783BED9
:1036B0002282EFBE8254583E41F9293E8254D8BD41
:1036C000023C77BD026D39BD81859A3E42C867BE16
:1036D00042C8673E023CF73C023C77BD023C77BDE6
:1036E00081859ABD026DB93D81859ABD2282EFBE6A
:1036F000825458BE026D39BD81851A3E023C77BDA9
:10370000026DB93D023C77BDC2E0C83E023CF7BC49
:10371000C1110B3E81859ABDC1110B3E026D393D31
:1037200000000000023CF7BC026D393E613FA2BEC2
:103730008254D83D023CF7BE81859A3D81851ABEF0
:10374000023C773D81859A3DC1118B3E023CF73C9E
:10375000023C77BC023C77BDE157833E023C773C9C
:10376000023C77BC8254583E026DB93D81851A3EB9
:10377000C2E0483E620EE0BE613FA23EC2E048BEEB
:10378000D13407BF81859A3EC2E0C8BE026DB93D03
:10379000023C773D023C77BE023C77BC023C77BDE1
:1037A0008254D8BD613FA23EE15783BE2282EF3EE4
:1037B0008254D8BEC1110B3E023CF7BE8254D83DA4
:1037C000A1CB92BE41F9293E42C8E7BE026DB93D88
:1037D00081851A3E023C77BCC2E048BEC1118B3ED7
:1037E000C1118BBE026DB93DE157833E41F9293EBF
:1037F000E2F5FEBE023CF73D8254D8BE023C77BCE7
:1038000081859ABE023C773DC1118B3E81859A3DF0
:10381000023C773D023C77BCC1110BBEC2E0C8BE82
:10382000026DB9BE023C773D026DB93DC1118BBE40
:10383000620EE0BE023CF7BC81859ABE81859ABDCE
:1038400081859A3D023CF7BCA1CB123F023C77BC7C
:10385000023C773D023C77BD026D39BEA1CB92BEE2
:10386000023CF7BC00000000026D393D42C8E7BED3
:10387000023CF7BC023C773CE226C1BEC2E0483EB7
:10388000A1CB923EC1110B3EC2E0C83E023CF7BC48
:10389000026DB93DC2E048BE026D39BE023CF7BCC4
:1038A000023C77BC023CF73C41F9A93E023C773C24
:1038B000C1110B3EC1110B3EC1118BBE8254D83DCC
:1038C00006BB5FBE1D76AABD00000000E1C43F3EFE
:1038D000CEC9AFBE592715BE000000001D76AABC98
:1038E0007F1D35BEA8D38FBEA413D53D592795BDE6
:1038F0007B5DFABE1D76AA3CA413D5BD06BB5F3E18
:1039000006BBDF3E592795BD2CB17FBDF87F0ABEAF
:103910001D76AABC7B5DFABE1D76AABDF87F0A3E65
:103920001FD607BF472C85BEE1C4BF3DBBCE1FBF1E
:103930006862EABEA413D5BDA413D5BD2CB1FF3D6A
:103940002CB17F3D6862EABD592715BE1D76AABD20
:10395000A413D5BDD0290DBF1D76AA3DA413D5BD96
:10396000E3241DBF6862EABD1D762A3C3071BABEF1
:10397000A413D5BDA413D5BDF87F0A3E00000000F6
:10398000BBCE1F3E2CB1FFBC2CB17FBD2CB1FF3C88
:10399000E1C4BFBE426C4ABE5567DA3E1D762ABD01
:1039A0000A7B9ABEA413553DF87F8A3EE1C4BFBD91
:1039B000A413D5BDF87F0ABE592795BE592715BE59
:1039C000000000001D762ABC2CB1FFBCA413553D9D
:1039D000A41355BEBBCE1F3E1D76AA3EBBCE1F3ED6
:1039E00006BB5FBE426C4ABE7B5DFA3E6862EABEC1
:1039F0001D762ABD1D76AABD6862EABEA413D5BD98
:103A0000A413D5BD5927953D5927153EBBCE1F3E62
:103A100006BBDFBECA0975BE1D762ABC426C4ABE13
:103A20002CB1FFBD5927953D000000001D762A3DB1
:103A30003071BABEE1C43F3E68626A3E00000000D9
:103A4000A413553E1D762ABDF87F0A3E472C85BE3D
:103A5000BBCE9FBE1D762ABFA413D53D2CB17FBE21
:103A60000A7B1ABFCA09753EE1C4BF3DA413553D88
:103A7000A41355BE5927953D000000001D762A3C31
:103A80002CB1FFBDA41355BD2CB17F3EE1C4BF3D99
:103A90006C22A5BE5567DABEA413553E2CB17FBD7E
:103AA0007B5DFABEA413553E2CB1FFBCE1C4BF3D03
:103AB000A413553D1D76AA3D06BB5F3E1D762ABC6C
:103AC0001D762A3E1D76AABC1D76AA3D1D76AA3D0E
:103AD0001D762A3D1D762ABCF87F0A3E426CCA3EFE
:103AE0006862EABD2CB17F3D1D76AA3C2CB1FF3D3A
:103AF0001D762ABDA413D5BDA413D5BDF87F0ABE7B
:103B00002CB1FFBC1D762A3DBBCE1F3E472C853E07
:103B100006BB5FBE2CB1FF3D1D76AABC472C853E7F
:103B20001D76AABC1D762ABD1D76AABDA41355BD5F
:103B30002CB1FFBC1D762ABD592715BE5927953DCE
:103B4000426C4ABE1D762A3C2CB17F3DE1C4BFBD0C
:103B50001D762ABE2CB1FF3CA413553DA41355BDC0
:103B60002CB1FFBCA413D53D6862EABD2CB1FFBDEA
:103B7000426C4ABEA413D53DBBCE1F3EA413D5BE96
:103B80001D762A3E5927953D426C4A3EA41355BDE9
:103B90001D76AA3C2CB1FFBC1D762A3EBBCE1F3E33
:103BA000592715BE5927153E000000001D762A3DF5
:103BB000592715BE6862EA3DBBCE1F3E0A7B9ABEFE
:103BC0001D762A3EBBCE1F3E472C853E06BB5F3E80
:103BD00006BB5F3E1D762A3CCA09753E5927153E35
:103BE0006862EABD06BB5F3E1D762A3DBBCE1FBEA6
:103BF000A413553D2CB17F3D2CB17F3ECA09753EC3
:103C0000592715BEF87F0A3E5927953D1D762A3D56
:103C10007F1DB53E1D76AA3DF87F0A3E426C4A3EA6
:103C20001D76AA3D2CB17F3E2CB1FFBC5927953D96
:103C3000A41355BE592795BD06BB5F3E426C4A3E54
:103C4000426C4ABEBBCE1F3E426C4A3E7F1D353E93
:103C50002CB17F3E1D762A3E1D762A3DE1C4BF3E33
:103C60002CB1FFBDE1C43F3E2CB1FFBD0000000000
:103C7000F87F0ABEA413553DE1C4BF3D426CCA3E65
:103C8000F87F8A3E1D76AABD426C4A3E1D762A3ECA
:103C90002CB1FF3CCA09753E5567DA3E2CB1FF3C9A
:103CA0001D76AA3D2CB1FF3DA41355BD1D762A3CBF
:103CB000A413D5BDA413553DA413D53D592795BDD7
:103CC000A413D53D5927953DA413D53D1D76AA3C97
:103CD0001D762A3ECA09753E1D76AA3D06BB5F3E8B
:103CE0001D762A3D2CB1FF3C2CB1FF3D68626ABEB7
:103CF000BBCE1FBE1D76AABCF87F8A3E1D76AA3CAD
:103D0000E1C43F3E1D76AABC1D76AABC1D762A3DA5
:103D1000CA09753E2CB1FF3C0A7B9A3EA413553D5F
:103D20001D762ABEA413553DA413D53DA41355BE3C
:103D3000592795BD6862EA3D426CCA3EF87F8A3ECB
:103D40001D76AABD000000006862EABDA41355BE3E
:103D50001D762A3E1D76AABD1D762A3D1D76AABC7B
:103D6000426C4ABE592795BE426C4ABE592795BE41
:103D70007F1D35BE2CB1FF3C472C853E2CB1FF3D4D
:103D8000CEC9AFBE1D762A3DBBCE1FBE1D76AABCD6
:103D9000F87F8A3E1D762A3C6862EABDE1C4BFBD59
:103DA000BBCE9FBEBBCE9FBE426C4ABE1D762ABD17
:103DB0006C22A5BE1D762A3CCA09753E472C853E5D
:103DC0002CB17FBD6862EABE6862EA3E7F1D353E67
:103DD000E1C43FBE7B5DFA3EE1C43F3E2CB1FF3CF7
:103DE000472C853E32D1173FCA0975BE1D762ABCC5
:103DF000BBCE9F3E7B5DFA3E68626A3E1D76AABCE2
:103E00006C22A53E68626ABEBBCE9F3E2CB1FFBD50
:103E10002CB17FBDA413D53E1D76AABC1D76AABDCC
:103E20002CB1FF3C06BBDF3EE1C4BFBD2CB1FFBCE3
:103E300000000000472C853E9218C53E2CB17FBE85
:103E400000000000F87F8ABE2CB1FF3CA413553D52
:103E50005927153EA413553DCEC9AF3EA41355BDF9
:103E6000F87F8ABE472C85BEA413553D592715BF40
:103E70002CB17FBD5927953E2CB1FF3CBBCE1F3ED8
:103E80005927953E68626ABE2CB1FFBCA413D5BD0C
:103E90009218C53EF87F0ABE6862EA3D5927153E72
:103EA000A413553D1D762A3CBBCE1F3E68626ABEF8
:103EB000472C85BEBBCE1F3E7F1D35BE19B6EFBE5B
:103EC000E1C43F3E68626ABE2CB1FFBCBBCE1FBEE0
:103ED000F87F8A3E1D762ABC1D762A3E68626A3EBD
:103EE000592795BEF87F0A3E1D762ABE1D76AABCCC
:103EF000472C85BE426C4A3E1D76AABCCA0975BED7
:103F0000263484BF304125BF425BE7BD263404BE62
:103F10003041253EB4C7353E2634843C2634843EA9
:103F20008512003F2634043D263404BD425B67BE43
:103F3000394EC63E68778CBE394E463E2634843DA7
:103F4000394E46BD851200BF000000002634043DF6
:103F50007B91CE3E394E463D263484BD394E46BD1A
:103F60003041A53E2634843D2634843CEDFD9CBE84
:103F70003041A53E3041A5BD425B673E425BE7BD97
:103F8000394E46BEBED456BE394E463EB4C7353E07
:103F90003041A53E425BE73DABBA94BEB4C7353E67
:103FA000ABBA143E2634843E394E463D3041A5BD61
:103FB000C7E1773E394E46BD394EC63D68778C3EE7
:103FC00068770CBF394E46BD2634043D425BE73D61
:103FD0008512003F394EC63D859EEFBE2634843D96
:103FE00000000000B4C7353E304125BEABBA94BED8
:103FF0000000000068778CBE3041A5BD0018DF3E90
:10400000000000003041A5BD425BE7BDABBA14BE65
:10401000ABBA943E394E463EBED456BE00000000B8
:10402000263404BD394E463D394E46BE394E463DD6
:10403000425BE7BD3041A5BD263484BDEDFD9C3E0D
:104040007B91CEBE7284ADBE263484BC00000000DD
:104050002634843C263484BC263484BD394E463D07
:10406000BED4563E3041A5BDBED4563E2634043E95
:10407000C7E1773E394E463D3041A53D263484BEEA
:104080003041A53DB4C735BE2634043D263484BD39
:10409000B4C7B53E394EC6BD394E46BDB4C735BEB0
:1040A000ABBA94BE3041A5BD425B673EABBA14BE0D
:1040B000BED4563E00000000263484BDB4C735BED1
:1040C0002634043D3041A5BDABBA143E2634043E2F
:1040D0002634843D00000000B4C735BE3041A5BD84
:1040E0003041A5BD2634843D425B673EB4C735BE32
:1040F00000000000263484BD2634043E68778C3EE0
:104100000018DFBE263484BCC7E1773E3041A53DB0
:10411000394E463D2634043D394EC6BD425BE7BDAF
:10412000263484BC394E463D425BE73DEDFD9CBEE6
:10413000394EC6BDC7E177BE2634843CB4C7B53E10
:104140002634843D2634043D2634043DC7E177BE41
:10415000394EC63D425BE73D394E46BDABBA143ED3
:10416000425BE7BD263484BC2634043E425BE73D17
:104170003041A5BE263484BC263404BE7284AD3ED4
:10418000859EEFBE394E46BDB4C735BE394E463D5D
:104190003041A5BD2634843D304125BE00000000DD
:1041A000EDFD9C3E425B67BE394E463E859EEFBEAE
:1041B0002634043D394E463DB4C7B5BE2634843C52
:1041C000394EC63D394EC63D394E46BD2634043DB6
:1041D000263404BD000000002634843C3041A5BED6
:1041E0002634043D394E463DABBA943E13A631BF4A
:1041F000394E46BD2634043E394E46BE3041A5BD3B
:10420000394EC6BD425BE73D3041A53D2634843E74
:10421000394E463D304125BE394E463D263404BE1A
:10422000000000003041253E3041253EC75508BF03
:10423000263404BEABBA143E3041A53D394EC63DCE
:104240000A9910BF3041A53D7284AD3EABBA143E11
:10425000425B673E00000000000000002634843D01
:104260002634043D394EC6BD394E463D263484BE03
:10427000ABBA94BEB4C7353E2634843D3041A53D2B
:10428000394E463D2634043D394E463D263484BDE4
:10429000C7E1773E2634843D394E463E3041A53D48
:1042A000263404BEC7E177BE00000000263484BE79
:1042B000263484BE425BE73D2634843C304125BE33
:1042C000425B67BE3041A5BD394E46BD2634843DB4
:1042D000ABBA14BE2634043D394EC63D3041A5BDAF
:1042E000B4C7353E2634843D304125BE68770CBFC7
:1042F000263404BEBED4563E263404BEB4C7353E72
:1043000000000000394E463D394E46BD2634043D7E
:104310003041A5BD304125BEABBA143EBED4D6BE99
:10432000263484BC425BE73D394EC63D68770CBFFE
:10433000304125BEB4C7353E263484BC425BE73DE0
:10434000394EC6BEB4C7353E3041A53D3041A53DCE
:1043500000000000425B67BE3041A53D263484BEAC
:10436000263404BD2634043E263404BE394E46BEEF
:10437000304125BE425B673E2634043E3041253E37
:104380000A9910BF2634043DC7E1773E2634843CA9
:104390002634043E2634843D7284AD3E425B67BEC3
:1043A000BED4563E425BE73D394EC6BD2634043D81
:1043B000263404BE394EC63D3041A53D2634043E68
:1043C00000000000263484BC2634043EABBA14BE80
:1043D0003041A53D394EC63DEDFD9C3E3041A5BD69
:1043E000394E463D2634843C3041A5BD3041A5BD03
:1043F000263404BE2634843D3041253E263484BC18
:10440000F70ABEBEEDFD9CBE263484BE425BE73D8E
:104410003041253E7B91CEBE263484BEB4C7353EA6
:10442000425BE7BE263404BD394E46BDBED456BFFE
:10443000263484BEABBA14BE263404BF2634843C72
:10444000BED456BE394E46BD263484BD00000000A1
:10445000425BE73DABBA94BE394E463DABBA14BEA3
:104460007B91CEBE3041A53D2634043EC7E1F7BE68
:10447000BED456BE3041A5BD68770CBF0000000019
:10448000ABBA14BE2634043D425BE7BD394E46BD8F
:10449000394E463E263404BE394E463D394EC6BDE1
:1044A000304125BE263484BC000000002634843D03
:1044B000425BE7BD3041A53D263404BEEDFD9C3E88
:1044C000263404BF000000007284AD3E263484BC54
:1044D000425BE73D68778C3E425BE7BD425BE7BDF0
:1044E000ABBA943E263484BC3041A53D425BE7BD67
:1044F000263484BC394E46BD425B67BE394E463ECB
:104500002634843D00000000394E463EABBA94BECE
:104510002634043D394E463D2634843C263404BDC1
:104520003041253E2634843E2634043E263484BC65
:104530002634843D304125BE2634843C68778C3E49
:10454000B85E5FBC2996923E00000000CC68D1BEE8
:104550005CF0463F1E91193E1E9119BE339B8B3D68
:10456000B85E5FBDE172C3BD339B8BBD1E9119BEAA
:10457000B85E5F3ECC68513E339B8BBEB85EDFBCFD
:10458000339B8BBD3DA0843EB85E5FBDCC6851BE01
:104590008F09243FA4546D3EE172C3BD0A87A73D35
:1045A000B85EDF3DB85E5FBC0A87A73D3DA084BE14
:1045B000E172C3BEC263D83E339B0BBE0A87A7BD60
:1045C000B85E5F3D3DA0843E339B0BBEC22201BF5F
:1045D000990E1D3FB85EDFBC0A87273E8F4A7B3E9F
:1045E0001E91193E339B0B3EF67C353E339B8BBDB3
:1045F00047E654BFE172C33DB85E5FBC8F4AFB3DE6
:10460000A454EDBEA4546D3EB85E5FBDB85E5FBEFF
:10461000339B8B3E339B0B3EB85EDF3C339B8B3E24
:10462000F67C35BEB85E5F3EB85EDFBDE172433EEC
:10463000B85E5FBFE172C3BDB85EDF3DB85E5FBE0E
:10464000B85E5FBC2996923E339B8BBDE172C3BEC0
:10465000339B0B3EE172C33D339B8B3D0082AE3EEC
:10466000B85E5F3C00000000B85E5F3CB85EDFBC37
:10467000E17243BF1E9119BE0A8727BDE172C3BD17
:10468000000000000A87A73D000000001E91993E2F
:10469000CC68D13E8F4A7B3E0A87A7BE339B0B3E38
:1046A000B85E5FBD339B8BBD339B8BBEB85EDFBDF9
:1046B000A454ED3E0A87A73DF67CB5BE299692BE6E
:1046C000A4546D3EB85EDF3D00000000A4546D3E72
:1046D0000A87A73ECC68513E0A8727BEF67C353E46
:1046E000F67CB53E994FF43E339B8B3D0A87273DC0
:1046F000E172C33D00000000E17243BEB85E5F3D61
:104700008F4AFB3D0A87A73DB85E5FBC1E91193EEC
:104710002996923E339B8B3D0A87A7BDB85EDF3D4D
:104720001E91993E339B8B3E8F4A7BBEB85E5F3CA9
:104730003DA084BEB85E5FBCE172C33DF67C353EF1
:104740008F4AFBBECC68513E0A87A7BECC68513E5B
:104750000A87273EB85EDF3D0A8727BF0A87A73D45
:10476000B85E5FBEE172C33DCC6851BE1E91193E7A
:104770000A8727BF0A87273DB85E5FBCB85EDFBDEA
:10478000339B8B3D8F4AFB3D339B0B3E0A87273D76
:10479000B85E5F3DE172C33D00822EBFE172C33E51
:1047A0008F4A7BBE000000001E9119BEE172C33D1E
:1047B000EB773CBFB85E5F3CF67C353E0A87A73D91
:1047C0008F4A7BBEB85EDF3D000000000A87A73D30
:1047D0000A8727BD0A87A7BE8F4A7BBEB85EDFBCAB
:1047E000339B0B3FA4546D3E8F4AFBBDB81D08BFE1
:1047F000339B8B3E2996923E339B0BBEB85E5FBDCA
:10480000B85E5FBDB85EDF3CF67C353EE172C33D0D
:10481000339B0BBEB85E5FBDB85E5FBE0A87A7BDA7
:104820008F4AFB3D0A87273EB85EDF3C1E9119BECA
:10483000A4546D3EB85E5F3CE17243BE0A8727BD5B
:10484000E172C3BDE172C33DE172C33D0A87A73D7A
:10485000339B8BBEE172C33D8F4AFBBE0A8727BDE7
:10486000339B8BBD148CA03EB85E5FBC3DA084BE64
:10487000B85E5FBDB85E5F3C339B8BBE0A87273D49
:10488000B85E5FBE0A87A73DB85EDFBCCC68513E0C
:10489000299692BE0A87A73D299612BFCC6851BEC1
:1048A000B85EDFBD0A87A73DE172C3BE8F4A7BBEFB
:1048B000A454EDBEB85E5F3C0A8727BD000000002F
:1048C000F67C353E0A87273E339B8BBD0A87273D02
:1048D000148CA0BEB85E5FBDEB77BCBEB85E5FBD9A
:1048E000E172C3BD0A87273D299692BE3DA084BED2
:1048F000A454EDBE0A87A7BDA4546DBEB85E5F3D4B
:10490000B85E5FBCB85E5FBD8F4AFB3D339B8B3D9D
:10491000E172C33DCC6851BF8F4AFBBE0A87A73DF9
:10492000339B8BBD1E9119BE0A87A73DEB773CBF19
:104930000A87A73D000000000A8727BE339B0BBEF5
:10494000B85E5FBD1E9119BED76DCA3EB85E5F3EB0
:104950001E9119BEA41316BF3DA084BE0A87273D31
:10496000A4546DBE0A8727BEB85E5F3DF67C35BE97
:10497000E172C33DB85EDFBD8F4A7BBE0000000020
:104980000A87A7BD0A87A7BDE172C33E0A87273EF3
:10499000A4546DBECC6851BEE17243BE339B0BBEC6
:1049A0001E9119BEB85EDF3D0A87273D0A8727BEE4
:1049B000B85E5F3C299692BE3DA084BE0A87A73DA3
:1049C0000A87A7BD0A8727BDCC68513E8F4A7B3E28
:1049D000EB77BCBEE172433EB85EDFBC0A87A7BD81
:1049E000339B8B3DB85EDFBC8F4AFBBDF67C35BE8A
:1049F0001E9199BE339B0BBEE172C3BDE172C33DF4
:104A0000148CA03EB85E5F3D0A87A73D0A8727BD8C
:104A1000E17243BE0A87273D339B0B3E339B8B3DA0
:104A20000A87273DB85E5F3D0A87273DE172C3BE16
:104A3000E17243BE339B0BBEF67C35BECC68513E63
:104A4000339B8BBEC263D8BEE172C33D0A87A73ECB
:104A50008F4A7BBEC26358BFCC68D1BEF67C35BEE0
:104A60003DE15BBFB85EDF3D339B8BBD990E1DBF43
:104A7000339B0BBE339B8BBD1E9119BEE17243BEAF
:104A8000990E1DBFB85EDFBEC263D83EAE180F3FA1
:104A90000A8727BE66F53FBF1E9199BE339B0BBEAA
:104AA000B85EDFBE339B0BBEE17243BEB85E5FBE35
:104AB0008F4AFBBDB85E5FBDCC68D1BE8F4AFBBDDF
:104AC000C22201BFD76DCABEC222013FB85EDF3E1F
:104AD0001E9119BE7BFF31BF1E9199BEB85E5FBDAE
:104AE000B85EDFBEB85EDFBCB85E5FBE299692BE20
:104AF0001E9119BE339B0BBE1E9199BE339B8B3DFD
:104B0000299692BEA4546DBEF67CB53ECC68513E4B
:104B1000B85E5F3D0A8727BDB85EDFBEF67C35BE56
:104B20001E9119BE339B8BBDB85EDFBDB85E5FBE04
:104B3000E172C3BD1E91193E1E9119BE2996923E87
:104B40001E91193EF67C35BE3DA0843E000000005B
:104B5000A4546D3EE172C3BDA4546DBEB85EDFBC0B
:104B60001E9119BEB85EDFBCE172C3BD7BFF31BFD1
:104B7000E17243BE339B8BBDE17243BEE172433EA3
:104B80007DB4A33E44DDE9BED8E81BBE8F518CBE88
:104B90008D74793CBB8E75BF8D7479BD19A000BF33
:104BA000060318BF44DD693E8D74793CFB45DA3D50
:104BB000577AD2BE44DD69BE44DD69BF8F510CBE59
:104BC0008D74F9BC2180ABBE6A173B3D7DB4A3BE9A
:104BD0000000000044DD69BE8D74F93C8F518CBE2D
:104BE0008D7479BE8D74793C6A173B3D8D74F9BD27
:104BF000000000008D74F9BDFB455ABE6A17BB3D2D
:104C00008D7479BE8D7479BE8D74793CFB455ABE26
:104C10008D74793C6A173BBD8D74793DB3AE4ABE45
:104C20008D7479BD6A173BBDFB45DA3DD8E89BBD65
:104C3000D8E89B3D6A173BBDFB45DABD8D7479BC56
:104C40008D74F93CE9A8F1BE6A17BBBD7DB4A3BE63
:104C500044DD69BEF3652FBF6A173B3E8D74793D15
:104C60008D74F93DD8E81BBE21802B3E8D7479BD33
:104C7000EB85843ED8E89BBDC54B33BF6A17BBBDEF
:104C8000FB45DABE341D14BFD8E89B3D341D94BEED
:104C9000C54BB3BE44DD69BEEB85843E8F518CBEEF
:104CA0008F510C3E8D74F93D8D74F93D0EE3C2BEFB
:104CB0008D74793E8D74F9BDEB8504BF8D74793C9C
:104CC0008D74793DD8E89BBD6A173B3ED8E89BBE02
:104CD0008F518C3E7DB423BFFB45DABDD8E89BBD28
:104CE000B3AE4ABE8D74793EFB45DABD6A17BB3D53
:104CF000341D94BED8E89BBD44DDE9BE0000000031
:104D000021802BBE8F510CBED8E89B3E341D94BE33
:104D1000D8E89B3DBD6B08BF8D74793CFB45DA3DFF
:104D2000FB45DABDD8E89B3E6A173B3D000000001A
:104D30008D74F93C000000006A173BBDD8E81B3EAB
:104D400021802BBE8D74F9BD8F518C3EFB45DABDA1
:104D50008D7479BDB3AE4ABE21802B3E6A17BBBDB0
:104D6000D8E89B3D6A173B3E8D74793C8D74793C45
:104D70008F510C3E6A173B3E6A173BBD21802B3E8C
:104D8000EB85843E21802BBEB3AE4A3E8D7479BD47
:104D90006A173BBE000000006A173B3E8D74793DE8
:104DA0008D74F9BCFB455ABE6A17BB3DFB45DABDA5
:104DB00044DD693E8D74F93DEB8584BE8D74793D8B
:104DC000FB45DABDEB8584BED8E89B3E6A173BBD48
:104DD000FB45DABE8D74793EB3AE4A3ED8E81BBEC1
:104DE0008D74793CA011E2BED8E81B3E341D14BF7F
:104DF000EB85843E8D74F93CD8E81BBE21802B3EA8
:104E00008F518CBE8D74F93C6A173BBDB3AE4ABE60
:104E1000BD6B083FFB45DABE8D7479BD8F510C3EEA
:104E2000FB45DABDE9A8F1BE8D74F93C6A173B3D3C
:104E300044DD69BE21802BBE44DDE9BE8D74F93DA1
:104E40008D74F9BD8D74793C6A173B3D8D7479BCC6
:104E5000E9A8F13EFB45DABEFB45DABDFB45DA3D8C
:104E60006A173BBD6A173B3DD8E89BBD8D74793D01
:104E70008D7479BD8D74793C6A173BBE8D74793C15
:104E8000FB45DABD8D74F93CD8E89B3DB3AE4A3E94
:104E90008F518C3E6A173B3D8D74793C8D74F93C83
:104EA0008D74793D341D943E8D7479BC6A17BB3D79
:104EB0006A17BB3DD8E81BBE000000008D74F93CAA
:104EC0006A17BB3E8D74793D8F518C3ED8E89B3D6F
:104ED000D8E89B3ED8E89B3D21802BBE44DD693E4F
:104EE0008D74793CEB85843E341D943E8D7479BD80
:104EF0008D74F9BC6A17BBBD8D74F93C8D74793D16
:104F00008D74793C8D7479BC6A173B3DFB45DABDE5
:104F10008D74793DD8E81B3EC54BB3BE6A173BBDC7
:104F2000D8E89B3D8F518CBE577AD23EA011E2BE8D
:104F30006A173B3DD8E81BBE6A173B3D341D943EC3
:104F4000B3AE4ABE8F510C3E8D74F9BD577AD2BEB6
:104F5000B3AECA3E000000006A17BBBE8D74F93EB6
:104F600021802BBE577AD2BE6A173BBD6A173BBD64
:104F70006A173BBE6A17BB3D8F510CBE6A173B3E9A
:104F80006A17BB3DD8E81B3E8D74F9BD8D7479BDA1
:104F900044DD693E8F510CBEFB455ABE0000000047
:104FA0006A17BBBD44DD69BE8D74F93C21802BBE00
:104FB0008D7479BD6A173BBD8D74F9BC8F510C3E61
:104FC0006A173B3DD8E81B3E8D7479BDB3AE4A3EAF
:104FD00021802B3E8D74F9BC44DD69BED8E81BBE30
:104FE0008D74793C8D74F9BD6A17BB3D00000000DB
:104FF0006A173BBD8D74F9BC6A173B3D44DD693EC1
:10500000577AD23EFB455A3ED8E89BBDFB45DA3D78
:10501000D8E81B3ED8E81BBED8E89BBED8E89B3D2D
:105020006A173BBDD8E89B3E6A173B3E44DD69BE2C
:10503000C54BB3BE6A173BBD8D7479BC341D943E1D
:10504000341D943ED8E81B3EFB45DABD8D74793C97
:105050006A173B3D8F510C3EA011E2BE7DB4A3BE4A
:10506000FB455ABE6A17BB3E8D74F9BC21802BBF2D
:10507000EB8504BF8D7479BD6A17BB3D2180AB3EC3
:105080008D74793D6A17BB3D8D74F9BD44DD69BEF1
:105090008D74793C8D74F9BCFB455A3EFB455A3EF4
:1050A000FB455A3E8D74F93CD8E81B3E8F510CBE2F
:1050B000B3AECA3E6A17BBBDD8E81BBEFB45DA3D9E
:1050C000D8E81BBE6A173B3E21802BBE6A173B3DCA
:1050D0008D74793DFB455ABEEB8584BED8E89B3E76
:1050E00021802B3E8F518C3E6A173B3E6A173BBE98
:1050F000B3AE4A3E6A17BBBD8D74F93CEB85843E66
:10510000EB8584BE8F510C3E6A173BBD8D74793D93
:10511000FB455A3EEB8584BEFB45DABD8D74793E76
:10512000D8E89B3DD8E89B3D8F510C3ED8E89B3D8D
:1051300021802B3E6A173BBE8F510C3E8F518C3E17
:10514000D8E89B3D8F518C3E7DB4A33E6A17BBBD12
:10515000D8E89B3D8D7479BE6A17BB3DD8E89BBDEE
:10516000FB45DABD8F518C3E7DB4A3BEFB455ABED4
:105170000EE3C2BE8D7479BE8D74793CEB85843E9E
:105180002180AB3EFB455A3E8D74793EFB455ABEAD
:105190008F510C3E8D74F9BD577AD2BEFB455ABE75
:1051A0008F518CBE6A17BB3E8D74F9BDB3AECABEBB
:1051B0008D7479BFB3AECABE8D74F9BC0000000017
:1051C000D4E9C43D6CC8A8BDD4E944BE6CC8283D30
:1051D00005A78C3DB9B71A3EE53B1EBFEF1BEFBEDE
:1051E0003B0BE13CA22C7D3ED4E9443E3B0B61BF2E
:1051F0006CC8283E3B0B61BC9513E8BEA22C7D3EDB
:10520000000000003B0B61BE6CC8A83DAB9E85BE94
:105210006CC828BDB9B71A3EB9B79ABE6CC8283D4C
:105220006CC8A83D05A78C3EB9B71A3E05A70CBEB1
:105230006CC8283E6CC8283D6CC8283D12C0A13EF1
:10524000EF1BEFBE05A78CBD12C0A13E3B0BE1BC1E
:1052500000000000A22CFDBD3B0BE1BD05A78C3D6D
:1052600005A78CBD12C0A13E6CC8A83DA22C7DBE76
:10527000D4E9C43D5FAF93BE6CC8283D7AE1BD3E22
:10528000AB9E853E0E875DBFB9B71ABEAB9E85BE8D
:105290007AE1BDBE05A70CBE3B0B61BDB9B71ABE16
:1052A00087FA523E5FAF933EB9B71ABEC6D0AF3E43
:1052B0005FAF933E05A78C3D05A78C3D12C0A13E74
:1052C0003B0BE1BE016E48BF8C3317BF3B0BE13C8B
:1052D0007AE1BDBE3B0BE13C4924F6BED4E9C4BE35
:1052E0006CC828BD3B0B613E6CC828BE9513E8BE58
:1052F00020D9363EB9B71A3ED4E9C4BDD4E9C43D7D
:10530000A22CFDBD6CC8A8BD05A78CBD6CC8A8BEED
:105310003B0B61BD20D9363EA22CFDBDA22C7DBE2B
:105320006CC828BDA22C7D3EA22CFDBD3B0BE1BC70
:105330003B0BE13CA22C7D3E3B0BE13DA22CFD3D15
:105340006CC828BEA22C7DBEEF1B6F3EB9B79ABEBB
:1053500020D936BE3B0B613C000000003B0B613C9A
:105360003B0B61BD6CC828BDD4E9443E3B0B61BD1D
:105370006CC8283D3B0B613E3B0B613D3B0BE13D67
:10538000A22CFDBE6CC828BE3B0B61BCB9B71ABECF
:10539000A22CFDBE3B0B61BDB9B71A3E3B0B61BDF4
:1053A000D4E9C4BD3B0B61BEB9B71A3E6CC8283EF8
:1053B00005A78CBD3B0BE1BC05A70C3E20D9363EB2
:1053C0003B0BE1BDEF1BEFBE6CC828BDA22CFDBDA1
:1053D0006CC828BEA22CFDBD3B0BE1BD87FA52BEB6
:1053E00005A70C3E20D936BE3B0B61BCB9B71A3EAF
:1053F0003B0B613CC6D0AF3E6CC8A83D05A70CBEB8
:10540000C6D02FBF5FAF93BE7AE13DBFD4E9C4BD24
:1054100005A78C3DA22CFDBE05A78CBD3B0B61BE34
:105420003B0BE1BD3B0B61BE6CC8A8BDD4E9443E5B
:10543000D4E9C4BDD4E9C43DD4E9C43D3B0BE1BECD
:1054400020D936BE3B0B61BD7AE1BDBE05A70CBEBF
:1054500000000000A22C7D3E3B0B61BD3B0B61BCFC
:105460003B0B61BD3B0BE13D87FA52BED4E9443EA4
:105470006CC8283D6CC8283E87FA52BE3B0B613D84
:10548000EF1B6FBE6CC828BD00000000D4E9C43D0E
:105490006CC8A8BD3B0BE1BD6CC8283EB9B71ABEAD
:1054A0006CC828BD6CC8A8BD6CC8A83D3B0B61BDCD
:1054B0006CC8A8BD05A70C3EAB9E85BE3B0B61BC6E
:1054C00005A78CBED4E9C4BDD4E9C4BD05A78C3EF4
:1054D0007AE1BDBE3B0BE13D3B0BE13C05A78CBE39
:1054E00005A70CBED4E9C4BE3B0BE13D6CC8283E09
:1054F0003B0B61BC2DF2CBBED4E9C4BD3B0B613D7F
:105500003B0B61BE20D936BE2DF2CBBE12C0A13EF0
:105510003B0B61BCC6D0AFBE3B0BE1BC3B0B61BEDD
:105520003B0BE13CC6D0AFBE3B0B61BD3B0BE13C4E
:105530005FAF93BE3B0B61BCB9B71ABE05A78C3DEC
:105540006CC8A83DD4E944BE322B10BFD4E9443E18
:1055500005A70C3E016E48BFB9B71ABE6CC8A8BDFE
:1055600005A70CBEB9B79ABEA22C7DBE05A78C3D7F
:105570006CC8A8BE4924F6BEEF1B6FBE3B0B613D55
:105580006CC8283D6CC8283D3B0B61BEC6D0AF3E01
:105590006CC8283E3B0B613E20D9363E3B0B613C3C
:1055A0003B0BE1BC6CC8A83E6CC8283D994C2C3F15
:1055B00005A78CBD6CC828BD7AE1BD3EB9B71A3FBE
:1055C00005A78CBD20D9363EB9B71A3E00000000B1
:1055D0006CC828BDD4E9C4BE87FA523E6CC828BE48
:1055E0006CC828BE6CC828BDA22CFD3D3B0B613E9B
:1055F000000000006CC8283DB9B71A3EA22CFD3E41
:10560000B9B79A3E6CC8283D6CC8A8BD6CC8283E86
:105610002DF2CBBE20D9363E3B0B61BCA22C7DBE09
:105620000000000005A78CBED4E9443ED4E9C4BE06
:105630003B0B61BC00000000D4E9C43D05A70CBED3
:105640006CC8A83E3B0B61BDA22CFDBDE102DABED9
:105650003B0B613CD82209BF3B0B61BC87FA52BEB1
:105660003B0B613C3B0B61BE05A70C3EC6D0AF3E79
:1056700087FAD2BE6CC8A8BD3B0B61BDA22CFDBE93
:1056800087FA523EB9B71ABE3B0BE1BD05A78CBEE7
:10569000D4E9C43D9513E8BE4924F6BE20D9B63EF0
:1056A0007AE1BDBE87FAD2BE6CC828BDC6D0AFBEF7
:1056B00020D9B6BEAB9E85BEE53B1EBF3B0BE1BE0F
:1056C00000000000AB9E853E6CC8A83D6CC8283E1B
:1056D0003B0BE13D3B0BE13D3B0BE13CD4E9443E60
:1056E00005A78CBD3B0BE13E87FA523E9513E83E81
:1056F00020D936BEAB9E85BEEF1BEF3E5FAF933E1B
:10570000D4E9C43D87FA523E3B0B613E05A70CBE6F
:1057100005A70CBE05A78CBE20D9363E05A78CBDBB
:10572000EF1B6FBE05A70C3E3B0B613C05A78C3EF3
:1057300020D936BE05A78CBDB9B71A3E20D9363E52
:105740006CC8283E6CC8A83D05A78CBD3B0BE13C4E
:10575000A22CFD3DEF1B6F3E3B0BE13C3B0BE1BD43
:10576000B9B71A3E3B0B61BC6CC8A83DB9B79ABE2D
:105770006CC8A8BD3B0BE1BD6CC828BD12C0A1BE62
:10578000D4E9C43DD4E9C4BD05A70C3EE102DABEAC
:105790003B0BE13C994C2CBFAB9E853EB9B79A3E82
:1057A0003B0B61BC6CC828BDD4E9C43D6CC8A83EA5
:1057B000EF1BEFBE6CC828BDEF1B6FBE00000000E2
:1057C000D82209BFA22CFDBD6CC828BDC6D0AFBE73
:1057D0003B0BE1BD322B10BF0000000005A78C3D44
:1057E0003B0B61BEB9B71ABE6CC8283E3B0BE1BE8D
:1057F0009513E8BE3B0BE13D20D9B6BEB9B71A3EC2
:10580000CE13F70100F80307FA16F0000DF904FBB8
:10581000E0150005FDF8FAFAF00FFDF70AFB0301A9
:105820000B030AFEFCF80706EB0D0504FFF7FF0863
:10583000EA120D0203FBFCF8010B03000B07F9FE53
:10584000DEFC14FEFBF6FDFB16D403FC010206FE93
:1058500009DE08FEFFFE040609D60CFB0003FEFA73
:1058600005C00E04FDFFFE0201C003FCFD0500059E
:1058700007C50AFF0009FEFF06C61106FD0203FD6B
:10588000FAD10AFCFB070104FACF14FFFF1105FE51
:1058900002FD03FEFFD103030200050104EF000433
:1058A000FFF6FD000302FEFEFC03FEFE01DE01FE2C
:1058B000FE07060302E401FFFDFFF800FEF8000406
:1058C000F407F903FBCA0001F904FEFDFFC300045D
:1058D000F802F10202C30000270D14FE17E2FEF7E2
:1058E000090DF80C0A0513FB0DF7F40F14FAF2FE7C
:1058F0000911EF08110401ED0EF0100416DD01E2AC
:105900001CFFF6FD05170709E313E0ECF8E804189F
:10591000080CE71B0902FF0ED2FFE413F709EC04A1
:10592000F80AF7FDF8F1FA010105F5F905F9FCFCB3
:10593000EEFDEDF9FAF6FD040506F7FF03EEFCFABD
:10594000F905FA07FAEF07FEF20102FCFDF3FAFD92
:10595000FD0A0506FAEF03FFF1000A03F9F407FF59
:10596000DF0DFD06F8F6060333C026E4ECE5F1F69C
:105970001FF0300DEBDF1A222DD7190D01000E108C
:10598000FBEE1A0803F2F7FF02F3EAF1FA10F0FB5C
:10599000F8ED270C0F22EF051007E9160EF9210A82
:1059A000E310DAFBED06FC0A0DE9E7FDFF00061245
:1059B000DFDFEB0304F2FCFAF4E9E30900FC08F58D
:1059C000EF00E0EE12F714F81BF2D30DFBDF1AFB29
:1059D000ECF90203ED10FA070924E4DFEEF7F20D0B
:1059E0001E19D8E3FEE40601FA2A04E30FED11F1D3
:1059F000FF33E6DFF00B040E0B0602E310E50D218A
:105A000012E6F7DDF1DE1BF3F815F40319021E10A0
:105A1000080EF5FDF70814F2FBD3DEEDE4E00FEE1F
:105A200000ED0DF3FFCE1312E709F8111907191550
:105A3000EB04F40200EDF911EFFB080219D0DF05C9
:105A4000D8FDE1F2DEF3FFF0F4F6E9F7F7FE06F930
:105A500007FFF6FEE7F8F1F1DA05EE00EDF6EDF4FA
:105A6000F503FCF6F303F2EFF9F7EDFCE4F4E9F3E8
:105A7000C003F502E302E300CEFCF6FCE800EFF71A
:105A8000E2F9EAF8DCF5DFF3FCFE06F1EE05E3FDF2
:105A9000FF0506FAEE02F1FA030004F7EFFEFB033E
:105AA000FB03FFF3E202D4F80105FDF9F600E9FE7D
:105AB00003FBFCF7FCFAF7FEF9FAFDFCEA00D6FD61
:105AC000FB00FAF9F6F7E7FA0101F9F8FCF0EE0449
:105AD000FEFCFF00FEE7FE02FF02FCFEFFE702FC09
:105AE000FD02FBF8F8D6FEFF01FDFEFEFFFA01FF06
:105AF000020302040401FF02FF01FDFF00ECFC00B1
:105B0000010000000001FCFDFE03FF01FE06FC0297
:105B100001FFFEFBFAEAFEFFEFF1E0F822FD0805C7
:105B2000FBEBDEE80A1700E6EEF8F3FAF4250D0CBD
:105B3000E80FF4F8F51A08FBE3F007EBF71803FB9E
:105B4000EAEFE7D80C0BFCE0F5010B050E12FC06A2
:105B5000FAF411D6FE02ED0508FE02F0001511F26E
:105B6000EE03DFF800FDFB05F9FAEEEC030001FFA0
:105B70001002F2EFF6040005F1FBF2F004FDFDFB6C
:105B8000EFFDFDF2FAF8020200FAF8F0FD0301045D
:105B9000E10206EC03FB03FCEDFD05F5FAFFF7F768
:105BA000F20601FAF801FB05FBFCF40615ED04E62C
:105BB000101BFDE9F620FEFB140505051E0FFE0077
:105BC000FB1B0DFF0A170C0804F1EDF5EA07F304BF
:105BD000F5F1EAF7FB07F1FA22020D0D00F51DDEE3
:105BE000F70024EC0BF8FCEE140B2EF21E051FE55B
:105BF000E906F2DC071CE9F400F0FBEBEB15FE1202
:105C0000FAFEF1EAEC0C04F6F305FFE60C11FDF3E5
:105C1000E6F1E7DDF811ECEE0105E3E4E12913011B
:105C200001EC15EDEF1EE8EAD3F2DFEDFC08FC1401
:105C3000D31AD6F6D82EFAF2F31BEA0813FC0AF7A9
:105C4000D7EE08F1DCEBE1EEF0E3DDF0EFD6DFF0CC
:105C50000915FEF6D6F5D7EBDFE6D403EE19FF15EE
:105C6000E1EAD0F910E4D9DF08E1FFF0D9DBD6E5AD
:105C7000DCE3F81916D8E1E8DDF3EBE9F8F4F7E234
:105C8000F7FB0912E0DAF907F8FD0D07EDE3F40977
:105C9000F7FE0015E5C6F804FFE8F708EEEDFCFB9B
:105CA000F1FFFF0709F6F709F4E9F005FDD607094A
:105CB000FADACA02D7EC07FDFDEBD60BE20401FCD1
:105CC000F8DED208E9DE0FFDF703EEF9EDF60EFB84
:105CD000F705EDEAF7F505FEF20AF3E201FEFCFB3B
:105CE00004F7F4F1F1FE0D01FEF8F9ED030403FBF6
:105CF000F901F5E20207FBFF09EC05D9EE09020004
:105D000007F402E0F502FCFD02F107D70009FAFFF3
:105D1000FEFEFFE3FE01F2000203FFEBFF01F903C9
:105D2000FBF9FDD2FCFDFFFE01FF00FC03FFF1FDCE
:105D3000FE00020701000103FEF902EDFFFFFFFF75
:105D400005F901F6FE00F202FFFA000101FFF80179
:105D500000FBFEEAFE00F90312EFE407070F04F967
:105D60001DEF0E0004E4F90F0402EAF20106F0F759
:105D70000A12E61C09F50C03FFFCFA09F0100AFCF4
:105D80001809FB06FE01F6000B14F50219FCF403DA
:105D9000FD10EEF5FF04EBEE1507121BF209EA1FEA
:105DA000CF061606FCE50405D3FF1502FDF6FFFC41
:105DB000D706EF0A00F90AFBD6FB04FD08F5FDFE45
:105DC000DBFCF8FCFCFDFF03D803DEFDFEF60EFD58
:105DD000D6FDECFDFAE80701D8FCE30100F202036E
:105DE000DBFCC005F8F50602FD010EE410E9FCF449
:105DF0000AEB1E18080A10F6F81021E7FF01D4EF8D
:105E0000E527FB20000CFDECFE0A0F0E03F4140F37
:105E1000FAE60604F50AF7F2F03E0CECFDF7F3EBB8
:105E2000EC07F5F30E14EA160D190F0FF903E5F55B
:105E30002BE1CF1503D025170BF3F102FEFA0C1B53
:105E40001E12F320000A0F091F040B0007EB0708BE
:105E50000A11FEF5F204F4010EFDED020B06EDFE53
:105E600015DDFCFE08DA151421F8F71B06F3E11026
:105E7000190BEA1BF212F4F905FCDD06FCFB03EB3F
:105E8000E8E8E314EA01EDF50EEF08DB03ECE71EAA
:105E9000D6E0D9FAF3D8FEEC13EDF2FCD2EB1A03FC
:105EA00006DFF3F4CF03F2F7E40FE21AF907E3F6A3
:105EB00017EB08E2D5DC020F11FDCEE4FCDDD8EBD8
:105EC000F901E00D01E5F3090302E80CF3E5FA0836
:105ED0000507E401F4ECFBF8040AECFE05EFF6FD1F
:105EE000FA08FD0802F4FCF90B05E50103F4FD08CE
:105EF000000DE4FEF4FAFAFF0F0B0109FCFE02FCB0
:105F00000301E30003FE0200FE01FFF00203FC01B7
:105F1000FFFC00F2FE09FD07FC000C000211010865
:105F2000FFFF05F3FFFEFE03F8FFFBF30005030090
:105F3000FFFB07FD0408050BFC0002F903FB04FE50
:105F4000F50201F4FEF90104F8FC0800FDFA050071
:105F5000FFF5FA0203FCC0FCFEFD000203FBD4FFC8
:105F6000FDF9FDFFFEFAD8FAFDFEFB000101C2FCBF
:105F700002080402FF04DDFE000300FC0301E0FA56
:105F800002F600FF0000C300020404030000D10277
:105F9000FF0004FF03FED9FD14ECF4F6EC0B101720
:105FA000EFF400FB11F9E404F3FA100A0C0DFA0BFC
:105FB000F3C709F90FFCFB12FDC002F3F407090750
:105FC00015F8F8EDFEF9F227FDF801F0EB06FF10E9
:105FD00009E9EC0BEDFF0236F7F7F905E8E6092AC7
:105FE000CBFFCF07FEF3E717EAFDE101FDF7F50D63
:105FF000E9FAD8FBF7F1F810E3FCDE07F5F7F10852
:10600000F8FAFDFCFAF8F806FDFFE0020404F50CCE
:10601000F300E402FD08ED1809FEF3FFFE00F60DA3
:10602000030BE8FDF8FAF91318DD0EFDF71FEFF981
:1060300006E908230D160A0EF9CFFD26F523CEFE3C
:1060400010011116091401F20025E90BF1F41B14DB
:1060500001F9110C11F4F91FE8C8F015F9F207EF76
:10606000DBF307EB15F0F80808CB00F004F90B049C
:10607000E7D7C0E3F3E70921F1EDD9F9DEDFED263B
:10608000EF18EBF00AF8FE34F3F20EDFDD04F30E46
:106090000EF815E301F40A0910F3ED0DEFFFE62306
:1060A00002E115DE00FE061CFDD61007E512F01415
:1060B000D4FDEE0513EB1036F8E617FB19F0F2F7F6
:1060C000E102DB060BD3CE0705D2DB13EF03CDE5F0
:1060D0000FE212F11DF2F2D5FD0C010813CAC0E95E
:1060E0000BF104F0E7E6D1D9DEFBE51619FDC5D8C2
:1060F000F2100BF61DE2C7F009E7FE0715E9E0D53F
:10610000FEEFFC02FAF10601FBF3FEFB00FC06FECB
:1061100000EE0004F9F403FFFE0303050306010487
:1061200005FAFE050312FBFD01FDFF04FFFA030162
:10613000FE0700F800FCFB0201030200010003FF60
:10614000FDFC010404EF02FDDBE10315FCCE0907B1
:106150000ED4F0E8DEC705E3DEE8D30EE8E517FE6F
:1061600001E6041AEC0A13E1D115E22224CCE5176A
:10617000F2DB0BEC0AE5001012FFD8120B13DEF66F
:10618000E3F2F323030B1B0AE5F1EFE415EFEAF169
:10619000F51D0E0A0CE20703F91FFBFEF9DFF902F9
:1061A0000023F60A03F8F6FFFB08090704F9F8FED6
:1061B000FD08F0F908FE06FCFF0CEBFFF90EFB06EC
:1061C0000B01EE00060003F50603E6050C08FDF9D9
:1061D00012EEE701FE12F206F4F6F8F4FA0902FBF9
:1061E00002F9F60107FEF508EA06E9F402EC0501FA
:1061F000F908F8F8040A09F8040AF105040E01FE8A
:10620000FA08F1F8F6FFF700F71001F7F3010106BD
:1062100002FF010906F60701FA04F5FBF4F7010392
:10622000EE020A06FBC90701F20A0E0106E704FCAA
:1062300001F7FF06FA0204FFF50905F9FAD1F802A1
:10624000FC06FC01FCEDFAF9020204FA000BFAFC70
:10625000EAF8050603DA07FBDFEFF902FEF107FAB9
:10626000F8F202FD0107FE0203FCE80405F5FD0556
:10627000FDFBEB0800FC04050402E20606F3F8F857
:10628000FDFFE901F8FAFF07FC06F602070005FB2F
:106290000BFBEB0205000307F501E1FE07EAF90538
:1062A000FC06ECFEFFF6FF0703FFEAFBFCF601032A
:1062B00002EDE8FFF6E1F81AE4EE14F81704E3172C
:1062C000E90607180EE81B1CE3FEF4E710E2F4EB06
:1062D000EB0AEE0B16D3E0E620E2E8FA09FCEE0E3C
:1062E00014DCFD0316C1091BF5E4FB011CC5FC0E03
:1062F000E5091CEDE205EB0D040DF1FA02F5FE0BCC
:10630000F71302FFFBE506F9092304FF09F3040272
:10631000FB12F3FA06F702FBFD06FAFCF7EFF904AD
:10632000091702070CF40902E2FCE60804FC00FA73
:10633000FBF4FB05F70DF90203FA0AF50614F9055B
:10634000FE010301FFF4000403FFFEFF0001FD0155
:10635000FF07000100EC03FE04FCFD0002FC01024B
:1063600000FE0001FE170305FD00010000F5FDFD24
:10637000FD01FFFFFFF4FD08FDFDFD04010501FD2A
:1063800005FD00FD00F00001FF1AF8ECEB09DE123C
:10639000FDE9FEFD03F6FE08CF19F5E5DAE6D404C3
:1063A00008F6F2DE04E4DDE6DA16CE1A03F015E4B0
:1063B00004EE021BFFE1D9DD0F0AD20A1410F0052A
:1063C000D721FDEAE009F5E20411F70DEBEA1AEA3C
:1063D00002FBEBE6F6F1F808FFFFF5E9F1E002FD5C
:1063E000FA02F9F4F6DBFBF3000CE8F3EDD9F5075C
:1063F000FE07EFF6F4D8F400F20000FDF0DC020531
:10640000F6F407F9F3C403F602F8F4EFFBC0010257
:1064100004080AEDF1C704F3F7F8F3F6F5F600FA0D
:10642000F409FFFEFD020CF8EA04E9F5FDEB0A07AA
:10643000FD07FCFC040AF7F0FA0B0200FF01FD0364
:10644000F1F5F8F8FDEFFCF808060AF5FAE6F703AF
:1064500008F6F9F9FDF5F8040103F8F1F0EAF6FFA2
:10646000F4F9FFFEFC00FEFCFD00F5F4FCF8FA0375
:1064700005FAFB02F6FBFAFDFD00FE0008FE01FD39
:10648000FEF9F7F9FCFFF8070404FC0000F3070B22
:10649000EBFEEB00FEEEF5FEEB03F0F8F0F4FC068D
:1064A000F306F6F6EBEEF70B06FCFDDD0604F9004D
:1064B00017FAFDDFF50BFDFB15FBF5EBE11BF8060D
:1064C000E1FAFBED070DFAFB03FF08EE010301FF04
:1064D000FF07F9E3EC10F606C002F5EDF604F0074D
:1064E000CEF9FBF6F60DFB05DCFD00F0E013EE0344
:1064F00008FC120AC0FAEDEF18E0F0E311F8F2DD43
:10650000E409E3FAF6FFE8F3D5DF160EE5FB0F1515
:10651000FCFFDDE0EFDC16F20213FC19FA05DC1AD1
:10652000EB12E3F3DDDCF30AEEE8F6F0CBDF170461
:10653000F51B1A12EFF2FD1CD6FFEDEAF8F3020389
:10654000D00AF6F9F9F507F9D9F5E6F7EDF2F8F81A
:10655000EE01F1F7E9E909FBF2FBECF5E6F4E7F50A
:10656000FF0BFDFB0101DDFB14F5F5FAE5FBF80877
:1065700021FB01FAEDFEFB0613F80DF6F905D6FF37
:1065800000FEFFF50102E60001030000FDFDFE0133
:10659000FCFF01FA0301F4FFFCFDFE00FA00F70026
:1065A000FF02010705FF0B0501FCFD020002FDFED5
:1065B000FDFC01030400FFFF0301FC03FF0008FFD3
:1065C000F80104FDFDFFF4FEF10DC204FAF919080B
:1065D000EBE4DA00E8FF0E1416D2F6F2F7E2DFE0A1
:1065E0000ECFD7E1E418EA22DCFDED0BEBDCF3F68D
:1065F000DB11F30BD5DFEEF7F7DE0BD8C0F5F0F8C3
:106600000DDBCDE4FDEB1309E7EAF101EEFDF6EE5B
:106610000102FB0EFDEE26F9F107EF1002FD0E0D53
:10662000E904F1FCFAF2FF01FEF3EB0608FBFA06BF
:1066300003F7EFF6FEF8EFFEF5F8EAF5F805EE08D9
:106640000D03E808F806E2020EFBECF60005D40D97
:1066500002F5F4EA0AFAC2F90708F007FF05C0FBE1
:106660000BF4F0FAF905E8060EFCE8FFF509EBF289
:10667000F9FD0CFE03FDD1F9FD0F07FDFD0106FE3E
:106680000DFAF4FE00FDF907E2FE0803FBF3DCF966
:10669000FEF80CFEFFFB00FFFDF5F807FAF9DC043D
:1066A000FEF000C104F3FF01FDF9F6D0F4F3F8F7B2
:1066B000F9FAFFDBF6E9FFF80707FFDE000DFAFD48
:1066C0000BFAF5FB03FE0AFAFE01FD02040604FACA
:1066D00008DFDDC0EFF9FFFFF1E3D2CFE9EBF5FD15
:1066E00003E5D9D6F9F100FC05F8F2FFF1F40DFB52
:1066F00012FC0104F8E20B0111EEFFFDFBC30BF7E6
:106700000C07EC00FFFB04FF0D0100F8FC050F0275
:1067100009F80303FDE403FC0900D002E7F60DFCD1
:10672000FFFCEB04F40D0BFD09EEE904F7F20AFDA2
:10673000ED06F0E8DEE6D8E60CF4FBF303EA0F0919
:106740001200F0E203D306051CDEF9F7DFFA031BA3
:10675000DD0EFFE0F7E0EDF6F906E802EC0205F7E2
:106760002311F0DA02E00DE0EFF4F101CDCDE60AFD
:10677000E2DEDD0D03DB0EE820FBF904F71920FF54
:106780000F06E5FFFB0F1A041001FDFCF9190CF6CA
:1067900012F1F803E207020A0E05F805F8F9F9FC10
:1067A0000A0AE90E0AF700000BF7F503EE0BEBFB04
:1067B000F9F0F007FBE1E7FDF3EDF509FEE9FA0B6F
:1067C00001DDFBFD01FDEDFFFFEC0307F8FEFF021D
:1067D00003C00001FF03E0F5FFFB0406F6FE07FC23
:1067E000FE0D00FC02051F0DFFF1FCFD00FCFB018E
:1067F00001D7FCFE0102E8F105E8FFFF02FFFF03FD
:10680000FFDC0102FC00D8F5C5FDFA1E03D9E5D175
:10681000F003090BFC06FBF5DFFC02FBF1E7E907DF
:10682000EB1A071DE9FF2001FFE5E604EC0B05125A
:10683000C7D8CCDD06CAFC01D7D8070209FE07DF9E
:10684000EFEDF01D0BEAE5DAEDD6D50A1300F6F50B
:10685000FD06F2F908FF0705FCFFFC0307F7031527
:10686000F3F2F7060301F307FEE80AF905FA110F40
:10687000F1EE05FD08F1FE0609F10104FDFEF2FF4F
:10688000FCDB060700F51005FFE10C00FBE7F61442
:10689000FDED0C0207FDEF07EDF3F2FD01F2FC0F39
:1068A000FB02FC0A00FC02FFF6FFF7F9F3E9FF0C1C
:1068B000FCFDF602F207FC0B020314F9FAFBFD05DE
:1068C000040AF80704FE040E0EF7F1FEFE01EE03C3
:1068D000FD000405F608080F02FADE0DFD01090CA3
:1068E000F7D8DDFE05000AFBF3E1E102FB01FEFE45
:1068F000FAE4EB070A02EF050AF5E604FE060AFDD4
:1069000005F3EF0009F9FEFE0AF506FDFF08E90FA1
:10691000FED3E90709ED0AFAF4E1F60901F5F10100
:10692000F5D80604FFF1EA01E2FF010B00F2FAF3E9
:10693000FCF7070D0CF9F4FDCF041A0EFEF4EEEE91
:10694000EEF5F00C04F103EEFFF80808FFFAF3FA95
:10695000F0000C060100F205F40AF300FCF909F658
:106960000004F30B0104F904F806F91105F8FCF929
:10697000111508F4F7CEDE1908E9110518E6D0EF75
:10698000DCF5E41B0ECD0BEEEBD6F91E13D3E5DBE5
:10699000EE0D1110EDCE0BE10CF210F815D7FCF94D
:1069A000E5D9D1E8FDE2E6DEF8E411ED0BCEDBDF60
:1069B000F7E1DAE21AEB00E015FFDB0C0BC0031481
:1069C0000EFDE70AF6DE061C0DFEE7FA07DF091CDE
:1069D0001001F80900EEFD08F800EA0AFEF6FB07D0
:1069E00008F7E8FCF9FB0A1FFAFEEBF5F700EC1AD2
:1069F0000B0AF3030A17FC0D100DF6F4F72AE81F33
:106A0000F5F8F9FBF2FDF808F7FDF303F7F9F9FFE4
:106A1000EFF3F7F8F0FCF500F3F5F4FFF606F906EE
:106A2000F3EBE800FBF1F3000705EC080603F8FDC3
:106A30000A02E5FD0506DBFE0203ED060FF20C0C73
:106A4000E7D9D2C215D1F6EB1301E506F504FC0631
:106A5000E40FD4F3DDEDE2C6E7DBF80FF000CBFE88
:106A600000EC131BF109DED5FF21D21615E50FDA74
:106A70001010F2DA0A0F1BFAFBE6EFEBCDDDDDF8C2
:106A8000F5F9F60B10DBD6E8F117D30FFFEBEB149B
:106A9000E1F2060AE00A16FE0ED9FB13DA0915F533
:106AA000EED3DC10F9E1F10E030705F1D118060B66
:106AB00001EB08E2EF03CEEEF9ECE704FB00E2EFB6
:106AC000D3FF03F9E1FDF8EFF6F3C0EDE0F4D2F700
:106AD000E413EE01DDE4F201D8F60AE8FD08DCFF7C
:106AE000FD01D5F4E908E6EBE8FE06F5FD0903FC37
:106AF000F61409F8FF140901120C050300FCF8054F
:106B000001EE0303FA060500060800F80E0BFCF977
:106B1000FAF8FAFF04FFFC04F7FEF5F6FDF6F405BB
:106B20000C00F703F7F4EC01FEFDEF02C5CF12DB1A
:106B30000D110B17D4FAFE170AD2D4FD13F4EFD2BD
:106B4000F019DAD3F4E91E23D5E01416FBE30BE6C3
:106B5000060C1AD6FED1120E09E5DEF4D80603EDB6
:106B6000D70D0DE00AF318230DDEDA06DC19CDDBB4
:106B7000F3E817DCC7D9021ADB16EE23E704DBF2D1
:106B800018EAEDE4C0DDD7E7F2F5D5F4D80007E761
:106B9000D5D8E1F90418E1D0F903F20AC3F4F3F20D
:106BA000FDEAD511F2E107040BEA01F60CEA060E44
:106BB000EDFBF003F7F4EDF4EFDF06F7FDE8EDF39E
:106BC0000B00FFFCDFF30309E600E9F6F0DF0FF747
:106BD000FFE9130209FE0FF6FBFA1107EBF910FCAF
:106BE00004F7F8FA03F7F3FBFFFAFA0101E8F4FA05
:106BF000FCE4F3FE04F6F30406FDF5F705FBFFF7EE
:106C000002E5F101FFEAF9F5F108F202FB06F105F0
:106C1000F50CFF09FAFBF702F9FDF505F8DAEF20AC
:106C2000D411E804FBDA11DA05F7C5D513E601FE45
:106C30000AD80CEFFA11E125120413E00A04EB1E46
:106C4000DE10CEDAF5201700C918CEEA0206DA0601
:106C5000CBE5E7020819F5E9F7FB0A05CED80AE704
:106C600005F81013E3E0EF000305EDDCF5E105EABC
:106C7000F6D3EA0DEDF4DB0FDCF905DBDCE0EFD653
:106C800017F0DAF8F807D810FAD10BFF00D3F7F9AC
:106C9000F8F4E710DCF1F405E3F5FCF0DBF200F4C6
:106CA000F6F8F8FFE7DAF3FBE10CE70CE606E5FFA0
:106CB000E5FBEA04EAE1E4FAEFE7F6F613F6F0F3AF
:106CC00008EFEEF7030BFDF90CF306030CF903EEE6
:106CD000FB08FF0002FCFBF90B01F60504FFF902BB
:106CE0000D05FBF9F50101F8070402F61108F6F5A8
:106CF00004F9F2F80A05FD00F803F9FCFCFBF9F4CD
:106D000004FC00F801FEF9FD0000F9F207E8192281
:106D10000BF5E718E600EBD9E3FED6DFE51FE5E962
:106D2000EF0E041CDADA0B041AD6DFE711F3EFEDED
:106D3000DE1DD713E31AE01FFC1C15FD2022FC0A00
:106D4000150B15D9E9F30810E9F0E5D7F3F4E6FCE3
:106D5000EC01DB22ED19EEF9DFF6DE040FFAFDE8B7
:106D6000FE14F123D1121535E3D81C32040B192E71
:106D700004E6EEEA10FBDE1BEEFEF9F1FC1217074B
:106D8000E90BDB1CF7FE00F8FF140CF2EF1BFF0809
:106D9000F2FCF306E1FEF5F3F90CFE0CF520FE081B
:106DA000F614ED03E6F6FD0C02F2F9040205F915FE
:106DB00007240519F411FA0CF709EF270010FC213C
:106DC000F1F6FE0BEDEB0EF3F4FDEB07F0E7F0FA56
:106DD000D8FDFE0DEA0EECFBDEFF0AFCE9F8F0ED53
:106DE000D309EB0DD7E7F811D0F209FFC6FBFDED93
:106DF000D802F0F6E0F4F003C2FF0907EAF102E17D
:106E00000807E9E0F3F7EBE5E0EBE5FA0E1CE2FF3B
:106E1000E7D6D10500E2E3DFD1141410FAFE03F146
:106E2000D7150CDCDDE0EF13FC150E16F01214E2A2
:106E3000D6F908D5F913FC11C307FCFCCFFB06FEFD
:106E4000CCFEFFF8DCFB0100D1F8FCFAC0FBFDFC36
:106E5000C504F8FBCAFA0600CDF9FAFFD101030810
:106E6000CEFC01F9C8FAFFF9C5FFFF04CB0302030A
:106E7000CEFE09F8E6EEFDF90009EED8CF1AEBC513
:106E8000D319E60EDDFE12E7D0F20401D7FDD6F4E9
:106E900004DDFE09F9FD0DFD13EB00FC081AE6C345
:106EA000080CDED1F1EDFCC5DC11FEE207FB08F7B2
:106EB0000B1F1A06092009F7093AFEFC163A0BF9CE
:106EC000213D05ECFAE8030D08E70205F7F900E7B4
:106ED00009F6F9061FE1E803ECE2130410DDF6F50C
:106EE000F7D1FD061BD2070821CEF9051516F507C7
:106EF000F015111A0415FE05DBEB0104C8EC05FEC4
:106F000012D5F8031EE6F4E3EA0418E5D6F1F5F429
:106F1000D415000E17DB0901EF0AFA0C16DEEA148D
:106F20000913F116E315F5E4E406FB09F404020283
:106F30000A08FB080C0206FA010C03FFF702F70728
:106F4000000401031106F6021203FD01120005F907
:106F5000F8FFFCFE0101F8FC0A0BF601060CF90231
:106F6000160CFFFEEB18FBD70ADE1306DEF40FEC5F
:106F700018E7D703D10CE1E8F6F01EF9FFF6190F78
:106F8000EBDAF30DD01202F6EFF7FFEDF8F117E3AD
:106F900012E5E401F6F01605D505EEF4EFEBEA0391
:106FA000F1FB07F3E60EE602F71C06F7F111FA040F
:106FB000E91EF614EC1503FCDDF60A17DD100310CC
:106FC000E01DE612EE0AE7160809FC09FB150BFCAA
:106FD000EA1F1007EE1E04FAEEFC0EF8DFD3191EAE
:106FE0000CFA04F7F1DD0D14D90EEF14FF0AF1FBD2
:106FF00012E8F2F80D0AE71DF6FBDAF900FDF1F1EF
:10700000000D18FFE7F9F92205F1DFF7E302F917A0
:10701000F3CE1C2102FAECF2EEF7FDFFEDFE0005C7
:10702000F8F2FC07F3F2F9FFF2FFFC03F4F9F808B9
:10703000ECF6F8FBF1F50506FBFB04FDF8F3FBFFAE
:10704000F8F70004FEFC04F9F3F40606F4F9FCFF7B
:10705000FEFCFD01E60BDB1206F2121026EDE3DC6E
:1070600000FF0CEFF6EEEBE21D0A0BEF0AE0FA0070
:10707000F5D7ECFA06D7E1E4F4F1F610E0F0EB1402
:1070800014F8E81401DCD70A0A1A0818FCEF07E71D
:10709000FF020FEF11F8FB0AF7F3FFF4010F09F8F5
:1070A0001408FEFE1BFD12110801F0FA0AF00FFA97
:1070B0001B15F507F103FEF214EF0F1006130F0571
:1070C000000AF30C05F2FA0C14F0F5F30305FFE9DE
:1070D0002A0304FAE00C17211D36E50EF619FDF51A
:1070E000022F01F9F7081624DC1CDCFE0C30E10C41
:1070F000F7360C0E080C03EE07360D10DB390B06C5
:107100001E13E4FFFA1DFA070106FF090E05F50636
:10711000FB07020402FDFB070207F704F708FA0663
:10712000100404070600FD000401FB04FD01FF0834
:10713000FEFC00FF07FF09080D010AFFFCFE05FB2E
:10714000FD060AFBD51F1CF11002FD2A18F91AEBE7
:107150002222060100FEFBF4F6DD050A0A0AFBF115
:1071600031E2F5FC111204D808FFFDEFCE1DFCF34F
:10717000F7FDF5D90A0B03E540F5FCF93EE90917DF
:10718000FA08EDFFFE17010CF70CCB0BF312F9FD1B
:10719000FFEAF7EFDBEEEBE8F409E104F5F2DFFAE2
:1071A0000B16D3DC0014F0020EF0D1F7EFF7E10B71
:1071B000EBE5D4E6ECEFD4E1DE05E6E4F423D91206
:1071C0001E19E4F7D4250BDCE3E80926D7E1D63312
:1071D000D2DD1DE3D9DA10CE13DAFEF317E6E0DCD8
:1071E000DB210905E500FFFAFBE6F4CF0C00EA0815
:1071F0000EDB10D304F7E3D3EE11FD01051609ED04
:10720000FDEDFE01EFC0F2F1EDEFF9F80A18ECED3B
:10721000EC1EF3F305ECF2EDEFE2F10AEBEE080FF2
:10722000EA1901F10D18FCFE05F90CF5DECE0FF59B
:10723000DBDB07ECE2D01018E1D0030418DB130508
:107240000A12070C04E1241E0FF3DBF5031BD1F235
:10725000FD05021EFA0A09EAE905D4E9CD13EDF6A7
:10726000D4E4F508DBE2ECD6F21B08D0F0ED05DF44
:10727000120F0511F8FE100BE0DE07F915FEE9E923
:1072800023F004E9FF0F0FE4F9E709FBF301F80A23
:1072900010F00E030308F10AF6DBF9DAFBE308014C
:1072A000ECF10CDD06030FE6F9E608ED0C1BCFFC54
:1072B000FFF8141AEB1D1A04D71B1DDE16DAFFF0B7
:1072C000DFFED0E2CFE9030C14EAEAD5DC22DE05CA
:1072D00008FB12D9F8EE13E0D20715C001DB17DD69
:1072E0001207EBC716E10CC9E6102CF4F0F40F02FC
:1072F000E6E908FBFAF9170F05F7120BFBFD11077A
:10730000FFFE2507E4E30EF1F6DA25FA0FDC0D1295
:10731000F70C18ECE40A0D04ED161E0AEDFE0EF74C
:10732000FEEF0906F401FF1703EC2203001EE8F745
:1073300000E1D9D806F81417FCD420221CFC061151
:10734000F7E8E702FE1CE71E0E10D5FF0A091D082C
:10735000DC07FDED13E21C19DF021ADA081F10002A
:1073600019F7FDE1F20EE9DFE6F915F01CE51D0164
:107370001BF606011BE100D414EEF2FEF6E502F85E
:10738000FCFE10F517EFF3E3F410F5D526E01A0E26
:10739000FAE9190321E1F1F1F51417FDC6EA010933
:1073A000F504DBF3FEE11821D4D41AF30022DD1F2B
:1073B000C01B01230BE019F3D7110A05E4EA1724D7
:1073C000D6E10402DD0DEE20F8F51FDFE015E2EB5B
:1073D0001B18DFFD02D5F0DD0904F602F9EFF9F81C
:1073E00007F8EF0711000DF610EA0BF10109FB0297
:1073F000FB070BF8F8000CF202E5F6FCFE07F4FDC3
:10740000011000FCEB0FF909FD15EAFEFEF7EBF2A7
:10741000FBE7FFFD3718D31D261F1BEB04E9DD1327
:1074200004D2E11707DBFC12E5E1F5FD1FE9E600F8
:10743000D40FE9F3E9ED090AEE13EF1AC7DEE4F21F
:10744000001C0AF7F8F4F816FDD7EE17DBFEEFDBA9
:10745000D9F9FFFFDBFDFDF3EDDC17EEE6D9EAD14C
:10746000171206D3FA0710E0D6FF0CD5CFE814C0E8
:10747000FCF211E3F5DEE4CDCFF0DED5DCECEEF589
:10748000D711F7D8FE04E0F7F6D812E52F0800F080
:10749000EED8D51EDFE2F2CFFEFE0415D8E1EB12E6
:1074A000020E1CF5E8DE15131B27F5DCF7E214DCF1
:1074B000F9101B15F3E7DF22E60DFCF7F3D6FCF815
:1074C0002802D6181EDD17F3F30DF70600EFEFF0D4
:1074D000F210EA00FAFA06000C03F3FFE81007F9CD
:1074E000FBFEF00D00EE07F5F4F5F1080E0F0AF8BB
:1074F000F803FEF8100500FF0BEDFF04F8EEF2F1C3
:10750000F70AF00614D8F9011B03F6E5D6D6E721F1
:10751000E7DF192A1B041FD8EB26EAEF050DF8D385
:1075200004F509120CF5F20E060C0526D6E511EE4F
:107530000625FAEB272418D5D804FBECF9211AD933
:10754000F2F6CEF5DDEECFCAEFD908F0D7FDF1F9AE
:1075500018040C141BF9DACC0C0F12DC17F5CCEB69
:10756000DE08CDEF04FB0DFEF8DB10F308F30BD9BA
:10757000DF07E6F4FED2FFE6D913DB0EFC12EA09C0
:10758000F514DFF9FE19F400F90AEA0CFE1AED060B
:10759000F408E0F7EB0FE40F1117E1FE0E09F1FE1E
:1075A0000C06DB0CF208DCF4020CDC070805F50322
:1075B000FF0FDE0D1403E60E1D16E8040405FC0D96
:1075C00031F2ECE92101E2F325E3FEFA04FE05F1D4
:1075D0000200FD0D0C11F6FC1A03E90719EB01FB83
:1075E000FD0DE1E7FC1703E5FF08ED0A16F8FFEFD4
:1075F00027DBDC040FFFF6FE0FF6F7F3FDEB1402BA
:10760000E8FFFAECF7FE06DB10FFE1FB04F600F200
:10761000FCEA14EBDEF4EDE8E4F3F8F204FCD2F655
:107620000BF5F2F816F719EDE5EBEBEADDF302F6F0
:10763000ECED25F72920E7130F1BE9D812F108011B
:10764000DB081FEF1DFEDDF0FB0A0FD7E40716175E
:107650000217F32302021A0DF3EC19E0F0EBE81223
:1076600001181A05D611D91CDC0018F6E00E2AF80C
:10767000DA001DF7100C04030B22FBF3191304EFBF
:10768000DC080BFBE30323F70D26F8F61216DEF2F7
:1076900021120908E2EF16FAF20213EC22FBE9F8D4
:1076A0001A07FFF71E1106020200000CFC21EA086F
:1076B000D31A0912ED15F2EFE0FE01F72624EA0CC9
:1076C000F914FB09DC1504FEEB21080DD503F7E7DF
:1076D000170006F5042012EBEBF40DEAFEFA170191
:1076E000F00809EC000B0FEDD5EAFBFACDDCE2EC7B
:1076F000F003EBECE9ECFCED1A0D0FE5E1EBF2EE3B
:10770000C9C2F7EF05E7EC010301000B1117F2F214
:10771000D8EF08EAC0E1E5FF04F3F60302FC07F244
:10772000021009FFF7D31BF4C0E417EFF1011CFFAF
:10773000F20FE60105FEECEF12101A130117DD043B
:10774000DA1B120FD906DBF7F4F8E0F7F3F8DCFAEE
:10775000EAE5F3F4FB21DEE0ECEA14EEEB18EAFCD8
:10776000F501F60F00130103000D0C13EF0D0604D5
:107770000110F9F1FD1400F3081606FF0713FB01D1
:107780000D040B0503FEF9FC050FF4000807FEEEDF
:10779000130F09F2FF041708F6ECEA0207E5FC06EE
:1077A000ECFEF6F312FCFDEB07040302F4E205FA2B
:1077B000EAFFF90616FFEF01FDF3EF0313F3F6F707
:1077C0000AE71D10E8F317EBE6F50FF904011F10A7
:1077D000FBEF1904FC0AF7ED020106F2F6FBF40CCC
:1077E000F1EEF00504DCFF0DFF00F3FDF4050D09DB
:1077F000EDFAF700F9EEF5F7F8F2F6F803F5EE0119
:10780000F808FA0B0007F00B07DEEEF605F2FD0BA9
:107810000A20FCE4E6FD13E50506F6F41E141FFB42
:10782000141305FD12E8FA20FC1E26F0011D0A04BF
:10783000E91AFE1C250312F5EAE00FE70ADCE5145D
:1078400023FE17EBEEE0E72112FE1F00EF18F8EB26
:10785000E31402ECF3070FE6DC1B0FEAED0404FD72
:10786000FD1D0502E41D0B05ED14FFFCE5080EFAF5
:10787000FA07FDFAEE250BFFE72B01F0070205FFE3
:10788000EE140CFEFB0D0FF1FCF9111603EE06F4DD
:10789000E40D0CFFE2FDF7F7EC01F418F50FF8F238
:1078A0001206F116F8F30C1AF70EFBF10009FA00B4
:1078B000000C031703EF110BF9F7F5FAE7F9F9FCE0
:1078C00001F2060803F8F9F3F1F9FCF800F00307F8
:1078D000070309F9FC0D0808F40A02F0EF10F8F9A3
:1078E00000F2ED0B0B0202FAF706F201FFF4EF0BC8
:1078F000EBFA0A0109FBF1FBF802FDFBF7F20401C8
:10790000EB03EEFDFFF60CF7230F050427FA05ED58
:10791000400407FE0601F2F50D0BEF01EA03090C26
:10792000FDFB00F4F801F5FFE30D000CE4F8F6F9B7
:107930002C0B05FF3104FD08EDFB06ED03F40802F6
:10794000FE0A0703F9FCFCF5CB05FF01E20903FC85
:10795000F8FE0305F50404F3FF070404E30301F450
:10796000E70CF803F904F6F8EDFAF30601FEFDF072
:10797000E0FEFFFAF5F5FB04F90405FCFD0404FC48
:1079800005FE0FFD0804FFF70D00FEFF0000F808DC
:10799000FBFA07040F0410F807FDFFFC07F90106C6
:1079A000F0FBF80EFB050606EBFB0501E70000F80F
:1079B000D5010507F70AF207E90011EBFE02FBE724
:1079C000E611F007EBECEDFCE5F6F109F6F0FBE271
:1079D000EDED0FE9EC0E13EDE7F701010A050BE001
:1079E00009FD0EEAFD0C00E004F514EEFDEDE9ECF6
:1079F000F40BFE11FAEF12F2060600F3EC07F40F97
:107A0000FF07EA0FE0FF18F2F5FE06FAF5F716FF9A
:107A1000E0F907020E0CE80DE8090403EB06FBF79A
:107A2000DDF00A02F003FFF312FCF805F5F8FAFDA9
:107A3000F1EDE5F2FAF4F9F300FB01F905EF080DB9
:107A4000FEFCF4FEFBFCF8F4EAF2FDFB06F1F40D9B
:107A500003EA0E0AFCFF030DEAF2E2FFF5F6F2F884
:107A6000F7FAFA0AFEF0F9F70EF9FFFCFEF7F80351
:107A7000F6FFF9FAECFD08FDFD0103FC12F2FAFA3B
:107A8000F7F5FA07FE0300FBF80900FD02FB0AF90F
:107A9000FCF2F103F0FCF90200FBFAFD0005FA0527
:107AA0000401FFFEEA02FB0DC6ECF602C0FBF0F893
:107AB000EAFC0B0FDDEFE7EBE7F1F506E3E9EA0798
:107AC000CDDDDFE9D201E30EECE7FA06F312DF04C5
:107AD000E9F8EDE8DBDFEC0AEA04E7F300FD10FA71
:107AE0000D01FD03F9FC0102F1090406FEFBFAF9A0
:107AF0000D0BF8F30BF9F3FD0606F207F3F902F9A3
:107B000000F3F5070912F60104FCF3EF08F8E302AD
:107B1000030EECF2F402EC02FEFBE50EF7FF0405A7
:107B2000F6F201FDFDF7EDFBFF010EF307FA010E82
:107B3000FAFD09FBFFFCF2070406FEF3080007FB51
:107B40000505FFFEF20B060A0902E90AF406F30234
:107B500007FCFC0A0407FD0B00010CFFFFFC04FA04
:107B6000FAFF0204F902FF00FBFBFA06000207011C
:107B7000FDF90104050301FDFCFAFB04FFFFFAFB1C
:107B8000F7FE09F6FB02FD0005FE0304FE00FEFB06
:107B900001F8FB030EFBEDF7FAEFF20D000E13F701
:107BA000F6E70EE4E7FBF1EB02EA1300DF0DFA0162
:107BB000F40505FA01FD0E00E7FC080CE3F70D03E0
:107BC000DEFA050903EFF2FFE4EE00E9F800040431
:107BD000FEF0E1FEF6EEF2F6FCE5EEF70DEAF8FD5A
:107BE0000DE2E9F2FFE8E9F7F1F5E9070DD1EF045D
:107BF000FEF5041305E2FDF9F1EBF2F70DF4F003E5
:107C0000FDEFF705EF07FF0DF2FAE1E9FDFD04F6E0
:107C1000F3EBE507F0FFD9F60013F8FB00FB11F1D9
:107C20000714EF0402F4EBF806E5D801F705EEF8C7
:107C3000FB000CF5FDE9ECFD0CF8DD0C04D3C0FDF8
:107C4000F402EA0CF6F41D02F5DAFDFA01ECF0FAA2
:107C500004F5FCFFFFE900FC04C0FAFEFBD4FB02C4
:107C6000FAF6F1FFFCF5030306ED0202FCCA00FD83
:107C7000F3D1EFFCFCF9EE00FFF90E0203FF0DF467
:107C800007DE08F9F00BCDF3F3E5C20BEBE0C2FE23
:107C9000ED00C203E708C5F5FE0E03F6E80FE1EEBE
:107CA000E306F70BF310DAF0E00CF30AF60CF1F34D
:107CB0000F05E80CF603EC04F003EBF406FFF7ED18
:107CC000E2FD02F8DB0204030301F80C04FFF90DE6
:107CD0001901020DEE05FEFCE0FB04FA0DFCFE01AD
:107CE00005FB000915FF0013FCFDFA04F7FAF7077E
:107CF000FBFB02021AF7FB090D03020BE50905F76E
:107D0000DAF604FB12040701F5FCFFFE08F9010E88
:107D100001FB07F9EBF9FB031305FA06ED06080072
:107D200003F7000AEDF605FFF1F6FDF9160605FC6E
:107D3000C000F8FE08FAFF12000201FFFA0003FD7E
:107D400002FD0402050002F9FFFDFC00E00203FA57
:107D5000C00001FBFA040106EAFD00FCE702000393
:107D6000030001010101FFFFFE02FB01FEFFFEFF18
:107D7000FF01FF07E903F7F3E701F9FE090BFBE950
:107D80000F050BED1C06EFF8F31003FAFCF6100FCD
:107D9000120901EB0E060AFB18090D00F1F7FCF5BC
:107DA0000210FBF0F5FAFDF6FD08EEF0EAF1050A27
:107DB00008F60F0108F70BFC0F010A050601020384
:107DC00002FB000407FD06010E040B0609000CFB74
:107DD000030005FA01F403FF15FBF7000701FDFCA2
:107DE00000F8F3F903FFF104F4FAEE030304E8FFEB
:107DF000FCF8EFF51503EFFDE4F4F6FDF5FC08FFE4
:107E0000FDF7EC00F1FBE30801FFEE02EEEDFEFEF4
:107E1000FCFB14F8E9FFEAFDE006E507F404EFFFD8
:107E2000EFE8FD05FDF014FA18F9F6020202F8FE7B
:107E3000E203F104F401F70206FCFE050000F2FA89
:107E4000EEF9F9FCDE00F007FA01FDFF04FE04FF85
:107E5000E5FBF2FCEDFCEFFBF700F80405FFFBFE91
:107E60000CFA02FFE3F6F10DE3FEE4F4F802E3FF9F
:107E7000E6E8D20EE6FBFC01FBEBF5F3F2E8EFF0EF
:107E8000FA07EA03EDF8CCF8F4E6E20BFFF7F9FAAB
:107E9000FBFA0305EF020209FB00F500F8EA00090E
:107EA0000402F901FEF706FE06F701FD03F8FE00E5
:107EB0000201FFFB05FE030102FF040601F9F901BF
:107EC000FBFCFE0006FEF803FC04FEF9FDFE0602C4
:107ED000070006FFFBFF0007FCFEFE0300F711FB97
:107EE000FF07F7F8FF0B040006FEF1F90609ECF7AF
:107EF000F9020EF504F609030101FAF0F5F5F905AA
:107F0000FB05FFFD08000FFC01F60602FFF8FCFA76
:107F1000F802F107F700F5F5050203FC01FD05FD88
:107F200005FEFC0103FB00FD000300FBFCF9FF0262
:107F30000403FDFDFFF8FF010502F6020203FDFE4A
:107F4000FD00FF0506FEFF04FFFB0404FCF9FBFC3B
:107F5000FDFE01FFF606F608FBF70CF60CF60CFA30
:107F6000FFF9F608F10205F309FEF3FA0CFA08042A
:107F70000BF4F4FD0BF405F60001FE01F9F20AF929
:107F800000F90C0AF00D09F501F7F901FF0AF5F007
:107F9000FF3904FD031209FAF80B05D8051703058C
:107FA0000708FD0BFE2C0CFE05060606010600F870
:107FB000040A011507F4051D070A04FEFE0E07FD5D
:107FC000060501170609063A03100240F3F7FFFB06
:107FD000F7FCFCF906F606D202F3F3E5F701E80A2E
:107FE000F6F4FCF7FCEB080907EE12D3FFFDF1ED08
:107FF000F4ECE906FD1A000908F504FBFD1F0CD995
:10800000F3F3EAECF8F40505FF000E0406060CFE97
:1080100002F6FDFB0102FAEEF8F8F129FDF80C0377
:10802000020C09FB01FC01FEFC08FBF2FDF4E72B4E
:1080300004000B04010FFFF7FCFFFCFC00FFECEF5A
:10804000FBEEE627F502FB01F4C8E803F2E8F8F3DB
:10805000F8E8F503FCEBE0FCFAE2F1F1FBC0F70411
:10806000FEFDF00501ECFC06F4F7DEF1080DE4F589
:1080700003F1FCF5080AF204F40DE2FCFE09F5FC3C
:1080800004FF06F6E4F6F2F9FB091401FD08FC050D
:10809000FA0CFD0140F5FEF43E05FD06000212FB60
:1080A000E108FB05E6F505050FF7FE090709FB03E7
:1080B0000501100BF9F6F6F6FBFF010AF5FF0003C8
:1080C000F001020AEC09FFFB0901F703FBFE00EFD8
:1080D0000C09F9FF030407FD0302FC0B1BF9F80E62
:1080E0000E00F6F7E7FBFC05ECFC070BE3F6FEFBE6
:1080F0000D06000BFB0604FBF216EAF4F2FA170574
:10810000C0F8F3DBE8F6F0FAF6191831E3070113CB
:10811000F1E71210F91E12E405EE1214F60AEF153B
:10812000F10E08EBE7D611EFF2F4ECF4DBFF11FEF1
:10813000EB0FF018F208F7FFF5FEF603F5070BF565
:10814000ECF7FCFEF9030BFEDCF8F7FBE60002059A
:10815000E3FA0DF8DDF605F9EFFCF8FCF6F6010997
:10816000000707FAF5F4FC02EBFDF5FDFCF6FF084D
:10817000E901ED03EAFCEEF8EAF009F4EFF200F8A9
:10818000F8FF07F6ECEFEA09E7F4EE00F7F6F8FE81
:1081900001F2F9010D0703FD0EFEF90102F5E3FA04
:1081A00022EFF3FDEBFFFAF4EC05FAFFFE06F80808
:1081B0000000F6010B05F7FC0603FFFF0707FEFEB4
:1081C000FDFE02FD01FBF5090AF9F80603020B02A8
:1081D000FF031005F8F7F90403F8EFFC0AFE0600A8
:1081E0000B0504FBF7FAFFFB0AFBFBECE4010C0EAA
:1081F000ECF8E313FA08FB0FFC10DCF3EFFCEEF4F1
:1082000007E9FD080406EB11F1ECF1FCFA05DE0FBD
:10821000F8E3FCEEE1F2F71104F8E2F70AF6F4FAFB
:10822000DDF7EE0A00FEF5FCF8F20B04C302F8F7E6
:10823000C601E301EEFAE705E4FDECFCC002F9FE3D
:10824000D6FBEE0ADE06031302FB080BCBFC04028E
:10825000D6F0FAFADB06F506DF04040D05FB070F7E
:10826000F501FCF103FA010710FBFCFA0CF301F92C
:10827000080CFEFF0401F900F9FE00080205F900F0
:10828000F7070FFF05FDF208EF07F9FEF1F6F9FA1F
:1082900009F504030AF307F301F7FCFD05FAFB00F7
:1082A000FBFF02FE0506F8F6FCF6FC07F8F7FE02F7
:1082B000010505FEFBFDFEFBFD04FFF7040109FCC3
:1082C00006FB02F90707FB00FEFF0000FB030206A6
:1082D000FF0300070106FFFFF7FB1111FD13F80F65
:1082E000F7130300F808F9EEF9E9FC171BF6F4F5AB
:1082F0001EF00DF215F41A0910FDF6000FFA08FC35
:10830000FC0D03021DEA00120E0EFE15F4FC02F431
:10831000FE04F70FF9030102FD02FBFD0000070652
:10832000FCFA05F6FE0AF8000600F9F9F9FE070B5B
:108330000002F60504F805F8F708F304060808F645
:10834000F7FDFDFD0801FCF8FBF70401F6F6FDFE64
:10835000FBFB0204F8FEF6FCFAFFF302F8FFF5055A
:10836000F203FE06F8F6FCF9F6FB02F005ECED0868
:1083700003F2ECF003EFE809EFF3F8F9F409EDF498
:10838000F6010009F8F2E60401F7F104FDF9C00472
:10839000F8F1E30001F5E0FCFDF1F50300FBFB0360
:1083A00007FEC705FEFEFD0CFCFC080702FCFA02F6
:1083B00002F601F60808EC03040B1606050F0F2061
:1083C000FC0C03F60814F703FFE9FEEE0EFDFD03B7
:1083D000F02BF80AECF8EF04FB17FE01E4F0F0EEE6
:1083E00008E8F9FE072EF4F317E9E2050FE9EC249B
:1083F000E9D0DB13FCF1EE1101F8FBF111F8E6F125
:10840000F6F9F6210402F1F4F709FEFD0404FEF08A
:108410000AF20CF4050EF50BFDF803FDFC04FE005A
:108420000B0B02F209F90EF80A170E0803F5F7F91B
:10843000F6F9FE02FB0307EB06F302FFF408080956
:108440000D0F0DE51CDA2FE4D201F81EF9E2EE174C
:10845000141EE0FEC825050AD6E63E1ED5FC15F51D
:10846000D7220B0F05E9EE1DD50317EB12FBF72101
:10847000E804E90F1C20F20FF0FDF7E10103E3052A
:108480001BF50EEF0BF2FBFE0EF414F2EF151401C8
:10849000F8FCEE0021EDF7F00CEC0EE53B0EFE08CB
:1084A000FEEEE900F4F40AEF15EB07F411F4170AF5
:1084B00009EE03ECED070902D0FEFAFBD3FC03FA48
:1084C000EDFAFFECE6F8FBF0E403FBF610FFFFE14A
:1084D0001002F8F00B00FFE10E0103F10CF9FCE0D3
:1084E0000B0504FF0C0502FF0F000A020FFF0A062E
:1084F000110606F7DF0DF905F00306F0EC0000F8B1
:1085000008FBF00FCAF910F2F3FDEBF8F0F006F2F9
:10851000EBEDF7FF13EB03EFC9F6F4DAEFF5FDE748
:10852000E011FF11D70DF00AF605EC15D7EFE602C2
:10853000D0D20C18CDE20C08E10DD922D718DFF407
:1085400013FDFFF0CFEBD71FF301E8DAE9FF1116B7
:10855000D218D6E9DBD6E9EFD00AF6FE03102216D0
:10856000E1FE00F403CE00071012DE1AF3EEC5EDB3
:10857000D814F109FA03EF0FF9F2CBF3E9FFD70EA4
:10858000F2F9C007E7FAF514F3FCEC12EE16CF117E
:10859000EC05DAFBF4FBC613F4F5ECF1ED12DAEFBF
:1085A000F7F3C313F80BFEFAEEFBF2FDEAF0EC0171
:1085B000EEF0F404E5EBF3FFE2F80303E7F2F60470
:1085C000DDEEE901DBF8EF01EAF5E1FDEFEFEA01AD
:1085D000FB0001FAFA03FB0501FCFC01FF04FAFDB4
:1085E000F904EF15CBDA07FAE3FA040ACCE7E80B53
:1085F000EFF709FAF0002608F7F5040CE3F5061486
:108600000DE0F7EDFF05EF0900F3E1FCD9F4FD0EF5
:1086100002EAF9F102E108F1FDE0E80019E7E903F7
:1086200003F922FB26F5ECF5E7E8E01D101BF0FC52
:10863000FAFE18F1ED1D220AEEFB1A14E8F3030D01
:10864000100AEB24E8FFEFF2EAFB271110DEEF1827
:1086500000020ADCE90129011FE8F1F3E50F06EB4E
:10866000FF0FFDF2FAFCFD160EF3ECFAF8F0EAE962
:108670000400F5EEED06FA0610FC071618EC020DE4
:10868000FB01FB06F1F4FB01F91602F51408F5EB0A
:108690000B0E14FFF80E08FBF6F70AFCFBFF0CF6B6
:1086A000F60606FFF50409F8FE0005FBF6FBF8FBED
:1086B000F9F7FBF8F501FAF8FFFAFFF902FB00FC05
:1086C000FDFDFFFA020002F9FAF8FCFE03060002C3
:1086D000FFFE06FA12F4F715101001F3F3F2FFF2A1
:1086E000EA01F4F4FD070BEB09E803F3FD03FF15C2
:1086F00017F8F9E329FA12F60DE9FD041107F3FC66
:10870000050EFEF31C020EFA10F6EDEBFBEDF8E79A
:10871000E2E90FE900F8E320FCE30AE1EBF6CE0022
:1087200013EA0AEFFEEFC01109170BE0EDDAF9F6D4
:108730001D05E2FAE4EFFC0CFDE8D005F2E7D215E6
:10874000190FD6030E04E723D5FBCCDAF712D6FDBA
:10875000F52BFDE9E72ED60F00FFE5160BFFD6132C
:10876000F22EC8E9F315EEECE910D8EDFD0BFAF6A0
:10877000FD08CBEFF306D1F6F412D2F70A10D2EBD4
:1087800010E2E514F2FBD10A01F40C01FCFAFFFA45
:10879000F9F9EAF7F9FAE1FAFDF9D5F5F6EEE7FBB2
:1087A000FBFDEA01F7F9E8ECF1F1EFF6FB00F02947
:1087B000FF12090A0012030902FD031B0200031144
:1087C00007FA0E40EA2BE7F5F6FBF9F8F4E7E5EDDA
:1087D000E5DB03F1F6E7F80F032FDE0DF5E5ECF02E
:1087E000FBF3CB13E1F3E70105E4DFEAFC22EC0D38
:1087F000E203F2EBF203E4140213F5F5EF16F2F6DE
:10880000FEFEC00500F7DAFE07E70104F4FFEEFD07
:10881000ED0300090602EAF8FFEFE4FEFFE40204BC
:1088200000FD0508FF1215F6FE0003F7FBF6FFFE3C
:10883000F6F003F803FBFC01F81212030E0717070A
:1088400013000C04F3F7F6FB05F7F60106F8F2F94E
:1088500002F40805FBF30206F6F5FBFD00F9EE0A4B
:1088600007EFF304FDFF06F80C0D0EF806FCF1000F
:10887000F406E903F5F4FB011BEEED00FDF0F0F862
:1088800001050F04FFFFE7FCF90AFE0004F205FDF5
:10889000F8F405F4F8FC16FEF706E2F3F5FB12F91E
:1088A00003F90E05F4FD1A08FD04150BFBFADF0DA4
:1088B000EF0A0908DDFD0904FBFD0DFFEAF2F200F5
:1088C000FEFB09FDFE160D03FB0A0C05F30008086C
:1088D000EDF0E601FEFB0805071918FD0104020191
:1088E00001F9FBFEF0F0E004FCF7FDF8001A1301BB
:1088F0001BFFFAF70F00F5F706F9E5050602DD0E96
:1089000001EF03010805FE06EF04F706EA01D6FBB6
:10891000E6FEDD11DDF50903E6080401EB0004F7CE
:10892000DFFFE7FEF1F6D7000D050A05F804EF06B4
:10893000FDFFFFFE0BEEFDF60406FFF2010B0B053B
:10894000FE11E80110060B040EFAEB060405060002
:10895000010503FFFF05F2070D0914070EF7F8FAEA
:108960000CFFFFFE0407F8FC000207FEF00CF2FB10
:108970000800F3FD0304F4FCE3110AFEEFFB15FC11
:10898000F9FFEDFB0301E5FDF40AFD09D51005F73C
:10899000EE061107F2FBDF030507ECFF0C03F30300
:1089A000141606FE06F1FCFFFC0B09FCFCF6F300B6
:1089B000F7F5EB07FBFA08F2F7ED0708FA080405EC
:1089C000F303F1FFF8F9F608F3FF1505E2EFFDFFF9
:1089D000F105FA08F102E602E8FAFF05F0FF10F8E7
:1089E000FE1705F1FC08F3F50B1AFFF102FB05FC7D
:1089F000FDE0F602F611FDE8F8FFEEF00D01FCF7E0
:108A000008EBFB00FCD30412F70309E9FCD7F8EEEE
:108A100006E5FE0210EA0B0CF0DCFC1306F907DF9A
:108A2000180A00F5080B01FA0EFEFCF6EDFE07F23F
:108A300002090FD7040205CDFF05FFD8F0F9FFDCCE
:108A4000F90A17E7FFFC05E2120C01D9060FF7D669
:108A5000F608F9E9FC0B0ED803E002F03CF3FEF156
:108A60000807000FF9E8F7FBF7F30EDB05C008FB7A
:108A7000FBD704F7FD01070C01F203FCFBED0BD85B
:108A800006020DEA010CF5F20E0802070FFAFAF5DC
:108A9000020A03D905D9031705DF090A01E90513FD
:108AA00002F4F90205050AF90ACFFA1613CCFC0DF7
:108AB00036E503FEF4EFF3EE0502FFEE01C7F00D1D
:108AC00019DAF9F440E306EA02F9FFE10E02FDDCEF
:108AD000FDF5E0FFFAF0E506FFF800FA00040803F0
:108AE00002FF140902EC0701F9F507F8FDF908F196
:108AF000030301F606F8FF0204F3FFFCFDF9FAF0A8
:108B000002FEFC02FBFFFA0202F20101F805E40793
:108B100008FCEB020402EAF7F908D7F8FF08C706D9
:108B2000FEF4F309F7FBFB060CF3FAFD0B0B040A4A
:108B30000A00E50B0CF602FBFAF9FDFE000007F94E
:108B40000AF20BF4FEF7030405F9E0F603F9E8FE78
:108B5000F8EB0A0AFDFA1B0F00F9240C010008F5D6
:108B6000FFFC0BFA04F80DEE02F911F9FEF00F0705
:108B7000F9FBF0F1F607E6FCFFF2EEFAF808F10275
:108B8000FEFBEF0EFB0001FDF8FC0503FF0CFC08EB
:108B900004FCE903F9F8F00006FA100CF8FD0D00EA
:108BA000FB05FE05F907F00901FCFDFAF7F81208CC
:108BB000F7020A0106060900FBFDF2FF03FEEBFFC8
:108BC00004FE0C040E0916FEFF010006F9FE04FF68
:108BD000F80717FF0101270003010F08F6FFE30361
:108BE000EFF90B04F3061204FD0516030201080356
:108BF000FB00EF08F7040208F4010102F706F20394
:108C000009F3EE0311FEF302F8FE18F8FFFD080069
:108C1000FC07EDF70AFEEC07140AE8F907F811F96A
:108C20000FF70DFD0204E906FA00F5010EFCD7046A
:108C3000FB0DF3F8F7F7EF0137FF1A001900E70013
:108C40002014EAFD0C020606000220040C15170190
:108C500004F7E70C01FFEAF103F911FFF3F317FB47
:108C6000FD1D1E0CFB16F8FA000CFA02FC0F19078A
:108C7000ED111FF80DFFEFFE0CEBFC09FF0FE108F3
:108C8000FB07CC070706D508150501FE03FAEA081D
:108C90000807D3020F06D1F70A02FA070005E50517
:108CA00001ECDFFF12FAE5080A04F9FB030108F7FB
:108CB000F9041EF6F6E207FAFBEC06FD021A0506B9
:108CC00008170FFBF6F90DF9F3F6FE00F8EDF400C6
:108CD000001C0B0403111D040801F0010FF2DF0D4D
:108CE00011EEFD0D0D0F0F000B12170A06F8FD0017
:108CF000FBF40302FFFD0CF30B0EE8041300070066
:108D0000FFF0E2F7F3FCF5FCEB01FEF5F70DE909E6
:108D1000F602010801F9E0030504DE04F002DDF5C6
:108D2000F50BEDF5010718FE10D31037150E050CE5
:108D300006F6040108F90E08FFF0060D07D7F83F04
:108D4000ED0EF00EF2E8F50A01EB13F9FFEB050466
:108D5000D4E6033FEE19050FFBEF0408F0E9110A12
:108D6000EB0B1502F2FB2BFFF3F01B000EF805FDD9
:108D70001AF9F8F522ECF408FF0721030A1008F5A8
:108D800016E200F610F6E0F50A0CE4070D070509F7
:108D9000FD04F30B00DFE615E0F7E016D80FEB1843
:108DA000EF0CFCF6F90601EEFB0007EA0008FFED08
:108DB000FB07FCF0000DFFF2060001DF040A0CE6E1
:108DC0000102F9F00505F7F5F40EFCEF010AFED6F5
:108DD000030716E90002FCF1F50300F3F403FA229D
:108DE000FB14011606F30614FD1BF905063B04EB04
:108DF000F8FE0A1E110B030F23C103FEF8E209FB64
:108E0000F80C02DBFC04021BFE15110A00C212085A
:108E1000FDCB0AECF7E907D7F20BF3F3F8FCFBED17
:108E200018EFF0EC1FC5F2F009CCF8EFF9F4FFF3FE
:108E3000F70600F10B0DEDEE14F7FCF8F8F2F30075
:108E400001DCFC0906E2050723F5F8082EE9030D0D
:108E50000AE6FD090116F9D8FE0AFBC2F509FCD89D
:108E6000F00AF3C001040BC70921FFE10417FBD18D
:108E7000F80805DDF2FDFECDF5F30CF0FC17FDD38F
:108E80000E0805D733F301E9FFE1FBF5FCD6030734
:108E900001FEE2000604FBFE0325F609050803FEB9
:108EA000010AFC0404FBF80A00F6FD0AFF1FF6089D
:108EB000FC04FC1304FBEE17FE0D03F9F902F7FCAA
:108EC000F30FF4F9F406F3F9FE07FE00FFF50BF8D3
:108ED00004070BFAFCF00306FB00000A06EE090982
:108EE000FCF40802000308F008EEFCF9F5FEF3FFBD
:108EF000FCEBEDFB06FC13FC0400060008E8020195
:108F000006FBEDFFFEF203F1FDF41E0E05032D0737
:108F1000FCF71D0705FC2A05F5FF25FFF8F6E2F131
:108F2000FFFDF0030305E4FA05EFF0FA0508E60299
:108F300000020804F913060C050A0707F8051611C4
:108F4000F70F0F12051101FE09FDEA000901CC001F
:108F5000FCEFE204FBFAE50B080BF00D0503F5024C
:108F600005FFE3FA05F2F6060102F20DFC11E10439
:108F700006F8E9130304FAFD040017FDFA0BFBFCE5
:108F8000E6FDEA05E801E307F2FDF9FBEF02FD016A
:108F9000F5FAF2FAF902F2FA0CFFEE090309F7FF0B
:108FA000FCFEEB00FEFFEB02F904F3070304E8000C
:108FB000FCFFF6040506EDFBFA02E602F80CFE07DC
:108FC000030605FB180705FEFA030901F80F0B015C
:108FD000FD0AF405FAFDF30505FDF9FAFB000505A8
:108FE000FC090002FD0500FEFE02EBFBF707F1FBAA
:108FF000F608EA00F511FDFB2B0D04F912FA120830
:1090000013020201F8FDEAFBFBFCFFFB4004F6FE45
:109010000A02010501FDF50004FBF3FD08F9F8FB68
:1090200023FBFAFC03FE01FE0102F6F9FBFD03FB44
:109030000AFD05FCF1FE07FB05FD03FEFC0102FB3A
:1090400000FDF7FC0BFAFE03F602FD02F801000832
:10905000000012FF03080E00090113FFFDFDF404D8
:10906000FEFDF6030203F2FF0301FA0006F3FD071B
:1090700002EE0B0204050C0812F809FC0EFD1405A3
:109080000DFC060308E8100202FE0E0709FF06FBAE
:1090900006FA10FFF9F8FDFC0BEF110808F40203C3
:1090A00002F501FB03F9080002FF01040D02E7FDD0
:1090B00009EA01FB03FBFE01F70B0BFCFDF80606BA
:1090C0000FF5F00104F2F9000601060003010CFFA0
:1090D0000AF60F06F1F1F2FCE3FFFCF4E5FE09F7F6
:1090E000F4010AF5F5F5FAF7FD0812FB01050A048B
:1090F000040602FDF8FE0E06010319FCF7FAF7015B
:10910000EF06FE02FE06F500170F08050C020D041F
:10911000EEF5F6FEF804F2FDFD01E404280E060566
:109120000B020CFBE5010AFAE5FB0A0EEDF906FE5F
:10913000E404F7FAEB02D701E10909F8D9060E03B6
:10914000E5FE05FBEB0DFBF8F1FFE3FEEE090AFE81
:10915000F00210FDF5F50BF9F40FF700EE09E9FC4C
:1091600003E9FB0305F6FE0308E3FC02FFCEFBF078
:1091700008FCF7EC01FC0102020CF40409E0F5FA2A
:1091800008C1F6F00207FBF109F5F3030914FBFE31
:1091900000D2FEFF07C0FDF500FEFDFF09F203F857
:1091A0000603FFFE13D5020B0BDAF9260AECF523B2
:1091B0000CFCFFE60A03F7F40CF7040103FA0110B4
:1091C00012FFFA19010AFFE6000C00EE02010EFA86
:1091D000FE0301060FFD091406FB01F20AFDFFEE76
:1091E000050400F0FDFF02020DFC04FDFDF906F888
:1091F000FCFAFEFE04000602FD09010AF901020D57
:1092000005FF00F7FEFF05F604FF03F403F9FEFF78
:10921000F9FD04FCF6FF03F6F8F502D500EEF8E3DD
:1092200030F402EAFFFAFEFCFBF9FC00F6FFF6E17F
:1092300007F4F6EE40FD00F70905FDFA02F703F921
:1092400002FEFADC07F7F9E037F602E710FDFEFC54
:1092500000F8F8000104CC06FE01E8FFFBFA070461
:1092600004FC130302FAF7010006FE020500FB09E5
:109270000503F7FC00FB00FE010403FD0217FAFFE3
:10928000040DFD02FAFB01050500F002FF010D06C9
:10929000FD0014F8FAFC15FCFE010AFC040012FFA4
:1092A00004FD0E01040707FDFDFE0BFD020A07FC8D
:1092B000FD0206FB01FF0CFE0407030106FC05038B
:1092C00006FD090401FE0AFC01FEEEFE05FBF400AA
:1092D0000204F2030303FB03FF0E18020404070257
:1092E00005FE000E05FE0B0B02FE040B03170DFB23
:1092F00004FCFCFE04FEFDFDFFFEF8060105FF0672
:10930000FB14F8FC01030807000008FF04FB04FE3F
:1093100001FF0D040404010504030B0CFF05080400
:10932000FC0009FE010206FFFCFD06FFFC0105FF33
:1093300001FC03F904F300FAFEFE09FCFFFC03F94B
:1093400001F6F9FE0A080B04EA09F7FDFB10F20624
:10935000E4021105F6E8F0FA0DFD08FA040CFFFC32
:10936000FA04F8FAF9F904FDFEF5FEFE0F0507050B
:10937000F1FAF7FCF901F8F6E3EF08FA1208D9F868
:1093800009FFE803090008FDF9F9F0FB09030600ED
:109390002C00D6F916FA12030D0229F8FC06F50284
:1093A000FFFAF5F50C02D2FB1BFFFDF322011FF4BF
:1093B0000907DBF3FD00F2F2070014FFE60AC30918
:1093C0000C1B09FCF60C0C01FDEF1104FBF414015D
:1093D000E710CF0915110C05ECFC0BFDE3EA050ABB
:1093E000FFE523EAE300E9F306111AF6F70000F8B7
:1093F000E9F608E9F4FE0905000107FAE4020303AF
:10940000FEF001FA04FD04060DF50AFB01F5F6FD78
:10941000E6F6F9FF07F8F4F7FE001AFCF1F904F29A
:10942000EBFEE9FDD9FBF6FDF2F300EFED071100CD
:1094300007E00B01FEFE000706F0F6F907F2020650
:109440000CE2F107FBDE11FB000BF4FC05E301FD70
:10945000000206FB01E2F304F4E70BFCF7FD000455
:10946000FAEA01FEFEFD040800FEEFF9F4FFD6FF64
:109470000A0CD3F8FCEFE6FB0506FE02F912DEFE4D
:10948000F403F9F9FD0FD9FF0BECF6FE020E050A05
:10949000EA11FAFA0C0B11FF150C21000B0312FE56
:1094A00014101305012414022126CC0E250800F601
:1094B000100619F8F30F3FFBD2FA27FA2317FF091A
:1094C000100B0E000A031EFAEC031EF9F0F201EE77
:1094D000C0171A06DB141F05C6050BF3EBFFFBFED6
:1094E0000EF104E9021204F7E200F0FBE6F4CA030D
:1094F000E015F1FAF21CEB03F1231218060EF91035
:10950000FB06D00CFB0FF10A0928E41409120BF03A
:109510000EFBF4EF0BFCFDEC141AE7F60D28E7F157
:109520000315FF11FB11080CFB0505FF04E7FEFA0C
:1095300008C0F8F9F7DDF806FFED0603FAE9FF01C8
:1095400003D8F507FBCEFCFB01DBF5FF01EA1406AF
:10955000FDEA060900F4F502FEEBFEFCFB02030047
:10956000210203FD3B07FEF703FF04E70A07FFD2D2
:109570000F0200F8FCF904FBFFFCFC0603FE03E508
:1095800005FC01DD06FB03F70201FBFDFFFF0709F8
:1095900006FB01EBFFFD0ADEFC05F41406001E05C8
:1095A00008DFFDED14C9F7F70BE1F1E706E6FB096B
:1095B00011F80EFA0AEFFBFA14EBFC0311FC05FD9F
:1095C000F8CE0703F1EB18F9F500F8FB1317F208D2
:1095D0000B21EC0600E4130107E0080AF6E30F0F85
:1095E000F9F3FC00FCEF030709E41CFA0ECB0600BC
:1095F00015D503001FED040529DE08070AF61AEE4B
:10960000FFF7FE05FDE608FEFFED03FE04FE07F290
:10961000FEFCFF02FCFDFA080304FC090703030932
:109620000408FDF7FBFB08090903010D0806010307
:109630000AF806FEFD010A05F9FD07F800FAFB0924
:10964000FEF701FE0601FAFEFBFDF808FE02FFF937
:10965000F9FC0A00FB191200FB0214FAFEF911FDD5
:10966000FB04F102FBFFF70DFC21FA0D0307FA0AD8
:10967000FE0AF201FA0C08FDFD11050B05120A05A0
:10968000FA070203FA09FA09030DF7F9F61DFEFAC3
:1096900000F8FA1CFCEA01F609F51C0A01FCE4F5E5
:1096A000F119F603FD0CF30EF0F2000407F10E03BE
:1096B000CE0BFA0FDB0EF00DE4FD0421E5F70F1AD7
:1096C000D6E4FC1CF5061701030C1409F2080A0C79
:1096D00004110B1100060D090404E911FCFBEE173F
:1096E00002F4ED12FC06EE14FCFAE10C04FCF7F7B0
:1096F000F802FC01FF00F2F9F90DF905F5F5EEF9B4
:10970000FE05EC040502ED100402D90101FED906A4
:10971000F8FCEB0CFFFCC90CFFFCC010FB05C609F4
:10972000F8F5C006FFFCCC020D1DFFE621E9E8E8D4
:10973000F70A19EFE3EB02FE01F9F7F7EB07D1FAAD
:10974000FE11C01CFED6CA1EE717DC0D23E2F3078C
:10975000DEDFEE10EDEB0F09F30CFAE3030601E098
:109760000DF7F6D8CEF602EACFDB17D80BEDFDF7F2
:10977000F019E9F1D9DDD9D4F60AD4F0E8F5E1EC35
:10978000E817F205E5FFFBEADFEF08FCE6F5CBEFB3
:10979000FB0EF9E5FBFCFDEDF80E14DFE10CFFFD1F
:1097A000F900F5FD02FDF4FC09FAF400F8F8F5FE05
:1097B000FFFFF004F5FC02FB0107F6010BFFFDFCC7
:1097C0000203F8F8090AEFFCEF07D811180D08EEAC
:1097D000170EE8E2E5FEE9DFEC130815F4F81E07C2
:1097E000CFDBED09CD06F7FFFECFF4F8CFDE1E0785
:1097F0000815D202DCE804F8F7F51AF1E1FE0AF8E0
:10980000CA19D8E0EF16DD07EB02E5EAFCF909E535
:10981000EFF5E4DAEB0409E0EEF20BF310F00CFFE5
:1098200003FD0BFBEDFAF1F2E7F70F05FCDD01F5A7
:1098300008E7150C05F1FE00D2EC08FDD3FCFEFC98
:10984000E601EBFDED0FF3FFEC0DFD02EA00EBFC92
:10985000EA03F3FDF20CF405EA05ED08F50DF40951
:10986000F501E902F5F9EA010ADAE226F9E5DF2075
:1098700004E7D81FDFE6FF23F9E00022EBE4131D25
:109880000F11D5E4F913CBD6E5F4EFE1DFEB0A12C3
:10989000DDDAF41A1213D30B09D1CFECD8D3E3DFFE
:1098A000FCEDF3DF160E0DDB09F10EE4D3ECF2D67E
:1098B0000BE20D1015DBD20E1501FBF916EFFEEBD6
:1098C00029F1FEEC2EE605E51DF9F3F50DF7E9EDBE
:1098D0002109F8F72BF6FAE024EFF2E61CF8EEE99E
:1098E000EBFDF8F6F10403FC07FEFFFCFBFEF8F5C8
:1098F000F3FDF7FFEE0804FFEDFF0202FE0AFDFA9A
:10990000FB05F8F8F001FFFE09230DFBEF03230C24
:10991000FCEEEAE714DE1DD91E08FA13FCF4EED8BB
:10992000220FF8021E1CD6DFE501F91910F6E51A20
:10993000E3F505F30CFC16E6EEFBE6FED91C012070
:10994000F10BFB3512FE02E70EF417F7C1FA12EC29
:109950001411FF17E7F8FCF5FD1C1108F10B0212BA
:10996000021B0408F90A0601E101FD06EE05001CD0
:10997000011DF61AE41EF212FD05080AEBFFFA15A6
:10998000CB0BEE05C0FF0EFCDEEA060FE207FBEE96
:10999000CA05EF10CFFF04FEC7E6ED01CEFBEB08D2
:1099A000C6F709F5D603FE0FDCFBE909EAFC03DA8A
:1099B000FBEB08D3DDE7F21202E20613ECEFE9EF6E
:1099C00007F8DFD2F112E7F3D5F6DF06F8F2F2F886
:1099D000C80B0601C10902FAC5FA0A00CDFF080248
:1099E000DCFE0204C9090006CA05F709C9F5FB0334
:1099F000D706FBF9D6FA0808F610E70614D9F3D310
:109A000014D9D7C9D0120E0EFAF0ECEAE903FDCD55
:109A1000FFD90BF8E6FDF6ECDB0A1BF6DAF1D4FB16
:109A2000F8EC1FF5FDE60BF903FF070510FC0AFA39
:109A30001FDD05F30AFA0DF208170AF410F0F10F12
:109A40002BF8F6F23DECE2F8FAE027EB190A0F07E3
:109A5000E5CD02EAD515EC15C00D110700DD0714A0
:109A6000000DFD0EFE0405E7EEEE11E9EC0D00F130
:109A7000EBFCFDFB0003FF050E07F6041000F606E5
:109A80000303F7FDF304FD01F70B05000EFFFB07D1
:109A90001009FAF90409FD02DAE812E819E51E07CF
:109AA0000FF809DDD9FEF3F006F711DB13E312E836
:109AB000F019E0EAF5F2E6DD0320D418D5190B041D
:109AC000F2FDED0EEAFD0EF2E71910F5F820090E91
:109AD0000412FA07E30B00F1F8FFEE11E912030597
:109AE000F11C04F0E919FC1409DEF719FBDD170479
:109AF000E5F50D03E5D9DD1413F3E41F14FB15F3AD
:109B0000E40710040C01EF0BF8D90BE9E0020B0994
:109B100002F40405FEFE0006FDFBFB0707F4FB0252
:109B200006FE08FD09030B0809F8FD0105F5FD0611
:109B30000F00030207F600FE0FD90ED0D4D3EAF3CC
:109B4000F412EDDAF71919E8FADB091FD6D4E5E0CB
:109B5000EFF000DB1AD1F9E8FD15F6EDE8F710EBB0
:109B600002EB07F0FCF1F9FF00FCEC0A19100CFF06
:109B7000F1FAFC0B11F7EAF70EF8F6FF140DF208F4
:109B8000F8F7F10512040BF1E938DDEC140B1E2A8D
:109B9000DC04DEFBF62300291E04E813103515242F
:109BA000ED200225E23E17F8FA0AFEEDFD27140427
:109BB000040600070FFC04FA020AFDFCF70CFEFD88
:109BC0000405FF07FF0007040C02FDFC0DFB050266
:109BD000FF01FDFDFD00FE01F81615DB2A1319EB50
:109BE0000F1C16CE250908E61DE909E9111BEC1228
:109BF000F7EFEC172E1911E914EF01E922FC0E2FF3
:109C0000120BFCFBE9F00209EEECDDFEF209E9FDC6
:109C1000F9E3D9E8F308D4DEDA12E70AE5E701123E
:109C200011FCCE070EFAD5DEFADFFBDDF6FA2616BA
:109C30000AF7DEDA11E812E0DDF025FC0A250CFA5D
:109C4000E0EA1D1DFE1F240EF2EE102B20D5EAFBCC
:109C5000F82406F8EF1B100C02FD07FFF5C70D0EE8
:109C600000050CF6F00804F806060608F9E309EF0B
:109C700008C5080E00ECF009140D0FDC0606DFD84D
:109C8000FAE107F1DC0DF000CFDF08DECCF114F2D1
:109C9000001B0ACA1622FAFA1CFF08E6DE05091C98
:109CA0000B12EC0AE8F80AF0EEF9E211EDEC0D11F6
:109CB00008FC0CF2DB0E0DF7E5E610DFFBED0E09FC
:109CC000E6EDFBFFFFEE0FF5E1041EF30D22D21EC1
:109CD000F423CF0EC119D8EEFCE305F5FCD6F11C38
:109CE000121105E6D90FD9E2EB21D126DDF613E5F5
:109CF0000AED0EF9E8F70EF2F2010FEFEAED23F4A8
:109D0000FD0203FEEFFE25F0F80814FEEFFF240F1E
:109D1000E4ED26FCFBF813F2111ED1EAEB06D5E4C4
:109D20000610EC15D8D61410D9D50026FAE5FE2277
:109D3000C90EF406CCE824211D0E1DFDD6DD1AD473
:109D400019F1E20A200406D2F211F40016F6ECEA48
:109D50000803E40127F5E10606EDEC0B1BFAE9E840
:109D6000F3E50BE11403F91004EDF709FB10FE0114
:109D700005C5E7ECDD1109F101F11FF7EDF6210250
:109D8000EC0F16DB23D7F517ECE6E8E517DAD92751
:109D900002120D01F0F50F00F2FCF1F902F3EF13DE
:109DA000F3F60DFCF212F1ED120C0AF0F5F2EDEC07
:109DB000F6EFF5F3F6ED08F7CAFEE3E3D10206E2AB
:109DC000FDF91A04E01506DAC018E523E30722E7D7
:109DD0000BF109F9F9D109DAC9180109DE0912CF25
:109DE000E2EBEA11C9FE0FEDD8060BD8D6F713FA4D
:109DF0000200ECDCE5F80F14F0DF18E7EB040AFBD7
:109E0000ECF91CE415F6F514F2D3042011FF1EE062
:109E1000DF16F005F5280A0DE1121F26FAFDEDFF09
:109E2000FDCF1CFAD7F015DAE008EA15F21BD9E6E7
:109E3000F3F8FEF717F904F3F504EAF7EB0DFBED81
:109E400015FAFC11FEF60A1109F800FFFD12ECF5F7
:109E5000F7EE08F50AF7090CD304E427280DE3FE12
:109E600028D2FC20F4D022E4E7EE231615FA15ECF4
:109E700028E109F512D419EFE7D907E6FB1ED9F05E
:109E800000D316F4E9FD02C3CEDE00070D04FBDEAD
:109E90000CD6C9FC11D313C60EDA0D0902EF070563
:109EA000E618EFEC070BE1E8E4E7FFE2E4FCF6E498
:109EB000020C0EED03F2FEF1FD18F0F7E6EEFEE205
:109EC000E3F8F7F0FD0700F1FC0609EE0A17FCF5D0
:109ED0001313E6F21FF7F2061F1404E725FFF3053C
:109EE00024E2E6062AFD0F0409FB00E324FEF00449
:109EF00010FA00F228FBFD0307EEDEFE15E6EFF197
:109F000001E30BF3F7FCF6FEDE0406E90AF0D8EDF8
:109F1000FAD7F4F20CE7F1F9EC04EBE7E4F4F9EF2B
:109F20000709F6EFFB110C1019F41004EFF3E6E249
:109F3000D5E3E8ED231CE4EE2112141FF111F9E33F
:109F4000EDFF11ECD018F0EAF8EBF4E9EFE9E9F2F3
:109F500014FBE3F70B0CEBFE181AF8F7F3CE06F53B
:109F600002ECF3ED1501ECEF1AF8EBEB0A00F8F751
:109F70001FFBEE151EEBEDFA10EAF9F81D03EFE9F1
:109F8000CFDF0802400708F42BDFFF12F6EEF10ED8
:109F900012F3160EF2C6F6EA1736F1F1D006F2F217
:109FA000CCCAFCFEFBF2EF06EAF209EF0F3FFAF72C
:109FB000D90DECF6CAC3F0F5FAF5F3FDF0E8FB07AE
:109FC000EBEC00D410DE02F80CEB09DDEFE4EDCD94
:109FD000FFF700CAEF140C16E7D70C0514EFF20ACE
:109FE0000D0A1EF7F7DC0EE5E7DDEEF8EAD2EFE842
:109FF00006D908F5F2CE0BEB06DA19FBF9D3F0EA35
:10A00000F3C0FBF2F9D60AF9FBCEFEFD03D216F837
:10A010000AE70B05F6E80A0BFA0302F4FD0B1C0B2A
:10A02000F3ECF8091607FAFC0EF7F3EB19000BF442
:10A03000120AF8E6F3E40CF102F7FBF4ECF60AF08E
:10A04000E9F9FBFFFDE8FBEFF5F5E60AF414F6F796
:10A05000F707FC050213FAF0EBE4E5F5F4EAF4EC9B
:10A060001604E50C24FFEF03EA2CE21E01FDEDE1EE
:10A0700007FAF9DE07F812FA000A08FC1F0AE2FAEA
:10A080000AF9DEED20FC27F3F40CF5EDF40EFBEFFE
:10A090000DEE08EEFEFF0EF509FE10EAF9F607F0E8
:10A0A000EF05F1F2FDF7F9DFECF00FDFFE0503E657
:10A0B00000F3FF0A1D0D1808000913EFE100060F59
:10A0C000060610FB0804F61319FD14F9FBFFF20253
:10A0D000FCFA0112FC1CFA05020D09FAEBFBFEFB6F
:10A0E00004F9FDF9F20A08EEF1F7F608F5F70BF6B8
:10A0F000EF00FE0003F5F3FCFA0C0B070401FF026E
:10A10000180407FF0BF405FDE111FC07FA04F70939
:10A11000F4FBEEF01BF501F21608030AD2F2F80286
:10A1200007FDEDEE0105FDFCFEFA05FF04F40CF35E
:10A1300002FFFAF2E0F3F6F3FBF60207FA0BF50C76
:10A1400005F4FA0E04080600E1F50504E10209FF32
:10A15000FCFF050413020C05FBFE08FAFA03FFF7E7
:10A16000EE06060BFA02FAFF09010DF900010BF8E1
:10A17000F801FAFDE8F9FE09F2FB0A05F7010E12F3
:10A18000E8EC1213F4F20CE8FA07F7E914EBECF23E
:10A19000E9071302FDEEEC0409FAE80807E905FEF9
:10A1A000CA06FF10F6070C0FD6F90CF8F8FEF4F902
:10A1B0000EF40B01DDECEC08EF01F1FBD3F7F0112D
:10A1C000EB05EA10FAEDFA03F1F9ECFC03EEDEF12F
:10A1D000F6F4E0FE0EF7F10C01F6F7F8FDF7F6F7EE
:10A1E000F8F1E900F8F5E40CF8F9F7F5F1EF02F40D
:10A1F000DDF3EB05EAF4FAFFF90300FF0407FEFFC5
:10A200000A010306DCF1EE04E6F1EC09FD04FFFAB5
:10A21000FDFDF8020C010002FFF8EB0AF0E301EB90
:10A22000E8E3F607E406F0FBF6F1EF0F01F7FEF1C5
:10A23000F3EDF505F8E2F0FCE4F91509E60E0C0281
:10A24000F6FE00F30703F9EF05FEFFFFFAFDDDF16F
:10A25000030CEA07FFFCF2FD0105E70AF3050CF326
:10A26000FB03F602020EFFF103FCF402F308E9F827
:10A2700006F4F90E08FFF6F90A01F7FF03F50D00E1
:10A28000FDFC08F9F402F1F5FFF1040702F30E08F2
:10A29000F7040B00010405FE02FBF9FBFFFD05FCC2
:10A2A0000504FB07FF06FFFC01FEFEFCFE01FD03AB
:10A2B000FDFA0405FA04FE00EE07160310090EE687
:10A2C00005FC05E912EDEA03F20615E91101FEF8B5
:10A2D0001314F2F5EDF80204FAEDFDE8E90D10EDC6
:10A2E00000D8E7F50701E104FF1AEDF10C23E714AC
:10A2F000F91204F308F9E3F0FCDDDD020217F800BF
:10A30000EE2DFF07F30CEC0FF6E9CFF202F4EA03AF
:10A31000FBDFC2FAF412F005060818FA05F1CE0EBA
:10A3200008CDEB05FAD6DC0C0606020B0807090D72
:10A33000FDE0F201F4F6F1FDFDFB0FFF080106F66A
:10A34000FE0212F8FA0EF3FAF6FFF90207FA020417
:10A350000A0908F7010F07F8000308FDFCF2F609E7
:10A36000F5F2F410E108FC06EBE70B07E5FAF9F764
:10A37000E2F0F2EEEAECEBF20AFA03F00707E6FE8F
:10A38000F903FE00F900F802DDFF01FEE8FD00F52B
:10A39000F60001FC010100FE0107FEFEE300FBFDEB
:10A3A000E6FDFAFDF4FDF800EDFDF8F6F80308FE11
:10A3B0000FF806FBFB04F5EBF7F90800F6F5FAF5E4
:10A3C000F7FA08010C0806FC05FDFBF8FEF8F80595
:10A3D000FE0104FEFC0201FDFF02FC05F905FFFD84
:10A3E0000402FFFFFC0304FCFC05FB03FBFEFD0174
:10A3F00000FEFCF909FCF8030710F8F9F002FD0B68
:10A400000E010BF103F801F9F501FA00011001F456
:10A41000F9F1FD0909091200F3F3F7EEF8F2F4FD82
:10A4200004F4FC01FEF3F2F9F4F3E505E1F6F1FCC6
:10A43000DEEBF504F8EEF5FFE4ECF305E6F3F400EB
:10A44000F4F1F603F4F00700E5F6ECFBD8FFF5FDB8
:10A45000ED02E7FBE4E5FB0700F80305DDF5E1F9B4
:10A46000D4F4E509CAFDEFF8DFEDFBFCFEFF05F9CA
:10A47000F1F6E103F700E601FF00F3000201F2024A
:10A480000DFA000803FAF40301FCF9050BF80002C9
:10A4900007F9FA030BF80705EAF9F206E5EBF60A05
:10A4A000F5F8E405FEFD061009F70506F9F3E602E6
:10A4B000E6E9EAF2FDE8E3F6F50308F100F5F90F45
:10A4C000F8FDFAFDFFFB0002FE05F8FC00FCFA03B4
:10A4D000FB01FFFDFFFE01F9FC01FD04FE0003F896
:10A4E000FCFC02FE00FC06F904FF0BF40D0004F670
:10A4F000FEF80201FB04FD08FB04EDFBF90A100164
:10A500000A040907FDF7F8F1F306F906060AF8FD53
:10A5100000F9030205FD080002FD000404FBFEFE35
:10A52000F90205FCFE0206FDFF00FF0405FF000422
:10A5300001000305FA0001FBF0F4F30A090A100D0B
:10A540000FF9FA0701F7F2050D05FD05010A0CFBED
:10A55000FE0FF0F2F7FC11F7EFFF010EF80CFEF61C
:10A5600002ECF7FEFBE4ECF9FCF0EBDCFEF7E902B1
:10A5700008F6F4FAF8F8EA04FDE1F905F6EEFC0154
:10A58000FFFFFDFBF5D8FBEFFA1EFBFFFFF1FAF72B
:10A59000F92505E3F5E5F6EAF2E2FC0EFA1DFFF90E
:10A5A00002F3FD08091D0AE7F1E3F7F7F5EAF413F2
:10A5B00005060700FE0FFAF9FA07F100FCF0F4F8BF
:10A5C000F7F2FFF7FAF5030403ECFBF80200F5FFDE
:10A5D000F80AFDF0F6F7FEF2EB03EB09EDCDF00221
:10A5E000EE02EDF6EE0405030304FF05EE0DE6FBB7
:10A5F00006E0E409FD0DF3FBFA0CF60301F6FFFAA1
:10A60000030B02F60A05FDF4080B140603F2F90227
:10A61000F5F2FF05FFF9F3FB1504F1080EF515F34C
:10A62000160C030301000C050FFA060816FCFB0CC0
:10A63000EDF805051806F8070500FBFD0C00FAFF0C
:10A640000601F8F8E50203010E06070406FF04F60A
:10A65000FE17F2EC10E7F8F3161B14F502F6EDFA0C
:10A66000090C1125FAF5F10804E30F021418EBFFA9
:10A67000F2F1F302E5FD1325E6FA05FAF4FFF7F728
:10A6800010F9090007FD04F91309FE05F0FFEF07B3
:10A69000FC04FAFF1209FBF9FAFDFAFF0FF609F3C1
:10A6A00017FA070B0FFFEF0D05F0F6F6CFF7F906D7
:10A6B000E405FB0C21FB04031102F002F6EEFF039C
:10A6C000D304F0FEEBFFF2F4F9F9F6F80AFCF30814
:10A6D00001F7040408070605F6F70E0208F8FD075F
:10A6E0000703F9FEFDFFFA06FAFA05FF03030FFD63
:10A6F000E2F5060DF9F5DCFDE5F2F912F0EFF3EC09
:10A70000FA14F7FAFEF0FFF103F9EB12F2E7EE129A
:10A710000EF7F4F9FFF4D508E2FBEEF8E3FE0E09BC
:10A72000F3FCF4FAE503FA0500FDFFFAE1EE01019E
:10A73000DAFD04F5DDFF0302F0FF00F5F907F70984
:10A7400001F7FDF0F3F6FE0201080DF9000A0CFF17
:10A7500003020200F5F8F2F2F8F5070011FB0DFC18
:10A760000B070CFCFAF3020701FD03FC0102F805DC
:10A77000FEF70308FDFA04000201050207F70603CD
:10A7800006000708FC07FD0004FA00FCFC05FF02B8
:10A7900004FB1FF3010811EFFEF4F7ECF5E7030BE0
:10A7A0001804FC0B12FF051212F4061204F3FF004A
:10A7B000F60FE90A10F20F09FE06F709F9FF000A81
:10A7C0000306FDFE0503040B00FD07FA10FA060858
:10A7D000060BF7FCF804FC0501FBFA04FDFD09F883
:10A7E000F6FCFFFEFA1EF4FAFB05FF00EEF4090585
:10A7F00004F7F306EFEBF8F8ED26E5FFED07F809AF
:10A80000F5E50501FFF2F50D0A06F6FEFB000E0365
:10A81000FC02F12EFA06E6F20001DCF8FFE208077E
:10A8200004E0070402FCE51D05F3E1ED06FDDDFE95
:10A83000FEE105FA0BE40C02EAF8FE0405E0F5136C
:10A8400015F2DF28F2F5F1F907ECEDFDFDF6D9146C
:10A85000FBF5FC0608F8F81802FB01F6FAF9FEFB16
:10A86000F9F414FBF6EF14FF03020A0409F1F6F8F9
:10A87000F6EE09FC08F002F70A030CFF0A07F916C6
:10A8800024E00EE006DA16EE06F7091C0A25EB0EA8
:10A89000DE0BEE0215DD140B08E11EE1FDF6F21EE3
:10A8A0000912D8EEE3FD18FFFCFDF0F81EF20B14C0
:10A8B000020000EFF610FA010310070AEE06F20E8E
:10A8C00010080EFEF8F5F40EEDFDF315F9F1FF0298
:10A8D000F1F90BFCE40502F813FD00040E0509155F
:10A8E0000E010607EA0207FFF50107FB1C0003083B
:10A8F0001304021C1B04020FFD1211E8E2F90EFC06
:10A90000F000F1EEEC01ED15020DFBDEEDF3F9F1D7
:10A91000F4F4F304E60B01E51612F9F7E70F15EF6F
:10A92000E8CD1EF0EF0AFB24EFD0F125DB0B03E5A9
:10A9300015F619EED0D5FBDED3D81725CFE307EEF9
:10A94000DDD1F9F1EE0600DBD90BF5F6DCF9EDF41B
:10A95000E008E4F0DEECEB0CF4F4EB0BE9ECE4F1F2
:10A96000EA151103DFEEEC11E7FDE3EFF20EF3F36E
:10A970000CFF09FD0E050BFF05060EFA04FC0A008C
:10A9800001FB0DF80CFD09FC080418020FFB15FA79
:10A9900008FF1CFC04FE1A05E1EB0401F4F50914A0
:10A9A000DCE3EEFFDFD7E808F1E1EA1000FFFBF897
:10A9B000F4F8EA15F5F7F60810E102020AECE804EB
:10A9C0000DF2F1EE04F60B25F5E8EEEA00E51306CC
:10A9D00010FA260B08E51C2335F2E320FDF513DE03
:10A9E0001B041BFF001FEC25E609FE040901F4F41B
:10A9F000FC09FD13091013F502FCFBFEF2F507003C
:10AA0000F8F0061010F6E5F613FBF410F3EAFE0179
:10AA10000503FB07000403FF07F9FD070107FA051B
:10AA2000FA05FE0600F8040706030605FD0201FA12
:10AA300002FFFFFDFAF7FA06E7FB030E0DFCEFF14C
:10AA4000EB0A0DFE0D0BF602EB0B1406E9011413D5
:10AA5000E9F6EEFF070B1808FC170107F20CF5E307
:10AA6000DDF3EEF4D606DEE3DFE1D6E7D40A052314
:10AA700014F9EA150BECFFE1DF0C050B040ADE1FED
:10AA8000F7FFE41510D802F30DF8D900080AEC001E
:10AA9000050DDC0DF8F405050EEDE2ED0115E70FEF
:10AAA000E9F7F40C10EBC30610EA0AED0CE7F71116
:10AAB000FC150E00070F00FEFFF80B0F07F70E0145
:10AAC00002EE0D3C07100407010901030300F5FD28
:10AAD00001F4F9F301FAF92CEE3DEDF0FF40FBFD36
:10AAE0000814F702023C2806F7291FEEE920DCF9DA
:10AAF000E932F4FEF51CEEF00AD706F4F20113F683
:10AB000002FD0DEDF5EF03F5FFEB0CEF01F5FEFA9D
:10AB1000F9051102F1ED1E01F9EE0B0E03E6FF0B34
:10AB2000ECF7EC13F80DFE0AFEF009F4101116F321
:10AB300009F1EEEDFE03ED03040FF503080108F043
:10AB4000060115F7F2F205F6EC1503F4EE1919FB00
:10AB50001EF219F721F521FDEE010EFFEAF8D9F8F2
:10AB6000EC060F0502F71DFA05FA1CF4FFF805FBC9
:10AB7000F004D6FCEC03FBF8E4FD07F4FA03DDF186
:10AB8000F1E9D3F5F80704F2F60C24F3E60500FB2F
:10AB9000F4F6E801EEFCE80100090BFB010B13FCE5
:10ABA00001FB190DF7041803F704FC06FF00D6118A
:10ABB0000E04020FF602140BEE021B05FAF8FC0954
:10ABC0000EF2D60E200EFD05F20A05FFF601220652
:10ABD00000F30DFEEAFCF6EFF312F2FCE3FFFEF7E2
:10ABE000D3042204D6F4FFFAC00AF2EFCB0EE5003C
:10ABF000F809050400FEF1FDE506F8FCD80E00FD9D
:10AC0000E70E0600130118FF14FAEAF712FD09F81F
:10AC10001D07F7091815FF0901EDFDFA0C09F4FBF2
:10AC200000FDEBFF06F1FF050A02170004FEFCF52C
:10AC30000B14E6FC0FFCE1FC05F10503080A0AFA17
:10AC4000020B06F800E8FDF607DF080401EC000F30
:10AC500001DEF90DF30CF9F809FFEEFA01F207082D
:10AC600000F1050F05E1F614FDF705FCF9F80808F9
:10AC7000FD10FEFEE8FCFBF6000017EE07080610CC
:10AC8000FCFF051B0A04F415FA1204FBF70F18F772
:10AC9000FDD80EDB07E3FAEE0802FC0B09EAFBF134
:10ACA00005F107D904D30BE2FDED03E011FCF30538
:10ACB00009F3FDF208EB08D2FBD0EC05FCEFF9F943
:10ACC0000AF701E0000BFDD5FC0906C8F9EB0CFE04
:10ACD00006FAFBEA0805FFE0FA18F1CF031A0ACDDD
:10ACE00007F6EF0104F5F800F703FC04060AFD047B
:10ACF0000102F20BF9E8F8E8FEEBFBE403F0FDEAF1
:10AD0000FB08F6F907F1F6ED0CFE100AF8F1171141
:10AD1000F9000602010007F6FC04F9000C030CF52B
:10AD2000FE0007F402F1FD01050403FE000CE9FE3C
:10AD300005FC0B02F8F901FDFEEB000DFF0E070804
:10AD4000FFF2070E05F30307F7FC0DF708EF000508
:10AD50000213010804010406FEFAF00C0506EC0CCF
:10AD6000FD03DD1304F9E00D03F5E200FAFBEFF259
:10AD7000FEFEF7E90108FAF501FD02F905F701F217
:10AD80001002F8FD0704F2FFF200E8FB0205F904E7
:10AD900000FF02FC05FEF0070AFFE505F0F7E50BF2
:10ADA000FFF5EA04FCF7E80B1203E8050400E7FAF4
:10ADB00013F3CAFAF608E6FD0706E409FE00EC0301
:10ADC000010DF0FA0DFAD40705FCD806FEF5DF07F1
:10ADD0000F0A24010208F7FD050AF703EE0F04FF2E
:10ADE000FB01EA02151218F71200DEF909FFCDF98E
:10ADF000EC0CD9F8EC0CC0FDFEEC000907E30208EE
:10AE0000FCF90300FD010DFB06091EFBEBE50BF64B
:10AE1000EBFE1500F00510F7FA020FFBECF8060444
:10AE2000DA07DCFEDDFAE4FEE3F50100E8ED0304F9
:10AE3000F1F814F9F70FF10205F1FAFE08E905FB44
:10AE400007DF0CF7F9F206FF00F6EDF40DFBEF0556
:10AE5000FD02F4F90808F307F7030E03FFEE06FB03
:10AE600001FAFB08F51301FAF3FF0D0AE6FA10F8F0
:10AE7000F0F42710080D05001DFBFF0A090006FB72
:10AE800008052504F1ED20130807030C05E6F0136F
:10AE9000FAFAF60DF4051C0B1704F90C0B0EEDF481
:10AEA000EB03EFF7E60ADDF5EC23FF040208E1010E
:10AEB000EE19E402F00CE903E60AECEFEE230D05CF
:10AEC000FFE1FDED04DFF5C4FBCFFEE801C20303A3
:10AED00001DEFD01F8E7F9E005D6FAC002D4FDDF96
:10AEE000FEC0F8F8FBECFBEC0504FB150F0A040DA3
:10AEF0000CCE0BF9F2C0F6F301F711DE04F8000FE7
:10AF00000A05FF0E09D400FDFFF3FBE4EEFC13DAA3
:10AF1000F6070F03FA080D09050C0206301103129B
:10AF2000FE0D0303F2070509FFFC1601FD05000AEB
:10AF30000605FA0C0207030B05FE07CD0DE705DD3C
:10AF400000EA06F3F6F2F216FFF4061E17FAFCDF2B
:10AF500007D80BF4FFE4FF03F3F5F719F012091F0C
:10AF600004FCFD0A04FD0805F7071503FD0B0005A9
:10AF7000FEF5140904FBF8FF0503FAFFFC0DFA05C2
:10AF8000020DF806FEF7F804FCFDDC01050314F8D9
:10AF9000F9F90CF6F6FA0303FEF11A07F3F9C7FE06
:10AFA000FBF7DAF8FAEFF4FEF702F8F702FA14000A
:10AFB000FF0DFFFEFA090300020E0409FE11FCFE5C
:10AFC000F6190004040D04F70911FDEE080904EE5A
:10AFD0000301E9F3020FEAF8F90CE4FBF801EF00D2
:10AFE000F5F7E4FFF4F80800FEFBF804FD06F3F7BC
:10AFF000FE03F30207F5FB010002010B01F1EC0E69
:10B00000F609FDFC0009F6F7F4FEEDF9FE05F8F28D
:10B01000FD03EEEEF20909FF0903FDFEF609F30256
:10B0200003FEE5FAFDFBD6010BFE02000F03FAFF5B
:10B03000FD06E802F402EA04F911FCFB0FFAFAFC3F
:10B040000DFD02FC0C03E4050503E4FBFF0CEBFD26
:10B0500001FCFBF9F702FDFEFEFEFCFCFAFF0B0013
:10B06000F90AFFF905FCEB0204FC00FA0100FBFE03
:10B0700000FD08021305FAFBFAFB0105FCFBFF01CA
:10B080000206FBFBFFF3F9FD00EE0805EEF8FCF805
:10B09000FD02FDF9FE06F6FC04F5F9010DE3F9FAEF
:10B0A000FFF10AFCFAFAFF0107F9FB0104030603AA
:10B0B0000002F8FC10F3EBFF0DFEEA0518FAF003AE
:10B0C00005F802FBF0FFFCFDEDF00B02E9090CF0C6
:10B0D000E4060C01F01606FEEFEFE806E2F415F6C2
:10B0E000E00915EEF90308F8F816EE00FDF6E002A7
:10B0F000FEFAF902020CF7050D03ECFB0E06EC025A
:10B10000FFFCFA03FBFC06FCF30B07FDF804000050
:10B11000F5F8F804F3F91203E30918F0EC030AFA5E
:10B12000E7F912F1ED05F7FFF511F3FE070A110932
:10B130000F0406091102FC01141409071316F6087E
:10B1400005EF06FE00DBFB020BE2F80404D9F8F77A
:10B1500004FAFD010EF2FF020AECF60309F1FF000A
:10B1600006EAFCFF06F7FB06070301EB0106FDEC10
:10B1700003EF02F200E906F708F201FE060F0BF4F6
:10B18000FF16F8F0F30B0CE705FC0FE804FE0DEDDD
:10B19000FBFF08FBFAFBFEF5FEF802F5FDF9FC04E7
:10B1A000FEF7FC04FAEE01FCF6EEFFFB03EC0100F7
:10B1B000FFF7FE0604F3FC01FF050100FE01FAEEB5
:10B1C000F901FBF0080101FB0403FCFE05FAF9FBA1
:10B1D0000106FDF3F50702F80A0309F4F908FFFB7D
:10B1E00003031001020102FE02FEF7FD05FDE7F96F
:10B1F000FFFFE7FAFDF9F10101FCF0F8FC03F1FEB5
:10B20000FFFFEBFAFDF9E8FCFAFFEE0303FEF4FDA5
:10B2100002F6010002FFE60201FCDEFD0200F0FC86
:10B22000FBF7E405FC00E907F90DDB02FF07C007A7
:10B2300006FDEFFDFE02FAFBFE0EF4FB001FFA0313
:10B240000221F9FF0003FEFD01FDFF01FE02F705EB
:10B25000FE0202FFFF090207FE04F00DFCFBF6FCF4
:10B26000FEF9F1FE00FAEEFC00FBECFA040AF8F637
:10B27000FEFEFEF7FF0101FEFD0702FAFDF407F9ED
:10B28000F4F9EDF902F60B00EF000B01F10BF908F0
:10B29000F3FCFF0002F7EA0502F904FDEF0109F5EE
:10B2A000ED09F207EC0600010102E1040CFA0701C6
:10B2B00007080F050205D102F807EE050100E907AE
:10B2C00008FFED08FB030300FA01E4FDFE03EF03B2
:10B2D00012E21104F40DD1051715F30BFB0DECF977
:10B2E000F5EC0CFE10ED25F7F2FEC901130CF1038D
:10B2F000030AFDFFF70818F4D7F6FFFEE6F9E4FAB3
:10B30000EEFEF904F1F9F104FC040E08FDFFFCFF68
:10B31000F4FEE803F2F7F9FC0508F2F8050101FE76
:10B3200009E2FEFF0900F60105EE03050BFDFAFE3A
:10B3300005F2F001F9FDFC03FDFFF402F1E4050064
:10B34000F7020506EFFCE5FEFBFDEE07FEFC0D0433
:10B35000EDF3F9FDF10DF307F5FFFBF9010FEAFC41
:10B36000F30305F8EBFA0103F805F5FDF1FBFC0624
:10B37000C0141714D80C0805DA00F1F4F702F0F83D
:10B38000F0E7FFF02926F20D200DD6FD3906C6ECB8
:10B3900028F1E40531FB1303ED200A0CF001F40958
:10B3A000F002F804F607F91C0411F715F40E050075
:10B3B000E4FAF800DD00EFFDEB1CF203EE1AE3F80F
:10B3C000F9DFFE0807D20B0604D30000FDEBF903FA
:10B3D000FDE6FEFB08C5FE0CF9E60F0CFCD803FFEA
:10B3E000FBE2FB0905E7F9F601EA03DAF4F303DF10
:10B3F00001FAF8EDF8DB07CE00D5FFC002F000E659
:10B40000FFF3FEEA06EFFFEFF8FB08D4FE080ECCD0
:10B4100015D504010CFA0EF5010EEAF00512F2F84A
:10B42000FD26E60008E9F8F40A1800EF0122DEE440
:10B43000F51EF3D60523F8EAF6E5F8EAF5DC00FC9C
:10B4400000CFFBFEF8F3F7D1FFE0F9CDFCD6F9ED24
:10B45000FED3FFFBF7C0FF0DF9E9FFE3FBE205E7D1
:10B460000003FEF3030205F80B03030203F8F7FBE6
:10B47000F9FC00FB04070BF9FFFC0CFD0205FE05BF
:10B480000204F1080004EF030600ED03FEFBF0F9EF
:10B49000061AF4FF0703F7FBFE04F9FFF9FEFCF8B8
:10B4A000F9FBFBFF0317F4FCFC03FB000204FD00A7
:10B4B000E4F3ED0CF611F60FFB08050BF8F21B0494
:10B4C000F5E72007ED061AFDF72013F7F91521FB24
:10B4D000EA032A02FAE71C03FEFC090CF70609FE40
:10B4E000F706E80C040DF202FAFA050203FAF8FA7C
:10B4F000F6F8EE06FFFAF509000FF309F9F3010279
:10B5000028F1EE1929EEDE0311F4E41D2202C9111F
:10B510000401D3171BF6F51B0FFAE2F50AF1EC0153
:10B5200012F5110CD0FF0502FBFFFD02E0FF030244
:10B53000D90101012BFF0002EC00FF01C0FF050053
:10B54000FDFFFFFECB01FF00FF0AFFEF000002EF4F
:10B5500003FF02E4FF04F6EE04FEFEEFFEFA01EC48
:10B5600003FDF0EAFF01F1F001F7F9E5EE00FE104E
:10B57000E109100AD403F0EB0803FA020003090BF7
:10B58000EFFA1E0F1202EC1502F8F10BF208302848
:10B59000F500060DED04060A0201070BDE07FB218C
:10B5A000DF040010F507071502FE02FC06F601FB9A
:10B5B0000501FC0508F7EFFB23FCE10DF8FA030792
:10B5C00000F2010F2201EF050CF5FE02180BEB163D
:10B5D0001001E5112401F215F8F1F105010BF50F49
:10B5E000F9E61E08080006F0FDF6000D03EBDEFD8F
:10B5F000D1FCE9F70FFE0A0AEB170904EC0AF40381
:10B600000B090707F1EB0CFAFC03F8F215E9FF0749
:10B61000170AFEF7F3FCFF06F60301F1DD01FF0454
:10B62000FAF7020717E4F5EE0801FAFC14E408083B
:10B630000AF309F118F50E041EF7F2F300F6E80715
:10B6400004E7F0FBE6FDF402F8FFFC01EFFEF5FF76
:10B65000FBFEEE011401FCFF0301F5FFEDFBE6022A
:10B66000FE00F300F301F3FFFE02FE00FDFFFA010E
:10B67000FDFFF506FDFDFF00FEFFFC06FD01F900E4
:10B68000FEFFFB04FFFFFC01FEFFF403F7F7FB03E3
:10B69000F701F6FEF3E9F6FFFEFBF5FE010808FBF5
:10B6A000F3E9F9FE0FFFF70917FFF7FDFFEB0008BD
:10B6B000F6F5F102EAF2F201FDF8F9FDF1FEF3020E
:10B6C000DBFEE9F3DFFEE9F51BF3E80316FEF0F518
:10B6D0001DF1F701D911EA10CDEEEC1CFF06F5F8CB
:10B6E000DC0CF7FEC1EE0418F1080D16F6FDF5F5B9
:10B6F000C909F60DD9F90F0303FBD9EF00070A0DAD
:10B70000F20CDBF20C0AFC1718F613E80FF6F00E39
:10B71000E1FECBE500FF12F70211E413F6F504F0A9
:10B720000C0C0208F300FDFAFB0204F8F6F8F6F53B
:10B730000C0208FCF009081304F902F4FA01F701FD
:10B74000F0F4FB13F30AFA14D6F2ED1D01FE0A0918
:10B75000EFFDFC07E5FF0B09F10B06FAF3FAE90729
:10B76000E405EF1DFCFFFCFEFCFF00000202FF00F1
:10B770000202FD0002FF000302020101FF00FEFDC4
:10B78000FA00020000020101FE00E702FE03EEFDE6
:10B790000002E2FBFDFDE3FDFBFEF002FBFDFBFD15
:10B7A000FBFFDEFCFB03FC00FFFF07FFFF05E8F8E3
:10B7B0000D05FDFBC0F7E0ED0CFEF40602FBFD03FA
:10B7C000DDF6E5FA0901F3140DFFF012E405E900D6
:10B7D0000801030608FBF8040AF8000C0006FD0146
:10B7E00000FBF908FF080004F608080FEF0807102F
:10B7F000F8FA0C09FFFA180AE0F417F3F3FCFD0F4E
:10B80000FDFF001E0A0F1F0E05141DF701F7F7FEBE
:10B81000FF09090BFE120F081FEDF9130C0FE7F4D7
:10B82000F3EEF3E41401E7E4F90005E31AFBF01189
:10B83000FAFA13061015F4FC20E910EE0201F704E1
:10B84000FF1AF40A03F5E9E9021102EC07FA08000D
:10B85000F510F6FC0C0AEFFC09FDFF0EF30DFDF4EC
:10B86000D11203DDDEFFFDFFE1010F06C001F9E2A9
:10B87000C70F1001CF0FFCF7EC1C09F3E90D04E032
:10B88000F70312F0FDFD01FE0000FFFFFF0101FBC9
:10B8900001FD02F7030200FB0200FFFAFA00FEEDD1
:10B8A000FEFF01F2FFFF02F4040903D5040302D5F1
:10B8B0000003FDC00203FFDB060401E40205FED223
:10B8C000FD0703C60007FED70204FFCBF90900FC01
:10B8D000E704FCF606F5FF071A0FFF04FE0EFD0451
:10B8E0001C04F6FB0017F40FF505FBFD1507FBF92B
:10B8F00040E5FA0A35DBFCF93EDBF80D31E9FE0ED6
:10B9000028DDFD062DDFFF06FFF5F810F6EEFD033E
:10B91000FBFBF80240F7071C2CF106202DF1110E5D
:10B9200009090D12FC010E2BEEEE050C03FAEE1ABE
:10B9300024F114120FE1ED292CDB05EB160A101689
:10B9400003EBDDEEED1500DCFE230B09F4FCF50541
:10B950000AE506CF191DE1D518C00EF1E511EEE597
:10B96000E71B1505DE11F6F0001304FBFA10F0FEDC
:10B9700002FB0304060B0BC0070F10F7FB1CFCF6C1
:10B980000A06F3E6F1EF02F80BF915FD1804F2319F
:10B99000F1FBE0F008F9FBF3DA050FF5F802FAE73E
:10B9A000E9F709F6ED140EF8E2FA23F6FD0B01D2E1
:10B9B00011EF1019F60DD8E105D816DAD21913FCDB
:10B9C000D20B021A04DA2BE2EEFB0EE6FDFC20F3AA
:10B9D000D9160306F8F6E2F123FC060017FEEF0E77
:10B9E000DC140DE9E81A0315E207FCF4FDF1EAE0C6
:10B9F000F9FCFCE701EEEAE30101CFE8F3F6DAF443
:10BA000001F7D3F00EFDCF02FC09CF0EFDF9D8FAF5
:10BA100018FA0FF0FB0700F70EFCFAFCFBFEE50638
:10BA20000A0EDDF411F1F7FFF6E63AE8EDF32DEF3B
:10BA3000F6E815F2D7D8DDF3C7D8270EEDF11DE3F0
:10BA40000B1F0601D804EDFAE3F922E516FDF10912
:10BA500016E6FB05DFF3FD01FF1416FAEBFA0FF50E
:10BA6000D1F6F6FB02EBEEFF4002E50D140CFE0FE3
:10BA7000D10B01FFDE0212F0EB04010101FF02FF16
:10BA8000FF00F802FF01F60100FFE9FFFE01DA0204
:10BA9000FE01D60003FEFCFF02FFF5000001F4FFEB
:10BAA0000DFD1917401E280A27FD1B0E1BF3091D4B
:10BAB000FDDBE40B300EFA212F021321320110229C
:10BAC0001912232DFECE22E9E6D3FEE1E60B1AD6AB
:10BAD00012EED8E31BC5CD1506D8CF06CDC012E2B5
:10BAE000FFC7CC00DFFF2102EF14F6F3F417F704D1
:10BAF000CCDCE0FAF606131D05F8000612F4F20F8E
:10BB0000C00F04FBFAE81BF2F105ED1501EA060689
:10BB1000EDF5F80201E40601F7F801FBFCFC0EFD6F
:10BB2000F5F110FC01F6070DF3F2120CFBEA030A23
:10BB300014E7120E060D07031CFB030715F9FF029D
:10BB40001604F90B0503F9110E0E03FE080D0E1471
:10BB50000B0E1402F11BE91A00E2C6E40DF8EBF13A
:10BB600007E1ECF0CF0DFF13FB17C4E5DDEE17D8AE
:10BB7000F30BC01CFCFF05DE2A0B1AEF01FFE41FCC
:10BB80001B08FF002A021023F8EB0902F3EF1A0347
:10BB90000B00F920FD10161125FD0A12FBFEFD0019
:10BBA000FCFEFEFFFCFDFF01FE02FE01FE00FFFEAB
:10BBB000FCFF0001FF02FD00FF0200FEFE0100008D
:10BBC000190302EFF2EAFE14EB11D5E115F009FCBE
:10BBD00006FEF3EEF80DF7E5F81AE8EBE60BF00FCA
:10BBE0002302E4F51AF7CCF609E6F1CFF60E1EE3D0
:10BBF000E1DCEE0AFC09F4CAF8101BDAEFF009F4F4
:10BC000001E71CEF1CDACD15101BE9FD11F6DB0D69
:10BC10000A02FA0EEE1D0426E3EB0D25FF030D29A3
:10BC2000F5F60C0710E609FFE30EFEF1E9F9FBFE5D
:10BC3000EFF8FCF3F3F4FBF6F0040BF7F103FBFC75
:10BC4000EC0409F60BF517F001FD0AFD0C011901D2
:10BC5000EC06F417EDFD0306C212082BF20D0914D1
:10BC6000DBF70E1BE2F8E8141805F11EFB04F725BC
:10BC7000DE08D618FEDF18DE040316FE0F0CE5D62C
:10BC8000D513DACEFFDD21E4FC14F10F02FEEED570
:10BC9000EEE2DFF2F30211F7FC00EC15FA00F9EB2B
:10BCA0000D1CF30F13F3FF06E9FF0318FC16121A1D
:10BCB000E70B01090B0BEEF5F3F4D600FC000301D2
:10BCC000F901FFFFFD000001FF010200FB0002017E
:10BCD000FBFF01FF09FF01FE06FF02FF06FF010057
:10BCE000C906E8E7DD1DF1FFC2F7F90ED8191CFB04
:10BCF000F40725D8E81FF1FD18F70900020DEBD76E
:10BD00001017FFDEE2F1D40FD6DC12D61B19F100BA
:10BD1000D2E0DBE9E005D72028E5DAF02823E3E3E9
:10BD2000E401E0ECE6E60C0B1AD510E625F9080173
:10BD300012F0E5DD16EEDFEBFB28F1FD1AE8F5F475
:10BD4000F5DFFED70B1817DEF5F5FBDBE7FEF40297
:10BD5000EF020706E6FDF5F7C0E3000ACBF20201A9
:10BD6000D3F100FFC9FDFB07E0030603E0FF00F588
:10BD7000DDCD1409F0150FE0F5F309E3D1E008EF8C
:10BD800000030BEAECE6FFEBC8C0F90FCBFD00E4C3
:10BD9000CBF303FEDCCC21C5EAE808D21DFF090A7B
:10BDA00009F6FDFC0BF8E20F0F121F010B0BF70455
:10BDB000F2FB28110C07100918D9FD04150D15F810
:10BDC000FDF80DFAE6F506D40F10F2DFF2E1E3E636
:10BDD000FEE0EFECFC0C0B0413F81AE7FAD0FE05BA
:10BDE000FDEA0103F9E80104FCDDFF03FCEB0103BC
:10BDF000FAD60103FEECFF04FCE4FF02FCC00102E2
:10BE0000F212111D302F0116090F1709E623FB242A
:10BE1000213EEFF61A261622E6F7EFED1504D3EED3
:10BE20000600161B0B29100926152B1908190F10CF
:10BE3000190305FD23FDFF29E8FCF2ED37F8D413C3
:10BE4000FBE640E8011BE20BDDF90D101713DEEAFB
:10BE500007100808CFDF000316F8192B2B1617154B
:10BE600016330F26311F1C241A0B071F050AF71360
:10BE7000291D172E24F5E2E70A070812D3CE32FB5C
:10BE800001FAFEE1E702DAC0D9012F2102160B35D3
:10BE9000EB17E6ECD9DBE3CBC7F6F7C0FED1050A1A
:10BEA000FAC904FAFD0C211DE5F1EAF5EC0AEDF5FD
:10BEB000E8070A11D8FCFFE3F202D3D9E3F7CBFF7E
:10BEC000EF02F6F401DCF3E51F0ED125203A291B21
:10BED000DED4D1F0EB0703F515F9FBDEC73619F810
:10BEE000DFCEE53502E0DB00F425EAF317EA2A06A7
:10BEF000FE1DF7F0DFEB20F2102AE03314DE01F331
:10BF0000160ED714FE0C38EAE906161A2BF5E123B3
:10BF1000DB23381AF70A13C3ED3AE2CF262BC5CF3D
:10BF200009F516071A28EF102F0A101B14F3161024
:10BF3000332AFEDE27F10C24F0092304FE06EDE58A
:10BF4000F20EF32232050F201D02140E24041A16DD
:10BF50002B1E0F11190D392CFADCD41BE5CEE4FF92
:10BF6000DE1E3132E2FAEED6C4CCE30212F5C2E1B3
:10BF7000D9FCFAF4C0CCDDEA080318151C1F1238EE
:10BF8000D8D3DEE3F508CD02DAF1E60022EAED2CA3
:10BF9000DB01EF07E830DB011FFFF607D7DA2133BB
:10BFA00015E404DAF3E2D801E9F5310611E51419D4
:10BFB000230B03DFD1F0D3111A17FFFFE5FCF601C5
:10BFC00023E4DBFFFCF2F0F4D7020810F600D5D72B
:10BFD0000BE708E814071B0F1A15E9FAFF2812EC03
:10BFE00017F7E90806F435DCC503D231C408F22A94
:10BFF0001440163CE01ED5F6F8FAD4D8CF3D16EE24
:10C000000400F5300DE1E4F6E317E10205D5F8F69A
:10C01000E7FA1317D91D0DEC02D8E1FA38172F27CC
:10C02000F2DDF9F633F44011E6020100F8011BF0ED
:10C030002AEF3138FACAF6CE32D11D01370BFA3762
:10C040002A2F0103181BF616131B1D230CFB202D92
:10C050000F24EF0B2728F52DDBE103F7013D13DD5E
:10C060001E0E052C26240C140F1732291E01FFF476
:10C07000080418131F0809C9ED15EF163529D4FF58
:10C08000EFDC2ED4FEEBFDDDC4DAE0E605EDE4CF17
:10C09000EBE5EDEFD6EEE9F702F902E5F3EDE207A5
:10C0A000E5F5E0EFEBE4E9F4ECEDEFE92E2E3519E0
:10C0B000212C0F2BF20AE70A3533F916D8DBE818E2
:10C0C000F9E32E121D3A05EAE2E52A3BF718EE17CE
:10C0D000F20B24CD05E92B3214DD1412DE2DD9D953
:10C0E000261DDCF4F905F4EBC6DB05EBFA0CC0DD2C
:10C0F00009E30DEAFFFFE9E508120514FF15EFFE5D
:10C1000010F912FDF9292B08CBF10C2E270A060194
:10C11000FFE5123D0CC0DE2C0FD9DADD032AF8E270
:10C12000F3F2D314EDD8F1CAF340E811C00CE014D7
:10C13000C5DBD11924F9080F1E11EB1102DEF9F24B
:10C14000F603DEE824FDF7FFFECEFFF2D6F5CF348E
:10C1500007E6E4F120231DF2D4F304C4CBC525DAAD
:10C16000291E0A2C0E332C100F2D3D1B08360D2BCB
:10C1700006E7EFEC1C07C2C0C821F5D4EDCC2521A1
:10C1800018403A262D35383E1415132A143706CD9B
:10C1900038F80237FD3CCC39DFDF0A0F171A0723C6
:10C1A00015140A122F21220D13312A211D0B1D0BEC
:10C1B00039210F3D33092B204035FC19F2121FDEC7
:10C1C000F323FA07D0ECEDCE1BF518E6D507D4F62D
:10C1D000D315EDCDE21A052FFF190517FBD5D4CDE8
:10C1E000FEFD0DE5D326EEF0FE04E1E20707DED703
:10C1F000CE000BFEE0C8F0E0F3F2E208CEE0F0D2B1
:10C20000FCCCFEC0DB39E7D81FD528CFC41DDDFF2D
:10C21000E63D220E1EF01D19E7F1F4240D1618FD5F
:10C22000F008F31407281240121DDE2C050D1FF52F
:10C230000A2C1BEAF3DEE51A2DE9DBE8D12B1DF30E
:10C24000E7141EDCD0CF24CBD12AFADC02CCE818CC
:10C2500027100D00270E3022FF220B070114F23F9A
:10C26000F9C8F6F43BF3CCFFF52717C1D4F3041853
:10C270002D2D2C0D1D060C140304291232ED0BE993
:10C28000E7FDEAE1E2F5E2F8ED3327F5070F1038B4
:10C29000210D12102D22182215392F2F1C13302B8F
:10C2A000170E1C251A0B192506F6D0EB1DD3F60028
:10C2B00017F507F6F0EBDBECE7DC06E311D8D8E482
:10C2C0002BFEDADD03ED1BD2CBFED4FDEE2B202BB3
:10C2D00021F2DE2A17011206FBDDEFE70AE3DBE5B8
:10C2E000E8E0F70301F30D12E4EB0A2417FB041551
:10C2F000F1ED1717E1E1E3322C17EF2CD01B2C25C1
:10C30000C30CEC2DFCFD13E91819E1F503040BE750
:10C310001011F2F007E31227DFD5EBE115F524DD6C
:10C32000F1E92B0B0FF2160E20E2E3FF2BEE13F2D6
:10C33000FD3AEEF2C8E5C6E7EE1BFD0D0928EC0656
:10C340002B11021BE80701F518F4181E10FEDC1F64
:10C3500008CADCF93A1DDAF5E3390ACDFF08100105
:10C36000211618F5FF0902FEFDF8051BF934F00F40
:10C37000E6E6C603371014290B21FAC712241A2B3C
:10C380002B0B171B2E340E230C2223F2EA0BF7DFA4
:10C39000F306FCEBF9EEE9DB07DC402D2E3A35F332
:10C3A000DFDE2DE8DBE7080DFAF40CF614343AEC86
:10C3B0001E08EF17E0FF153923FA1E070AFD1EFCC1
:10C3C000DF05DD15E5DDDAF0F5D9F1FB17EAE4EC80
:10C3D0000CF8FE0304F9202108E6DEF5FDE30EF07B
:10C3E000EB12102610DF34CF052DD31EEAC5C9335A
:10C3F00024E415DE2007EFFE0A09E5030403000F1D
:10C40000F3E5EEDF0512F0D4F4F0D0EF0AEAF8E23B
:10C41000FBD7ECF206E3D8EFCD040DE4F5070BF102
:10C42000ECCA2923DA17ED1FEBC32128E201C92E3C
:10C430000A30021D0915060A11041816DEED180748
:10C440000A0816E8F8F5EC122526FDF70D12060A83
:10C45000050BF60DF3233BCA340F1E0E0AEFF2193B
:10C46000F4E4E5E604FEEFF1F404F802FA0607014D
:10C47000F90DDE0606F603F6263901180A0C381AFD
:10C480000E1601E002F214F4ED0DCED8D22FE2FE2A
:10C49000321F1AFA04DDF2F119091212F0CDF50774
:10C4A00004F4F002DAF0FB12EBFDFC220B2CF50693
:10C4B000F5100728ECD6D1D4D520D825D204DE3704
:10C4C000130AD8C9DA30EDF2E9ECE4281111FF1FA4
:10C4D0002819D0FDF410C40F12202FDD15170D18E8
:10C4E000F9FC24FA34F710F021C4E02521F017EB11
:10C4F0002701FEE2DE02E8F4EAC00A1AD7E6D90212
:10C50000E3D4EEE91409F3F40DF90EF6FA03E1D3DE
:10C51000FCE416D70F0EF0E6141AF919271F13F6CC
:10C520002624E6E8D507E1EBE2E8FBEAF7F0D8EFEE
:10C530000C1FD413EB0406EBE82610F712080214C4
:10C54000E8FAF20C2815F2F6E81BFB17F5F307F7EB
:10C550001007FC1B2223F622FBF21005F71323CD54
:10C56000E2C5F300D7CB303E13F6E10A0017F5FF22
:10C57000EAFB1D01D7F4171AC6F7F4DF1CD432F01A
:10C58000031FE6090A26DE35C030F4061AEB1E2921
:10C59000A983A3F7778F66F8D00451F7114CB1F750
:10C5A00081BD5FF7A1CF58F7622FCBF748DCAFF71B
:10C5B000D51239F80B61C0F7F6D2DDF72EDC0AF799
:10C5C000CAE763F89127B9F80D6A56F85EAD83F7AC
:10C5D0005A2361F888332DF8DD3733F8C1BB82F870
:10C5E000234C3AF895F104F83F9797F8330EDBF7B0
:10C5F00032A660F8DCF71CF87BDCB8F7BDAFE9F7D2
:10C6000037E67CF75D39AAF7DA8FB5F7B6FD8AF819
:10C610007A4200F81D9D05F8536DFBF609E6FCF71C
:10C6200016BDFDF797844BF73C9230F83DBCDBF725
:10C630001C86ACF72D71ABF7F112C9F7578A1EF7BC
:10C64000F82896F77F02E6F7F1A870F724B535F8D9
:10C65000608205F8B5D536F8EACAF2F7E07AF4F761
:10C660001D3872F8106FD8F7E3602FF80CAE27F87A
:10C67000E2A8E3F76824CBF7C36ED7F6B201AFF7B1
:10C68000BEAE2EF80C3D88F7198410F8BB77BAF7C8
:10C69000366370FB13AE10FA72F8C3F8F446A7F7CE
:10C6A000CB3F3AF8A918D9F7669770FBE695E1FAFF
:10C6B00068EAE4F95BDCBDF655D944FBC105FBFB38
:10C6C00097B968F62B5C5DF6368CDAFA4E8458F82A
:10C6D000EDEC51FC818F7EF576C295F9C52450F3BF
:10C6E0007FB228F9B507DDF9A33587F79AFE38F64A
:10C6F000BD7478FAF99CF1F6DDA206F8160C8BFAF7
:10C700003B8635FAFA93F1FA2C8EBCF63D5A96F236
:10C71000BA051EFB7A18AAF6FD99ECF4CA1719F7A8
:10C720003BCC33F7AC523DF64CDFAFF64D8FFFF606
:10C730003345A5F61FE68DF82BDEAFF6C42D1FF7A7
:10C7400034712CF62A050AF71F0919F754ED80F702
:10C7500057202EF80DD6D5F7E63CE9F7E8C4F2F7F6
:10C760008C0CA7F7F28D08F8B2B54BF7422B0BF8FB
:10C770008D5C0DF8BA25DBF76BDEC3F70AB507F859
:10C78000E922E3F7620B1DF82877FDF735D120F891
:10C79000C1BBA6F7BC84D1F7EB70EDF7BA6CD4F748
:10C7A00005F4B3F7A6C8F5F7A6B3F4F7D721BBF79E
:10C7B0005606C1F7423B37F86C8BDCF78799DAF7FE
:10C7C00043B3D7F74AFCCBF7C7B3A1F70980AFF75C
:10C7D000B168F0F700E320F8C732FFF70D5310F807
:10C7E000921BE8F74F26CFF7227E6EF7164ECBF757
:10C7F0009663DAF7392FE6F7C19BB5F701915FF73A
:10C800003384E4F7A45F6EF73691D6F7B7EBE8F719
:10C8100003312A30EE39C830FA3CD92D8C5DD14134
:10C8200000348562BF5B231E3E394B421F241951E1
:10C83000BB368F38F4268A5E9A52373DFD55044E3A
:10C840000F631F5E953CC529CA40BC36203D253785
:10C85000E115D731F11C5304A0036517F1021E0343
:10C860009A299402EF36040CC619FE1DA6219B05D9
:10C870007B19CC155A47EB24FF105F13BC303D05E4
:10C88000A118C038D12711071C040C29A71627208E
:10C890000100010001000100010001000100010090
:10C8A0000100010001000100010001000100010080
:10C8B0000100010001000100010001000100010070
:10C8C0000100010001000100010001000100010060
:10C8D0000100010001000100010001000100010050
:10C8E0000100010001000100010001000100010040
:10C8F0000100010001000100010001000100010030
:10C90000010001000100010001000100010001001F
:10C91000851D501D2C29FE0E89403F213B14860F9A
:10C92000AE127020511AC00D401E1D111712CF0EED
:10C93000D8551D0F2212DB25A6207313194CB211F6
:10C940003F15E40EEF1FDF0EB310C3316E1CC72777
:10C950004F24152814542319A2523337D264BC2310
:10C96000792C1243FA182D32ED0E181A754D351A1E
:10C970004C30312449323235A539AB270629732989
:10C98000163E6D3BCB47BA493930E733C522E52A1D
:10C99000FA17A826F641C609D41FED087C09F3064C
:10C9A0008D21940642133214261CF3180C078B12A7
:10C9B000A4065143B1230A0F990D4E06C604D506AD
:10C9C0004E03F302C904990C4F0731033A04774B25
:10C9D0000000000000000000000000000000000057
:10C9E0000000803F00008041000016430000164315
:10C9F0000100000000000000100000000000000026
:10CA00002C010000000000002C01000000000000CC
:10CA10000000000000000000000000000000000016
:10CA20000000803F00000042000096420000964255
:10CA300001000000000000002000000000000000D5
:10CA400096000000000000009600000000000000BA
:10CA500001010101010101010101010101010101C6
:10CA600001010101010101010101010101010101B6
:10CA70000000803F0000803F0000004000000040B8
:10CA80000000803F0000803F0000004000000040A8
:10CA90000101010101010101010101010101010186
:10CAA00015D904EF0F05C51EF913D41CFDC027FDD1
:10CAB000C03EF1F8F51D312D17D021D1FAD631DF66
:10CAC000FA06D022FE101DE0FC32EDFD23084007DF
:10CAD00010DF0AEC0C0BC0F7400A0024FE29DEF739
:10CAE0006322E83B0000000000000000000000009E
:10CAF0006322E83B0000000000000000000000008E
:10CB0000C3BFBC3C000000000000000000000000AB
:10CB100081C07A3C0000000000000000000000001E
:10CB200081C07A3C0000000000000000000000000E
:10CB300054EAFA3C00000000000000000000000081
:10CB4000CA0D00000000000000000000000000000E
:10CB5000420900000000000000000000000000008A
:10CB6000350C000000000000000000000000000084
:10CB700067F9000000000000000000000000000055
:10CB8000AE480000000000000000000000000000AF
:10CB9000D87A000000000000000000000000000043
:10CBA000CE5D00000000000000000000000000005A
:10CBB000015800000000000000000000000000001C
:10CBC0000000000000000000000000000000000065
:10CBD0000000000000000000000000000000000055
:10CBE0000000000000000000000000000000000045
:10CBF0000000000000000000000000000000000035
:10CC00000000000000000000000000000000000024
:10CC10000000000000000000000000000000000014
:10CC20000000000000000000000000000000000004
:10CC300000000000000000000000000000000000F4
:10CC400000000000000000000000000000000000E4
:10CC500000000000000000000000000000000000D4
:10CC600000000000000000000000000000000000C4
:10CC700000000000000000000000000000000000B4
:10CC80008000000000000000000000000000000024
:10CC90008000000000000000000000000000000014
:10CCA0000000000000000000000000000000000084
:10CCB00080000000000000000000000000000000F4
:10CCC00080000000000000000000000000000000E4
:01CCD0000063
:04000005703800004F
:00000001FF
